name,K,N,g,dtype,M,cand,arm,us,reps,R
g4.q_proj    tp2,2816,2048,32,float16,17,tiled@256x128,wmma_tiled_tuned,101.786,3,53
g4.q_proj    tp2,2816,2048,32,float16,17,tiled@384x128,wmma_tiled_tuned,113.677,3,53
g4.q_proj    tp2,2816,2048,32,float16,17,tiled@128x128,wmma_tiled_tuned,116.265,3,53
g4.q_proj    tp2,2816,2048,32,float16,17,ash@384x128,prefill_wmma_ashuffle,118.827,3,53
g4.q_proj    tp2,2816,2048,32,float16,17,ash@256x128,prefill_wmma_ashuffle,122.167,3,53
g4.q_proj    tp2,2816,2048,32,float16,17,tiled@512x128,wmma_tiled_tuned,127.351,2,53
g4.q_proj    tp2,2816,2048,32,float16,17,ash@512x128,prefill_wmma_ashuffle,128.849,2,53
g4.q_proj    tp2,2816,2048,32,float16,17,prefill,prefill_wmma,142.393,2,53
g4.q_proj    tp2,2816,2048,32,float16,17,ash@128x128,prefill_wmma_ashuffle,159.973,2,53
g4.q_proj    tp2,2816,2048,32,float16,17,prefill:smallm_off,prefill_wmma,169.407,2,53
g4.q_proj    tp2,2816,2048,32,float16,17,ash@256x256,prefill_wmma_ashuffle,182.384,2,53
g4.q_proj    tp2,2816,2048,32,float16,17,tiled@64x128,wmma_tiled_tuned,183.552,2,53
g4.q_proj    tp2,2816,2048,32,float16,17,ash@64x128,prefill_wmma_ashuffle,319.003,2,53
g4.q_proj    tp2,2816,2048,32,float16,17,tiled@32x128,wmma_tiled_tuned,498.701,2,53
g4.q_proj    tp2,2816,2048,32,float16,17,tiled@256x256,wmma_tiled_tuned,504.836,2,53
g4.q_proj    tp2,2816,2048,32,float16,17,ash@32x128,prefill_wmma_ashuffle,592.912,2,53
g4.q_proj    tp2,2816,2048,32,float16,17,tiled@16x128,wmma_tiled_tuned,705.052,2,53
g4.q_proj    tp2,2816,2048,32,float16,17,ash@16x128,prefill_wmma_ashuffle,743.826,2,53
g4.q_proj    tp2,2816,2048,32,float16,24,tiled@256x128,wmma_tiled_tuned,97.762,3,53
g4.q_proj    tp2,2816,2048,32,float16,24,tiled@384x128,wmma_tiled_tuned,108.730,3,53
g4.q_proj    tp2,2816,2048,32,float16,24,tiled@128x128,wmma_tiled_tuned,111.616,3,53
g4.q_proj    tp2,2816,2048,32,float16,24,ash@384x128,prefill_wmma_ashuffle,116.418,3,53
g4.q_proj    tp2,2816,2048,32,float16,24,ash@256x128,prefill_wmma_ashuffle,119.738,3,53
g4.q_proj    tp2,2816,2048,32,float16,24,tiled@512x128,wmma_tiled_tuned,121.469,3,53
g4.q_proj    tp2,2816,2048,32,float16,24,ash@512x128,prefill_wmma_ashuffle,125.798,2,53
g4.q_proj    tp2,2816,2048,32,float16,24,prefill,prefill_wmma,129.866,2,53
g4.q_proj    tp2,2816,2048,32,float16,24,ash@128x128,prefill_wmma_ashuffle,156.536,2,53
g4.q_proj    tp2,2816,2048,32,float16,24,prefill:smallm_off,prefill_wmma,164.213,2,53
g4.q_proj    tp2,2816,2048,32,float16,24,ash@256x256,prefill_wmma_ashuffle,178.093,2,53
g4.q_proj    tp2,2816,2048,32,float16,24,tiled@64x128,wmma_tiled_tuned,179.186,2,53
g4.q_proj    tp2,2816,2048,32,float16,24,ash@64x128,prefill_wmma_ashuffle,312.523,2,53
g4.q_proj    tp2,2816,2048,32,float16,24,tiled@32x128,wmma_tiled_tuned,470.173,2,53
g4.q_proj    tp2,2816,2048,32,float16,24,tiled@256x256,wmma_tiled_tuned,504.896,2,53
g4.q_proj    tp2,2816,2048,32,float16,24,ash@32x128,prefill_wmma_ashuffle,603.012,2,53
g4.q_proj    tp2,2816,2048,32,float16,24,tiled@16x128,wmma_tiled_tuned,690.071,2,53
g4.q_proj    tp2,2816,2048,32,float16,24,ash@16x128,prefill_wmma_ashuffle,800.756,2,53
g4.q_proj    tp2,2816,2048,32,float16,32,tiled@256x128,wmma_tiled_tuned,97.113,3,53
g4.q_proj    tp2,2816,2048,32,float16,32,tiled@384x128,wmma_tiled_tuned,108.518,3,53
g4.q_proj    tp2,2816,2048,32,float16,32,tiled@128x128,wmma_tiled_tuned,111.119,3,53
g4.q_proj    tp2,2816,2048,32,float16,32,ash@256x128,prefill_wmma_ashuffle,120.041,3,53
g4.q_proj    tp2,2816,2048,32,float16,32,tiled@512x128,wmma_tiled_tuned,121.422,3,53
g4.q_proj    tp2,2816,2048,32,float16,32,ash@384x128,prefill_wmma_ashuffle,123.772,3,53
g4.q_proj    tp2,2816,2048,32,float16,32,ash@512x128,prefill_wmma_ashuffle,125.868,2,53
g4.q_proj    tp2,2816,2048,32,float16,32,prefill,prefill_wmma,134.856,2,53
g4.q_proj    tp2,2816,2048,32,float16,32,prefill:smallm_off,prefill_wmma,161.432,2,53
g4.q_proj    tp2,2816,2048,32,float16,32,ash@128x128,prefill_wmma_ashuffle,165.184,2,53
g4.q_proj    tp2,2816,2048,32,float16,32,ash@256x256,prefill_wmma_ashuffle,178.280,2,53
g4.q_proj    tp2,2816,2048,32,float16,32,tiled@64x128,wmma_tiled_tuned,178.367,2,53
g4.q_proj    tp2,2816,2048,32,float16,32,ash@64x128,prefill_wmma_ashuffle,309.829,2,53
g4.q_proj    tp2,2816,2048,32,float16,32,tiled@32x128,wmma_tiled_tuned,495.551,2,53
g4.q_proj    tp2,2816,2048,32,float16,32,tiled@256x256,wmma_tiled_tuned,507.633,2,53
g4.q_proj    tp2,2816,2048,32,float16,32,ash@32x128,prefill_wmma_ashuffle,661.962,2,53
g4.q_proj    tp2,2816,2048,32,float16,32,tiled@16x128,wmma_tiled_tuned,690.476,2,53
g4.q_proj    tp2,2816,2048,32,float16,32,ash@16x128,prefill_wmma_ashuffle,890.515,2,53
g4.q_proj    tp2,2816,2048,32,float16,48,tiled@256x128,wmma_tiled_tuned,97.067,3,53
g4.q_proj    tp2,2816,2048,32,float16,48,tiled@384x128,wmma_tiled_tuned,108.489,3,53
g4.q_proj    tp2,2816,2048,32,float16,48,tiled@128x128,wmma_tiled_tuned,117.612,3,53
g4.q_proj    tp2,2816,2048,32,float16,48,tiled@512x128,wmma_tiled_tuned,121.521,3,53
g4.q_proj    tp2,2816,2048,32,float16,48,ash@384x128,prefill_wmma_ashuffle,123.807,3,53
g4.q_proj    tp2,2816,2048,32,float16,48,ash@256x128,prefill_wmma_ashuffle,127.408,2,53
g4.q_proj    tp2,2816,2048,32,float16,48,ash@512x128,prefill_wmma_ashuffle,133.415,2,53
g4.q_proj    tp2,2816,2048,32,float16,48,prefill,prefill_wmma,155.628,2,53
g4.q_proj    tp2,2816,2048,32,float16,48,prefill:smallm_off,prefill_wmma,170.812,2,53
g4.q_proj    tp2,2816,2048,32,float16,48,ash@128x128,prefill_wmma_ashuffle,179.696,2,53
g4.q_proj    tp2,2816,2048,32,float16,48,ash@256x256,prefill_wmma_ashuffle,184.514,2,53
g4.q_proj    tp2,2816,2048,32,float16,48,tiled@64x128,wmma_tiled_tuned,186.880,2,53
g4.q_proj    tp2,2816,2048,32,float16,48,ash@64x128,prefill_wmma_ashuffle,350.831,2,53
g4.q_proj    tp2,2816,2048,32,float16,48,tiled@32x128,wmma_tiled_tuned,486.694,2,53
g4.q_proj    tp2,2816,2048,32,float16,48,ash@32x128,prefill_wmma_ashuffle,523.861,2,53
g4.q_proj    tp2,2816,2048,32,float16,48,tiled@256x256,wmma_tiled_tuned,557.652,2,53
g4.q_proj    tp2,2816,2048,32,float16,48,tiled@16x128,wmma_tiled_tuned,712.059,2,53
g4.q_proj    tp2,2816,2048,32,float16,48,ash@16x128,prefill_wmma_ashuffle,921.760,2,53
g4.q_proj    tp2,2816,2048,32,float16,63,tiled@256x128,wmma_tiled_tuned,97.244,3,53
g4.q_proj    tp2,2816,2048,32,float16,63,tiled@384x128,wmma_tiled_tuned,108.656,3,53
g4.q_proj    tp2,2816,2048,32,float16,63,tiled@128x128,wmma_tiled_tuned,118.371,3,53
g4.q_proj    tp2,2816,2048,32,float16,63,tiled@512x128,wmma_tiled_tuned,121.544,3,53
g4.q_proj    tp2,2816,2048,32,float16,63,ash@384x128,prefill_wmma_ashuffle,131.568,2,53
g4.q_proj    tp2,2816,2048,32,float16,63,ash@512x128,prefill_wmma_ashuffle,133.793,2,53
g4.q_proj    tp2,2816,2048,32,float16,63,ash@256x128,prefill_wmma_ashuffle,134.546,2,53
g4.q_proj    tp2,2816,2048,32,float16,63,prefill,prefill_wmma,170.686,2,53
g4.q_proj    tp2,2816,2048,32,float16,63,prefill:smallm_off,prefill_wmma,176.621,2,53
g4.q_proj    tp2,2816,2048,32,float16,63,ash@256x256,prefill_wmma_ashuffle,190.248,2,53
g4.q_proj    tp2,2816,2048,32,float16,63,ash@128x128,prefill_wmma_ashuffle,193.920,2,53
g4.q_proj    tp2,2816,2048,32,float16,63,tiled@64x128,wmma_tiled_tuned,283.883,2,53
g4.q_proj    tp2,2816,2048,32,float16,63,ash@64x128,prefill_wmma_ashuffle,397.266,2,53
g4.q_proj    tp2,2816,2048,32,float16,63,tiled@32x128,wmma_tiled_tuned,544.976,2,53
g4.q_proj    tp2,2816,2048,32,float16,63,tiled@256x256,wmma_tiled_tuned,561.029,2,53
g4.q_proj    tp2,2816,2048,32,float16,63,ash@32x128,prefill_wmma_ashuffle,629.204,2,53
g4.q_proj    tp2,2816,2048,32,float16,63,tiled@16x128,wmma_tiled_tuned,724.500,2,53
g4.q_proj    tp2,2816,2048,32,float16,63,ash@16x128,prefill_wmma_ashuffle,894.759,2,53
g4.q_proj    tp2,2816,2048,32,float16,64,tiled@256x128,wmma_tiled_tuned,97.172,3,53
g4.q_proj    tp2,2816,2048,32,float16,64,tiled@384x128,wmma_tiled_tuned,108.599,3,53
g4.q_proj    tp2,2816,2048,32,float16,64,tiled@128x128,wmma_tiled_tuned,118.218,3,53
g4.q_proj    tp2,2816,2048,32,float16,64,tiled@512x128,wmma_tiled_tuned,121.629,3,53
g4.q_proj    tp2,2816,2048,32,float16,64,ash@384x128,prefill_wmma_ashuffle,131.619,2,53
g4.q_proj    tp2,2816,2048,32,float16,64,ash@512x128,prefill_wmma_ashuffle,134.081,2,53
g4.q_proj    tp2,2816,2048,32,float16,64,ash@256x128,prefill_wmma_ashuffle,134.650,2,53
g4.q_proj    tp2,2816,2048,32,float16,64,prefill,prefill_wmma,170.698,2,53
g4.q_proj    tp2,2816,2048,32,float16,64,prefill:smallm_off,prefill_wmma,176.576,2,53
g4.q_proj    tp2,2816,2048,32,float16,64,ash@256x256,prefill_wmma_ashuffle,190.585,2,53
g4.q_proj    tp2,2816,2048,32,float16,64,ash@128x128,prefill_wmma_ashuffle,194.222,2,53
g4.q_proj    tp2,2816,2048,32,float16,64,tiled@64x128,wmma_tiled_tuned,280.181,2,53
g4.q_proj    tp2,2816,2048,32,float16,64,ash@64x128,prefill_wmma_ashuffle,412.104,2,53
g4.q_proj    tp2,2816,2048,32,float16,64,tiled@32x128,wmma_tiled_tuned,529.296,2,53
g4.q_proj    tp2,2816,2048,32,float16,64,tiled@256x256,wmma_tiled_tuned,557.229,2,53
g4.q_proj    tp2,2816,2048,32,float16,64,ash@32x128,prefill_wmma_ashuffle,634.692,2,53
g4.q_proj    tp2,2816,2048,32,float16,64,tiled@16x128,wmma_tiled_tuned,715.932,2,53
g4.q_proj    tp2,2816,2048,32,float16,64,ash@16x128,prefill_wmma_ashuffle,951.357,2,53
g4.q_proj    tp2,2816,2048,32,float16,128,tiled@256x128,wmma_tiled_tuned,104.611,3,53
g4.q_proj    tp2,2816,2048,32,float16,128,tiled@384x128,wmma_tiled_tuned,116.182,3,53
g4.q_proj    tp2,2816,2048,32,float16,128,tiled@512x128,wmma_tiled_tuned,121.736,3,53
g4.q_proj    tp2,2816,2048,32,float16,128,tiled@128x128,wmma_tiled_tuned,133.104,2,53
g4.q_proj    tp2,2816,2048,32,float16,128,ash@512x128,prefill_wmma_ashuffle,147.432,2,53
g4.q_proj    tp2,2816,2048,32,float16,128,ash@384x128,prefill_wmma_ashuffle,153.548,2,53
g4.q_proj    tp2,2816,2048,32,float16,128,ash@256x128,prefill_wmma_ashuffle,163.476,2,53
g4.q_proj    tp2,2816,2048,32,float16,128,prefill,prefill_wmma,211.400,2,53
g4.q_proj    tp2,2816,2048,32,float16,128,prefill:smallm_off,prefill_wmma,214.996,2,53
g4.q_proj    tp2,2816,2048,32,float16,128,ash@256x256,prefill_wmma_ashuffle,221.792,2,53
g4.q_proj    tp2,2816,2048,32,float16,128,ash@128x128,prefill_wmma_ashuffle,251.671,2,53
g4.q_proj    tp2,2816,2048,32,float16,128,tiled@64x128,wmma_tiled_tuned,261.246,2,53
g4.q_proj    tp2,2816,2048,32,float16,128,ash@64x128,prefill_wmma_ashuffle,434.791,2,53
g4.q_proj    tp2,2816,2048,32,float16,128,tiled@32x128,wmma_tiled_tuned,545.382,2,53
g4.q_proj    tp2,2816,2048,32,float16,128,tiled@256x256,wmma_tiled_tuned,589.654,2,53
g4.q_proj    tp2,2816,2048,32,float16,128,ash@32x128,prefill_wmma_ashuffle,661.194,2,53
g4.q_proj    tp2,2816,2048,32,float16,128,tiled@16x128,wmma_tiled_tuned,730.629,2,53
g4.q_proj    tp2,2816,2048,32,float16,128,ash@16x128,prefill_wmma_ashuffle,935.785,2,53
g4.q_proj    tp2,2816,2048,32,float16,256,tiled@256x128,wmma_tiled_tuned,127.641,2,53
g4.q_proj    tp2,2816,2048,32,float16,256,tiled@384x128,wmma_tiled_tuned,131.794,2,53
g4.q_proj    tp2,2816,2048,32,float16,256,tiled@512x128,wmma_tiled_tuned,137.236,2,53
g4.q_proj    tp2,2816,2048,32,float16,256,tiled@128x128,wmma_tiled_tuned,140.318,2,53
g4.q_proj    tp2,2816,2048,32,float16,256,ash@512x128,prefill_wmma_ashuffle,182.997,2,53
g4.q_proj    tp2,2816,2048,32,float16,256,ash@384x128,prefill_wmma_ashuffle,195.853,2,53
g4.q_proj    tp2,2816,2048,32,float16,256,ash@256x128,prefill_wmma_ashuffle,227.278,2,53
g4.q_proj    tp2,2816,2048,32,float16,256,ash@128x128,prefill_wmma_ashuffle,249.794,2,53
g4.q_proj    tp2,2816,2048,32,float16,256,prefill,prefill_wmma,381.860,2,53
g4.q_proj    tp2,2816,2048,32,float16,256,prefill:smallm_off,prefill_wmma,390.723,2,53
g4.q_proj    tp2,2816,2048,32,float16,256,ash@256x256,prefill_wmma_ashuffle,454.937,2,53
g4.q_proj    tp2,2816,2048,32,float16,256,tiled@64x128,wmma_tiled_tuned,470.813,2,53
g4.q_proj    tp2,2816,2048,32,float16,256,ash@64x128,prefill_wmma_ashuffle,475.679,2,53
g4.q_proj    tp2,2816,2048,32,float16,256,tiled@256x256,wmma_tiled_tuned,607.927,2,53
g4.q_proj    tp2,2816,2048,32,float16,256,tiled@32x128,wmma_tiled_tuned,609.560,2,53
g4.q_proj    tp2,2816,2048,32,float16,256,ash@32x128,prefill_wmma_ashuffle,657.660,2,53
g4.q_proj    tp2,2816,2048,32,float16,256,tiled@16x128,wmma_tiled_tuned,816.436,2,53
g4.q_proj    tp2,2816,2048,32,float16,256,ash@16x128,prefill_wmma_ashuffle,904.654,2,53
g4.q_proj    tp2,2816,2048,32,float16,512,tiled@256x128,wmma_tiled_tuned,132.758,2,53
g4.q_proj    tp2,2816,2048,32,float16,512,tiled@384x128,wmma_tiled_tuned,142.601,2,53
g4.q_proj    tp2,2816,2048,32,float16,512,tiled@128x128,wmma_tiled_tuned,151.458,2,53
g4.q_proj    tp2,2816,2048,32,float16,512,tiled@512x128,wmma_tiled_tuned,158.031,2,53
g4.q_proj    tp2,2816,2048,32,float16,512,ash@384x128,prefill_wmma_ashuffle,209.534,2,53
g4.q_proj    tp2,2816,2048,32,float16,512,ash@256x128,prefill_wmma_ashuffle,223.201,2,53
g4.q_proj    tp2,2816,2048,32,float16,512,ash@512x128,prefill_wmma_ashuffle,238.548,2,53
g4.q_proj    tp2,2816,2048,32,float16,512,ash@128x128,prefill_wmma_ashuffle,252.864,2,53
g4.q_proj    tp2,2816,2048,32,float16,512,prefill,prefill_wmma,298.040,2,53
g4.q_proj    tp2,2816,2048,32,float16,512,prefill:smallm_off,prefill_wmma,303.679,2,53
g4.q_proj    tp2,2816,2048,32,float16,512,tiled@256x256,wmma_tiled_tuned,399.572,2,53
g4.q_proj    tp2,2816,2048,32,float16,512,ash@256x256,prefill_wmma_ashuffle,413.627,2,53
g4.q_proj    tp2,2816,2048,32,float16,512,ash@64x128,prefill_wmma_ashuffle,441.631,2,53
g4.q_proj    tp2,2816,2048,32,float16,512,tiled@64x128,wmma_tiled_tuned,495.332,2,53
g4.q_proj    tp2,2816,2048,32,float16,512,tiled@32x128,wmma_tiled_tuned,570.357,2,53
g4.q_proj    tp2,2816,2048,32,float16,512,ash@32x128,prefill_wmma_ashuffle,622.290,2,53
g4.q_proj    tp2,2816,2048,32,float16,512,tiled@16x128,wmma_tiled_tuned,756.451,2,53
g4.q_proj    tp2,2816,2048,32,float16,512,ash@16x128,prefill_wmma_ashuffle,1856.586,2,53
g4.q_proj    tp2,2816,2048,32,float16,2048,tiled@256x128,wmma_tiled_tuned,335.131,2,53
g4.q_proj    tp2,2816,2048,32,float16,2048,tiled@512x128,wmma_tiled_tuned,335.733,2,53
g4.q_proj    tp2,2816,2048,32,float16,2048,tiled@128x128,wmma_tiled_tuned,390.225,2,53
g4.q_proj    tp2,2816,2048,32,float16,2048,tiled@384x128,wmma_tiled_tuned,417.413,2,53
g4.q_proj    tp2,2816,2048,32,float16,2048,ash@512x128,prefill_wmma_ashuffle,474.881,2,53
g4.q_proj    tp2,2816,2048,32,float16,2048,ash@256x128,prefill_wmma_ashuffle,528.825,2,53
g4.q_proj    tp2,2816,2048,32,float16,2048,ash@256x256,prefill_wmma_ashuffle,553.296,2,53
g4.q_proj    tp2,2816,2048,32,float16,2048,ash@128x128,prefill_wmma_ashuffle,594.133,2,53
g4.q_proj    tp2,2816,2048,32,float16,2048,ash@384x128,prefill_wmma_ashuffle,619.913,2,53
g4.q_proj    tp2,2816,2048,32,float16,2048,ash@64x128,prefill_wmma_ashuffle,709.950,2,53
g4.q_proj    tp2,2816,2048,32,float16,2048,tiled@256x256,wmma_tiled_tuned,747.622,2,53
g4.q_proj    tp2,2816,2048,32,float16,2048,tiled@64x128,wmma_tiled_tuned,1013.313,2,53
g4.q_proj    tp2,2816,2048,32,float16,2048,prefill:smallm_off,prefill_wmma,1242.835,2,53
g4.q_proj    tp2,2816,2048,32,float16,2048,prefill,prefill_wmma,1245.591,2,53
g4.q_proj    tp2,2816,2048,32,float16,2048,tiled@32x128,wmma_tiled_tuned,1472.712,2,53
g4.q_proj    tp2,2816,2048,32,float16,2048,ash@32x128,prefill_wmma_ashuffle,1704.295,2,53
g4.q_proj    tp2,2816,2048,32,float16,2048,tiled@16x128,wmma_tiled_tuned,3087.235,2,53
g4.q_proj    tp2,2816,2048,32,float16,2048,ash@16x128,prefill_wmma_ashuffle,7070.895,2,53
g4.gate_up   tp1,2816,4224,32,float16,17,tiled@128x128,wmma_tiled_tuned,131.907,5,27
g4.gate_up   tp1,2816,4224,32,float16,17,prefill,prefill_wmma,139.652,5,27
g4.gate_up   tp1,2816,4224,32,float16,17,ash@256x128,prefill_wmma_ashuffle,142.722,5,27
g4.gate_up   tp1,2816,4224,32,float16,17,tiled@256x128,wmma_tiled_tuned,144.572,5,27
g4.gate_up   tp1,2816,4224,32,float16,17,tiled@64x128,wmma_tiled_tuned,159.908,4,27
g4.gate_up   tp1,2816,4224,32,float16,17,ash@128x128,prefill_wmma_ashuffle,165.501,4,27
g4.gate_up   tp1,2816,4224,32,float16,17,ash@256x256,prefill_wmma_ashuffle,179.101,4,27
g4.gate_up   tp1,2816,4224,32,float16,17,ash@384x128,prefill_wmma_ashuffle,212.442,3,27
g4.gate_up   tp1,2816,4224,32,float16,17,ash@512x128,prefill_wmma_ashuffle,231.324,3,27
g4.gate_up   tp1,2816,4224,32,float16,17,ash@64x128,prefill_wmma_ashuffle,232.533,3,27
g4.gate_up   tp1,2816,4224,32,float16,17,tiled@384x128,wmma_tiled_tuned,233.956,3,27
g4.gate_up   tp1,2816,4224,32,float16,17,tiled@512x128,wmma_tiled_tuned,260.962,2,27
g4.gate_up   tp1,2816,4224,32,float16,17,tiled@256x256,wmma_tiled_tuned,314.475,2,27
g4.gate_up   tp1,2816,4224,32,float16,17,prefill:smallm_off,prefill_wmma,315.638,2,27
g4.gate_up   tp1,2816,4224,32,float16,17,tiled@32x128,wmma_tiled_tuned,480.437,2,27
g4.gate_up   tp1,2816,4224,32,float16,17,ash@32x128,prefill_wmma_ashuffle,571.677,2,27
g4.gate_up   tp1,2816,4224,32,float16,17,tiled@16x128,wmma_tiled_tuned,664.727,2,27
g4.gate_up   tp1,2816,4224,32,float16,17,ash@16x128,prefill_wmma_ashuffle,715.012,2,27
g4.gate_up   tp1,2816,4224,32,float16,24,tiled@128x128,wmma_tiled_tuned,126.672,5,27
g4.gate_up   tp1,2816,4224,32,float16,24,tiled@256x128,wmma_tiled_tuned,137.657,5,27
g4.gate_up   tp1,2816,4224,32,float16,24,prefill,prefill_wmma,138.615,5,27
g4.gate_up   tp1,2816,4224,32,float16,24,ash@256x128,prefill_wmma_ashuffle,142.871,5,27
g4.gate_up   tp1,2816,4224,32,float16,24,tiled@64x128,wmma_tiled_tuned,158.832,4,27
g4.gate_up   tp1,2816,4224,32,float16,24,ash@128x128,prefill_wmma_ashuffle,163.901,4,27
g4.gate_up   tp1,2816,4224,32,float16,24,ash@256x256,prefill_wmma_ashuffle,177.674,4,27
g4.gate_up   tp1,2816,4224,32,float16,24,ash@384x128,prefill_wmma_ashuffle,211.918,3,27
g4.gate_up   tp1,2816,4224,32,float16,24,ash@512x128,prefill_wmma_ashuffle,228.769,3,27
g4.gate_up   tp1,2816,4224,32,float16,24,tiled@384x128,wmma_tiled_tuned,228.954,3,27
g4.gate_up   tp1,2816,4224,32,float16,24,ash@64x128,prefill_wmma_ashuffle,237.110,3,27
g4.gate_up   tp1,2816,4224,32,float16,24,tiled@512x128,wmma_tiled_tuned,257.296,2,27
g4.gate_up   tp1,2816,4224,32,float16,24,tiled@256x256,wmma_tiled_tuned,305.993,2,27
g4.gate_up   tp1,2816,4224,32,float16,24,prefill:smallm_off,prefill_wmma,311.296,2,27
g4.gate_up   tp1,2816,4224,32,float16,24,tiled@32x128,wmma_tiled_tuned,457.211,2,27
g4.gate_up   tp1,2816,4224,32,float16,24,ash@32x128,prefill_wmma_ashuffle,581.868,2,27
g4.gate_up   tp1,2816,4224,32,float16,24,tiled@16x128,wmma_tiled_tuned,661.057,2,27
g4.gate_up   tp1,2816,4224,32,float16,24,ash@16x128,prefill_wmma_ashuffle,785.697,2,27
g4.gate_up   tp1,2816,4224,32,float16,32,tiled@128x128,wmma_tiled_tuned,126.603,5,27
g4.gate_up   tp1,2816,4224,32,float16,32,tiled@256x128,wmma_tiled_tuned,142.158,5,27
g4.gate_up   tp1,2816,4224,32,float16,32,ash@256x128,prefill_wmma_ashuffle,142.386,5,27
g4.gate_up   tp1,2816,4224,32,float16,32,prefill,prefill_wmma,145.656,5,27
g4.gate_up   tp1,2816,4224,32,float16,32,tiled@64x128,wmma_tiled_tuned,161.873,4,27
g4.gate_up   tp1,2816,4224,32,float16,32,ash@128x128,prefill_wmma_ashuffle,173.995,4,27
g4.gate_up   tp1,2816,4224,32,float16,32,ash@256x256,prefill_wmma_ashuffle,177.460,4,27
g4.gate_up   tp1,2816,4224,32,float16,32,ash@384x128,prefill_wmma_ashuffle,222.569,3,27
g4.gate_up   tp1,2816,4224,32,float16,32,tiled@384x128,wmma_tiled_tuned,229.042,3,27
g4.gate_up   tp1,2816,4224,32,float16,32,ash@512x128,prefill_wmma_ashuffle,230.263,3,27
g4.gate_up   tp1,2816,4224,32,float16,32,ash@64x128,prefill_wmma_ashuffle,251.526,2,27
g4.gate_up   tp1,2816,4224,32,float16,32,tiled@512x128,wmma_tiled_tuned,257.621,2,27
g4.gate_up   tp1,2816,4224,32,float16,32,tiled@256x256,wmma_tiled_tuned,306.747,2,27
g4.gate_up   tp1,2816,4224,32,float16,32,prefill:smallm_off,prefill_wmma,309.629,2,27
g4.gate_up   tp1,2816,4224,32,float16,32,tiled@32x128,wmma_tiled_tuned,477.831,2,27
g4.gate_up   tp1,2816,4224,32,float16,32,ash@32x128,prefill_wmma_ashuffle,630.791,2,27
g4.gate_up   tp1,2816,4224,32,float16,32,tiled@16x128,wmma_tiled_tuned,670.030,2,27
g4.gate_up   tp1,2816,4224,32,float16,32,ash@16x128,prefill_wmma_ashuffle,875.700,2,27
g4.gate_up   tp1,2816,4224,32,float16,48,tiled@128x128,wmma_tiled_tuned,121.648,6,27
g4.gate_up   tp1,2816,4224,32,float16,48,tiled@256x128,wmma_tiled_tuned,138.104,5,27
g4.gate_up   tp1,2816,4224,32,float16,48,ash@256x128,prefill_wmma_ashuffle,149.910,4,27
g4.gate_up   tp1,2816,4224,32,float16,48,tiled@64x128,wmma_tiled_tuned,164.978,4,27
g4.gate_up   tp1,2816,4224,32,float16,48,prefill,prefill_wmma,167.677,4,27
g4.gate_up   tp1,2816,4224,32,float16,48,ash@256x256,prefill_wmma_ashuffle,183.900,4,27
g4.gate_up   tp1,2816,4224,32,float16,48,ash@128x128,prefill_wmma_ashuffle,188.258,3,27
g4.gate_up   tp1,2816,4224,32,float16,48,ash@384x128,prefill_wmma_ashuffle,221.762,3,27
g4.gate_up   tp1,2816,4224,32,float16,48,tiled@384x128,wmma_tiled_tuned,229.493,3,27
g4.gate_up   tp1,2816,4224,32,float16,48,ash@512x128,prefill_wmma_ashuffle,238.068,3,27
g4.gate_up   tp1,2816,4224,32,float16,48,tiled@512x128,wmma_tiled_tuned,257.857,2,27
g4.gate_up   tp1,2816,4224,32,float16,48,ash@64x128,prefill_wmma_ashuffle,279.350,2,27
g4.gate_up   tp1,2816,4224,32,float16,48,tiled@256x256,wmma_tiled_tuned,308.723,2,27
g4.gate_up   tp1,2816,4224,32,float16,48,prefill:smallm_off,prefill_wmma,323.056,2,27
g4.gate_up   tp1,2816,4224,32,float16,48,tiled@32x128,wmma_tiled_tuned,457.305,2,27
g4.gate_up   tp1,2816,4224,32,float16,48,ash@32x128,prefill_wmma_ashuffle,500.244,2,27
g4.gate_up   tp1,2816,4224,32,float16,48,tiled@16x128,wmma_tiled_tuned,665.924,2,27
g4.gate_up   tp1,2816,4224,32,float16,48,ash@16x128,prefill_wmma_ashuffle,877.298,2,27
g4.gate_up   tp1,2816,4224,32,float16,63,tiled@128x128,wmma_tiled_tuned,123.411,5,27
g4.gate_up   tp1,2816,4224,32,float16,63,tiled@256x128,wmma_tiled_tuned,137.031,5,27
g4.gate_up   tp1,2816,4224,32,float16,63,ash@256x128,prefill_wmma_ashuffle,155.877,4,27
g4.gate_up   tp1,2816,4224,32,float16,63,tiled@64x128,wmma_tiled_tuned,175.612,4,27
g4.gate_up   tp1,2816,4224,32,float16,63,prefill,prefill_wmma,183.754,4,27
g4.gate_up   tp1,2816,4224,32,float16,63,ash@256x256,prefill_wmma_ashuffle,190.304,3,27
g4.gate_up   tp1,2816,4224,32,float16,63,ash@128x128,prefill_wmma_ashuffle,201.874,3,27
g4.gate_up   tp1,2816,4224,32,float16,63,tiled@384x128,wmma_tiled_tuned,228.889,3,27
g4.gate_up   tp1,2816,4224,32,float16,63,ash@384x128,prefill_wmma_ashuffle,235.259,3,27
g4.gate_up   tp1,2816,4224,32,float16,63,ash@512x128,prefill_wmma_ashuffle,242.956,3,27
g4.gate_up   tp1,2816,4224,32,float16,63,tiled@512x128,wmma_tiled_tuned,257.173,2,27
g4.gate_up   tp1,2816,4224,32,float16,63,ash@64x128,prefill_wmma_ashuffle,307.486,2,27
g4.gate_up   tp1,2816,4224,32,float16,63,tiled@256x256,wmma_tiled_tuned,310.589,2,27
g4.gate_up   tp1,2816,4224,32,float16,63,prefill:smallm_off,prefill_wmma,338.942,2,27
g4.gate_up   tp1,2816,4224,32,float16,63,tiled@32x128,wmma_tiled_tuned,493.687,2,27
g4.gate_up   tp1,2816,4224,32,float16,63,ash@32x128,prefill_wmma_ashuffle,618.313,2,27
g4.gate_up   tp1,2816,4224,32,float16,63,tiled@16x128,wmma_tiled_tuned,672.682,2,27
g4.gate_up   tp1,2816,4224,32,float16,63,ash@16x128,prefill_wmma_ashuffle,854.062,2,27
g4.gate_up   tp1,2816,4224,32,float16,64,tiled@128x128,wmma_tiled_tuned,121.973,6,27
g4.gate_up   tp1,2816,4224,32,float16,64,tiled@256x128,wmma_tiled_tuned,138.488,5,27
g4.gate_up   tp1,2816,4224,32,float16,64,ash@256x128,prefill_wmma_ashuffle,158.072,4,27
g4.gate_up   tp1,2816,4224,32,float16,64,tiled@64x128,wmma_tiled_tuned,173.322,4,27
g4.gate_up   tp1,2816,4224,32,float16,64,prefill,prefill_wmma,183.595,4,27
g4.gate_up   tp1,2816,4224,32,float16,64,ash@256x256,prefill_wmma_ashuffle,190.349,3,27
g4.gate_up   tp1,2816,4224,32,float16,64,ash@128x128,prefill_wmma_ashuffle,202.663,3,27
g4.gate_up   tp1,2816,4224,32,float16,64,tiled@384x128,wmma_tiled_tuned,226.878,3,27
g4.gate_up   tp1,2816,4224,32,float16,64,ash@384x128,prefill_wmma_ashuffle,230.858,3,27
g4.gate_up   tp1,2816,4224,32,float16,64,ash@512x128,prefill_wmma_ashuffle,243.066,3,27
g4.gate_up   tp1,2816,4224,32,float16,64,tiled@512x128,wmma_tiled_tuned,254.805,2,27
g4.gate_up   tp1,2816,4224,32,float16,64,tiled@256x256,wmma_tiled_tuned,307.599,2,27
g4.gate_up   tp1,2816,4224,32,float16,64,ash@64x128,prefill_wmma_ashuffle,307.660,2,27
g4.gate_up   tp1,2816,4224,32,float16,64,prefill:smallm_off,prefill_wmma,338.820,2,27
g4.gate_up   tp1,2816,4224,32,float16,64,tiled@32x128,wmma_tiled_tuned,476.410,2,27
g4.gate_up   tp1,2816,4224,32,float16,64,ash@32x128,prefill_wmma_ashuffle,625.328,2,27
g4.gate_up   tp1,2816,4224,32,float16,64,tiled@16x128,wmma_tiled_tuned,665.968,2,27
g4.gate_up   tp1,2816,4224,32,float16,64,ash@16x128,prefill_wmma_ashuffle,888.536,2,27
g4.gate_up   tp1,2816,4224,32,float16,128,tiled@256x128,wmma_tiled_tuned,131.766,5,27
g4.gate_up   tp1,2816,4224,32,float16,128,tiled@128x128,wmma_tiled_tuned,135.850,5,27
g4.gate_up   tp1,2816,4224,32,float16,128,ash@256x128,prefill_wmma_ashuffle,167.794,4,27
g4.gate_up   tp1,2816,4224,32,float16,128,tiled@64x128,wmma_tiled_tuned,193.572,3,27
g4.gate_up   tp1,2816,4224,32,float16,128,ash@256x256,prefill_wmma_ashuffle,221.222,3,27
g4.gate_up   tp1,2816,4224,32,float16,128,tiled@384x128,wmma_tiled_tuned,240.448,3,27
g4.gate_up   tp1,2816,4224,32,float16,128,tiled@512x128,wmma_tiled_tuned,254.820,2,27
g4.gate_up   tp1,2816,4224,32,float16,128,ash@128x128,prefill_wmma_ashuffle,263.707,2,27
g4.gate_up   tp1,2816,4224,32,float16,128,ash@512x128,prefill_wmma_ashuffle,284.633,2,27
g4.gate_up   tp1,2816,4224,32,float16,128,ash@384x128,prefill_wmma_ashuffle,294.565,2,27
g4.gate_up   tp1,2816,4224,32,float16,128,tiled@256x256,wmma_tiled_tuned,314.515,2,27
g4.gate_up   tp1,2816,4224,32,float16,128,ash@64x128,prefill_wmma_ashuffle,315.325,2,27
g4.gate_up   tp1,2816,4224,32,float16,128,prefill,prefill_wmma,413.694,2,27
g4.gate_up   tp1,2816,4224,32,float16,128,prefill:smallm_off,prefill_wmma,420.632,2,27
g4.gate_up   tp1,2816,4224,32,float16,128,tiled@32x128,wmma_tiled_tuned,510.108,2,27
g4.gate_up   tp1,2816,4224,32,float16,128,ash@32x128,prefill_wmma_ashuffle,612.517,2,27
g4.gate_up   tp1,2816,4224,32,float16,128,tiled@16x128,wmma_tiled_tuned,700.352,2,27
g4.gate_up   tp1,2816,4224,32,float16,128,ash@16x128,prefill_wmma_ashuffle,873.816,2,27
g4.gate_up   tp1,2816,4224,32,float16,256,tiled@256x128,wmma_tiled_tuned,141.968,5,27
g4.gate_up   tp1,2816,4224,32,float16,256,tiled@128x128,wmma_tiled_tuned,156.292,4,27
g4.gate_up   tp1,2816,4224,32,float16,256,ash@256x128,prefill_wmma_ashuffle,238.453,3,27
g4.gate_up   tp1,2816,4224,32,float16,256,ash@128x128,prefill_wmma_ashuffle,254.432,2,27
g4.gate_up   tp1,2816,4224,32,float16,256,tiled@384x128,wmma_tiled_tuned,265.313,2,27
g4.gate_up   tp1,2816,4224,32,float16,256,tiled@512x128,wmma_tiled_tuned,277.985,2,27
g4.gate_up   tp1,2816,4224,32,float16,256,ash@256x256,prefill_wmma_ashuffle,293.291,2,27
g4.gate_up   tp1,2816,4224,32,float16,256,tiled@256x256,wmma_tiled_tuned,338.415,2,27
g4.gate_up   tp1,2816,4224,32,float16,256,ash@64x128,prefill_wmma_ashuffle,340.580,2,27
g4.gate_up   tp1,2816,4224,32,float16,256,ash@512x128,prefill_wmma_ashuffle,341.853,2,27
g4.gate_up   tp1,2816,4224,32,float16,256,ash@384x128,prefill_wmma_ashuffle,360.936,2,27
g4.gate_up   tp1,2816,4224,32,float16,256,tiled@64x128,wmma_tiled_tuned,430.755,2,27
g4.gate_up   tp1,2816,4224,32,float16,256,tiled@32x128,wmma_tiled_tuned,564.256,2,27
g4.gate_up   tp1,2816,4224,32,float16,256,prefill:smallm_off,prefill_wmma,597.972,2,27
g4.gate_up   tp1,2816,4224,32,float16,256,prefill,prefill_wmma,604.527,2,27
g4.gate_up   tp1,2816,4224,32,float16,256,ash@32x128,prefill_wmma_ashuffle,614.498,2,27
g4.gate_up   tp1,2816,4224,32,float16,256,tiled@16x128,wmma_tiled_tuned,722.147,2,27
g4.gate_up   tp1,2816,4224,32,float16,256,ash@16x128,prefill_wmma_ashuffle,1653.634,2,27
g4.gate_up   tp1,2816,4224,32,float16,512,tiled@256x128,wmma_tiled_tuned,279.284,2,27
g4.gate_up   tp1,2816,4224,32,float16,512,tiled@512x128,wmma_tiled_tuned,295.235,2,27
g4.gate_up   tp1,2816,4224,32,float16,512,tiled@128x128,wmma_tiled_tuned,307.224,2,27
g4.gate_up   tp1,2816,4224,32,float16,512,tiled@384x128,wmma_tiled_tuned,361.120,2,27
g4.gate_up   tp1,2816,4224,32,float16,512,ash@256x128,prefill_wmma_ashuffle,409.678,2,27
g4.gate_up   tp1,2816,4224,32,float16,512,ash@64x128,prefill_wmma_ashuffle,410.095,2,27
g4.gate_up   tp1,2816,4224,32,float16,512,ash@384x128,prefill_wmma_ashuffle,444.744,2,27
g4.gate_up   tp1,2816,4224,32,float16,512,ash@512x128,prefill_wmma_ashuffle,453.694,2,27
g4.gate_up   tp1,2816,4224,32,float16,512,ash@128x128,prefill_wmma_ashuffle,463.537,2,27
g4.gate_up   tp1,2816,4224,32,float16,512,ash@256x256,prefill_wmma_ashuffle,535.599,2,27
g4.gate_up   tp1,2816,4224,32,float16,512,tiled@64x128,wmma_tiled_tuned,754.943,2,27
g4.gate_up   tp1,2816,4224,32,float16,512,prefill:smallm_off,prefill_wmma,822.403,2,27
g4.gate_up   tp1,2816,4224,32,float16,512,tiled@256x256,wmma_tiled_tuned,827.437,2,27
g4.gate_up   tp1,2816,4224,32,float16,512,prefill,prefill_wmma,827.882,2,27
g4.gate_up   tp1,2816,4224,32,float16,512,ash@32x128,prefill_wmma_ashuffle,1172.118,2,27
g4.gate_up   tp1,2816,4224,32,float16,512,tiled@32x128,wmma_tiled_tuned,1320.290,2,27
g4.gate_up   tp1,2816,4224,32,float16,512,tiled@16x128,wmma_tiled_tuned,1697.301,2,27
g4.gate_up   tp1,2816,4224,32,float16,512,ash@16x128,prefill_wmma_ashuffle,3485.622,2,27
g4.gate_up   tp1,2816,4224,32,float16,2048,tiled@256x128,wmma_tiled_tuned,697.155,2,27
g4.gate_up   tp1,2816,4224,32,float16,2048,tiled@512x128,wmma_tiled_tuned,755.064,2,27
g4.gate_up   tp1,2816,4224,32,float16,2048,tiled@128x128,wmma_tiled_tuned,801.758,2,27
g4.gate_up   tp1,2816,4224,32,float16,2048,tiled@384x128,wmma_tiled_tuned,876.687,2,27
g4.gate_up   tp1,2816,4224,32,float16,2048,ash@256x128,prefill_wmma_ashuffle,1135.053,2,27
g4.gate_up   tp1,2816,4224,32,float16,2048,ash@512x128,prefill_wmma_ashuffle,1155.274,2,27
g4.gate_up   tp1,2816,4224,32,float16,2048,ash@128x128,prefill_wmma_ashuffle,1262.953,2,27
g4.gate_up   tp1,2816,4224,32,float16,2048,ash@384x128,prefill_wmma_ashuffle,1272.774,2,27
g4.gate_up   tp1,2816,4224,32,float16,2048,ash@256x256,prefill_wmma_ashuffle,1354.022,2,27
g4.gate_up   tp1,2816,4224,32,float16,2048,ash@64x128,prefill_wmma_ashuffle,1402.058,2,27
g4.gate_up   tp1,2816,4224,32,float16,2048,tiled@64x128,wmma_tiled_tuned,1755.585,2,27
g4.gate_up   tp1,2816,4224,32,float16,2048,tiled@256x256,wmma_tiled_tuned,1896.886,2,27
g4.gate_up   tp1,2816,4224,32,float16,2048,tiled@32x128,wmma_tiled_tuned,2500.592,2,27
g4.gate_up   tp1,2816,4224,32,float16,2048,prefill:smallm_off,prefill_wmma,2509.105,2,27
g4.gate_up   tp1,2816,4224,32,float16,2048,prefill,prefill_wmma,2518.513,2,27
g4.gate_up   tp1,2816,4224,32,float16,2048,ash@32x128,prefill_wmma_ashuffle,2967.950,2,27
g4.gate_up   tp1,2816,4224,32,float16,2048,tiled@16x128,wmma_tiled_tuned,5910.271,2,27
g4.gate_up   tp1,2816,4224,32,float16,2048,ash@16x128,prefill_wmma_ashuffle,13555.527,2,27
q27.q_proj   tp1,5120,6144,32,bfloat16,17,ash@256x128,prefill_wmma_ashuffle,238.026,7,11
q27.q_proj   tp1,5120,6144,32,bfloat16,17,prefill,prefill_wmma,251.487,7,11
q27.q_proj   tp1,5120,6144,32,bfloat16,17,tiled@128x128,wmma_tiled_tuned,252.392,7,11
q27.q_proj   tp1,5120,6144,32,bfloat16,17,tiled@256x128,wmma_tiled_tuned,275.773,6,11
q27.q_proj   tp1,5120,6144,32,bfloat16,17,ash@256x256,prefill_wmma_ashuffle,295.031,6,11
q27.q_proj   tp1,5120,6144,32,bfloat16,17,ash@128x128,prefill_wmma_ashuffle,299.552,6,11
q27.q_proj   tp1,5120,6144,32,bfloat16,17,tiled@64x128,wmma_tiled_tuned,368.391,4,11
q27.q_proj   tp1,5120,6144,32,bfloat16,17,tiled@384x128,wmma_tiled_tuned,391.500,4,11
q27.q_proj   tp1,5120,6144,32,bfloat16,17,ash@64x128,prefill_wmma_ashuffle,430.380,4,11
q27.q_proj   tp1,5120,6144,32,bfloat16,17,tiled@512x128,wmma_tiled_tuned,447.342,4,11
q27.q_proj   tp1,5120,6144,32,bfloat16,17,ash@384x128,prefill_wmma_ashuffle,491.660,3,11
q27.q_proj   tp1,5120,6144,32,bfloat16,17,ash@512x128,prefill_wmma_ashuffle,584.314,3,11
q27.q_proj   tp1,5120,6144,32,bfloat16,17,tiled@256x256,wmma_tiled_tuned,598.134,3,11
q27.q_proj   tp1,5120,6144,32,bfloat16,17,tiled@32x128,wmma_tiled_tuned,598.793,3,11
q27.q_proj   tp1,5120,6144,32,bfloat16,17,prefill:smallm_off,prefill_wmma,718.203,2,11
q27.q_proj   tp1,5120,6144,32,bfloat16,17,ash@32x128,prefill_wmma_ashuffle,809.215,2,11
q27.q_proj   tp1,5120,6144,32,bfloat16,17,tiled@16x128,wmma_tiled_tuned,1006.312,2,11
q27.q_proj   tp1,5120,6144,32,bfloat16,17,ash@16x128,prefill_wmma_ashuffle,1370.230,2,11
q27.q_proj   tp1,5120,6144,32,bfloat16,24,ash@256x128,prefill_wmma_ashuffle,239.562,7,11
q27.q_proj   tp1,5120,6144,32,bfloat16,24,tiled@128x128,wmma_tiled_tuned,250.681,7,11
q27.q_proj   tp1,5120,6144,32,bfloat16,24,prefill,prefill_wmma,251.101,7,11
q27.q_proj   tp1,5120,6144,32,bfloat16,24,tiled@256x128,wmma_tiled_tuned,273.367,6,11
q27.q_proj   tp1,5120,6144,32,bfloat16,24,ash@256x256,prefill_wmma_ashuffle,297.167,6,11
q27.q_proj   tp1,5120,6144,32,bfloat16,24,ash@128x128,prefill_wmma_ashuffle,301.821,5,11
q27.q_proj   tp1,5120,6144,32,bfloat16,24,tiled@64x128,wmma_tiled_tuned,377.812,4,11
q27.q_proj   tp1,5120,6144,32,bfloat16,24,tiled@384x128,wmma_tiled_tuned,391.196,4,11
q27.q_proj   tp1,5120,6144,32,bfloat16,24,tiled@512x128,wmma_tiled_tuned,443.131,4,11
q27.q_proj   tp1,5120,6144,32,bfloat16,24,ash@64x128,prefill_wmma_ashuffle,444.012,4,11
q27.q_proj   tp1,5120,6144,32,bfloat16,24,ash@384x128,prefill_wmma_ashuffle,498.111,3,11
q27.q_proj   tp1,5120,6144,32,bfloat16,24,ash@512x128,prefill_wmma_ashuffle,571.294,3,11
q27.q_proj   tp1,5120,6144,32,bfloat16,24,tiled@256x256,wmma_tiled_tuned,596.738,3,11
q27.q_proj   tp1,5120,6144,32,bfloat16,24,tiled@32x128,wmma_tiled_tuned,623.590,2,11
q27.q_proj   tp1,5120,6144,32,bfloat16,24,prefill:smallm_off,prefill_wmma,697.795,2,11
q27.q_proj   tp1,5120,6144,32,bfloat16,24,ash@32x128,prefill_wmma_ashuffle,854.817,2,11
q27.q_proj   tp1,5120,6144,32,bfloat16,24,tiled@16x128,wmma_tiled_tuned,1028.638,2,11
q27.q_proj   tp1,5120,6144,32,bfloat16,24,ash@16x128,prefill_wmma_ashuffle,1352.591,2,11
q27.q_proj   tp1,5120,6144,32,bfloat16,32,ash@256x128,prefill_wmma_ashuffle,234.347,7,11
q27.q_proj   tp1,5120,6144,32,bfloat16,32,tiled@128x128,wmma_tiled_tuned,251.020,7,11
q27.q_proj   tp1,5120,6144,32,bfloat16,32,prefill,prefill_wmma,265.694,6,11
q27.q_proj   tp1,5120,6144,32,bfloat16,32,tiled@256x128,wmma_tiled_tuned,274.081,6,11
q27.q_proj   tp1,5120,6144,32,bfloat16,32,ash@256x256,prefill_wmma_ashuffle,293.736,6,11
q27.q_proj   tp1,5120,6144,32,bfloat16,32,ash@128x128,prefill_wmma_ashuffle,312.962,5,11
q27.q_proj   tp1,5120,6144,32,bfloat16,32,tiled@64x128,wmma_tiled_tuned,365.092,5,11
q27.q_proj   tp1,5120,6144,32,bfloat16,32,tiled@384x128,wmma_tiled_tuned,393.202,4,11
q27.q_proj   tp1,5120,6144,32,bfloat16,32,tiled@512x128,wmma_tiled_tuned,443.941,4,11
q27.q_proj   tp1,5120,6144,32,bfloat16,32,ash@64x128,prefill_wmma_ashuffle,476.345,3,11
q27.q_proj   tp1,5120,6144,32,bfloat16,32,ash@384x128,prefill_wmma_ashuffle,554.547,3,11
q27.q_proj   tp1,5120,6144,32,bfloat16,32,ash@512x128,prefill_wmma_ashuffle,581.198,3,11
q27.q_proj   tp1,5120,6144,32,bfloat16,32,tiled@256x256,wmma_tiled_tuned,599.159,3,11
q27.q_proj   tp1,5120,6144,32,bfloat16,32,tiled@32x128,wmma_tiled_tuned,609.096,2,11
q27.q_proj   tp1,5120,6144,32,bfloat16,32,prefill:smallm_off,prefill_wmma,674.240,2,11
q27.q_proj   tp1,5120,6144,32,bfloat16,32,ash@32x128,prefill_wmma_ashuffle,891.129,2,11
q27.q_proj   tp1,5120,6144,32,bfloat16,32,tiled@16x128,wmma_tiled_tuned,1043.578,2,11
q27.q_proj   tp1,5120,6144,32,bfloat16,32,ash@16x128,prefill_wmma_ashuffle,1422.325,2,11
q27.q_proj   tp1,5120,6144,32,bfloat16,48,ash@256x128,prefill_wmma_ashuffle,249.669,7,11
q27.q_proj   tp1,5120,6144,32,bfloat16,48,tiled@128x128,wmma_tiled_tuned,256.613,6,11
q27.q_proj   tp1,5120,6144,32,bfloat16,48,tiled@256x128,wmma_tiled_tuned,264.077,7,11
q27.q_proj   tp1,5120,6144,32,bfloat16,48,prefill,prefill_wmma,304.018,6,11
q27.q_proj   tp1,5120,6144,32,bfloat16,48,ash@256x256,prefill_wmma_ashuffle,308.547,5,11
q27.q_proj   tp1,5120,6144,32,bfloat16,48,ash@128x128,prefill_wmma_ashuffle,336.109,5,11
q27.q_proj   tp1,5120,6144,32,bfloat16,48,tiled@384x128,wmma_tiled_tuned,377.018,4,11
q27.q_proj   tp1,5120,6144,32,bfloat16,48,tiled@64x128,wmma_tiled_tuned,401.405,4,11
q27.q_proj   tp1,5120,6144,32,bfloat16,48,tiled@512x128,wmma_tiled_tuned,439.199,4,11
q27.q_proj   tp1,5120,6144,32,bfloat16,48,ash@384x128,prefill_wmma_ashuffle,519.871,3,11
q27.q_proj   tp1,5120,6144,32,bfloat16,48,ash@64x128,prefill_wmma_ashuffle,526.811,3,11
q27.q_proj   tp1,5120,6144,32,bfloat16,48,ash@512x128,prefill_wmma_ashuffle,594.968,3,11
q27.q_proj   tp1,5120,6144,32,bfloat16,48,tiled@256x256,wmma_tiled_tuned,600.325,3,11
q27.q_proj   tp1,5120,6144,32,bfloat16,48,tiled@32x128,wmma_tiled_tuned,616.198,2,11
q27.q_proj   tp1,5120,6144,32,bfloat16,48,prefill:smallm_off,prefill_wmma,688.080,2,11
q27.q_proj   tp1,5120,6144,32,bfloat16,48,ash@32x128,prefill_wmma_ashuffle,809.435,2,11
q27.q_proj   tp1,5120,6144,32,bfloat16,48,tiled@16x128,wmma_tiled_tuned,1071.748,2,11
q27.q_proj   tp1,5120,6144,32,bfloat16,48,ash@16x128,prefill_wmma_ashuffle,1471.426,2,11
q27.q_proj   tp1,5120,6144,32,bfloat16,63,tiled@128x128,wmma_tiled_tuned,249.183,7,11
q27.q_proj   tp1,5120,6144,32,bfloat16,63,ash@256x128,prefill_wmma_ashuffle,251.977,6,11
q27.q_proj   tp1,5120,6144,32,bfloat16,63,tiled@256x128,wmma_tiled_tuned,253.976,6,11
q27.q_proj   tp1,5120,6144,32,bfloat16,63,ash@256x256,prefill_wmma_ashuffle,319.091,5,11
q27.q_proj   tp1,5120,6144,32,bfloat16,63,prefill,prefill_wmma,321.862,5,11
q27.q_proj   tp1,5120,6144,32,bfloat16,63,ash@128x128,prefill_wmma_ashuffle,357.852,5,11
q27.q_proj   tp1,5120,6144,32,bfloat16,63,tiled@384x128,wmma_tiled_tuned,374.580,4,11
q27.q_proj   tp1,5120,6144,32,bfloat16,63,tiled@64x128,wmma_tiled_tuned,392.898,4,11
q27.q_proj   tp1,5120,6144,32,bfloat16,63,tiled@512x128,wmma_tiled_tuned,426.595,4,11
q27.q_proj   tp1,5120,6144,32,bfloat16,63,ash@64x128,prefill_wmma_ashuffle,571.038,3,11
q27.q_proj   tp1,5120,6144,32,bfloat16,63,ash@384x128,prefill_wmma_ashuffle,573.112,3,11
q27.q_proj   tp1,5120,6144,32,bfloat16,63,tiled@256x256,wmma_tiled_tuned,598.819,3,11
q27.q_proj   tp1,5120,6144,32,bfloat16,63,ash@512x128,prefill_wmma_ashuffle,601.307,2,11
q27.q_proj   tp1,5120,6144,32,bfloat16,63,tiled@32x128,wmma_tiled_tuned,615.932,3,11
q27.q_proj   tp1,5120,6144,32,bfloat16,63,prefill:smallm_off,prefill_wmma,700.042,2,11
q27.q_proj   tp1,5120,6144,32,bfloat16,63,ash@32x128,prefill_wmma_ashuffle,885.212,2,11
q27.q_proj   tp1,5120,6144,32,bfloat16,63,tiled@16x128,wmma_tiled_tuned,1020.978,2,11
q27.q_proj   tp1,5120,6144,32,bfloat16,63,ash@16x128,prefill_wmma_ashuffle,1401.781,2,11
q27.q_proj   tp1,5120,6144,32,bfloat16,64,tiled@128x128,wmma_tiled_tuned,251.167,7,11
q27.q_proj   tp1,5120,6144,32,bfloat16,64,ash@256x128,prefill_wmma_ashuffle,254.182,7,11
q27.q_proj   tp1,5120,6144,32,bfloat16,64,tiled@256x128,wmma_tiled_tuned,261.088,7,11
q27.q_proj   tp1,5120,6144,32,bfloat16,64,ash@256x256,prefill_wmma_ashuffle,321.165,5,11
q27.q_proj   tp1,5120,6144,32,bfloat16,64,prefill,prefill_wmma,326.996,5,11
q27.q_proj   tp1,5120,6144,32,bfloat16,64,ash@128x128,prefill_wmma_ashuffle,356.541,5,11
q27.q_proj   tp1,5120,6144,32,bfloat16,64,tiled@384x128,wmma_tiled_tuned,374.980,4,11
q27.q_proj   tp1,5120,6144,32,bfloat16,64,tiled@64x128,wmma_tiled_tuned,418.840,4,11
q27.q_proj   tp1,5120,6144,32,bfloat16,64,tiled@512x128,wmma_tiled_tuned,425.142,4,11
q27.q_proj   tp1,5120,6144,32,bfloat16,64,ash@384x128,prefill_wmma_ashuffle,532.809,3,11
q27.q_proj   tp1,5120,6144,32,bfloat16,64,ash@64x128,prefill_wmma_ashuffle,571.421,3,11
q27.q_proj   tp1,5120,6144,32,bfloat16,64,tiled@256x256,wmma_tiled_tuned,599.851,3,11
q27.q_proj   tp1,5120,6144,32,bfloat16,64,ash@512x128,prefill_wmma_ashuffle,607.223,2,11
q27.q_proj   tp1,5120,6144,32,bfloat16,64,tiled@32x128,wmma_tiled_tuned,619.149,2,11
q27.q_proj   tp1,5120,6144,32,bfloat16,64,prefill:smallm_off,prefill_wmma,696.972,2,11
q27.q_proj   tp1,5120,6144,32,bfloat16,64,ash@32x128,prefill_wmma_ashuffle,861.317,2,11
q27.q_proj   tp1,5120,6144,32,bfloat16,64,tiled@16x128,wmma_tiled_tuned,1058.111,2,11
q27.q_proj   tp1,5120,6144,32,bfloat16,64,ash@16x128,prefill_wmma_ashuffle,1464.084,2,11
q27.q_proj   tp1,5120,6144,32,bfloat16,128,tiled@256x128,wmma_tiled_tuned,254.859,6,11
q27.q_proj   tp1,5120,6144,32,bfloat16,128,tiled@128x128,wmma_tiled_tuned,263.403,6,11
q27.q_proj   tp1,5120,6144,32,bfloat16,128,ash@256x128,prefill_wmma_ashuffle,302.881,6,11
q27.q_proj   tp1,5120,6144,32,bfloat16,128,ash@256x256,prefill_wmma_ashuffle,376.571,4,11
q27.q_proj   tp1,5120,6144,32,bfloat16,128,tiled@64x128,wmma_tiled_tuned,416.028,4,11
q27.q_proj   tp1,5120,6144,32,bfloat16,128,tiled@384x128,wmma_tiled_tuned,423.570,4,11
q27.q_proj   tp1,5120,6144,32,bfloat16,128,tiled@512x128,wmma_tiled_tuned,448.716,4,11
q27.q_proj   tp1,5120,6144,32,bfloat16,128,ash@128x128,prefill_wmma_ashuffle,449.600,4,11
q27.q_proj   tp1,5120,6144,32,bfloat16,128,ash@64x128,prefill_wmma_ashuffle,573.493,3,11
q27.q_proj   tp1,5120,6144,32,bfloat16,128,ash@384x128,prefill_wmma_ashuffle,582.966,3,11
q27.q_proj   tp1,5120,6144,32,bfloat16,128,ash@512x128,prefill_wmma_ashuffle,592.505,3,11
q27.q_proj   tp1,5120,6144,32,bfloat16,128,tiled@256x256,wmma_tiled_tuned,616.125,2,11
q27.q_proj   tp1,5120,6144,32,bfloat16,128,tiled@32x128,wmma_tiled_tuned,621.307,2,11
q27.q_proj   tp1,5120,6144,32,bfloat16,128,prefill,prefill_wmma,791.396,2,11
q27.q_proj   tp1,5120,6144,32,bfloat16,128,prefill:smallm_off,prefill_wmma,797.375,2,11
q27.q_proj   tp1,5120,6144,32,bfloat16,128,ash@32x128,prefill_wmma_ashuffle,852.001,2,11
q27.q_proj   tp1,5120,6144,32,bfloat16,128,tiled@16x128,wmma_tiled_tuned,1069.389,2,11
q27.q_proj   tp1,5120,6144,32,bfloat16,128,ash@16x128,prefill_wmma_ashuffle,3187.257,2,11
q27.q_proj   tp1,5120,6144,32,bfloat16,256,tiled@256x128,wmma_tiled_tuned,281.118,6,11
q27.q_proj   tp1,5120,6144,32,bfloat16,256,tiled@128x128,wmma_tiled_tuned,313.875,5,11
q27.q_proj   tp1,5120,6144,32,bfloat16,256,ash@256x128,prefill_wmma_ashuffle,443.819,4,11
q27.q_proj   tp1,5120,6144,32,bfloat16,256,tiled@384x128,wmma_tiled_tuned,445.809,3,11
q27.q_proj   tp1,5120,6144,32,bfloat16,256,tiled@512x128,wmma_tiled_tuned,460.741,3,11
q27.q_proj   tp1,5120,6144,32,bfloat16,256,tiled@64x128,wmma_tiled_tuned,471.607,3,11
q27.q_proj   tp1,5120,6144,32,bfloat16,256,ash@128x128,prefill_wmma_ashuffle,485.306,3,11
q27.q_proj   tp1,5120,6144,32,bfloat16,256,ash@256x256,prefill_wmma_ashuffle,505.926,3,11
q27.q_proj   tp1,5120,6144,32,bfloat16,256,ash@64x128,prefill_wmma_ashuffle,629.809,2,11
q27.q_proj   tp1,5120,6144,32,bfloat16,256,ash@512x128,prefill_wmma_ashuffle,632.372,2,11
q27.q_proj   tp1,5120,6144,32,bfloat16,256,ash@384x128,prefill_wmma_ashuffle,657.442,2,11
q27.q_proj   tp1,5120,6144,32,bfloat16,256,tiled@256x256,wmma_tiled_tuned,666.738,2,11
q27.q_proj   tp1,5120,6144,32,bfloat16,256,tiled@32x128,wmma_tiled_tuned,703.761,2,11
q27.q_proj   tp1,5120,6144,32,bfloat16,256,prefill,prefill_wmma,1025.558,2,11
q27.q_proj   tp1,5120,6144,32,bfloat16,256,prefill:smallm_off,prefill_wmma,1059.115,2,11
q27.q_proj   tp1,5120,6144,32,bfloat16,256,ash@32x128,prefill_wmma_ashuffle,1893.105,2,11
q27.q_proj   tp1,5120,6144,32,bfloat16,256,tiled@16x128,wmma_tiled_tuned,3075.076,2,11
q27.q_proj   tp1,5120,6144,32,bfloat16,256,ash@16x128,prefill_wmma_ashuffle,4603.613,2,11
q27.q_proj   tp1,5120,6144,32,bfloat16,512,tiled@256x128,wmma_tiled_tuned,494.069,3,11
q27.q_proj   tp1,5120,6144,32,bfloat16,512,tiled@512x128,wmma_tiled_tuned,593.926,2,11
q27.q_proj   tp1,5120,6144,32,bfloat16,512,tiled@384x128,wmma_tiled_tuned,705.593,2,11
q27.q_proj   tp1,5120,6144,32,bfloat16,512,tiled@128x128,wmma_tiled_tuned,748.940,2,11
q27.q_proj   tp1,5120,6144,32,bfloat16,512,ash@512x128,prefill_wmma_ashuffle,799.380,2,11
q27.q_proj   tp1,5120,6144,32,bfloat16,512,ash@256x128,prefill_wmma_ashuffle,807.502,2,11
q27.q_proj   tp1,5120,6144,32,bfloat16,512,ash@128x128,prefill_wmma_ashuffle,950.971,2,11
q27.q_proj   tp1,5120,6144,32,bfloat16,512,ash@256x256,prefill_wmma_ashuffle,1005.790,2,11
q27.q_proj   tp1,5120,6144,32,bfloat16,512,ash@384x128,prefill_wmma_ashuffle,1110.714,2,11
q27.q_proj   tp1,5120,6144,32,bfloat16,512,ash@64x128,prefill_wmma_ashuffle,1207.226,2,11
q27.q_proj   tp1,5120,6144,32,bfloat16,512,tiled@256x256,wmma_tiled_tuned,1500.417,2,11
q27.q_proj   tp1,5120,6144,32,bfloat16,512,prefill,prefill_wmma,1648.738,2,11
q27.q_proj   tp1,5120,6144,32,bfloat16,512,prefill:smallm_off,prefill_wmma,1674.134,2,11
q27.q_proj   tp1,5120,6144,32,bfloat16,512,tiled@64x128,wmma_tiled_tuned,1979.871,2,11
q27.q_proj   tp1,5120,6144,32,bfloat16,512,tiled@32x128,wmma_tiled_tuned,2317.150,2,11
q27.q_proj   tp1,5120,6144,32,bfloat16,512,ash@32x128,prefill_wmma_ashuffle,2590.696,2,11
q27.q_proj   tp1,5120,6144,32,bfloat16,512,tiled@16x128,wmma_tiled_tuned,4802.331,2,11
q27.q_proj   tp1,5120,6144,32,bfloat16,512,ash@16x128,prefill_wmma_ashuffle,6872.484,2,11
q27.q_proj   tp1,5120,6144,32,bfloat16,2048,tiled@256x128,wmma_tiled_tuned,1848.295,2,11
q27.q_proj   tp1,5120,6144,32,bfloat16,2048,tiled@512x128,wmma_tiled_tuned,1909.734,2,11
q27.q_proj   tp1,5120,6144,32,bfloat16,2048,tiled@128x128,wmma_tiled_tuned,2204.866,2,11
q27.q_proj   tp1,5120,6144,32,bfloat16,2048,tiled@384x128,wmma_tiled_tuned,2305.365,2,11
q27.q_proj   tp1,5120,6144,32,bfloat16,2048,ash@512x128,prefill_wmma_ashuffle,2540.412,2,11
q27.q_proj   tp1,5120,6144,32,bfloat16,2048,ash@256x128,prefill_wmma_ashuffle,2714.446,2,11
q27.q_proj   tp1,5120,6144,32,bfloat16,2048,ash@256x256,prefill_wmma_ashuffle,3051.078,2,11
q27.q_proj   tp1,5120,6144,32,bfloat16,2048,ash@128x128,prefill_wmma_ashuffle,3224.009,2,11
q27.q_proj   tp1,5120,6144,32,bfloat16,2048,ash@384x128,prefill_wmma_ashuffle,3386.730,2,11
q27.q_proj   tp1,5120,6144,32,bfloat16,2048,ash@64x128,prefill_wmma_ashuffle,3912.688,2,11
q27.q_proj   tp1,5120,6144,32,bfloat16,2048,tiled@64x128,wmma_tiled_tuned,3952.505,2,11
q27.q_proj   tp1,5120,6144,32,bfloat16,2048,tiled@256x256,wmma_tiled_tuned,4267.400,2,11
q27.q_proj   tp1,5120,6144,32,bfloat16,2048,tiled@32x128,wmma_tiled_tuned,6257.721,2,11
q27.q_proj   tp1,5120,6144,32,bfloat16,2048,prefill,prefill_wmma,6390.599,2,11
q27.q_proj   tp1,5120,6144,32,bfloat16,2048,prefill:smallm_off,prefill_wmma,6397.500,2,11
q27.q_proj   tp1,5120,6144,32,bfloat16,2048,ash@32x128,prefill_wmma_ashuffle,8155.624,2,11
q27.q_proj   tp1,5120,6144,32,bfloat16,2048,tiled@16x128,wmma_tiled_tuned,15544.808,2,11
q27.q_proj   tp1,5120,6144,32,bfloat16,2048,ash@16x128,prefill_wmma_ashuffle,46276.697,2,11
lag.gate_up  tp2,2048,8192,32,bfloat16,17,tiled@256x128,wmma_tiled_tuned,125.715,8,19
lag.gate_up  tp2,2048,8192,32,bfloat16,17,tiled@128x128,wmma_tiled_tuned,139.074,7,19
lag.gate_up  tp2,2048,8192,32,bfloat16,17,ash@256x128,prefill_wmma_ashuffle,140.484,7,19
lag.gate_up  tp2,2048,8192,32,bfloat16,17,prefill,prefill_wmma,147.260,7,19
lag.gate_up  tp2,2048,8192,32,bfloat16,17,ash@256x256,prefill_wmma_ashuffle,189.895,5,19
lag.gate_up  tp2,2048,8192,32,bfloat16,17,ash@128x128,prefill_wmma_ashuffle,197.889,5,19
lag.gate_up  tp2,2048,8192,32,bfloat16,17,ash@384x128,prefill_wmma_ashuffle,222.219,4,19
lag.gate_up  tp2,2048,8192,32,bfloat16,17,ash@64x128,prefill_wmma_ashuffle,239.684,4,19
lag.gate_up  tp2,2048,8192,32,bfloat16,17,tiled@384x128,wmma_tiled_tuned,239.913,4,19
lag.gate_up  tp2,2048,8192,32,bfloat16,17,tiled@64x128,wmma_tiled_tuned,242.800,4,19
lag.gate_up  tp2,2048,8192,32,bfloat16,17,tiled@512x128,wmma_tiled_tuned,258.891,4,19
lag.gate_up  tp2,2048,8192,32,bfloat16,17,ash@512x128,prefill_wmma_ashuffle,283.206,3,19
lag.gate_up  tp2,2048,8192,32,bfloat16,17,tiled@256x256,wmma_tiled_tuned,308.415,3,19
lag.gate_up  tp2,2048,8192,32,bfloat16,17,tiled@32x128,wmma_tiled_tuned,368.558,2,19
lag.gate_up  tp2,2048,8192,32,bfloat16,17,prefill:smallm_off,prefill_wmma,372.060,2,19
lag.gate_up  tp2,2048,8192,32,bfloat16,17,ash@32x128,prefill_wmma_ashuffle,448.022,2,19
lag.gate_up  tp2,2048,8192,32,bfloat16,17,tiled@16x128,wmma_tiled_tuned,501.797,2,19
lag.gate_up  tp2,2048,8192,32,bfloat16,17,ash@16x128,prefill_wmma_ashuffle,668.195,2,19
lag.gate_up  tp2,2048,8192,32,bfloat16,24,tiled@256x128,wmma_tiled_tuned,124.644,8,19
lag.gate_up  tp2,2048,8192,32,bfloat16,24,tiled@128x128,wmma_tiled_tuned,136.788,8,19
lag.gate_up  tp2,2048,8192,32,bfloat16,24,ash@256x128,prefill_wmma_ashuffle,140.199,7,19
lag.gate_up  tp2,2048,8192,32,bfloat16,24,prefill,prefill_wmma,146.438,7,19
lag.gate_up  tp2,2048,8192,32,bfloat16,24,ash@256x256,prefill_wmma_ashuffle,188.300,5,19
lag.gate_up  tp2,2048,8192,32,bfloat16,24,ash@128x128,prefill_wmma_ashuffle,207.924,5,19
lag.gate_up  tp2,2048,8192,32,bfloat16,24,ash@384x128,prefill_wmma_ashuffle,219.742,4,19
lag.gate_up  tp2,2048,8192,32,bfloat16,24,tiled@384x128,wmma_tiled_tuned,237.752,4,19
lag.gate_up  tp2,2048,8192,32,bfloat16,24,ash@64x128,prefill_wmma_ashuffle,243.396,4,19
lag.gate_up  tp2,2048,8192,32,bfloat16,24,tiled@64x128,wmma_tiled_tuned,251.450,4,19
lag.gate_up  tp2,2048,8192,32,bfloat16,24,tiled@512x128,wmma_tiled_tuned,254.152,4,19
lag.gate_up  tp2,2048,8192,32,bfloat16,24,ash@512x128,prefill_wmma_ashuffle,266.077,3,19
lag.gate_up  tp2,2048,8192,32,bfloat16,24,tiled@256x256,wmma_tiled_tuned,307.216,3,19
lag.gate_up  tp2,2048,8192,32,bfloat16,24,tiled@32x128,wmma_tiled_tuned,362.304,2,19
lag.gate_up  tp2,2048,8192,32,bfloat16,24,prefill:smallm_off,prefill_wmma,368.867,2,19
lag.gate_up  tp2,2048,8192,32,bfloat16,24,ash@32x128,prefill_wmma_ashuffle,444.061,2,19
lag.gate_up  tp2,2048,8192,32,bfloat16,24,tiled@16x128,wmma_tiled_tuned,512.085,2,19
lag.gate_up  tp2,2048,8192,32,bfloat16,24,ash@16x128,prefill_wmma_ashuffle,644.167,2,19
lag.gate_up  tp2,2048,8192,32,bfloat16,32,tiled@256x128,wmma_tiled_tuned,116.684,8,19
lag.gate_up  tp2,2048,8192,32,bfloat16,32,tiled@128x128,wmma_tiled_tuned,120.812,8,19
lag.gate_up  tp2,2048,8192,32,bfloat16,32,ash@256x128,prefill_wmma_ashuffle,140.819,7,19
lag.gate_up  tp2,2048,8192,32,bfloat16,32,prefill,prefill_wmma,152.737,6,19
lag.gate_up  tp2,2048,8192,32,bfloat16,32,ash@256x256,prefill_wmma_ashuffle,189.123,5,19
lag.gate_up  tp2,2048,8192,32,bfloat16,32,ash@128x128,prefill_wmma_ashuffle,215.344,4,19
lag.gate_up  tp2,2048,8192,32,bfloat16,32,ash@384x128,prefill_wmma_ashuffle,226.342,4,19
lag.gate_up  tp2,2048,8192,32,bfloat16,32,tiled@384x128,wmma_tiled_tuned,232.687,4,19
lag.gate_up  tp2,2048,8192,32,bfloat16,32,tiled@64x128,wmma_tiled_tuned,246.171,4,19
lag.gate_up  tp2,2048,8192,32,bfloat16,32,tiled@512x128,wmma_tiled_tuned,251.097,4,19
lag.gate_up  tp2,2048,8192,32,bfloat16,32,ash@64x128,prefill_wmma_ashuffle,254.061,4,19
lag.gate_up  tp2,2048,8192,32,bfloat16,32,ash@512x128,prefill_wmma_ashuffle,261.172,4,19
lag.gate_up  tp2,2048,8192,32,bfloat16,32,tiled@256x256,wmma_tiled_tuned,307.714,3,19
lag.gate_up  tp2,2048,8192,32,bfloat16,32,prefill:smallm_off,prefill_wmma,365.976,2,19
lag.gate_up  tp2,2048,8192,32,bfloat16,32,tiled@32x128,wmma_tiled_tuned,366.447,2,19
lag.gate_up  tp2,2048,8192,32,bfloat16,32,ash@32x128,prefill_wmma_ashuffle,473.766,2,19
lag.gate_up  tp2,2048,8192,32,bfloat16,32,tiled@16x128,wmma_tiled_tuned,514.983,2,19
lag.gate_up  tp2,2048,8192,32,bfloat16,32,ash@16x128,prefill_wmma_ashuffle,672.196,2,19
lag.gate_up  tp2,2048,8192,32,bfloat16,48,tiled@128x128,wmma_tiled_tuned,110.703,8,19
lag.gate_up  tp2,2048,8192,32,bfloat16,48,tiled@256x128,wmma_tiled_tuned,114.494,8,19
lag.gate_up  tp2,2048,8192,32,bfloat16,48,ash@256x128,prefill_wmma_ashuffle,153.214,6,19
lag.gate_up  tp2,2048,8192,32,bfloat16,48,prefill,prefill_wmma,195.584,5,19
lag.gate_up  tp2,2048,8192,32,bfloat16,48,ash@256x256,prefill_wmma_ashuffle,205.307,5,19
lag.gate_up  tp2,2048,8192,32,bfloat16,48,ash@384x128,prefill_wmma_ashuffle,208.442,5,19
lag.gate_up  tp2,2048,8192,32,bfloat16,48,ash@128x128,prefill_wmma_ashuffle,222.543,4,19
lag.gate_up  tp2,2048,8192,32,bfloat16,48,tiled@384x128,wmma_tiled_tuned,225.558,4,19
lag.gate_up  tp2,2048,8192,32,bfloat16,48,tiled@512x128,wmma_tiled_tuned,241.305,4,19
lag.gate_up  tp2,2048,8192,32,bfloat16,48,tiled@64x128,wmma_tiled_tuned,262.248,3,19
lag.gate_up  tp2,2048,8192,32,bfloat16,48,ash@512x128,prefill_wmma_ashuffle,269.386,3,19
lag.gate_up  tp2,2048,8192,32,bfloat16,48,ash@64x128,prefill_wmma_ashuffle,275.177,3,19
lag.gate_up  tp2,2048,8192,32,bfloat16,48,tiled@256x256,wmma_tiled_tuned,308.929,3,19
lag.gate_up  tp2,2048,8192,32,bfloat16,48,prefill:smallm_off,prefill_wmma,327.223,2,19
lag.gate_up  tp2,2048,8192,32,bfloat16,48,tiled@32x128,wmma_tiled_tuned,385.640,2,19
lag.gate_up  tp2,2048,8192,32,bfloat16,48,ash@32x128,prefill_wmma_ashuffle,443.914,2,19
lag.gate_up  tp2,2048,8192,32,bfloat16,48,tiled@16x128,wmma_tiled_tuned,521.708,2,19
lag.gate_up  tp2,2048,8192,32,bfloat16,48,ash@16x128,prefill_wmma_ashuffle,683.261,2,19
lag.gate_up  tp2,2048,8192,32,bfloat16,63,tiled@256x128,wmma_tiled_tuned,111.377,8,19
lag.gate_up  tp2,2048,8192,32,bfloat16,63,tiled@128x128,wmma_tiled_tuned,112.352,8,19
lag.gate_up  tp2,2048,8192,32,bfloat16,63,ash@256x128,prefill_wmma_ashuffle,150.548,7,19
lag.gate_up  tp2,2048,8192,32,bfloat16,63,ash@384x128,prefill_wmma_ashuffle,185.601,5,19
lag.gate_up  tp2,2048,8192,32,bfloat16,63,ash@256x256,prefill_wmma_ashuffle,199.135,5,19
lag.gate_up  tp2,2048,8192,32,bfloat16,63,prefill,prefill_wmma,206.545,5,19
lag.gate_up  tp2,2048,8192,32,bfloat16,63,tiled@384x128,wmma_tiled_tuned,224.922,4,19
lag.gate_up  tp2,2048,8192,32,bfloat16,63,ash@128x128,prefill_wmma_ashuffle,232.404,4,19
lag.gate_up  tp2,2048,8192,32,bfloat16,63,tiled@512x128,wmma_tiled_tuned,241.832,4,19
lag.gate_up  tp2,2048,8192,32,bfloat16,63,ash@512x128,prefill_wmma_ashuffle,251.384,3,19
lag.gate_up  tp2,2048,8192,32,bfloat16,63,tiled@64x128,wmma_tiled_tuned,294.129,3,19
lag.gate_up  tp2,2048,8192,32,bfloat16,63,tiled@256x256,wmma_tiled_tuned,306.940,3,19
lag.gate_up  tp2,2048,8192,32,bfloat16,63,ash@64x128,prefill_wmma_ashuffle,309.683,3,19
lag.gate_up  tp2,2048,8192,32,bfloat16,63,prefill:smallm_off,prefill_wmma,314.614,3,19
lag.gate_up  tp2,2048,8192,32,bfloat16,63,tiled@32x128,wmma_tiled_tuned,411.639,2,19
lag.gate_up  tp2,2048,8192,32,bfloat16,63,ash@32x128,prefill_wmma_ashuffle,496.141,2,19
lag.gate_up  tp2,2048,8192,32,bfloat16,63,tiled@16x128,wmma_tiled_tuned,534.830,2,19
lag.gate_up  tp2,2048,8192,32,bfloat16,63,ash@16x128,prefill_wmma_ashuffle,679.979,2,19
lag.gate_up  tp2,2048,8192,32,bfloat16,64,tiled@128x128,wmma_tiled_tuned,112.237,8,19
lag.gate_up  tp2,2048,8192,32,bfloat16,64,tiled@256x128,wmma_tiled_tuned,116.479,8,19
lag.gate_up  tp2,2048,8192,32,bfloat16,64,ash@256x128,prefill_wmma_ashuffle,151.664,6,19
lag.gate_up  tp2,2048,8192,32,bfloat16,64,ash@384x128,prefill_wmma_ashuffle,186.734,5,19
lag.gate_up  tp2,2048,8192,32,bfloat16,64,ash@256x256,prefill_wmma_ashuffle,199.512,5,19
lag.gate_up  tp2,2048,8192,32,bfloat16,64,prefill,prefill_wmma,206.544,5,19
lag.gate_up  tp2,2048,8192,32,bfloat16,64,tiled@384x128,wmma_tiled_tuned,225.192,4,19
lag.gate_up  tp2,2048,8192,32,bfloat16,64,ash@128x128,prefill_wmma_ashuffle,233.488,4,19
lag.gate_up  tp2,2048,8192,32,bfloat16,64,tiled@512x128,wmma_tiled_tuned,242.047,4,19
lag.gate_up  tp2,2048,8192,32,bfloat16,64,ash@512x128,prefill_wmma_ashuffle,269.045,3,19
lag.gate_up  tp2,2048,8192,32,bfloat16,64,tiled@256x256,wmma_tiled_tuned,306.451,3,19
lag.gate_up  tp2,2048,8192,32,bfloat16,64,ash@64x128,prefill_wmma_ashuffle,309.461,3,19
lag.gate_up  tp2,2048,8192,32,bfloat16,64,tiled@64x128,wmma_tiled_tuned,314.322,3,19
lag.gate_up  tp2,2048,8192,32,bfloat16,64,prefill:smallm_off,prefill_wmma,316.772,3,19
lag.gate_up  tp2,2048,8192,32,bfloat16,64,tiled@32x128,wmma_tiled_tuned,409.970,2,19
lag.gate_up  tp2,2048,8192,32,bfloat16,64,ash@32x128,prefill_wmma_ashuffle,503.697,2,19
lag.gate_up  tp2,2048,8192,32,bfloat16,64,tiled@16x128,wmma_tiled_tuned,539.742,2,19
lag.gate_up  tp2,2048,8192,32,bfloat16,64,ash@16x128,prefill_wmma_ashuffle,694.248,2,19
lag.gate_up  tp2,2048,8192,32,bfloat16,128,tiled@256x128,wmma_tiled_tuned,116.761,8,19
lag.gate_up  tp2,2048,8192,32,bfloat16,128,tiled@128x128,wmma_tiled_tuned,125.870,7,19
lag.gate_up  tp2,2048,8192,32,bfloat16,128,ash@256x128,prefill_wmma_ashuffle,164.431,6,19
lag.gate_up  tp2,2048,8192,32,bfloat16,128,tiled@384x128,wmma_tiled_tuned,208.668,4,19
lag.gate_up  tp2,2048,8192,32,bfloat16,128,tiled@512x128,wmma_tiled_tuned,219.738,4,19
lag.gate_up  tp2,2048,8192,32,bfloat16,128,ash@256x256,prefill_wmma_ashuffle,238.640,4,19
lag.gate_up  tp2,2048,8192,32,bfloat16,128,ash@384x128,prefill_wmma_ashuffle,241.688,4,19
lag.gate_up  tp2,2048,8192,32,bfloat16,128,ash@128x128,prefill_wmma_ashuffle,268.939,3,19
lag.gate_up  tp2,2048,8192,32,bfloat16,128,tiled@256x256,wmma_tiled_tuned,315.101,3,19
lag.gate_up  tp2,2048,8192,32,bfloat16,128,ash@64x128,prefill_wmma_ashuffle,326.069,3,19
lag.gate_up  tp2,2048,8192,32,bfloat16,128,ash@512x128,prefill_wmma_ashuffle,350.606,2,19
lag.gate_up  tp2,2048,8192,32,bfloat16,128,tiled@64x128,wmma_tiled_tuned,366.352,2,19
lag.gate_up  tp2,2048,8192,32,bfloat16,128,prefill:smallm_off,prefill_wmma,418.760,2,19
lag.gate_up  tp2,2048,8192,32,bfloat16,128,prefill,prefill_wmma,420.062,2,19
lag.gate_up  tp2,2048,8192,32,bfloat16,128,tiled@32x128,wmma_tiled_tuned,423.908,2,19
lag.gate_up  tp2,2048,8192,32,bfloat16,128,ash@32x128,prefill_wmma_ashuffle,538.549,2,19
lag.gate_up  tp2,2048,8192,32,bfloat16,128,tiled@16x128,wmma_tiled_tuned,572.201,2,19
lag.gate_up  tp2,2048,8192,32,bfloat16,128,ash@16x128,prefill_wmma_ashuffle,1154.307,2,19
lag.gate_up  tp2,2048,8192,32,bfloat16,256,tiled@256x128,wmma_tiled_tuned,136.480,7,19
lag.gate_up  tp2,2048,8192,32,bfloat16,256,tiled@384x128,wmma_tiled_tuned,215.659,5,19
lag.gate_up  tp2,2048,8192,32,bfloat16,256,tiled@512x128,wmma_tiled_tuned,227.550,4,19
lag.gate_up  tp2,2048,8192,32,bfloat16,256,ash@256x128,prefill_wmma_ashuffle,231.864,4,19
lag.gate_up  tp2,2048,8192,32,bfloat16,256,tiled@128x128,wmma_tiled_tuned,261.113,4,19
lag.gate_up  tp2,2048,8192,32,bfloat16,256,ash@256x256,prefill_wmma_ashuffle,280.097,3,19
lag.gate_up  tp2,2048,8192,32,bfloat16,256,ash@128x128,prefill_wmma_ashuffle,293.917,3,19
lag.gate_up  tp2,2048,8192,32,bfloat16,256,ash@64x128,prefill_wmma_ashuffle,333.365,3,19
lag.gate_up  tp2,2048,8192,32,bfloat16,256,tiled@256x256,wmma_tiled_tuned,335.443,3,19
lag.gate_up  tp2,2048,8192,32,bfloat16,256,ash@384x128,prefill_wmma_ashuffle,348.232,2,19
lag.gate_up  tp2,2048,8192,32,bfloat16,256,tiled@64x128,wmma_tiled_tuned,395.685,2,19
lag.gate_up  tp2,2048,8192,32,bfloat16,256,ash@512x128,prefill_wmma_ashuffle,405.879,2,19
lag.gate_up  tp2,2048,8192,32,bfloat16,256,tiled@32x128,wmma_tiled_tuned,488.776,2,19
lag.gate_up  tp2,2048,8192,32,bfloat16,256,prefill,prefill_wmma,506.526,2,19
lag.gate_up  tp2,2048,8192,32,bfloat16,256,prefill:smallm_off,prefill_wmma,513.442,2,19
lag.gate_up  tp2,2048,8192,32,bfloat16,256,ash@32x128,prefill_wmma_ashuffle,793.599,2,19
lag.gate_up  tp2,2048,8192,32,bfloat16,256,tiled@16x128,wmma_tiled_tuned,1205.608,2,19
lag.gate_up  tp2,2048,8192,32,bfloat16,256,ash@16x128,prefill_wmma_ashuffle,2375.624,2,19
lag.gate_up  tp2,2048,8192,32,bfloat16,512,tiled@256x128,wmma_tiled_tuned,246.895,4,19
lag.gate_up  tp2,2048,8192,32,bfloat16,512,tiled@128x128,wmma_tiled_tuned,379.796,2,19
lag.gate_up  tp2,2048,8192,32,bfloat16,512,tiled@384x128,wmma_tiled_tuned,387.839,2,19
lag.gate_up  tp2,2048,8192,32,bfloat16,512,tiled@512x128,wmma_tiled_tuned,403.832,2,19
lag.gate_up  tp2,2048,8192,32,bfloat16,512,ash@256x128,prefill_wmma_ashuffle,451.675,2,19
lag.gate_up  tp2,2048,8192,32,bfloat16,512,ash@512x128,prefill_wmma_ashuffle,510.921,2,19
lag.gate_up  tp2,2048,8192,32,bfloat16,512,tiled@256x256,wmma_tiled_tuned,567.143,2,19
lag.gate_up  tp2,2048,8192,32,bfloat16,512,ash@128x128,prefill_wmma_ashuffle,594.322,2,19
lag.gate_up  tp2,2048,8192,32,bfloat16,512,ash@384x128,prefill_wmma_ashuffle,613.909,2,19
lag.gate_up  tp2,2048,8192,32,bfloat16,512,ash@256x256,prefill_wmma_ashuffle,618.627,2,19
lag.gate_up  tp2,2048,8192,32,bfloat16,512,ash@64x128,prefill_wmma_ashuffle,667.213,2,19
lag.gate_up  tp2,2048,8192,32,bfloat16,512,tiled@64x128,wmma_tiled_tuned,750.668,2,19
lag.gate_up  tp2,2048,8192,32,bfloat16,512,tiled@32x128,wmma_tiled_tuned,906.614,2,19
lag.gate_up  tp2,2048,8192,32,bfloat16,512,prefill,prefill_wmma,962.518,2,19
lag.gate_up  tp2,2048,8192,32,bfloat16,512,prefill:smallm_off,prefill_wmma,985.180,2,19
lag.gate_up  tp2,2048,8192,32,bfloat16,512,ash@32x128,prefill_wmma_ashuffle,1514.366,2,19
lag.gate_up  tp2,2048,8192,32,bfloat16,512,tiled@16x128,wmma_tiled_tuned,2296.562,2,19
lag.gate_up  tp2,2048,8192,32,bfloat16,512,ash@16x128,prefill_wmma_ashuffle,4073.000,2,19
lag.gate_up  tp2,2048,8192,32,bfloat16,2048,tiled@256x128,wmma_tiled_tuned,932.358,2,19
lag.gate_up  tp2,2048,8192,32,bfloat16,2048,tiled@512x128,wmma_tiled_tuned,1016.390,2,19
lag.gate_up  tp2,2048,8192,32,bfloat16,2048,tiled@128x128,wmma_tiled_tuned,1350.025,2,19
lag.gate_up  tp2,2048,8192,32,bfloat16,2048,tiled@384x128,wmma_tiled_tuned,1378.861,2,19
lag.gate_up  tp2,2048,8192,32,bfloat16,2048,ash@512x128,prefill_wmma_ashuffle,1423.088,2,19
lag.gate_up  tp2,2048,8192,32,bfloat16,2048,ash@256x128,prefill_wmma_ashuffle,1472.754,2,19
lag.gate_up  tp2,2048,8192,32,bfloat16,2048,ash@256x256,prefill_wmma_ashuffle,1685.783,2,19
lag.gate_up  tp2,2048,8192,32,bfloat16,2048,ash@128x128,prefill_wmma_ashuffle,1706.979,2,19
lag.gate_up  tp2,2048,8192,32,bfloat16,2048,ash@384x128,prefill_wmma_ashuffle,1764.340,2,19
lag.gate_up  tp2,2048,8192,32,bfloat16,2048,tiled@64x128,wmma_tiled_tuned,2013.551,2,19
lag.gate_up  tp2,2048,8192,32,bfloat16,2048,ash@64x128,prefill_wmma_ashuffle,2060.919,2,19
lag.gate_up  tp2,2048,8192,32,bfloat16,2048,tiled@256x256,wmma_tiled_tuned,2359.404,2,19
lag.gate_up  tp2,2048,8192,32,bfloat16,2048,tiled@32x128,wmma_tiled_tuned,3012.093,2,19
lag.gate_up  tp2,2048,8192,32,bfloat16,2048,prefill:smallm_off,prefill_wmma,3500.551,2,19
lag.gate_up  tp2,2048,8192,32,bfloat16,2048,prefill,prefill_wmma,3513.391,2,19
lag.gate_up  tp2,2048,8192,32,bfloat16,2048,ash@32x128,prefill_wmma_ashuffle,4294.506,2,19
lag.gate_up  tp2,2048,8192,32,bfloat16,2048,tiled@16x128,wmma_tiled_tuned,8945.980,2,19
lag.gate_up  tp2,2048,8192,32,bfloat16,2048,ash@16x128,prefill_wmma_ashuffle,13234.356,2,19
q35b4.gate_up tp2,2560,9216,32,bfloat16,17,tiled@128x128,wmma_tiled_tuned,162.669,8,14
q35b4.gate_up tp2,2560,9216,32,bfloat16,17,prefill,prefill_wmma,164.684,8,14
q35b4.gate_up tp2,2560,9216,32,bfloat16,17,ash@128x128,prefill_wmma_ashuffle,184.091,7,14
q35b4.gate_up tp2,2560,9216,32,bfloat16,17,tiled@64x128,wmma_tiled_tuned,184.300,7,14
q35b4.gate_up tp2,2560,9216,32,bfloat16,17,ash@64x128,prefill_wmma_ashuffle,232.725,6,14
q35b4.gate_up tp2,2560,9216,32,bfloat16,17,tiled@256x128,wmma_tiled_tuned,241.390,5,14
q35b4.gate_up tp2,2560,9216,32,bfloat16,17,ash@256x128,prefill_wmma_ashuffle,285.544,5,14
q35b4.gate_up tp2,2560,9216,32,bfloat16,17,tiled@32x128,wmma_tiled_tuned,305.567,4,14
q35b4.gate_up tp2,2560,9216,32,bfloat16,17,ash@32x128,prefill_wmma_ashuffle,403.125,3,14
q35b4.gate_up tp2,2560,9216,32,bfloat16,17,ash@256x256,prefill_wmma_ashuffle,405.648,3,14
q35b4.gate_up tp2,2560,9216,32,bfloat16,17,tiled@384x128,wmma_tiled_tuned,429.647,3,14
q35b4.gate_up tp2,2560,9216,32,bfloat16,17,tiled@512x128,wmma_tiled_tuned,470.637,3,14
q35b4.gate_up tp2,2560,9216,32,bfloat16,17,tiled@16x128,wmma_tiled_tuned,513.504,2,14
q35b4.gate_up tp2,2560,9216,32,bfloat16,17,ash@384x128,prefill_wmma_ashuffle,534.579,3,14
q35b4.gate_up tp2,2560,9216,32,bfloat16,17,ash@512x128,prefill_wmma_ashuffle,573.757,2,14
q35b4.gate_up tp2,2560,9216,32,bfloat16,17,prefill:smallm_off,prefill_wmma,652.779,2,14
q35b4.gate_up tp2,2560,9216,32,bfloat16,17,ash@16x128,prefill_wmma_ashuffle,705.872,2,14
q35b4.gate_up tp2,2560,9216,32,bfloat16,17,tiled@256x256,wmma_tiled_tuned,727.505,2,14
q35b4.gate_up tp2,2560,9216,32,bfloat16,24,tiled@128x128,wmma_tiled_tuned,155.609,9,14
q35b4.gate_up tp2,2560,9216,32,bfloat16,24,prefill,prefill_wmma,162.208,8,14
q35b4.gate_up tp2,2560,9216,32,bfloat16,24,tiled@64x128,wmma_tiled_tuned,179.408,8,14
q35b4.gate_up tp2,2560,9216,32,bfloat16,24,ash@128x128,prefill_wmma_ashuffle,180.033,7,14
q35b4.gate_up tp2,2560,9216,32,bfloat16,24,tiled@256x128,wmma_tiled_tuned,231.113,6,14
q35b4.gate_up tp2,2560,9216,32,bfloat16,24,ash@64x128,prefill_wmma_ashuffle,234.178,6,14
q35b4.gate_up tp2,2560,9216,32,bfloat16,24,ash@256x128,prefill_wmma_ashuffle,269.365,5,14
q35b4.gate_up tp2,2560,9216,32,bfloat16,24,tiled@32x128,wmma_tiled_tuned,292.438,4,14
q35b4.gate_up tp2,2560,9216,32,bfloat16,24,ash@256x256,prefill_wmma_ashuffle,397.301,3,14
q35b4.gate_up tp2,2560,9216,32,bfloat16,24,ash@32x128,prefill_wmma_ashuffle,414.432,3,14
q35b4.gate_up tp2,2560,9216,32,bfloat16,24,ash@384x128,prefill_wmma_ashuffle,414.807,3,14
q35b4.gate_up tp2,2560,9216,32,bfloat16,24,tiled@384x128,wmma_tiled_tuned,420.142,3,14
q35b4.gate_up tp2,2560,9216,32,bfloat16,24,tiled@512x128,wmma_tiled_tuned,451.932,3,14
q35b4.gate_up tp2,2560,9216,32,bfloat16,24,tiled@16x128,wmma_tiled_tuned,501.683,2,14
q35b4.gate_up tp2,2560,9216,32,bfloat16,24,ash@512x128,prefill_wmma_ashuffle,530.242,2,14
q35b4.gate_up tp2,2560,9216,32,bfloat16,24,prefill:smallm_off,prefill_wmma,647.576,2,14
q35b4.gate_up tp2,2560,9216,32,bfloat16,24,ash@16x128,prefill_wmma_ashuffle,694.751,2,14
q35b4.gate_up tp2,2560,9216,32,bfloat16,24,tiled@256x256,wmma_tiled_tuned,720.536,2,14
q35b4.gate_up tp2,2560,9216,32,bfloat16,32,tiled@128x128,wmma_tiled_tuned,152.510,9,14
q35b4.gate_up tp2,2560,9216,32,bfloat16,32,prefill,prefill_wmma,159.683,8,14
q35b4.gate_up tp2,2560,9216,32,bfloat16,32,ash@128x128,prefill_wmma_ashuffle,177.187,7,14
q35b4.gate_up tp2,2560,9216,32,bfloat16,32,tiled@64x128,wmma_tiled_tuned,179.908,7,14
q35b4.gate_up tp2,2560,9216,32,bfloat16,32,tiled@256x128,wmma_tiled_tuned,225.017,6,14
q35b4.gate_up tp2,2560,9216,32,bfloat16,32,ash@64x128,prefill_wmma_ashuffle,241.603,6,14
q35b4.gate_up tp2,2560,9216,32,bfloat16,32,ash@256x128,prefill_wmma_ashuffle,254.744,5,14
q35b4.gate_up tp2,2560,9216,32,bfloat16,32,tiled@32x128,wmma_tiled_tuned,299.252,4,14
q35b4.gate_up tp2,2560,9216,32,bfloat16,32,tiled@384x128,wmma_tiled_tuned,374.967,3,14
q35b4.gate_up tp2,2560,9216,32,bfloat16,32,ash@384x128,prefill_wmma_ashuffle,378.036,3,14
q35b4.gate_up tp2,2560,9216,32,bfloat16,32,ash@256x256,prefill_wmma_ashuffle,400.310,3,14
q35b4.gate_up tp2,2560,9216,32,bfloat16,32,tiled@512x128,wmma_tiled_tuned,424.848,3,14
q35b4.gate_up tp2,2560,9216,32,bfloat16,32,ash@32x128,prefill_wmma_ashuffle,441.588,3,14
q35b4.gate_up tp2,2560,9216,32,bfloat16,32,tiled@16x128,wmma_tiled_tuned,498.281,2,14
q35b4.gate_up tp2,2560,9216,32,bfloat16,32,ash@512x128,prefill_wmma_ashuffle,517.982,2,14
q35b4.gate_up tp2,2560,9216,32,bfloat16,32,prefill:smallm_off,prefill_wmma,636.648,2,14
q35b4.gate_up tp2,2560,9216,32,bfloat16,32,ash@16x128,prefill_wmma_ashuffle,698.303,2,14
q35b4.gate_up tp2,2560,9216,32,bfloat16,32,tiled@256x256,wmma_tiled_tuned,711.236,2,14
q35b4.gate_up tp2,2560,9216,32,bfloat16,48,tiled@128x128,wmma_tiled_tuned,146.565,9,14
q35b4.gate_up tp2,2560,9216,32,bfloat16,48,prefill,prefill_wmma,173.362,8,14
q35b4.gate_up tp2,2560,9216,32,bfloat16,48,ash@128x128,prefill_wmma_ashuffle,180.306,7,14
q35b4.gate_up tp2,2560,9216,32,bfloat16,48,tiled@64x128,wmma_tiled_tuned,188.474,7,14
q35b4.gate_up tp2,2560,9216,32,bfloat16,48,tiled@256x128,wmma_tiled_tuned,226.947,6,14
q35b4.gate_up tp2,2560,9216,32,bfloat16,48,ash@64x128,prefill_wmma_ashuffle,262.092,5,14
q35b4.gate_up tp2,2560,9216,32,bfloat16,48,tiled@32x128,wmma_tiled_tuned,284.734,5,14
q35b4.gate_up tp2,2560,9216,32,bfloat16,48,ash@256x128,prefill_wmma_ashuffle,285.181,4,14
q35b4.gate_up tp2,2560,9216,32,bfloat16,48,ash@384x128,prefill_wmma_ashuffle,345.816,3,14
q35b4.gate_up tp2,2560,9216,32,bfloat16,48,tiled@384x128,wmma_tiled_tuned,373.013,3,14
q35b4.gate_up tp2,2560,9216,32,bfloat16,48,ash@256x256,prefill_wmma_ashuffle,407.233,3,14
q35b4.gate_up tp2,2560,9216,32,bfloat16,48,ash@32x128,prefill_wmma_ashuffle,408.027,3,14
q35b4.gate_up tp2,2560,9216,32,bfloat16,48,tiled@512x128,wmma_tiled_tuned,412.827,3,14
q35b4.gate_up tp2,2560,9216,32,bfloat16,48,ash@512x128,prefill_wmma_ashuffle,480.087,2,14
q35b4.gate_up tp2,2560,9216,32,bfloat16,48,tiled@16x128,wmma_tiled_tuned,488.380,2,14
q35b4.gate_up tp2,2560,9216,32,bfloat16,48,prefill:smallm_off,prefill_wmma,641.062,2,14
q35b4.gate_up tp2,2560,9216,32,bfloat16,48,ash@16x128,prefill_wmma_ashuffle,693.879,2,14
q35b4.gate_up tp2,2560,9216,32,bfloat16,48,tiled@256x256,wmma_tiled_tuned,708.104,2,14
q35b4.gate_up tp2,2560,9216,32,bfloat16,63,tiled@128x128,wmma_tiled_tuned,140.466,9,14
q35b4.gate_up tp2,2560,9216,32,bfloat16,63,ash@128x128,prefill_wmma_ashuffle,191.601,7,14
q35b4.gate_up tp2,2560,9216,32,bfloat16,63,tiled@64x128,wmma_tiled_tuned,196.075,7,14
q35b4.gate_up tp2,2560,9216,32,bfloat16,63,prefill,prefill_wmma,202.064,7,14
q35b4.gate_up tp2,2560,9216,32,bfloat16,63,tiled@256x128,wmma_tiled_tuned,215.001,6,14
q35b4.gate_up tp2,2560,9216,32,bfloat16,63,ash@64x128,prefill_wmma_ashuffle,287.959,4,14
q35b4.gate_up tp2,2560,9216,32,bfloat16,63,ash@256x128,prefill_wmma_ashuffle,294.074,4,14
q35b4.gate_up tp2,2560,9216,32,bfloat16,63,tiled@32x128,wmma_tiled_tuned,297.414,4,14
q35b4.gate_up tp2,2560,9216,32,bfloat16,63,tiled@384x128,wmma_tiled_tuned,361.148,3,14
q35b4.gate_up tp2,2560,9216,32,bfloat16,63,tiled@512x128,wmma_tiled_tuned,397.654,3,14
q35b4.gate_up tp2,2560,9216,32,bfloat16,63,ash@256x256,prefill_wmma_ashuffle,417.363,3,14
q35b4.gate_up tp2,2560,9216,32,bfloat16,63,ash@32x128,prefill_wmma_ashuffle,433.219,3,14
q35b4.gate_up tp2,2560,9216,32,bfloat16,63,ash@384x128,prefill_wmma_ashuffle,444.684,3,14
q35b4.gate_up tp2,2560,9216,32,bfloat16,63,tiled@16x128,wmma_tiled_tuned,491.117,2,14
q35b4.gate_up tp2,2560,9216,32,bfloat16,63,ash@512x128,prefill_wmma_ashuffle,527.053,2,14
q35b4.gate_up tp2,2560,9216,32,bfloat16,63,prefill:smallm_off,prefill_wmma,655.849,2,14
q35b4.gate_up tp2,2560,9216,32,bfloat16,63,ash@16x128,prefill_wmma_ashuffle,692.899,2,14
q35b4.gate_up tp2,2560,9216,32,bfloat16,63,tiled@256x256,wmma_tiled_tuned,704.799,2,14
q35b4.gate_up tp2,2560,9216,32,bfloat16,64,tiled@128x128,wmma_tiled_tuned,139.785,10,14
q35b4.gate_up tp2,2560,9216,32,bfloat16,64,ash@128x128,prefill_wmma_ashuffle,190.880,7,14
q35b4.gate_up tp2,2560,9216,32,bfloat16,64,tiled@64x128,wmma_tiled_tuned,194.851,7,14
q35b4.gate_up tp2,2560,9216,32,bfloat16,64,prefill,prefill_wmma,205.024,6,14
q35b4.gate_up tp2,2560,9216,32,bfloat16,64,tiled@256x128,wmma_tiled_tuned,220.680,6,14
q35b4.gate_up tp2,2560,9216,32,bfloat16,64,ash@256x128,prefill_wmma_ashuffle,281.704,4,14
q35b4.gate_up tp2,2560,9216,32,bfloat16,64,ash@64x128,prefill_wmma_ashuffle,288.988,4,14
q35b4.gate_up tp2,2560,9216,32,bfloat16,64,tiled@32x128,wmma_tiled_tuned,301.917,4,14
q35b4.gate_up tp2,2560,9216,32,bfloat16,64,tiled@384x128,wmma_tiled_tuned,358.369,3,14
q35b4.gate_up tp2,2560,9216,32,bfloat16,64,tiled@512x128,wmma_tiled_tuned,406.000,3,14
q35b4.gate_up tp2,2560,9216,32,bfloat16,64,ash@256x256,prefill_wmma_ashuffle,418.652,3,14
q35b4.gate_up tp2,2560,9216,32,bfloat16,64,ash@32x128,prefill_wmma_ashuffle,426.119,3,14
q35b4.gate_up tp2,2560,9216,32,bfloat16,64,ash@384x128,prefill_wmma_ashuffle,446.494,3,14
q35b4.gate_up tp2,2560,9216,32,bfloat16,64,ash@512x128,prefill_wmma_ashuffle,484.756,3,14
q35b4.gate_up tp2,2560,9216,32,bfloat16,64,tiled@16x128,wmma_tiled_tuned,497.320,2,14
q35b4.gate_up tp2,2560,9216,32,bfloat16,64,prefill:smallm_off,prefill_wmma,660.128,2,14
q35b4.gate_up tp2,2560,9216,32,bfloat16,64,tiled@256x256,wmma_tiled_tuned,690.546,2,14
q35b4.gate_up tp2,2560,9216,32,bfloat16,64,ash@16x128,prefill_wmma_ashuffle,699.510,2,14
q35b4.gate_up tp2,2560,9216,32,bfloat16,128,tiled@128x128,wmma_tiled_tuned,152.548,9,14
q35b4.gate_up tp2,2560,9216,32,bfloat16,128,tiled@64x128,wmma_tiled_tuned,208.487,6,14
q35b4.gate_up tp2,2560,9216,32,bfloat16,128,tiled@256x128,wmma_tiled_tuned,222.009,6,14
q35b4.gate_up tp2,2560,9216,32,bfloat16,128,ash@128x128,prefill_wmma_ashuffle,244.874,5,14
q35b4.gate_up tp2,2560,9216,32,bfloat16,128,ash@64x128,prefill_wmma_ashuffle,304.572,4,14
q35b4.gate_up tp2,2560,9216,32,bfloat16,128,ash@256x128,prefill_wmma_ashuffle,312.652,4,14
q35b4.gate_up tp2,2560,9216,32,bfloat16,128,tiled@32x128,wmma_tiled_tuned,315.827,4,14
q35b4.gate_up tp2,2560,9216,32,bfloat16,128,tiled@384x128,wmma_tiled_tuned,348.816,4,14
q35b4.gate_up tp2,2560,9216,32,bfloat16,128,tiled@512x128,wmma_tiled_tuned,374.362,3,14
q35b4.gate_up tp2,2560,9216,32,bfloat16,128,ash@32x128,prefill_wmma_ashuffle,434.531,3,14
q35b4.gate_up tp2,2560,9216,32,bfloat16,128,ash@256x256,prefill_wmma_ashuffle,472.964,3,14
q35b4.gate_up tp2,2560,9216,32,bfloat16,128,ash@384x128,prefill_wmma_ashuffle,483.861,2,14
q35b4.gate_up tp2,2560,9216,32,bfloat16,128,tiled@16x128,wmma_tiled_tuned,521.885,2,14
q35b4.gate_up tp2,2560,9216,32,bfloat16,128,ash@512x128,prefill_wmma_ashuffle,536.759,2,14
q35b4.gate_up tp2,2560,9216,32,bfloat16,128,tiled@256x256,wmma_tiled_tuned,727.919,2,14
q35b4.gate_up tp2,2560,9216,32,bfloat16,128,prefill:smallm_off,prefill_wmma,773.291,2,14
q35b4.gate_up tp2,2560,9216,32,bfloat16,128,prefill,prefill_wmma,796.617,2,14
q35b4.gate_up tp2,2560,9216,32,bfloat16,128,ash@16x128,prefill_wmma_ashuffle,1495.024,2,14
q35b4.gate_up tp2,2560,9216,32,bfloat16,256,tiled@256x128,wmma_tiled_tuned,261.105,5,14
q35b4.gate_up tp2,2560,9216,32,bfloat16,256,tiled@128x128,wmma_tiled_tuned,300.474,4,14
q35b4.gate_up tp2,2560,9216,32,bfloat16,256,tiled@384x128,wmma_tiled_tuned,339.236,4,14
q35b4.gate_up tp2,2560,9216,32,bfloat16,256,tiled@512x128,wmma_tiled_tuned,360.481,3,14
q35b4.gate_up tp2,2560,9216,32,bfloat16,256,ash@64x128,prefill_wmma_ashuffle,388.326,3,14
q35b4.gate_up tp2,2560,9216,32,bfloat16,256,ash@256x128,prefill_wmma_ashuffle,402.143,3,14
q35b4.gate_up tp2,2560,9216,32,bfloat16,256,ash@128x128,prefill_wmma_ashuffle,453.190,3,14
q35b4.gate_up tp2,2560,9216,32,bfloat16,256,tiled@64x128,wmma_tiled_tuned,497.154,2,14
q35b4.gate_up tp2,2560,9216,32,bfloat16,256,ash@512x128,prefill_wmma_ashuffle,603.274,2,14
q35b4.gate_up tp2,2560,9216,32,bfloat16,256,ash@256x256,prefill_wmma_ashuffle,620.190,2,14
q35b4.gate_up tp2,2560,9216,32,bfloat16,256,ash@384x128,prefill_wmma_ashuffle,628.379,2,14
q35b4.gate_up tp2,2560,9216,32,bfloat16,256,tiled@32x128,wmma_tiled_tuned,750.906,2,14
q35b4.gate_up tp2,2560,9216,32,bfloat16,256,tiled@256x256,wmma_tiled_tuned,757.121,2,14
q35b4.gate_up tp2,2560,9216,32,bfloat16,256,prefill:smallm_off,prefill_wmma,958.058,2,14
q35b4.gate_up tp2,2560,9216,32,bfloat16,256,prefill,prefill_wmma,972.074,2,14
q35b4.gate_up tp2,2560,9216,32,bfloat16,256,ash@32x128,prefill_wmma_ashuffle,978.911,2,14
q35b4.gate_up tp2,2560,9216,32,bfloat16,256,tiled@16x128,wmma_tiled_tuned,1687.740,2,14
q35b4.gate_up tp2,2560,9216,32,bfloat16,256,ash@16x128,prefill_wmma_ashuffle,2862.601,2,14
q35b4.gate_up tp2,2560,9216,32,bfloat16,512,tiled@256x128,wmma_tiled_tuned,374.701,3,14
q35b4.gate_up tp2,2560,9216,32,bfloat16,512,tiled@384x128,wmma_tiled_tuned,554.304,2,14
q35b4.gate_up tp2,2560,9216,32,bfloat16,512,tiled@512x128,wmma_tiled_tuned,582.403,2,14
q35b4.gate_up tp2,2560,9216,32,bfloat16,512,ash@256x128,prefill_wmma_ashuffle,623.009,2,14
q35b4.gate_up tp2,2560,9216,32,bfloat16,512,ash@512x128,prefill_wmma_ashuffle,644.476,2,14
q35b4.gate_up tp2,2560,9216,32,bfloat16,512,tiled@128x128,wmma_tiled_tuned,703.059,2,14
q35b4.gate_up tp2,2560,9216,32,bfloat16,512,ash@128x128,prefill_wmma_ashuffle,741.875,2,14
q35b4.gate_up tp2,2560,9216,32,bfloat16,512,ash@384x128,prefill_wmma_ashuffle,769.442,2,14
q35b4.gate_up tp2,2560,9216,32,bfloat16,512,ash@64x128,prefill_wmma_ashuffle,791.051,2,14
q35b4.gate_up tp2,2560,9216,32,bfloat16,512,ash@256x256,prefill_wmma_ashuffle,902.444,2,14
q35b4.gate_up tp2,2560,9216,32,bfloat16,512,tiled@256x256,wmma_tiled_tuned,1066.435,2,14
q35b4.gate_up tp2,2560,9216,32,bfloat16,512,prefill,prefill_wmma,1418.552,2,14
q35b4.gate_up tp2,2560,9216,32,bfloat16,512,tiled@64x128,wmma_tiled_tuned,1426.512,2,14
q35b4.gate_up tp2,2560,9216,32,bfloat16,512,prefill:smallm_off,prefill_wmma,1509.943,2,14
q35b4.gate_up tp2,2560,9216,32,bfloat16,512,tiled@32x128,wmma_tiled_tuned,1830.006,2,14
q35b4.gate_up tp2,2560,9216,32,bfloat16,512,ash@32x128,prefill_wmma_ashuffle,1898.943,2,14
q35b4.gate_up tp2,2560,9216,32,bfloat16,512,tiled@16x128,wmma_tiled_tuned,2855.470,2,14
q35b4.gate_up tp2,2560,9216,32,bfloat16,512,ash@16x128,prefill_wmma_ashuffle,5897.974,2,14
q35b4.gate_up tp2,2560,9216,32,bfloat16,2048,tiled@256x128,wmma_tiled_tuned,1470.385,2,14
q35b4.gate_up tp2,2560,9216,32,bfloat16,2048,tiled@512x128,wmma_tiled_tuned,1514.582,2,14
q35b4.gate_up tp2,2560,9216,32,bfloat16,2048,tiled@128x128,wmma_tiled_tuned,1728.693,2,14
q35b4.gate_up tp2,2560,9216,32,bfloat16,2048,tiled@384x128,wmma_tiled_tuned,1844.242,2,14
q35b4.gate_up tp2,2560,9216,32,bfloat16,2048,ash@512x128,prefill_wmma_ashuffle,1920.596,2,14
q35b4.gate_up tp2,2560,9216,32,bfloat16,2048,ash@256x128,prefill_wmma_ashuffle,2006.233,2,14
q35b4.gate_up tp2,2560,9216,32,bfloat16,2048,ash@256x256,prefill_wmma_ashuffle,2307.884,2,14
q35b4.gate_up tp2,2560,9216,32,bfloat16,2048,ash@128x128,prefill_wmma_ashuffle,2375.514,2,14
q35b4.gate_up tp2,2560,9216,32,bfloat16,2048,ash@384x128,prefill_wmma_ashuffle,2489.341,2,14
q35b4.gate_up tp2,2560,9216,32,bfloat16,2048,tiled@64x128,wmma_tiled_tuned,2741.389,2,14
q35b4.gate_up tp2,2560,9216,32,bfloat16,2048,ash@64x128,prefill_wmma_ashuffle,2866.154,2,14
q35b4.gate_up tp2,2560,9216,32,bfloat16,2048,tiled@256x256,wmma_tiled_tuned,3228.977,2,14
q35b4.gate_up tp2,2560,9216,32,bfloat16,2048,tiled@32x128,wmma_tiled_tuned,3858.330,2,14
q35b4.gate_up tp2,2560,9216,32,bfloat16,2048,prefill:smallm_off,prefill_wmma,5035.422,2,14
q35b4.gate_up tp2,2560,9216,32,bfloat16,2048,prefill,prefill_wmma,5036.301,2,14
q35b4.gate_up tp2,2560,9216,32,bfloat16,2048,ash@32x128,prefill_wmma_ashuffle,6005.166,2,14
q35b4.gate_up tp2,2560,9216,32,bfloat16,2048,tiled@16x128,wmma_tiled_tuned,10446.257,2,14
q35b4.gate_up tp2,2560,9216,32,bfloat16,2048,ash@16x128,prefill_wmma_ashuffle,32742.981,2,14
glm.gate_up  tp2,2048,10240,128,bfloat16,17,prefill,prefill_wmma,100.750,11,17
glm.gate_up  tp2,2048,10240,128,bfloat16,17,tiled@128x128,wmma_tiled_tuned,120.627,9,17
glm.gate_up  tp2,2048,10240,128,bfloat16,17,tiled@64x128,wmma_tiled_tuned,131.363,8,17
glm.gate_up  tp2,2048,10240,128,bfloat16,17,tiled@256x128,wmma_tiled_tuned,156.689,7,17
glm.gate_up  tp2,2048,10240,128,bfloat16,17,ash@64x128,prefill_wmma_ashuffle,186.163,6,17
glm.gate_up  tp2,2048,10240,128,bfloat16,17,ash@384x128,prefill_wmma_ashuffle,208.702,5,17
glm.gate_up  tp2,2048,10240,128,bfloat16,17,prefill:smallm_off,prefill_wmma,216.649,5,17
glm.gate_up  tp2,2048,10240,128,bfloat16,17,ash@512x128,prefill_wmma_ashuffle,223.426,5,17
glm.gate_up  tp2,2048,10240,128,bfloat16,17,ash@256x128,prefill_wmma_ashuffle,243.357,4,17
glm.gate_up  tp2,2048,10240,128,bfloat16,17,ash@128x128,prefill_wmma_ashuffle,263.590,4,17
glm.gate_up  tp2,2048,10240,128,bfloat16,17,tiled@32x128,wmma_tiled_tuned,281.785,4,17
glm.gate_up  tp2,2048,10240,128,bfloat16,17,ash@32x128,prefill_wmma_ashuffle,333.063,3,17
glm.gate_up  tp2,2048,10240,128,bfloat16,17,tiled@16x128,wmma_tiled_tuned,477.343,2,17
glm.gate_up  tp2,2048,10240,128,bfloat16,17,ash@16x128,prefill_wmma_ashuffle,976.158,2,17
glm.gate_up  tp2,2048,10240,128,bfloat16,24,prefill,prefill_wmma,103.388,11,17
glm.gate_up  tp2,2048,10240,128,bfloat16,24,tiled@128x128,wmma_tiled_tuned,117.092,9,17
glm.gate_up  tp2,2048,10240,128,bfloat16,24,tiled@64x128,wmma_tiled_tuned,134.126,8,17
glm.gate_up  tp2,2048,10240,128,bfloat16,24,tiled@256x128,wmma_tiled_tuned,157.028,7,17
glm.gate_up  tp2,2048,10240,128,bfloat16,24,ash@64x128,prefill_wmma_ashuffle,189.649,6,17
glm.gate_up  tp2,2048,10240,128,bfloat16,24,ash@384x128,prefill_wmma_ashuffle,201.475,5,17
glm.gate_up  tp2,2048,10240,128,bfloat16,24,ash@512x128,prefill_wmma_ashuffle,210.471,5,17
glm.gate_up  tp2,2048,10240,128,bfloat16,24,prefill:smallm_off,prefill_wmma,218.336,5,17
glm.gate_up  tp2,2048,10240,128,bfloat16,24,ash@128x128,prefill_wmma_ashuffle,242.085,4,17
glm.gate_up  tp2,2048,10240,128,bfloat16,24,ash@256x128,prefill_wmma_ashuffle,242.826,4,17
glm.gate_up  tp2,2048,10240,128,bfloat16,24,tiled@32x128,wmma_tiled_tuned,284.538,4,17
glm.gate_up  tp2,2048,10240,128,bfloat16,24,ash@32x128,prefill_wmma_ashuffle,348.476,3,17
glm.gate_up  tp2,2048,10240,128,bfloat16,24,tiled@16x128,wmma_tiled_tuned,502.471,2,17
glm.gate_up  tp2,2048,10240,128,bfloat16,24,ash@16x128,prefill_wmma_ashuffle,1052.465,2,17
glm.gate_up  tp2,2048,10240,128,bfloat16,32,tiled@128x128,wmma_tiled_tuned,108.422,10,17
glm.gate_up  tp2,2048,10240,128,bfloat16,32,prefill,prefill_wmma,111.086,10,17
glm.gate_up  tp2,2048,10240,128,bfloat16,32,tiled@64x128,wmma_tiled_tuned,135.675,8,17
glm.gate_up  tp2,2048,10240,128,bfloat16,32,tiled@256x128,wmma_tiled_tuned,153.647,7,17
glm.gate_up  tp2,2048,10240,128,bfloat16,32,ash@64x128,prefill_wmma_ashuffle,198.617,5,17
glm.gate_up  tp2,2048,10240,128,bfloat16,32,ash@512x128,prefill_wmma_ashuffle,207.845,5,17
glm.gate_up  tp2,2048,10240,128,bfloat16,32,ash@384x128,prefill_wmma_ashuffle,217.418,5,17
glm.gate_up  tp2,2048,10240,128,bfloat16,32,prefill:smallm_off,prefill_wmma,219.350,5,17
glm.gate_up  tp2,2048,10240,128,bfloat16,32,ash@256x128,prefill_wmma_ashuffle,240.660,4,17
glm.gate_up  tp2,2048,10240,128,bfloat16,32,ash@128x128,prefill_wmma_ashuffle,255.352,4,17
glm.gate_up  tp2,2048,10240,128,bfloat16,32,tiled@32x128,wmma_tiled_tuned,288.322,4,17
glm.gate_up  tp2,2048,10240,128,bfloat16,32,ash@32x128,prefill_wmma_ashuffle,373.967,3,17
glm.gate_up  tp2,2048,10240,128,bfloat16,32,tiled@16x128,wmma_tiled_tuned,513.658,2,17
glm.gate_up  tp2,2048,10240,128,bfloat16,32,ash@16x128,prefill_wmma_ashuffle,1134.416,2,17
glm.gate_up  tp2,2048,10240,128,bfloat16,48,tiled@128x128,wmma_tiled_tuned,104.363,10,17
glm.gate_up  tp2,2048,10240,128,bfloat16,48,prefill,prefill_wmma,128.520,9,17
glm.gate_up  tp2,2048,10240,128,bfloat16,48,tiled@64x128,wmma_tiled_tuned,141.407,8,17
glm.gate_up  tp2,2048,10240,128,bfloat16,48,tiled@256x128,wmma_tiled_tuned,162.348,7,17
glm.gate_up  tp2,2048,10240,128,bfloat16,48,ash@384x128,prefill_wmma_ashuffle,209.931,5,17
glm.gate_up  tp2,2048,10240,128,bfloat16,48,ash@64x128,prefill_wmma_ashuffle,219.360,5,17
glm.gate_up  tp2,2048,10240,128,bfloat16,48,ash@512x128,prefill_wmma_ashuffle,219.588,5,17
glm.gate_up  tp2,2048,10240,128,bfloat16,48,prefill:smallm_off,prefill_wmma,233.186,5,17
glm.gate_up  tp2,2048,10240,128,bfloat16,48,ash@256x128,prefill_wmma_ashuffle,258.177,4,17
glm.gate_up  tp2,2048,10240,128,bfloat16,48,ash@128x128,prefill_wmma_ashuffle,265.234,4,17
glm.gate_up  tp2,2048,10240,128,bfloat16,48,tiled@32x128,wmma_tiled_tuned,284.389,4,17
glm.gate_up  tp2,2048,10240,128,bfloat16,48,ash@32x128,prefill_wmma_ashuffle,637.929,2,17
glm.gate_up  tp2,2048,10240,128,bfloat16,48,tiled@16x128,wmma_tiled_tuned,961.847,2,17
glm.gate_up  tp2,2048,10240,128,bfloat16,48,ash@16x128,prefill_wmma_ashuffle,1663.696,2,17
glm.gate_up  tp2,2048,10240,128,bfloat16,63,tiled@128x128,wmma_tiled_tuned,106.934,10,17
glm.gate_up  tp2,2048,10240,128,bfloat16,63,prefill,prefill_wmma,146.193,7,17
glm.gate_up  tp2,2048,10240,128,bfloat16,63,tiled@256x128,wmma_tiled_tuned,146.957,7,17
glm.gate_up  tp2,2048,10240,128,bfloat16,63,tiled@64x128,wmma_tiled_tuned,151.755,7,17
glm.gate_up  tp2,2048,10240,128,bfloat16,63,ash@384x128,prefill_wmma_ashuffle,216.155,5,17
glm.gate_up  tp2,2048,10240,128,bfloat16,63,ash@512x128,prefill_wmma_ashuffle,220.298,5,17
glm.gate_up  tp2,2048,10240,128,bfloat16,63,ash@64x128,prefill_wmma_ashuffle,241.622,4,17
glm.gate_up  tp2,2048,10240,128,bfloat16,63,prefill:smallm_off,prefill_wmma,245.815,4,17
glm.gate_up  tp2,2048,10240,128,bfloat16,63,ash@128x128,prefill_wmma_ashuffle,267.821,4,17
glm.gate_up  tp2,2048,10240,128,bfloat16,63,ash@256x128,prefill_wmma_ashuffle,269.490,4,17
glm.gate_up  tp2,2048,10240,128,bfloat16,63,tiled@32x128,wmma_tiled_tuned,298.519,3,17
glm.gate_up  tp2,2048,10240,128,bfloat16,63,ash@32x128,prefill_wmma_ashuffle,748.579,2,17
glm.gate_up  tp2,2048,10240,128,bfloat16,63,tiled@16x128,wmma_tiled_tuned,971.145,2,17
glm.gate_up  tp2,2048,10240,128,bfloat16,63,ash@16x128,prefill_wmma_ashuffle,2241.772,2,17
glm.gate_up  tp2,2048,10240,128,bfloat16,64,tiled@128x128,wmma_tiled_tuned,107.366,10,17
glm.gate_up  tp2,2048,10240,128,bfloat16,64,prefill,prefill_wmma,146.947,7,17
glm.gate_up  tp2,2048,10240,128,bfloat16,64,tiled@256x128,wmma_tiled_tuned,149.424,7,17
glm.gate_up  tp2,2048,10240,128,bfloat16,64,tiled@64x128,wmma_tiled_tuned,187.049,6,17
glm.gate_up  tp2,2048,10240,128,bfloat16,64,ash@384x128,prefill_wmma_ashuffle,212.465,5,17
glm.gate_up  tp2,2048,10240,128,bfloat16,64,ash@512x128,prefill_wmma_ashuffle,219.334,5,17
glm.gate_up  tp2,2048,10240,128,bfloat16,64,ash@64x128,prefill_wmma_ashuffle,241.233,4,17
glm.gate_up  tp2,2048,10240,128,bfloat16,64,prefill:smallm_off,prefill_wmma,244.321,4,17
glm.gate_up  tp2,2048,10240,128,bfloat16,64,ash@128x128,prefill_wmma_ashuffle,270.983,4,17
glm.gate_up  tp2,2048,10240,128,bfloat16,64,ash@256x128,prefill_wmma_ashuffle,273.098,4,17
glm.gate_up  tp2,2048,10240,128,bfloat16,64,tiled@32x128,wmma_tiled_tuned,298.985,4,17
glm.gate_up  tp2,2048,10240,128,bfloat16,64,ash@32x128,prefill_wmma_ashuffle,721.221,2,17
glm.gate_up  tp2,2048,10240,128,bfloat16,64,tiled@16x128,wmma_tiled_tuned,969.254,2,17
glm.gate_up  tp2,2048,10240,128,bfloat16,64,ash@16x128,prefill_wmma_ashuffle,2205.140,2,17
glm.gate_up  tp2,2048,10240,128,bfloat16,128,tiled@128x128,wmma_tiled_tuned,125.500,9,17
glm.gate_up  tp2,2048,10240,128,bfloat16,128,tiled@256x128,wmma_tiled_tuned,155.209,7,17
glm.gate_up  tp2,2048,10240,128,bfloat16,128,ash@512x128,prefill_wmma_ashuffle,255.707,4,17
glm.gate_up  tp2,2048,10240,128,bfloat16,128,ash@384x128,prefill_wmma_ashuffle,278.364,4,17
glm.gate_up  tp2,2048,10240,128,bfloat16,128,ash@256x128,prefill_wmma_ashuffle,341.224,3,17
glm.gate_up  tp2,2048,10240,128,bfloat16,128,ash@128x128,prefill_wmma_ashuffle,343.152,3,17
glm.gate_up  tp2,2048,10240,128,bfloat16,128,prefill:smallm_off,prefill_wmma,393.621,2,17
glm.gate_up  tp2,2048,10240,128,bfloat16,128,prefill,prefill_wmma,394.988,2,17
glm.gate_up  tp2,2048,10240,128,bfloat16,128,tiled@64x128,wmma_tiled_tuned,438.065,2,17
glm.gate_up  tp2,2048,10240,128,bfloat16,128,tiled@32x128,wmma_tiled_tuned,577.685,2,17
glm.gate_up  tp2,2048,10240,128,bfloat16,128,ash@64x128,prefill_wmma_ashuffle,589.323,2,17
glm.gate_up  tp2,2048,10240,128,bfloat16,128,ash@32x128,prefill_wmma_ashuffle,1464.814,2,17
glm.gate_up  tp2,2048,10240,128,bfloat16,128,tiled@16x128,wmma_tiled_tuned,2038.232,2,17
glm.gate_up  tp2,2048,10240,128,bfloat16,128,ash@16x128,prefill_wmma_ashuffle,4034.187,2,17
glm.gate_up  tp2,2048,10240,128,bfloat16,256,tiled@256x128,wmma_tiled_tuned,205.580,5,17
glm.gate_up  tp2,2048,10240,128,bfloat16,256,tiled@128x128,wmma_tiled_tuned,232.720,4,17
glm.gate_up  tp2,2048,10240,128,bfloat16,256,ash@384x128,prefill_wmma_ashuffle,333.103,3,17
glm.gate_up  tp2,2048,10240,128,bfloat16,256,ash@512x128,prefill_wmma_ashuffle,341.410,3,17
glm.gate_up  tp2,2048,10240,128,bfloat16,256,ash@256x128,prefill_wmma_ashuffle,401.582,2,17
glm.gate_up  tp2,2048,10240,128,bfloat16,256,prefill,prefill_wmma,519.484,2,17
glm.gate_up  tp2,2048,10240,128,bfloat16,256,prefill:smallm_off,prefill_wmma,526.370,2,17
glm.gate_up  tp2,2048,10240,128,bfloat16,256,tiled@64x128,wmma_tiled_tuned,593.146,2,17
glm.gate_up  tp2,2048,10240,128,bfloat16,256,ash@128x128,prefill_wmma_ashuffle,595.854,2,17
glm.gate_up  tp2,2048,10240,128,bfloat16,256,ash@64x128,prefill_wmma_ashuffle,1101.914,2,17
glm.gate_up  tp2,2048,10240,128,bfloat16,256,tiled@32x128,wmma_tiled_tuned,1378.901,2,17
glm.gate_up  tp2,2048,10240,128,bfloat16,256,ash@32x128,prefill_wmma_ashuffle,2603.138,2,17
glm.gate_up  tp2,2048,10240,128,bfloat16,256,tiled@16x128,wmma_tiled_tuned,3360.591,2,17
glm.gate_up  tp2,2048,10240,128,bfloat16,256,ash@16x128,prefill_wmma_ashuffle,12624.101,2,17
glm.gate_up  tp2,2048,10240,128,bfloat16,512,tiled@256x128,wmma_tiled_tuned,294.144,4,17
glm.gate_up  tp2,2048,10240,128,bfloat16,512,tiled@128x128,wmma_tiled_tuned,402.465,2,17
glm.gate_up  tp2,2048,10240,128,bfloat16,512,ash@512x128,prefill_wmma_ashuffle,488.376,2,17
glm.gate_up  tp2,2048,10240,128,bfloat16,512,ash@384x128,prefill_wmma_ashuffle,630.238,2,17
glm.gate_up  tp2,2048,10240,128,bfloat16,512,ash@256x128,prefill_wmma_ashuffle,663.397,2,17
glm.gate_up  tp2,2048,10240,128,bfloat16,512,ash@128x128,prefill_wmma_ashuffle,879.870,2,17
glm.gate_up  tp2,2048,10240,128,bfloat16,512,prefill:smallm_off,prefill_wmma,936.559,2,17
glm.gate_up  tp2,2048,10240,128,bfloat16,512,prefill,prefill_wmma,943.583,2,17
glm.gate_up  tp2,2048,10240,128,bfloat16,512,tiled@64x128,wmma_tiled_tuned,1092.512,2,17
glm.gate_up  tp2,2048,10240,128,bfloat16,512,ash@64x128,prefill_wmma_ashuffle,1937.523,2,17
glm.gate_up  tp2,2048,10240,128,bfloat16,512,tiled@32x128,wmma_tiled_tuned,2236.138,2,17
glm.gate_up  tp2,2048,10240,128,bfloat16,512,ash@32x128,prefill_wmma_ashuffle,5844.268,2,17
glm.gate_up  tp2,2048,10240,128,bfloat16,512,tiled@16x128,wmma_tiled_tuned,11563.773,2,17
glm.gate_up  tp2,2048,10240,128,bfloat16,512,ash@16x128,prefill_wmma_ashuffle,24240.825,2,17
glm.gate_up  tp2,2048,10240,128,bfloat16,2048,tiled@256x128,wmma_tiled_tuned,963.832,2,17
glm.gate_up  tp2,2048,10240,128,bfloat16,2048,tiled@128x128,wmma_tiled_tuned,1498.884,2,17
glm.gate_up  tp2,2048,10240,128,bfloat16,2048,ash@512x128,prefill_wmma_ashuffle,1721.876,2,17
glm.gate_up  tp2,2048,10240,128,bfloat16,2048,ash@384x128,prefill_wmma_ashuffle,2001.198,2,17
glm.gate_up  tp2,2048,10240,128,bfloat16,2048,ash@256x128,prefill_wmma_ashuffle,2669.605,2,17
glm.gate_up  tp2,2048,10240,128,bfloat16,2048,tiled@64x128,wmma_tiled_tuned,2760.325,2,17
glm.gate_up  tp2,2048,10240,128,bfloat16,2048,ash@128x128,prefill_wmma_ashuffle,3054.380,2,17
glm.gate_up  tp2,2048,10240,128,bfloat16,2048,prefill,prefill_wmma,3446.467,2,17
glm.gate_up  tp2,2048,10240,128,bfloat16,2048,prefill:smallm_off,prefill_wmma,3449.655,2,17
glm.gate_up  tp2,2048,10240,128,bfloat16,2048,ash@64x128,prefill_wmma_ashuffle,5254.373,2,17
glm.gate_up  tp2,2048,10240,128,bfloat16,2048,tiled@32x128,wmma_tiled_tuned,6138.417,2,17
glm.gate_up  tp2,2048,10240,128,bfloat16,2048,ash@32x128,prefill_wmma_ashuffle,15010.180,2,17
glm.gate_up  tp2,2048,10240,128,bfloat16,2048,tiled@16x128,wmma_tiled_tuned,21154.415,2,17
glm.gate_up  tp2,2048,10240,128,bfloat16,2048,ash@16x128,prefill_wmma_ashuffle,60258.696,2,17
lag.gate_up  tp1,2048,16384,32,bfloat16,17,tiled@256x128,wmma_tiled_tuned,207.401,9,10
lag.gate_up  tp1,2048,16384,32,bfloat16,17,ash@256x128,prefill_wmma_ashuffle,218.770,8,10
lag.gate_up  tp1,2048,16384,32,bfloat16,17,prefill,prefill_wmma,226.786,8,10
lag.gate_up  tp1,2048,16384,32,bfloat16,17,ash@256x256,prefill_wmma_ashuffle,361.629,5,10
lag.gate_up  tp1,2048,16384,32,bfloat16,17,tiled@128x128,wmma_tiled_tuned,404.159,4,10
lag.gate_up  tp1,2048,16384,32,bfloat16,17,ash@128x128,prefill_wmma_ashuffle,414.201,4,10
lag.gate_up  tp1,2048,16384,32,bfloat16,17,ash@384x128,prefill_wmma_ashuffle,418.276,4,10
lag.gate_up  tp1,2048,16384,32,bfloat16,17,tiled@64x128,wmma_tiled_tuned,418.572,4,10
lag.gate_up  tp1,2048,16384,32,bfloat16,17,tiled@32x128,wmma_tiled_tuned,427.473,4,10
lag.gate_up  tp1,2048,16384,32,bfloat16,17,tiled@16x128,wmma_tiled_tuned,445.190,4,10
lag.gate_up  tp1,2048,16384,32,bfloat16,17,ash@64x128,prefill_wmma_ashuffle,445.309,4,10
lag.gate_up  tp1,2048,16384,32,bfloat16,17,ash@32x128,prefill_wmma_ashuffle,465.932,4,10
lag.gate_up  tp1,2048,16384,32,bfloat16,17,tiled@384x128,wmma_tiled_tuned,503.374,3,10
lag.gate_up  tp1,2048,16384,32,bfloat16,17,tiled@512x128,wmma_tiled_tuned,559.069,3,10
lag.gate_up  tp1,2048,16384,32,bfloat16,17,ash@512x128,prefill_wmma_ashuffle,561.568,3,10
lag.gate_up  tp1,2048,16384,32,bfloat16,17,tiled@256x256,wmma_tiled_tuned,588.738,3,10
lag.gate_up  tp1,2048,16384,32,bfloat16,17,prefill:smallm_off,prefill_wmma,636.209,3,10
lag.gate_up  tp1,2048,16384,32,bfloat16,17,ash@16x128,prefill_wmma_ashuffle,651.445,3,10
lag.gate_up  tp1,2048,16384,32,bfloat16,24,ash@256x128,prefill_wmma_ashuffle,205.723,9,10
lag.gate_up  tp1,2048,16384,32,bfloat16,24,tiled@256x128,wmma_tiled_tuned,205.833,9,10
lag.gate_up  tp1,2048,16384,32,bfloat16,24,prefill,prefill_wmma,228.677,8,10
lag.gate_up  tp1,2048,16384,32,bfloat16,24,ash@256x256,prefill_wmma_ashuffle,362.810,5,10
lag.gate_up  tp1,2048,16384,32,bfloat16,24,tiled@128x128,wmma_tiled_tuned,402.852,4,10
lag.gate_up  tp1,2048,16384,32,bfloat16,24,ash@128x128,prefill_wmma_ashuffle,414.357,4,10
lag.gate_up  tp1,2048,16384,32,bfloat16,24,ash@384x128,prefill_wmma_ashuffle,421.884,5,10
lag.gate_up  tp1,2048,16384,32,bfloat16,24,tiled@64x128,wmma_tiled_tuned,425.326,4,10
lag.gate_up  tp1,2048,16384,32,bfloat16,24,tiled@32x128,wmma_tiled_tuned,434.083,4,10
lag.gate_up  tp1,2048,16384,32,bfloat16,24,tiled@16x128,wmma_tiled_tuned,446.954,4,10
lag.gate_up  tp1,2048,16384,32,bfloat16,24,ash@64x128,prefill_wmma_ashuffle,452.079,4,10
lag.gate_up  tp1,2048,16384,32,bfloat16,24,ash@32x128,prefill_wmma_ashuffle,483.112,4,10
lag.gate_up  tp1,2048,16384,32,bfloat16,24,ash@512x128,prefill_wmma_ashuffle,495.875,3,10
lag.gate_up  tp1,2048,16384,32,bfloat16,24,tiled@384x128,wmma_tiled_tuned,502.005,3,10
lag.gate_up  tp1,2048,16384,32,bfloat16,24,tiled@512x128,wmma_tiled_tuned,557.681,3,10
lag.gate_up  tp1,2048,16384,32,bfloat16,24,tiled@256x256,wmma_tiled_tuned,593.230,3,10
lag.gate_up  tp1,2048,16384,32,bfloat16,24,prefill:smallm_off,prefill_wmma,606.346,3,10
lag.gate_up  tp1,2048,16384,32,bfloat16,24,ash@16x128,prefill_wmma_ashuffle,627.788,3,10
lag.gate_up  tp1,2048,16384,32,bfloat16,32,tiled@256x128,wmma_tiled_tuned,194.493,9,10
lag.gate_up  tp1,2048,16384,32,bfloat16,32,ash@256x128,prefill_wmma_ashuffle,206.932,9,10
lag.gate_up  tp1,2048,16384,32,bfloat16,32,prefill,prefill_wmma,242.542,7,10
lag.gate_up  tp1,2048,16384,32,bfloat16,32,ash@256x256,prefill_wmma_ashuffle,348.034,5,10
lag.gate_up  tp1,2048,16384,32,bfloat16,32,tiled@128x128,wmma_tiled_tuned,404.623,4,10
lag.gate_up  tp1,2048,16384,32,bfloat16,32,ash@128x128,prefill_wmma_ashuffle,421.176,4,10
lag.gate_up  tp1,2048,16384,32,bfloat16,32,ash@384x128,prefill_wmma_ashuffle,422.027,4,10
lag.gate_up  tp1,2048,16384,32,bfloat16,32,tiled@64x128,wmma_tiled_tuned,432.732,4,10
lag.gate_up  tp1,2048,16384,32,bfloat16,32,tiled@32x128,wmma_tiled_tuned,436.532,4,10
lag.gate_up  tp1,2048,16384,32,bfloat16,32,tiled@16x128,wmma_tiled_tuned,461.343,4,10
lag.gate_up  tp1,2048,16384,32,bfloat16,32,ash@64x128,prefill_wmma_ashuffle,464.122,4,10
lag.gate_up  tp1,2048,16384,32,bfloat16,32,ash@512x128,prefill_wmma_ashuffle,497.082,3,10
lag.gate_up  tp1,2048,16384,32,bfloat16,32,ash@32x128,prefill_wmma_ashuffle,505.341,3,10
lag.gate_up  tp1,2048,16384,32,bfloat16,32,tiled@384x128,wmma_tiled_tuned,509.483,3,10
lag.gate_up  tp1,2048,16384,32,bfloat16,32,tiled@512x128,wmma_tiled_tuned,549.417,3,10
lag.gate_up  tp1,2048,16384,32,bfloat16,32,tiled@256x256,wmma_tiled_tuned,589.751,3,10
lag.gate_up  tp1,2048,16384,32,bfloat16,32,prefill:smallm_off,prefill_wmma,618.441,3,10
lag.gate_up  tp1,2048,16384,32,bfloat16,32,ash@16x128,prefill_wmma_ashuffle,628.465,3,10
lag.gate_up  tp1,2048,16384,32,bfloat16,48,tiled@256x128,wmma_tiled_tuned,196.157,9,10
lag.gate_up  tp1,2048,16384,32,bfloat16,48,ash@256x128,prefill_wmma_ashuffle,219.556,9,10
lag.gate_up  tp1,2048,16384,32,bfloat16,48,prefill,prefill_wmma,261.427,7,10
lag.gate_up  tp1,2048,16384,32,bfloat16,48,ash@384x128,prefill_wmma_ashuffle,320.157,6,10
lag.gate_up  tp1,2048,16384,32,bfloat16,48,ash@256x256,prefill_wmma_ashuffle,359.692,5,10
lag.gate_up  tp1,2048,16384,32,bfloat16,48,tiled@128x128,wmma_tiled_tuned,399.527,4,10
lag.gate_up  tp1,2048,16384,32,bfloat16,48,tiled@32x128,wmma_tiled_tuned,431.125,4,10
lag.gate_up  tp1,2048,16384,32,bfloat16,48,ash@128x128,prefill_wmma_ashuffle,432.330,4,10
lag.gate_up  tp1,2048,16384,32,bfloat16,48,tiled@64x128,wmma_tiled_tuned,442.203,4,10
lag.gate_up  tp1,2048,16384,32,bfloat16,48,tiled@16x128,wmma_tiled_tuned,481.705,4,10
lag.gate_up  tp1,2048,16384,32,bfloat16,48,ash@64x128,prefill_wmma_ashuffle,486.956,4,10
lag.gate_up  tp1,2048,16384,32,bfloat16,48,tiled@384x128,wmma_tiled_tuned,489.855,3,10
lag.gate_up  tp1,2048,16384,32,bfloat16,48,ash@32x128,prefill_wmma_ashuffle,493.934,4,10
lag.gate_up  tp1,2048,16384,32,bfloat16,48,tiled@512x128,wmma_tiled_tuned,522.746,3,10
lag.gate_up  tp1,2048,16384,32,bfloat16,48,tiled@256x256,wmma_tiled_tuned,593.403,3,10
lag.gate_up  tp1,2048,16384,32,bfloat16,48,ash@512x128,prefill_wmma_ashuffle,615.523,3,10
lag.gate_up  tp1,2048,16384,32,bfloat16,48,prefill:smallm_off,prefill_wmma,617.403,3,10
lag.gate_up  tp1,2048,16384,32,bfloat16,48,ash@16x128,prefill_wmma_ashuffle,1107.146,2,10
lag.gate_up  tp1,2048,16384,32,bfloat16,63,tiled@256x128,wmma_tiled_tuned,197.314,10,10
lag.gate_up  tp1,2048,16384,32,bfloat16,63,ash@256x128,prefill_wmma_ashuffle,231.130,8,10
lag.gate_up  tp1,2048,16384,32,bfloat16,63,prefill,prefill_wmma,288.333,6,10
lag.gate_up  tp1,2048,16384,32,bfloat16,63,ash@384x128,prefill_wmma_ashuffle,330.976,5,10
lag.gate_up  tp1,2048,16384,32,bfloat16,63,ash@256x256,prefill_wmma_ashuffle,383.148,5,10
lag.gate_up  tp1,2048,16384,32,bfloat16,63,tiled@128x128,wmma_tiled_tuned,399.317,4,10
lag.gate_up  tp1,2048,16384,32,bfloat16,63,tiled@32x128,wmma_tiled_tuned,442.656,4,10
lag.gate_up  tp1,2048,16384,32,bfloat16,63,ash@128x128,prefill_wmma_ashuffle,445.089,4,10
lag.gate_up  tp1,2048,16384,32,bfloat16,63,tiled@64x128,wmma_tiled_tuned,448.284,4,10
lag.gate_up  tp1,2048,16384,32,bfloat16,63,tiled@16x128,wmma_tiled_tuned,484.980,4,10
lag.gate_up  tp1,2048,16384,32,bfloat16,63,tiled@384x128,wmma_tiled_tuned,504.579,3,10
lag.gate_up  tp1,2048,16384,32,bfloat16,63,ash@64x128,prefill_wmma_ashuffle,508.153,3,10
lag.gate_up  tp1,2048,16384,32,bfloat16,63,ash@32x128,prefill_wmma_ashuffle,509.213,3,10
lag.gate_up  tp1,2048,16384,32,bfloat16,63,tiled@512x128,wmma_tiled_tuned,532.413,3,10
lag.gate_up  tp1,2048,16384,32,bfloat16,63,tiled@256x256,wmma_tiled_tuned,590.763,3,10
lag.gate_up  tp1,2048,16384,32,bfloat16,63,ash@512x128,prefill_wmma_ashuffle,602.389,3,10
lag.gate_up  tp1,2048,16384,32,bfloat16,63,prefill:smallm_off,prefill_wmma,676.262,2,10
lag.gate_up  tp1,2048,16384,32,bfloat16,63,ash@16x128,prefill_wmma_ashuffle,1281.188,2,10
lag.gate_up  tp1,2048,16384,32,bfloat16,64,tiled@256x128,wmma_tiled_tuned,198.394,10,10
lag.gate_up  tp1,2048,16384,32,bfloat16,64,ash@256x128,prefill_wmma_ashuffle,231.184,8,10
lag.gate_up  tp1,2048,16384,32,bfloat16,64,prefill,prefill_wmma,290.204,6,10
lag.gate_up  tp1,2048,16384,32,bfloat16,64,ash@384x128,prefill_wmma_ashuffle,333.662,5,10
lag.gate_up  tp1,2048,16384,32,bfloat16,64,ash@256x256,prefill_wmma_ashuffle,383.008,5,10
lag.gate_up  tp1,2048,16384,32,bfloat16,64,tiled@128x128,wmma_tiled_tuned,398.908,4,10
lag.gate_up  tp1,2048,16384,32,bfloat16,64,ash@128x128,prefill_wmma_ashuffle,444.827,4,10
lag.gate_up  tp1,2048,16384,32,bfloat16,64,tiled@32x128,wmma_tiled_tuned,446.352,4,10
lag.gate_up  tp1,2048,16384,32,bfloat16,64,tiled@64x128,wmma_tiled_tuned,449.842,4,10
lag.gate_up  tp1,2048,16384,32,bfloat16,64,tiled@384x128,wmma_tiled_tuned,480.627,4,10
lag.gate_up  tp1,2048,16384,32,bfloat16,64,tiled@16x128,wmma_tiled_tuned,487.973,4,10
lag.gate_up  tp1,2048,16384,32,bfloat16,64,ash@32x128,prefill_wmma_ashuffle,509.245,3,10
lag.gate_up  tp1,2048,16384,32,bfloat16,64,ash@64x128,prefill_wmma_ashuffle,509.521,3,10
lag.gate_up  tp1,2048,16384,32,bfloat16,64,tiled@512x128,wmma_tiled_tuned,524.766,3,10
lag.gate_up  tp1,2048,16384,32,bfloat16,64,tiled@256x256,wmma_tiled_tuned,592.827,3,10
lag.gate_up  tp1,2048,16384,32,bfloat16,64,ash@512x128,prefill_wmma_ashuffle,614.407,3,10
lag.gate_up  tp1,2048,16384,32,bfloat16,64,prefill:smallm_off,prefill_wmma,675.270,2,10
lag.gate_up  tp1,2048,16384,32,bfloat16,64,ash@16x128,prefill_wmma_ashuffle,1282.528,2,10
lag.gate_up  tp1,2048,16384,32,bfloat16,128,tiled@256x128,wmma_tiled_tuned,211.447,9,10
lag.gate_up  tp1,2048,16384,32,bfloat16,128,ash@256x128,prefill_wmma_ashuffle,289.228,6,10
lag.gate_up  tp1,2048,16384,32,bfloat16,128,tiled@128x128,wmma_tiled_tuned,409.283,4,10
lag.gate_up  tp1,2048,16384,32,bfloat16,128,ash@256x256,prefill_wmma_ashuffle,420.298,4,10
lag.gate_up  tp1,2048,16384,32,bfloat16,128,tiled@64x128,wmma_tiled_tuned,434.526,4,10
lag.gate_up  tp1,2048,16384,32,bfloat16,128,tiled@32x128,wmma_tiled_tuned,438.410,4,10
lag.gate_up  tp1,2048,16384,32,bfloat16,128,tiled@384x128,wmma_tiled_tuned,439.511,4,10
lag.gate_up  tp1,2048,16384,32,bfloat16,128,tiled@512x128,wmma_tiled_tuned,459.443,4,10
lag.gate_up  tp1,2048,16384,32,bfloat16,128,ash@128x128,prefill_wmma_ashuffle,484.998,4,10
lag.gate_up  tp1,2048,16384,32,bfloat16,128,ash@64x128,prefill_wmma_ashuffle,492.449,4,10
lag.gate_up  tp1,2048,16384,32,bfloat16,128,ash@384x128,prefill_wmma_ashuffle,498.538,3,10
lag.gate_up  tp1,2048,16384,32,bfloat16,128,tiled@256x256,wmma_tiled_tuned,605.537,3,10
lag.gate_up  tp1,2048,16384,32,bfloat16,128,ash@512x128,prefill_wmma_ashuffle,680.002,2,10
lag.gate_up  tp1,2048,16384,32,bfloat16,128,prefill:smallm_off,prefill_wmma,740.727,2,10
lag.gate_up  tp1,2048,16384,32,bfloat16,128,prefill,prefill_wmma,743.659,2,10
lag.gate_up  tp1,2048,16384,32,bfloat16,128,ash@32x128,prefill_wmma_ashuffle,947.160,2,10
lag.gate_up  tp1,2048,16384,32,bfloat16,128,tiled@16x128,wmma_tiled_tuned,1315.251,2,10
lag.gate_up  tp1,2048,16384,32,bfloat16,128,ash@16x128,prefill_wmma_ashuffle,2262.082,2,10
lag.gate_up  tp1,2048,16384,32,bfloat16,256,tiled@256x128,wmma_tiled_tuned,247.625,7,10
lag.gate_up  tp1,2048,16384,32,bfloat16,256,ash@256x128,prefill_wmma_ashuffle,425.787,4,10
lag.gate_up  tp1,2048,16384,32,bfloat16,256,tiled@384x128,wmma_tiled_tuned,434.510,4,10
lag.gate_up  tp1,2048,16384,32,bfloat16,256,tiled@512x128,wmma_tiled_tuned,467.070,4,10
lag.gate_up  tp1,2048,16384,32,bfloat16,256,tiled@128x128,wmma_tiled_tuned,468.253,4,10
lag.gate_up  tp1,2048,16384,32,bfloat16,256,ash@256x256,prefill_wmma_ashuffle,550.771,3,10
lag.gate_up  tp1,2048,16384,32,bfloat16,256,ash@128x128,prefill_wmma_ashuffle,562.488,3,10
lag.gate_up  tp1,2048,16384,32,bfloat16,256,ash@64x128,prefill_wmma_ashuffle,638.526,3,10
lag.gate_up  tp1,2048,16384,32,bfloat16,256,tiled@256x256,wmma_tiled_tuned,646.321,3,10
lag.gate_up  tp1,2048,16384,32,bfloat16,256,ash@384x128,prefill_wmma_ashuffle,655.715,2,10
lag.gate_up  tp1,2048,16384,32,bfloat16,256,tiled@64x128,wmma_tiled_tuned,782.851,2,10
lag.gate_up  tp1,2048,16384,32,bfloat16,256,ash@512x128,prefill_wmma_ashuffle,802.621,2,10
lag.gate_up  tp1,2048,16384,32,bfloat16,256,tiled@32x128,wmma_tiled_tuned,927.565,2,10
lag.gate_up  tp1,2048,16384,32,bfloat16,256,prefill,prefill_wmma,960.354,2,10
lag.gate_up  tp1,2048,16384,32,bfloat16,256,prefill:smallm_off,prefill_wmma,976.408,2,10
lag.gate_up  tp1,2048,16384,32,bfloat16,256,ash@32x128,prefill_wmma_ashuffle,1597.697,2,10
lag.gate_up  tp1,2048,16384,32,bfloat16,256,tiled@16x128,wmma_tiled_tuned,2430.611,2,10
lag.gate_up  tp1,2048,16384,32,bfloat16,256,ash@16x128,prefill_wmma_ashuffle,4138.679,2,10
lag.gate_up  tp1,2048,16384,32,bfloat16,512,tiled@256x128,wmma_tiled_tuned,466.268,4,10
lag.gate_up  tp1,2048,16384,32,bfloat16,512,tiled@128x128,wmma_tiled_tuned,681.380,2,10
lag.gate_up  tp1,2048,16384,32,bfloat16,512,tiled@384x128,wmma_tiled_tuned,749.899,2,10
lag.gate_up  tp1,2048,16384,32,bfloat16,512,tiled@512x128,wmma_tiled_tuned,800.111,2,10
lag.gate_up  tp1,2048,16384,32,bfloat16,512,ash@256x128,prefill_wmma_ashuffle,833.478,2,10
lag.gate_up  tp1,2048,16384,32,bfloat16,512,ash@512x128,prefill_wmma_ashuffle,855.016,2,10
lag.gate_up  tp1,2048,16384,32,bfloat16,512,ash@128x128,prefill_wmma_ashuffle,1011.073,2,10
lag.gate_up  tp1,2048,16384,32,bfloat16,512,ash@384x128,prefill_wmma_ashuffle,1070.595,2,10
lag.gate_up  tp1,2048,16384,32,bfloat16,512,ash@256x256,prefill_wmma_ashuffle,1162.721,2,10
lag.gate_up  tp1,2048,16384,32,bfloat16,512,ash@64x128,prefill_wmma_ashuffle,1209.801,2,10
lag.gate_up  tp1,2048,16384,32,bfloat16,512,tiled@256x256,wmma_tiled_tuned,1332.413,2,10
lag.gate_up  tp1,2048,16384,32,bfloat16,512,tiled@64x128,wmma_tiled_tuned,1475.207,2,10
lag.gate_up  tp1,2048,16384,32,bfloat16,512,prefill:smallm_off,prefill_wmma,1833.718,2,10
lag.gate_up  tp1,2048,16384,32,bfloat16,512,prefill,prefill_wmma,1845.346,2,10
lag.gate_up  tp1,2048,16384,32,bfloat16,512,tiled@32x128,wmma_tiled_tuned,1898.385,2,10
lag.gate_up  tp1,2048,16384,32,bfloat16,512,ash@32x128,prefill_wmma_ashuffle,2704.289,2,10
lag.gate_up  tp1,2048,16384,32,bfloat16,512,tiled@16x128,wmma_tiled_tuned,4121.925,2,10
lag.gate_up  tp1,2048,16384,32,bfloat16,512,ash@16x128,prefill_wmma_ashuffle,7544.978,2,10
lag.gate_up  tp1,2048,16384,32,bfloat16,2048,tiled@256x128,wmma_tiled_tuned,1959.844,2,10
lag.gate_up  tp1,2048,16384,32,bfloat16,2048,tiled@512x128,wmma_tiled_tuned,2027.677,2,10
lag.gate_up  tp1,2048,16384,32,bfloat16,2048,tiled@128x128,wmma_tiled_tuned,2342.660,2,10
lag.gate_up  tp1,2048,16384,32,bfloat16,2048,tiled@384x128,wmma_tiled_tuned,2463.753,2,10
lag.gate_up  tp1,2048,16384,32,bfloat16,2048,ash@512x128,prefill_wmma_ashuffle,2820.594,2,10
lag.gate_up  tp1,2048,16384,32,bfloat16,2048,ash@256x128,prefill_wmma_ashuffle,2877.727,2,10
lag.gate_up  tp1,2048,16384,32,bfloat16,2048,tiled@64x128,wmma_tiled_tuned,3230.374,2,10
lag.gate_up  tp1,2048,16384,32,bfloat16,2048,ash@128x128,prefill_wmma_ashuffle,3366.244,2,10
lag.gate_up  tp1,2048,16384,32,bfloat16,2048,ash@256x256,prefill_wmma_ashuffle,3385.156,2,10
lag.gate_up  tp1,2048,16384,32,bfloat16,2048,ash@384x128,prefill_wmma_ashuffle,3443.711,2,10
lag.gate_up  tp1,2048,16384,32,bfloat16,2048,ash@64x128,prefill_wmma_ashuffle,4023.397,2,10
lag.gate_up  tp1,2048,16384,32,bfloat16,2048,tiled@256x256,wmma_tiled_tuned,4471.220,2,10
lag.gate_up  tp1,2048,16384,32,bfloat16,2048,tiled@32x128,wmma_tiled_tuned,4967.047,2,10
lag.gate_up  tp1,2048,16384,32,bfloat16,2048,prefill,prefill_wmma,7149.816,2,10
lag.gate_up  tp1,2048,16384,32,bfloat16,2048,prefill:smallm_off,prefill_wmma,7159.117,2,10
lag.gate_up  tp1,2048,16384,32,bfloat16,2048,ash@32x128,prefill_wmma_ashuffle,8487.698,2,10
lag.gate_up  tp1,2048,16384,32,bfloat16,2048,tiled@16x128,wmma_tiled_tuned,15766.939,2,10
lag.gate_up  tp1,2048,16384,32,bfloat16,2048,ash@16x128,prefill_wmma_ashuffle,26177.512,2,10
q27.gate_up  tp1,5120,34816,32,bfloat16,17,prefill,prefill_wmma,800.095,8,3
q27.gate_up  tp1,5120,34816,32,bfloat16,17,ash@256x128,prefill_wmma_ashuffle,954.225,7,3
q27.gate_up  tp1,5120,34816,32,bfloat16,17,tiled@256x128,wmma_tiled_tuned,986.310,6,3
q27.gate_up  tp1,5120,34816,32,bfloat16,17,tiled@128x128,wmma_tiled_tuned,992.939,6,3
q27.gate_up  tp1,5120,34816,32,bfloat16,17,ash@128x128,prefill_wmma_ashuffle,1205.724,5,3
q27.gate_up  tp1,5120,34816,32,bfloat16,17,ash@64x128,prefill_wmma_ashuffle,1664.770,3,3
q27.gate_up  tp1,5120,34816,32,bfloat16,17,tiled@32x128,wmma_tiled_tuned,1669.997,3,3
q27.gate_up  tp1,5120,34816,32,bfloat16,17,tiled@16x128,wmma_tiled_tuned,1680.637,3,3
q27.gate_up  tp1,5120,34816,32,bfloat16,17,ash@256x256,prefill_wmma_ashuffle,1684.638,3,3
q27.gate_up  tp1,5120,34816,32,bfloat16,17,ash@384x128,prefill_wmma_ashuffle,1818.866,3,3
q27.gate_up  tp1,5120,34816,32,bfloat16,17,tiled@384x128,wmma_tiled_tuned,1877.494,3,3
q27.gate_up  tp1,5120,34816,32,bfloat16,17,ash@32x128,prefill_wmma_ashuffle,1885.587,3,3
q27.gate_up  tp1,5120,34816,32,bfloat16,17,tiled@64x128,wmma_tiled_tuned,2032.869,3,3
q27.gate_up  tp1,5120,34816,32,bfloat16,17,tiled@512x128,wmma_tiled_tuned,2112.839,3,3
q27.gate_up  tp1,5120,34816,32,bfloat16,17,ash@512x128,prefill_wmma_ashuffle,2306.020,2,3
q27.gate_up  tp1,5120,34816,32,bfloat16,17,prefill:smallm_off,prefill_wmma,2722.192,2,3
q27.gate_up  tp1,5120,34816,32,bfloat16,17,tiled@256x256,wmma_tiled_tuned,3157.505,2,3
q27.gate_up  tp1,5120,34816,32,bfloat16,17,ash@16x128,prefill_wmma_ashuffle,3276.087,2,3
q27.gate_up  tp1,5120,34816,32,bfloat16,24,prefill,prefill_wmma,820.290,8,3
q27.gate_up  tp1,5120,34816,32,bfloat16,24,ash@256x128,prefill_wmma_ashuffle,963.844,7,3
q27.gate_up  tp1,5120,34816,32,bfloat16,24,tiled@256x128,wmma_tiled_tuned,982.245,6,3
q27.gate_up  tp1,5120,34816,32,bfloat16,24,tiled@128x128,wmma_tiled_tuned,1016.243,6,3
q27.gate_up  tp1,5120,34816,32,bfloat16,24,ash@128x128,prefill_wmma_ashuffle,1191.278,5,3
q27.gate_up  tp1,5120,34816,32,bfloat16,24,ash@256x256,prefill_wmma_ashuffle,1652.712,3,3
q27.gate_up  tp1,5120,34816,32,bfloat16,24,tiled@32x128,wmma_tiled_tuned,1669.895,3,3
q27.gate_up  tp1,5120,34816,32,bfloat16,24,tiled@16x128,wmma_tiled_tuned,1701.471,4,3
q27.gate_up  tp1,5120,34816,32,bfloat16,24,ash@384x128,prefill_wmma_ashuffle,1736.149,3,3
q27.gate_up  tp1,5120,34816,32,bfloat16,24,ash@64x128,prefill_wmma_ashuffle,1838.751,3,3
q27.gate_up  tp1,5120,34816,32,bfloat16,24,tiled@384x128,wmma_tiled_tuned,1851.466,3,3
q27.gate_up  tp1,5120,34816,32,bfloat16,24,ash@32x128,prefill_wmma_ashuffle,1931.241,3,3
q27.gate_up  tp1,5120,34816,32,bfloat16,24,tiled@64x128,wmma_tiled_tuned,2028.607,3,3
q27.gate_up  tp1,5120,34816,32,bfloat16,24,tiled@512x128,wmma_tiled_tuned,2094.652,3,3
q27.gate_up  tp1,5120,34816,32,bfloat16,24,ash@512x128,prefill_wmma_ashuffle,2253.226,2,3
q27.gate_up  tp1,5120,34816,32,bfloat16,24,prefill:smallm_off,prefill_wmma,2676.425,2,3
q27.gate_up  tp1,5120,34816,32,bfloat16,24,tiled@256x256,wmma_tiled_tuned,3129.418,2,3
q27.gate_up  tp1,5120,34816,32,bfloat16,24,ash@16x128,prefill_wmma_ashuffle,3145.079,2,3
q27.gate_up  tp1,5120,34816,32,bfloat16,32,prefill,prefill_wmma,858.611,7,3
q27.gate_up  tp1,5120,34816,32,bfloat16,32,tiled@128x128,wmma_tiled_tuned,970.565,6,3
q27.gate_up  tp1,5120,34816,32,bfloat16,32,ash@256x128,prefill_wmma_ashuffle,974.467,6,3
q27.gate_up  tp1,5120,34816,32,bfloat16,32,tiled@256x128,wmma_tiled_tuned,987.261,6,3
q27.gate_up  tp1,5120,34816,32,bfloat16,32,ash@128x128,prefill_wmma_ashuffle,1229.468,5,3
q27.gate_up  tp1,5120,34816,32,bfloat16,32,ash@256x256,prefill_wmma_ashuffle,1652.006,3,3
q27.gate_up  tp1,5120,34816,32,bfloat16,32,tiled@32x128,wmma_tiled_tuned,1684.940,3,3
q27.gate_up  tp1,5120,34816,32,bfloat16,32,tiled@16x128,wmma_tiled_tuned,1689.198,3,3
q27.gate_up  tp1,5120,34816,32,bfloat16,32,tiled@384x128,wmma_tiled_tuned,1832.635,3,3
q27.gate_up  tp1,5120,34816,32,bfloat16,32,ash@384x128,prefill_wmma_ashuffle,1869.244,3,3
q27.gate_up  tp1,5120,34816,32,bfloat16,32,ash@64x128,prefill_wmma_ashuffle,1874.209,3,3
q27.gate_up  tp1,5120,34816,32,bfloat16,32,ash@32x128,prefill_wmma_ashuffle,2000.549,3,3
q27.gate_up  tp1,5120,34816,32,bfloat16,32,tiled@64x128,wmma_tiled_tuned,2002.407,3,3
q27.gate_up  tp1,5120,34816,32,bfloat16,32,tiled@512x128,wmma_tiled_tuned,2075.945,3,3
q27.gate_up  tp1,5120,34816,32,bfloat16,32,ash@512x128,prefill_wmma_ashuffle,2219.858,2,3
q27.gate_up  tp1,5120,34816,32,bfloat16,32,prefill:smallm_off,prefill_wmma,2704.052,2,3
q27.gate_up  tp1,5120,34816,32,bfloat16,32,ash@16x128,prefill_wmma_ashuffle,3060.091,2,3
q27.gate_up  tp1,5120,34816,32,bfloat16,32,tiled@256x256,wmma_tiled_tuned,3164.132,2,3
q27.gate_up  tp1,5120,34816,32,bfloat16,48,tiled@256x128,wmma_tiled_tuned,993.174,6,3
q27.gate_up  tp1,5120,34816,32,bfloat16,48,prefill,prefill_wmma,997.439,6,3
q27.gate_up  tp1,5120,34816,32,bfloat16,48,tiled@128x128,wmma_tiled_tuned,1003.324,5,3
q27.gate_up  tp1,5120,34816,32,bfloat16,48,ash@256x128,prefill_wmma_ashuffle,1075.004,6,3
q27.gate_up  tp1,5120,34816,32,bfloat16,48,ash@128x128,prefill_wmma_ashuffle,1324.209,4,3
q27.gate_up  tp1,5120,34816,32,bfloat16,48,ash@256x256,prefill_wmma_ashuffle,1715.349,3,3
q27.gate_up  tp1,5120,34816,32,bfloat16,48,tiled@384x128,wmma_tiled_tuned,1812.448,3,3
q27.gate_up  tp1,5120,34816,32,bfloat16,48,ash@384x128,prefill_wmma_ashuffle,1882.160,3,3
q27.gate_up  tp1,5120,34816,32,bfloat16,48,ash@64x128,prefill_wmma_ashuffle,1924.103,3,3
q27.gate_up  tp1,5120,34816,32,bfloat16,48,tiled@512x128,wmma_tiled_tuned,2059.914,3,3
q27.gate_up  tp1,5120,34816,32,bfloat16,48,tiled@64x128,wmma_tiled_tuned,2187.276,3,3
q27.gate_up  tp1,5120,34816,32,bfloat16,48,ash@512x128,prefill_wmma_ashuffle,2297.473,2,3
q27.gate_up  tp1,5120,34816,32,bfloat16,48,tiled@16x128,wmma_tiled_tuned,2329.287,2,3
q27.gate_up  tp1,5120,34816,32,bfloat16,48,tiled@32x128,wmma_tiled_tuned,2491.469,2,3
q27.gate_up  tp1,5120,34816,32,bfloat16,48,prefill:smallm_off,prefill_wmma,2805.407,2,3
q27.gate_up  tp1,5120,34816,32,bfloat16,48,ash@32x128,prefill_wmma_ashuffle,2841.994,2,3
q27.gate_up  tp1,5120,34816,32,bfloat16,48,tiled@256x256,wmma_tiled_tuned,3158.792,2,3
q27.gate_up  tp1,5120,34816,32,bfloat16,48,ash@16x128,prefill_wmma_ashuffle,4205.574,2,3
q27.gate_up  tp1,5120,34816,32,bfloat16,63,tiled@256x128,wmma_tiled_tuned,1006.897,6,3
q27.gate_up  tp1,5120,34816,32,bfloat16,63,tiled@128x128,wmma_tiled_tuned,1019.592,6,3
q27.gate_up  tp1,5120,34816,32,bfloat16,63,prefill,prefill_wmma,1173.987,5,3
q27.gate_up  tp1,5120,34816,32,bfloat16,63,ash@256x128,prefill_wmma_ashuffle,1174.142,5,3
q27.gate_up  tp1,5120,34816,32,bfloat16,63,ash@128x128,prefill_wmma_ashuffle,1420.300,4,3
q27.gate_up  tp1,5120,34816,32,bfloat16,63,ash@256x256,prefill_wmma_ashuffle,1750.421,3,3
q27.gate_up  tp1,5120,34816,32,bfloat16,63,tiled@384x128,wmma_tiled_tuned,1821.448,3,3
q27.gate_up  tp1,5120,34816,32,bfloat16,63,ash@64x128,prefill_wmma_ashuffle,1985.788,3,3
q27.gate_up  tp1,5120,34816,32,bfloat16,63,tiled@64x128,wmma_tiled_tuned,2020.504,3,3
q27.gate_up  tp1,5120,34816,32,bfloat16,63,ash@384x128,prefill_wmma_ashuffle,2062.376,2,3
q27.gate_up  tp1,5120,34816,32,bfloat16,63,tiled@512x128,wmma_tiled_tuned,2072.523,3,3
q27.gate_up  tp1,5120,34816,32,bfloat16,63,ash@32x128,prefill_wmma_ashuffle,2124.777,2,3
q27.gate_up  tp1,5120,34816,32,bfloat16,63,ash@512x128,prefill_wmma_ashuffle,2249.992,2,3
q27.gate_up  tp1,5120,34816,32,bfloat16,63,tiled@32x128,wmma_tiled_tuned,2346.847,2,3
q27.gate_up  tp1,5120,34816,32,bfloat16,63,tiled@16x128,wmma_tiled_tuned,2382.794,2,3
q27.gate_up  tp1,5120,34816,32,bfloat16,63,prefill:smallm_off,prefill_wmma,2914.989,2,3
q27.gate_up  tp1,5120,34816,32,bfloat16,63,tiled@256x256,wmma_tiled_tuned,3190.359,2,3
q27.gate_up  tp1,5120,34816,32,bfloat16,63,ash@16x128,prefill_wmma_ashuffle,5755.676,2,3
q27.gate_up  tp1,5120,34816,32,bfloat16,64,tiled@256x128,wmma_tiled_tuned,1004.357,6,3
q27.gate_up  tp1,5120,34816,32,bfloat16,64,tiled@128x128,wmma_tiled_tuned,1018.895,6,3
q27.gate_up  tp1,5120,34816,32,bfloat16,64,ash@256x128,prefill_wmma_ashuffle,1179.673,5,3
q27.gate_up  tp1,5120,34816,32,bfloat16,64,prefill,prefill_wmma,1189.473,5,3
q27.gate_up  tp1,5120,34816,32,bfloat16,64,ash@128x128,prefill_wmma_ashuffle,1414.874,4,3
q27.gate_up  tp1,5120,34816,32,bfloat16,64,ash@256x256,prefill_wmma_ashuffle,1770.968,3,3
q27.gate_up  tp1,5120,34816,32,bfloat16,64,tiled@384x128,wmma_tiled_tuned,1826.373,3,3
q27.gate_up  tp1,5120,34816,32,bfloat16,64,ash@64x128,prefill_wmma_ashuffle,1983.051,3,3
q27.gate_up  tp1,5120,34816,32,bfloat16,64,ash@384x128,prefill_wmma_ashuffle,2042.776,3,3
q27.gate_up  tp1,5120,34816,32,bfloat16,64,tiled@64x128,wmma_tiled_tuned,2048.109,3,3
q27.gate_up  tp1,5120,34816,32,bfloat16,64,tiled@512x128,wmma_tiled_tuned,2066.852,3,3
q27.gate_up  tp1,5120,34816,32,bfloat16,64,ash@32x128,prefill_wmma_ashuffle,2134.466,3,3
q27.gate_up  tp1,5120,34816,32,bfloat16,64,ash@512x128,prefill_wmma_ashuffle,2279.840,2,3
q27.gate_up  tp1,5120,34816,32,bfloat16,64,tiled@32x128,wmma_tiled_tuned,2349.000,2,3
q27.gate_up  tp1,5120,34816,32,bfloat16,64,tiled@16x128,wmma_tiled_tuned,2444.888,2,3
q27.gate_up  tp1,5120,34816,32,bfloat16,64,prefill:smallm_off,prefill_wmma,2853.981,2,3
q27.gate_up  tp1,5120,34816,32,bfloat16,64,tiled@256x256,wmma_tiled_tuned,3221.026,2,3
q27.gate_up  tp1,5120,34816,32,bfloat16,64,ash@16x128,prefill_wmma_ashuffle,5731.656,2,3
q27.gate_up  tp1,5120,34816,32,bfloat16,128,tiled@256x128,wmma_tiled_tuned,1263.271,5,3
q27.gate_up  tp1,5120,34816,32,bfloat16,128,tiled@128x128,wmma_tiled_tuned,1293.493,5,3
q27.gate_up  tp1,5120,34816,32,bfloat16,128,ash@256x128,prefill_wmma_ashuffle,1467.761,4,3
q27.gate_up  tp1,5120,34816,32,bfloat16,128,tiled@64x128,wmma_tiled_tuned,1575.246,4,3
q27.gate_up  tp1,5120,34816,32,bfloat16,128,ash@64x128,prefill_wmma_ashuffle,1659.144,3,3
q27.gate_up  tp1,5120,34816,32,bfloat16,128,ash@128x128,prefill_wmma_ashuffle,1761.985,3,3
q27.gate_up  tp1,5120,34816,32,bfloat16,128,tiled@384x128,wmma_tiled_tuned,1979.584,3,3
q27.gate_up  tp1,5120,34816,32,bfloat16,128,ash@256x256,prefill_wmma_ashuffle,1993.935,3,3
q27.gate_up  tp1,5120,34816,32,bfloat16,128,tiled@512x128,wmma_tiled_tuned,2119.062,3,3
q27.gate_up  tp1,5120,34816,32,bfloat16,128,ash@384x128,prefill_wmma_ashuffle,2264.653,2,3
q27.gate_up  tp1,5120,34816,32,bfloat16,128,tiled@32x128,wmma_tiled_tuned,2338.814,2,3
q27.gate_up  tp1,5120,34816,32,bfloat16,128,ash@512x128,prefill_wmma_ashuffle,2417.875,2,3
q27.gate_up  tp1,5120,34816,32,bfloat16,128,tiled@256x256,wmma_tiled_tuned,3329.901,2,3
q27.gate_up  tp1,5120,34816,32,bfloat16,128,prefill,prefill_wmma,3390.389,2,3
q27.gate_up  tp1,5120,34816,32,bfloat16,128,prefill:smallm_off,prefill_wmma,3452.450,2,3
q27.gate_up  tp1,5120,34816,32,bfloat16,128,ash@32x128,prefill_wmma_ashuffle,3532.124,2,3
q27.gate_up  tp1,5120,34816,32,bfloat16,128,tiled@16x128,wmma_tiled_tuned,4103.972,2,3
q27.gate_up  tp1,5120,34816,32,bfloat16,128,ash@16x128,prefill_wmma_ashuffle,12267.382,2,3
q27.gate_up  tp1,5120,34816,32,bfloat16,256,tiled@256x128,wmma_tiled_tuned,1484.391,4,3
q27.gate_up  tp1,5120,34816,32,bfloat16,256,tiled@128x128,wmma_tiled_tuned,1720.705,3,3
q27.gate_up  tp1,5120,34816,32,bfloat16,256,ash@256x128,prefill_wmma_ashuffle,2084.275,3,3
q27.gate_up  tp1,5120,34816,32,bfloat16,256,tiled@64x128,wmma_tiled_tuned,2175.018,3,3
q27.gate_up  tp1,5120,34816,32,bfloat16,256,tiled@384x128,wmma_tiled_tuned,2229.072,3,3
q27.gate_up  tp1,5120,34816,32,bfloat16,256,tiled@512x128,wmma_tiled_tuned,2363.661,2,3
q27.gate_up  tp1,5120,34816,32,bfloat16,256,ash@128x128,prefill_wmma_ashuffle,2459.009,2,3
q27.gate_up  tp1,5120,34816,32,bfloat16,256,ash@256x256,prefill_wmma_ashuffle,2702.826,2,3
q27.gate_up  tp1,5120,34816,32,bfloat16,256,ash@64x128,prefill_wmma_ashuffle,2788.720,2,3
q27.gate_up  tp1,5120,34816,32,bfloat16,256,ash@512x128,prefill_wmma_ashuffle,2794.300,2,3
q27.gate_up  tp1,5120,34816,32,bfloat16,256,ash@384x128,prefill_wmma_ashuffle,2859.268,2,3
q27.gate_up  tp1,5120,34816,32,bfloat16,256,tiled@32x128,wmma_tiled_tuned,3219.766,2,3
q27.gate_up  tp1,5120,34816,32,bfloat16,256,tiled@256x256,wmma_tiled_tuned,3613.732,2,3
q27.gate_up  tp1,5120,34816,32,bfloat16,256,prefill,prefill_wmma,4643.640,2,3
q27.gate_up  tp1,5120,34816,32,bfloat16,256,prefill:smallm_off,prefill_wmma,4666.554,2,3
q27.gate_up  tp1,5120,34816,32,bfloat16,256,ash@32x128,prefill_wmma_ashuffle,5995.733,2,3
q27.gate_up  tp1,5120,34816,32,bfloat16,256,tiled@16x128,wmma_tiled_tuned,11672.167,2,3
q27.gate_up  tp1,5120,34816,32,bfloat16,256,ash@16x128,prefill_wmma_ashuffle,21633.397,2,3
q27.gate_up  tp1,5120,34816,32,bfloat16,512,tiled@256x128,wmma_tiled_tuned,2537.270,2,3
q27.gate_up  tp1,5120,34816,32,bfloat16,512,tiled@128x128,wmma_tiled_tuned,3209.333,2,3
q27.gate_up  tp1,5120,34816,32,bfloat16,512,ash@512x128,prefill_wmma_ashuffle,3656.953,2,3
q27.gate_up  tp1,5120,34816,32,bfloat16,512,ash@256x128,prefill_wmma_ashuffle,3802.301,2,3
q27.gate_up  tp1,5120,34816,32,bfloat16,512,tiled@384x128,wmma_tiled_tuned,3978.584,2,3
q27.gate_up  tp1,5120,34816,32,bfloat16,512,ash@128x128,prefill_wmma_ashuffle,4434.671,2,3
q27.gate_up  tp1,5120,34816,32,bfloat16,512,tiled@64x128,wmma_tiled_tuned,4543.152,2,3
q27.gate_up  tp1,5120,34816,32,bfloat16,512,ash@256x256,prefill_wmma_ashuffle,4611.747,2,3
q27.gate_up  tp1,5120,34816,32,bfloat16,512,tiled@512x128,wmma_tiled_tuned,4826.789,2,3
q27.gate_up  tp1,5120,34816,32,bfloat16,512,ash@384x128,prefill_wmma_ashuffle,5217.642,2,3
q27.gate_up  tp1,5120,34816,32,bfloat16,512,ash@64x128,prefill_wmma_ashuffle,5354.584,2,3
q27.gate_up  tp1,5120,34816,32,bfloat16,512,tiled@256x256,wmma_tiled_tuned,6191.943,2,3
q27.gate_up  tp1,5120,34816,32,bfloat16,512,tiled@32x128,wmma_tiled_tuned,8275.166,2,3
q27.gate_up  tp1,5120,34816,32,bfloat16,512,prefill,prefill_wmma,9075.757,2,3
q27.gate_up  tp1,5120,34816,32,bfloat16,512,prefill:smallm_off,prefill_wmma,9083.457,2,3
q27.gate_up  tp1,5120,34816,32,bfloat16,512,ash@32x128,prefill_wmma_ashuffle,11437.386,2,3
q27.gate_up  tp1,5120,34816,32,bfloat16,512,tiled@16x128,wmma_tiled_tuned,23022.743,2,3
q27.gate_up  tp1,5120,34816,32,bfloat16,512,ash@16x128,prefill_wmma_ashuffle,40630.666,2,3
q27.gate_up  tp1,5120,34816,32,bfloat16,2048,tiled@256x128,wmma_tiled_tuned,9425.209,2,3
q27.gate_up  tp1,5120,34816,32,bfloat16,2048,tiled@512x128,wmma_tiled_tuned,9763.595,2,3
q27.gate_up  tp1,5120,34816,32,bfloat16,2048,tiled@128x128,wmma_tiled_tuned,11338.337,2,3
q27.gate_up  tp1,5120,34816,32,bfloat16,2048,tiled@384x128,wmma_tiled_tuned,12023.688,2,3
q27.gate_up  tp1,5120,34816,32,bfloat16,2048,ash@512x128,prefill_wmma_ashuffle,14306.161,2,3
q27.gate_up  tp1,5120,34816,32,bfloat16,2048,ash@256x128,prefill_wmma_ashuffle,14744.626,2,3
q27.gate_up  tp1,5120,34816,32,bfloat16,2048,tiled@64x128,wmma_tiled_tuned,15771.755,2,3
q27.gate_up  tp1,5120,34816,32,bfloat16,2048,ash@256x256,prefill_wmma_ashuffle,17547.354,2,3
q27.gate_up  tp1,5120,34816,32,bfloat16,2048,ash@128x128,prefill_wmma_ashuffle,17627.249,2,3
q27.gate_up  tp1,5120,34816,32,bfloat16,2048,ash@384x128,prefill_wmma_ashuffle,18540.742,2,3
q27.gate_up  tp1,5120,34816,32,bfloat16,2048,ash@64x128,prefill_wmma_ashuffle,21292.555,2,3
q27.gate_up  tp1,5120,34816,32,bfloat16,2048,tiled@256x256,wmma_tiled_tuned,23604.701,2,3
q27.gate_up  tp1,5120,34816,32,bfloat16,2048,tiled@32x128,wmma_tiled_tuned,27190.125,2,3
q27.gate_up  tp1,5120,34816,32,bfloat16,2048,prefill:smallm_off,prefill_wmma,34894.882,2,3
q27.gate_up  tp1,5120,34816,32,bfloat16,2048,prefill,prefill_wmma,34914.548,2,3
q27.gate_up  tp1,5120,34816,32,bfloat16,2048,ash@32x128,prefill_wmma_ashuffle,45366.170,2,3
q27.gate_up  tp1,5120,34816,32,bfloat16,2048,tiled@16x128,wmma_tiled_tuned,85436.310,2,3
q27.gate_up  tp1,5120,34816,32,bfloat16,2048,ash@16x128,prefill_wmma_ashuffle,172868.510,2,3
