SHARDS 4
/home/pat/.cache/hf-q4e/layer-00002-experts-0000-0127.safetensors
/home/pat/.cache/hf-q4e/layer-00002-experts-0128-0255.safetensors
/home/pat/.cache/hf-q4e/layer-00002-experts-0256-0383.safetensors
/home/pat/.cache/hf-q4e/layer-00002-experts-0384-0511.safetensors
EXPERTS 512
E 0 0 0 40344608 819200 306208 102400 640 2560 0.0002586728078313172
E 0 1 0 41163808 819200 408608 102400 640 2560 0.0002586728078313172
E 0 2 0 39525408 819200 203808 102400 2560 640 3.4513926948420703e-05
E 1 0 0 42802208 819200 613408 102400 640 2560 0.0002586728078313172
E 1 1 0 43621408 819200 715808 102400 640 2560 0.0002586728078313172
E 1 2 0 41983008 819200 511008 102400 2560 640 0.00011989048653049394
E 2 0 0 138648608 819200 12594208 102400 640 2560 0.0002586728078313172
E 2 1 0 139467808 819200 12696608 102400 640 2560 0.0002586728078313172
E 2 2 0 137829408 819200 12491808 102400 2560 640 7.484072557417676e-05
E 3 0 0 165682208 819200 15973408 102400 640 2560 0.0002586728078313172
E 3 1 0 166501408 819200 16075808 102400 640 2560 0.0002586728078313172
E 3 2 0 164863008 819200 15871008 102400 2560 640 8.356003672815859e-05
E 4 0 0 192715808 819200 19352608 102400 640 2560 0.0002586728078313172
E 4 1 0 193535008 819200 19455008 102400 640 2560 0.0002586728078313172
E 4 2 0 191896608 819200 19250208 102400 2560 640 4.831949991057627e-05
E 5 0 0 219749408 819200 22731808 102400 640 2560 0.0002586728078313172
E 5 1 0 220568608 819200 22834208 102400 640 2560 0.0002586728078313172
E 5 2 0 218930208 819200 22629408 102400 2560 640 3.360566552146338e-05
E 6 0 0 246783008 819200 26111008 102400 640 2560 0.0002586728078313172
E 6 1 0 247602208 819200 26213408 102400 640 2560 0.0002586728078313172
E 6 2 0 245963808 819200 26008608 102400 2560 640 2.5612967874621972e-05
E 7 0 0 273816608 819200 29490208 102400 640 2560 0.0002586728078313172
E 7 1 0 274635808 819200 29592608 102400 640 2560 0.0002586728078313172
E 7 2 0 272997408 819200 29387808 102400 2560 640 3.869193096761592e-05
E 8 0 0 300850208 819200 32869408 102400 640 2560 0.0002586728078313172
E 8 1 0 301669408 819200 32971808 102400 640 2560 0.0002586728078313172
E 8 2 0 300031008 819200 32767008 102400 2560 640 6.285167910391465e-05
E 9 0 0 327883808 819200 36248608 102400 640 2560 0.0002586728078313172
E 9 1 0 328703008 819200 36351008 102400 640 2560 0.0002586728078313172
E 9 2 0 327064608 819200 36146208 102400 2560 640 7.99269910203293e-05
E 10 0 0 45259808 819200 920608 102400 640 2560 0.0002586728078313172
E 10 1 0 46079008 819200 1023008 102400 640 2560 0.0002586728078313172
E 10 2 0 44440608 819200 818208 102400 2560 640 4.159836680628359e-05
E 11 0 0 72293408 819200 4299808 102400 640 2560 0.0002586728078313172
E 11 1 0 73112608 819200 4402208 102400 640 2560 0.0002586728078313172
E 11 2 0 71474208 819200 4197408 102400 2560 640 3.887358252541162e-05
E 12 0 0 99327008 819200 7679008 102400 640 2560 0.0002586728078313172
E 12 1 0 100146208 819200 7781408 102400 640 2560 0.0002586728078313172
E 12 2 0 98507808 819200 7576608 102400 2560 640 4.014514706796035e-05
E 13 0 0 121445408 819200 10443808 102400 640 2560 0.0002586728078313172
E 13 1 0 122264608 819200 10546208 102400 640 2560 0.0002586728078313172
E 13 2 0 120626208 819200 10341408 102400 2560 640 0.00010099865176016465
E 14 0 0 123903008 819200 10751008 102400 640 2560 0.0002586728078313172
E 14 1 0 124722208 819200 10853408 102400 640 2560 0.0002586728078313172
E 14 2 0 123083808 819200 10648608 102400 2560 640 4.450480264495127e-05
E 15 0 0 126360608 819200 11058208 102400 640 2560 0.0002586728078313172
E 15 1 0 127179808 819200 11160608 102400 640 2560 0.0002586728078313172
E 15 2 0 125541408 819200 10955808 102400 2560 640 9.591239358996972e-05
E 16 0 0 128818208 819200 11365408 102400 640 2560 0.0002586728078313172
E 16 1 0 129637408 819200 11467808 102400 640 2560 0.0002586728078313172
E 16 2 0 127999008 819200 11263008 102400 2560 640 4.1780018364079297e-05
E 17 0 0 131275808 819200 11672608 102400 640 2560 0.0002586728078313172
E 17 1 0 132095008 819200 11775008 102400 640 2560 0.0002586728078313172
E 17 2 0 130456608 819200 11570208 102400 2560 640 6.0308550018817186e-05
E 18 0 0 133733408 819200 11979808 102400 640 2560 0.0002586728078313172
E 18 1 0 134552608 819200 12082208 102400 640 2560 0.0002586728078313172
E 18 2 0 132914208 819200 11877408 102400 2560 640 5.1952545618405566e-05
E 19 0 0 136191008 819200 12287008 102400 640 2560 0.0002586728078313172
E 19 1 0 137010208 819200 12389408 102400 640 2560 0.0002586728078313172
E 19 2 0 135371808 819200 12184608 102400 2560 640 3.505888525978662e-05
E 20 0 0 141106208 819200 12901408 102400 640 2560 0.0002586728078313172
E 20 1 0 141925408 819200 13003808 102400 640 2560 0.0002586728078313172
E 20 2 0 140287008 819200 12799008 102400 2560 640 3.614879824453965e-05
E 21 0 0 143563808 819200 13208608 102400 640 2560 0.0002586728078313172
E 21 1 0 144383008 819200 13311008 102400 640 2560 0.0002586728078313172
E 21 2 0 142744608 819200 13106208 102400 2560 640 6.612142169615254e-05
E 22 0 0 146021408 819200 13515808 102400 640 2560 0.0002586728078313172
E 22 1 0 146840608 819200 13618208 102400 640 2560 0.0002586728078313172
E 22 2 0 145202208 819200 13413408 102400 2560 640 4.5958018745295703e-05
E 23 0 0 148479008 819200 13823008 102400 640 2560 0.0002586728078313172
E 23 1 0 149298208 819200 13925408 102400 640 2560 0.0002586728078313172
E 23 2 0 147659808 819200 13720608 102400 2560 640 5.9581940149655566e-05
E 24 0 0 150936608 819200 14130208 102400 640 2560 0.0002586728078313172
E 24 1 0 151755808 819200 14232608 102400 640 2560 0.0002586728078313172
E 24 2 0 150117408 819200 14027808 102400 2560 640 7.484072557417676e-05
E 25 0 0 153394208 819200 14437408 102400 640 2560 0.0002586728078313172
E 25 1 0 154213408 819200 14539808 102400 640 2560 0.0002586728078313172
E 25 2 0 152575008 819200 14335008 102400 2560 640 4.632132549886592e-05
E 26 0 0 155851808 819200 14744608 102400 640 2560 0.0002586728078313172
E 26 1 0 156671008 819200 14847008 102400 640 2560 0.0002586728078313172
E 26 2 0 155032608 819200 14642208 102400 2560 640 3.2697404094506055e-05
E 27 0 0 158309408 819200 15051808 102400 640 2560 0.0002586728078313172
E 27 1 0 159128608 819200 15154208 102400 640 2560 0.0002586728078313172
E 27 2 0 157490208 819200 14949408 102400 2560 640 6.46682019578293e-05
E 28 0 0 160767008 819200 15359008 102400 640 2560 0.0002586728078313172
E 28 1 0 161586208 819200 15461408 102400 640 2560 0.0002586728078313172
E 28 2 0 159947808 819200 15256608 102400 2560 640 5.558559132623486e-05
E 29 0 0 163224608 819200 15666208 102400 640 2560 0.0002586728078313172
E 29 1 0 164043808 819200 15768608 102400 640 2560 0.0002586728078313172
E 29 2 0 162405408 819200 15563808 102400 2560 640 4.6139673941070214e-05
E 30 0 0 168139808 819200 16280608 102400 640 2560 0.0002586728078313172
E 30 1 0 168959008 819200 16383008 102400 640 2560 0.0002586728078313172
E 30 2 0 167320608 819200 16178208 102400 2560 640 7.774716505082324e-05
E 31 0 0 170597408 819200 16587808 102400 640 2560 0.0002586728078313172
E 31 1 0 171416608 819200 16690208 102400 640 2560 0.0002586728078313172
E 31 2 0 169778208 819200 16485408 102400 2560 640 6.0308550018817186e-05
E 32 0 0 173055008 819200 16895008 102400 640 2560 0.0002586728078313172
E 32 1 0 173874208 819200 16997408 102400 640 2560 0.0002586728078313172
E 32 2 0 172235808 819200 16792608 102400 2560 640 3.941854083677754e-05
E 33 0 0 175512608 819200 17202208 102400 640 2560 0.0002586728078313172
E 33 1 0 176331808 819200 17304608 102400 640 2560 0.0002586728078313172
E 33 2 0 174693408 819200 17099808 102400 2560 640 5.8128720411332324e-05
E 34 0 0 177970208 819200 17509408 102400 640 2560 0.0002586728078313172
E 34 1 0 178789408 819200 17611808 102400 640 2560 0.0002586728078313172
E 34 2 0 177151008 819200 17407008 102400 2560 640 4.087175693712197e-05
E 35 0 0 180427808 819200 17816608 102400 640 2560 0.0002586728078313172
E 35 1 0 181247008 819200 17919008 102400 640 2560 0.0002586728078313172
E 35 2 0 179608608 819200 17714208 102400 2560 640 4.541306407190859e-05
E 36 0 0 182885408 819200 18123808 102400 640 2560 0.0002586728078313172
E 36 1 0 183704608 819200 18226208 102400 640 2560 0.0002586728078313172
E 36 2 0 182066208 819200 18021408 102400 2560 640 7.193429337348789e-05
E 37 0 0 185343008 819200 18431008 102400 640 2560 0.0002586728078313172
E 37 1 0 186162208 819200 18533408 102400 640 2560 0.0002586728078313172
E 37 2 0 184523808 819200 18328608 102400 2560 640 6.539480818901211e-05
E 38 0 0 187800608 819200 18738208 102400 640 2560 0.0002586728078313172
E 38 1 0 188619808 819200 18840608 102400 640 2560 0.0002586728078313172
E 38 2 0 186981408 819200 18635808 102400 2560 640 7.738386193523183e-05
E 39 0 0 190258208 819200 19045408 102400 640 2560 0.0002586728078313172
E 39 1 0 191077408 819200 19147808 102400 640 2560 0.0002586728078313172
E 39 2 0 189439008 819200 18943008 102400 2560 640 6.612142169615254e-05
E 40 0 0 195173408 819200 19659808 102400 640 2560 0.0002586728078313172
E 40 1 0 195992608 819200 19762208 102400 640 2560 0.0002586728078313172
E 40 2 0 194354208 819200 19557408 102400 2560 640 4.250662823324092e-05
E 41 0 0 197631008 819200 19967008 102400 640 2560 0.0002586728078313172
E 41 1 0 198450208 819200 20069408 102400 640 2560 0.0002586728078313172
E 41 2 0 196811808 819200 19864608 102400 2560 640 3.7965321098454297e-05
E 42 0 0 200088608 819200 20274208 102400 640 2560 0.0002586728078313172
E 42 1 0 200907808 819200 20376608 102400 640 2560 0.0002586728078313172
E 42 2 0 199269408 819200 20171808 102400 2560 640 8.682977932039648e-05
E 43 0 0 202546208 819200 20581408 102400 640 2560 0.0002586728078313172
E 43 1 0 203365408 819200 20683808 102400 640 2560 0.0002586728078313172
E 43 2 0 201727008 819200 20479008 102400 2560 640 0.0001903715601656586
E 44 0 0 205003808 819200 20888608 102400 640 2560 0.0002586728078313172
E 44 1 0 205823008 819200 20991008 102400 640 2560 0.0002586728078313172
E 44 2 0 204184608 819200 20786208 102400 2560 640 5.158923886483535e-05
E 45 0 0 207461408 819200 21195808 102400 640 2560 0.0002586728078313172
E 45 1 0 208280608 819200 21298208 102400 640 2560 0.0002586728078313172
E 45 2 0 206642208 819200 21093408 102400 2560 640 0.00011335100862197578
E 46 0 0 209919008 819200 21503008 102400 640 2560 0.0002586728078313172
E 46 1 0 210738208 819200 21605408 102400 640 2560 0.0002586728078313172
E 46 2 0 209099808 819200 21400608 102400 2560 640 4.795619679498486e-05
E 47 0 0 212376608 819200 21810208 102400 640 2560 0.0002586728078313172
E 47 1 0 213195808 819200 21912608 102400 640 2560 0.0002586728078313172
E 47 2 0 211557408 819200 21707808 102400 2560 640 0.00013224284339230508
E 48 0 0 214834208 819200 22117408 102400 640 2560 0.0002586728078313172
E 48 1 0 215653408 819200 22219808 102400 640 2560 0.0002586728078313172
E 48 2 0 214015008 819200 22015008 102400 2560 640 6.757464143447578e-05
E 49 0 0 217291808 819200 22424608 102400 640 2560 0.0002586728078313172
E 49 1 0 218111008 819200 22527008 102400 640 2560 0.0002586728078313172
E 49 2 0 216472608 819200 22322208 102400 2560 640 3.106253643636592e-05
E 50 0 0 222207008 819200 23039008 102400 640 2560 0.0002586728078313172
E 50 1 0 223026208 819200 23141408 102400 640 2560 0.0002586728078313172
E 50 2 0 221387808 819200 22936608 102400 2560 640 6.212507287273183e-05
E 51 0 0 224664608 819200 23346208 102400 640 2560 0.0002586728078313172
E 51 1 0 225483808 819200 23448608 102400 640 2560 0.0002586728078313172
E 51 2 0 223845408 819200 23243808 102400 2560 640 4.450480264495127e-05
E 52 0 0 227122208 819200 23653408 102400 640 2560 0.0002586728078313172
E 52 1 0 227941408 819200 23755808 102400 640 2560 0.0002586728078313172
E 52 2 0 226303008 819200 23551008 102400 2560 640 0.0001104445691453293
E 53 0 0 229579808 819200 23960608 102400 640 2560 0.0002586728078313172
E 53 1 0 230399008 819200 24063008 102400 640 2560 0.0002586728078313172
E 53 2 0 228760608 819200 23858208 102400 2560 640 5.1952545618405566e-05
E 54 0 0 232037408 819200 24267808 102400 640 2560 0.0002586728078313172
E 54 1 0 232856608 819200 24370208 102400 640 2560 0.0002586728078313172
E 54 2 0 231218208 819200 24165408 102400 2560 640 8.356003672815859e-05
E 55 0 0 234495008 819200 24575008 102400 640 2560 0.0002586728078313172
E 55 1 0 235314208 819200 24677408 102400 640 2560 0.0002586728078313172
E 55 2 0 233675808 819200 24472608 102400 2560 640 3.0699229682795703e-05
E 56 0 0 236952608 819200 24882208 102400 640 2560 0.0002586728078313172
E 56 1 0 237771808 819200 24984608 102400 640 2560 0.0002586728078313172
E 56 2 0 236133408 819200 24779808 102400 2560 640 7.62939453125e-05
E 57 0 0 239410208 819200 25189408 102400 640 2560 0.0002586728078313172
E 57 1 0 240229408 819200 25291808 102400 640 2560 0.0002586728078313172
E 57 2 0 238591008 819200 25087008 102400 2560 640 3.324236240587197e-05
E 58 0 0 241867808 819200 25496608 102400 640 2560 0.0002586728078313172
E 58 1 0 242687008 819200 25599008 102400 640 2560 0.0002586728078313172
E 58 2 0 241048608 819200 25394208 102400 2560 640 5.1952545618405566e-05
E 59 0 0 244325408 819200 25803808 102400 640 2560 0.0002586728078313172
E 59 1 0 245144608 819200 25906208 102400 640 2560 0.0002586728078313172
E 59 2 0 243506208 819200 25701408 102400 2560 640 5.086263263365254e-05
E 60 0 0 249240608 819200 26418208 102400 640 2560 0.0002586728078313172
E 60 1 0 250059808 819200 26520608 102400 640 2560 0.0002586728078313172
E 60 2 0 248421408 819200 26315808 102400 2560 640 8.573986269766465e-05
E 61 0 0 251698208 819200 26725408 102400 640 2560 0.0002586728078313172
E 61 1 0 252517408 819200 26827808 102400 640 2560 0.0002586728078313172
E 61 2 0 250879008 819200 26623008 102400 2560 640 4.686628017225303e-05
E 62 0 0 254155808 819200 27032608 102400 640 2560 0.0002586728078313172
E 62 1 0 254975008 819200 27135008 102400 640 2560 0.0002586728078313172
E 62 2 0 253336608 819200 26930208 102400 2560 640 2.7611142286332324e-05
E 63 0 0 256613408 819200 27339808 102400 640 2560 0.0002586728078313172
E 63 1 0 257432608 819200 27442208 102400 640 2560 0.0002586728078313172
E 63 2 0 255794208 819200 27237408 102400 2560 640 7.375081622740254e-05
E 64 0 0 259071008 819200 27647008 102400 640 2560 0.0002586728078313172
E 64 1 0 259890208 819200 27749408 102400 640 2560 0.0002586728078313172
E 64 2 0 258251808 819200 27544608 102400 2560 640 9.1552734375e-05
E 65 0 0 261528608 819200 27954208 102400 640 2560 0.0002586728078313172
E 65 1 0 262347808 819200 28056608 102400 640 2560 0.0002586728078313172
E 65 2 0 260709408 819200 27851808 102400 2560 640 4.069010537932627e-05
E 66 0 0 263986208 819200 28261408 102400 640 2560 0.0002586728078313172
E 66 1 0 264805408 819200 28363808 102400 640 2560 0.0002586728078313172
E 66 2 0 263167008 819200 28159008 102400 2560 640 6.103515625e-05
E 67 0 0 266443808 819200 28568608 102400 640 2560 0.0002586728078313172
E 67 1 0 267263008 819200 28671008 102400 640 2560 0.0002586728078313172
E 67 2 0 265624608 819200 28466208 102400 2560 640 2.6521229301579297e-05
E 68 0 0 268901408 819200 28875808 102400 640 2560 0.0002586728078313172
E 68 1 0 269720608 819200 28978208 102400 640 2560 0.0002586728078313172
E 68 2 0 268082208 819200 28773408 102400 2560 640 2.888270864787046e-05
E 69 0 0 271359008 819200 29183008 102400 640 2560 0.0002586728078313172
E 69 1 0 272178208 819200 29285408 102400 640 2560 0.0002586728078313172
E 69 2 0 270539808 819200 29080608 102400 2560 640 7.302420272026211e-05
E 70 0 0 276274208 819200 29797408 102400 640 2560 0.0002586728078313172
E 70 1 0 277093408 819200 29899808 102400 640 2560 0.0002586728078313172
E 70 2 0 275455008 819200 29695008 102400 2560 640 4.1961669921875e-05
E 71 0 0 278731808 819200 30104608 102400 640 2560 0.0002586728078313172
E 71 1 0 279551008 819200 30207008 102400 640 2560 0.0002586728078313172
E 71 2 0 277912608 819200 30002208 102400 2560 640 7.920038478914648e-05
E 72 0 0 281189408 819200 30411808 102400 640 2560 0.0002586728078313172
E 72 1 0 282008608 819200 30514208 102400 640 2560 0.0002586728078313172
E 72 2 0 280370208 819200 30309408 102400 2560 640 5.6312197557417676e-05
E 73 0 0 283647008 819200 30719008 102400 640 2560 0.0002586728078313172
E 73 1 0 284466208 819200 30821408 102400 640 2560 0.0002586728078313172
E 73 2 0 282827808 819200 30616608 102400 2560 640 3.4695582144195214e-05
E 74 0 0 286104608 819200 31026208 102400 640 2560 0.0002586728078313172
E 74 1 0 286923808 819200 31128608 102400 640 2560 0.0002586728078313172
E 74 2 0 285285408 819200 30923808 102400 2560 640 4.686628017225303e-05
E 75 0 0 288562208 819200 31333408 102400 640 2560 0.0002586728078313172
E 75 1 0 289381408 819200 31435808 102400 640 2560 0.0002586728078313172
E 75 2 0 287743008 819200 31231008 102400 2560 640 8.464995335089043e-05
E 76 0 0 291019808 819200 31640608 102400 640 2560 0.0002586728078313172
E 76 1 0 291839008 819200 31743008 102400 640 2560 0.0002586728078313172
E 76 2 0 290200608 819200 31538208 102400 2560 640 3.7965321098454297e-05
E 77 0 0 293477408 819200 31947808 102400 640 2560 0.0002586728078313172
E 77 1 0 294296608 819200 32050208 102400 640 2560 0.0002586728078313172
E 77 2 0 292658208 819200 31845408 102400 2560 640 6.212507287273183e-05
E 78 0 0 295935008 819200 32255008 102400 640 2560 0.0002586728078313172
E 78 1 0 296754208 819200 32357408 102400 640 2560 0.0002586728078313172
E 78 2 0 295115808 819200 32152608 102400 2560 640 3.197079786332324e-05
E 79 0 0 298392608 819200 32562208 102400 640 2560 0.0002586728078313172
E 79 1 0 299211808 819200 32664608 102400 640 2560 0.0002586728078313172
E 79 2 0 297573408 819200 32459808 102400 2560 640 0.0001068115234375
E 80 0 0 303307808 819200 33176608 102400 640 2560 0.0002586728078313172
E 80 1 0 304127008 819200 33279008 102400 640 2560 0.0002586728078313172
E 80 2 0 302488608 819200 33074208 102400 2560 640 2.6702880859375e-05
E 81 0 0 305765408 819200 33483808 102400 640 2560 0.0002586728078313172
E 81 1 0 306584608 819200 33586208 102400 640 2560 0.0002586728078313172
E 81 2 0 304946208 819200 33381408 102400 2560 640 3.0154275009408593e-05
E 82 0 0 308223008 819200 33791008 102400 640 2560 0.0002586728078313172
E 82 1 0 309042208 819200 33893408 102400 640 2560 0.0002586728078313172
E 82 2 0 307403808 819200 33688608 102400 2560 640 9.373256034450606e-05
E 83 0 0 310680608 819200 34098208 102400 640 2560 0.0002586728078313172
E 83 1 0 311499808 819200 34200608 102400 640 2560 0.0002586728078313172
E 83 2 0 309861408 819200 33995808 102400 2560 640 5.0499325880082324e-05
E 84 0 0 313138208 819200 34405408 102400 640 2560 0.0002586728078313172
E 84 1 0 313957408 819200 34507808 102400 640 2560 0.0002586728078313172
E 84 2 0 312319008 819200 34303008 102400 2560 640 5.7038807426579297e-05
E 85 0 0 315595808 819200 34712608 102400 640 2560 0.0002586728078313172
E 85 1 0 316415008 819200 34815008 102400 640 2560 0.0002586728078313172
E 85 2 0 314776608 819200 34610208 102400 2560 640 7.484072557417676e-05
E 86 0 0 318053408 819200 35019808 102400 640 2560 0.0002586728078313172
E 86 1 0 318872608 819200 35122208 102400 640 2560 0.0002586728078313172
E 86 2 0 317234208 819200 34917408 102400 2560 640 3.5967146686743945e-05
E 87 0 0 320511008 819200 35327008 102400 640 2560 0.0002586728078313172
E 87 1 0 321330208 819200 35429408 102400 640 2560 0.0002586728078313172
E 87 2 0 319691808 819200 35224608 102400 2560 640 5.1952545618405566e-05
E 88 0 0 322968608 819200 35634208 102400 640 2560 0.0002586728078313172
E 88 1 0 323787808 819200 35736608 102400 640 2560 0.0002586728078313172
E 88 2 0 322149408 819200 35531808 102400 2560 640 6.139845936559141e-05
E 89 0 0 325426208 819200 35941408 102400 640 2560 0.0002586728078313172
E 89 1 0 326245408 819200 36043808 102400 640 2560 0.0002586728078313172
E 89 2 0 324607008 819200 35839008 102400 2560 640 7.120768714230508e-05
E 90 0 0 330341408 819200 36555808 102400 640 2560 0.0002586728078313172
E 90 1 0 331160608 819200 36658208 102400 640 2560 0.0002586728078313172
E 90 2 0 329522208 819200 36453408 102400 2560 640 7.447742245858535e-05
E 91 0 0 332799008 819200 36863008 102400 640 2560 0.0002586728078313172
E 91 1 0 333618208 819200 36965408 102400 640 2560 0.0002586728078313172
E 91 2 0 331979808 819200 36760608 102400 2560 640 4.2324976675445214e-05
E 92 0 0 335256608 819200 37170208 102400 640 2560 0.0002586728078313172
E 92 1 0 336075808 819200 37272608 102400 640 2560 0.0002586728078313172
E 92 2 0 334437408 819200 37067808 102400 2560 640 9.118943125940859e-05
E 93 0 0 337714208 819200 37477408 102400 640 2560 0.0002586728078313172
E 93 1 0 338533408 819200 37579808 102400 640 2560 0.0002586728078313172
E 93 2 0 336895008 819200 37375008 102400 2560 640 4.395984433358535e-05
E 94 0 0 340171808 819200 37784608 102400 640 2560 0.0002586728078313172
E 94 1 0 340991008 819200 37887008 102400 640 2560 0.0002586728078313172
E 94 2 0 339352608 819200 37682208 102400 2560 640 2.9427665140246972e-05
E 95 0 0 342629408 819200 38091808 102400 640 2560 0.0002586728078313172
E 95 1 0 343448608 819200 38194208 102400 640 2560 0.0002586728078313172
E 95 2 0 341810208 819200 37989408 102400 2560 640 5.0499325880082324e-05
E 96 0 0 345087008 819200 38399008 102400 640 2560 0.0002586728078313172
E 96 1 0 345906208 819200 38501408 102400 640 2560 0.0002586728078313172
E 96 2 0 344267808 819200 38296608 102400 2560 640 3.378732071723789e-05
E 97 0 0 347544608 819200 38706208 102400 640 2560 0.0002586728078313172
E 97 1 0 348363808 819200 38808608 102400 640 2560 0.0002586728078313172
E 97 2 0 346725408 819200 38603808 102400 2560 640 4.414149952935986e-05
E 98 0 0 350002208 819200 39013408 102400 640 2560 0.0002586728078313172
E 98 1 0 350821408 819200 39115808 102400 640 2560 0.0002586728078313172
E 98 2 0 349183008 819200 38911008 102400 2560 640 4.650297705666162e-05
E 99 0 0 352459808 819200 39320608 102400 640 2560 0.0002586728078313172
E 99 1 0 353279008 819200 39423008 102400 640 2560 0.0002586728078313172
E 99 2 0 351640608 819200 39218208 102400 2560 640 5.594889444182627e-05
E 100 0 0 47717408 819200 1227808 102400 640 2560 0.0002586728078313172
E 100 1 0 48536608 819200 1330208 102400 640 2560 0.0002586728078313172
E 100 2 0 46898208 819200 1125408 102400 2560 640 4.57763671875e-05
E 101 0 0 50175008 819200 1535008 102400 640 2560 0.0002586728078313172
E 101 1 0 50994208 819200 1637408 102400 640 2560 0.0002586728078313172
E 101 2 0 49355808 819200 1432608 102400 2560 640 3.8510279409820214e-05
E 102 0 0 52632608 819200 1842208 102400 640 2560 0.0002586728078313172
E 102 1 0 53451808 819200 1944608 102400 640 2560 0.0002586728078313172
E 102 2 0 51813408 819200 1739808 102400 2560 640 8.464995335089043e-05
E 103 0 0 55090208 819200 2149408 102400 640 2560 0.0002586728078313172
E 103 1 0 55909408 819200 2251808 102400 640 2560 0.0002586728078313172
E 103 2 0 54271008 819200 2047008 102400 2560 640 8.174351387424394e-05
E 104 0 0 57547808 819200 2456608 102400 640 2560 0.0002586728078313172
E 104 1 0 58367008 819200 2559008 102400 640 2560 0.0002586728078313172
E 104 2 0 56728608 819200 2354208 102400 2560 640 3.2879059290280566e-05
E 105 0 0 60005408 819200 2763808 102400 640 2560 0.0002586728078313172
E 105 1 0 60824608 819200 2866208 102400 640 2560 0.0002586728078313172
E 105 2 0 59186208 819200 2661408 102400 2560 640 5.2679155487567186e-05
E 106 0 0 62463008 819200 3071008 102400 640 2560 0.0002586728078313172
E 106 1 0 63282208 819200 3173408 102400 640 2560 0.0002586728078313172
E 106 2 0 61643808 819200 2968608 102400 2560 640 5.231584873399697e-05
E 107 0 0 64920608 819200 3378208 102400 640 2560 0.0002586728078313172
E 107 1 0 65739808 819200 3480608 102400 640 2560 0.0002586728078313172
E 107 2 0 64101408 819200 3275808 102400 2560 640 8.02902941359207e-05
E 108 0 0 67378208 819200 3685408 102400 640 2560 0.0002586728078313172
E 108 1 0 68197408 819200 3787808 102400 640 2560 0.0002586728078313172
E 108 2 0 66559008 819200 3583008 102400 2560 640 8.501325646648183e-05
E 109 0 0 69835808 819200 3992608 102400 640 2560 0.0002586728078313172
E 109 1 0 70655008 819200 4095008 102400 640 2560 0.0002586728078313172
E 109 2 0 69016608 819200 3890208 102400 2560 640 9.009951463667676e-05
E 110 0 0 74751008 819200 4607008 102400 640 2560 0.0002586728078313172
E 110 1 0 75570208 819200 4709408 102400 640 2560 0.0002586728078313172
E 110 2 0 73931808 819200 4504608 102400 2560 640 4.2143321479670703e-05
E 111 0 0 77208608 819200 4914208 102400 640 2560 0.0002586728078313172
E 111 1 0 78027808 819200 5016608 102400 640 2560 0.0002586728078313172
E 111 2 0 76389408 819200 4811808 102400 2560 640 3.0699229682795703e-05
E 112 0 0 79666208 819200 5221408 102400 640 2560 0.0002586728078313172
E 112 1 0 80485408 819200 5323808 102400 640 2560 0.0002586728078313172
E 112 2 0 78847008 819200 5119008 102400 2560 640 3.996349551016465e-05
E 113 0 0 82123808 819200 5528608 102400 640 2560 0.0002586728078313172
E 113 1 0 82943008 819200 5631008 102400 640 2560 0.0002586728078313172
E 113 2 0 81304608 819200 5426208 102400 2560 640 8.392333984375e-05
E 114 0 0 84581408 819200 5835808 102400 640 2560 0.0002586728078313172
E 114 1 0 85400608 819200 5938208 102400 640 2560 0.0002586728078313172
E 114 2 0 83762208 819200 5733408 102400 2560 640 3.6512101360131055e-05
E 115 0 0 87039008 819200 6143008 102400 640 2560 0.0002586728078313172
E 115 1 0 87858208 819200 6245408 102400 640 2560 0.0002586728078313172
E 115 2 0 86219808 819200 6040608 102400 2560 640 7.520403596572578e-05
E 116 0 0 89496608 819200 6450208 102400 640 2560 0.0002586728078313172
E 116 1 0 90315808 819200 6552608 102400 640 2560 0.0002586728078313172
E 116 2 0 88677408 819200 6347808 102400 2560 640 6.46682019578293e-05
E 117 0 0 91954208 819200 6757408 102400 640 2560 0.0002586728078313172
E 117 1 0 92773408 819200 6859808 102400 640 2560 0.0002586728078313172
E 117 2 0 91135008 819200 6655008 102400 2560 640 5.340576171875e-05
E 118 0 0 94411808 819200 7064608 102400 640 2560 0.0002586728078313172
E 118 1 0 95231008 819200 7167008 102400 640 2560 0.0002586728078313172
E 118 2 0 93592608 819200 6962208 102400 2560 640 2.706618579395581e-05
E 119 0 0 96869408 819200 7371808 102400 640 2560 0.0002586728078313172
E 119 1 0 97688608 819200 7474208 102400 640 2560 0.0002586728078313172
E 119 2 0 96050208 819200 7269408 102400 2560 640 6.285167910391465e-05
E 120 0 0 101784608 819200 7986208 102400 640 2560 0.0002586728078313172
E 120 1 0 102603808 819200 8088608 102400 640 2560 0.0002586728078313172
E 120 2 0 100965408 819200 7883808 102400 2560 640 2.779279566311743e-05
E 121 0 0 104242208 819200 8293408 102400 640 2560 0.0002586728078313172
E 121 1 0 105061408 819200 8395808 102400 640 2560 0.0002586728078313172
E 121 2 0 103423008 819200 8191008 102400 2560 640 2.8337752155493945e-05
E 122 0 0 106699808 819200 8600608 102400 640 2560 0.0002586728078313172
E 122 1 0 107519008 819200 8703008 102400 640 2560 0.0002586728078313172
E 122 2 0 105880608 819200 8498208 102400 2560 640 3.923688564100303e-05
E 123 0 0 109157408 819200 8907808 102400 640 2560 0.0002586728078313172
E 123 1 0 109976608 819200 9010208 102400 640 2560 0.0002586728078313172
E 123 2 0 108338208 819200 8805408 102400 2560 640 4.904610977973789e-05
E 124 0 0 111615008 819200 9215008 102400 640 2560 0.0002586728078313172
E 124 1 0 112434208 819200 9317408 102400 640 2560 0.0002586728078313172
E 124 2 0 110795808 819200 9112608 102400 2560 640 7.520403596572578e-05
E 125 0 0 114072608 819200 9522208 102400 640 2560 0.0002586728078313172
E 125 1 0 114891808 819200 9624608 102400 640 2560 0.0002586728078313172
E 125 2 0 113253408 819200 9419808 102400 2560 640 7.157099025789648e-05
E 126 0 0 116530208 819200 9829408 102400 640 2560 0.0002586728078313172
E 126 1 0 117349408 819200 9931808 102400 640 2560 0.0002586728078313172
E 126 2 0 115711008 819200 9727008 102400 2560 640 2.742949072853662e-05
E 127 0 0 118987808 819200 10136608 102400 640 2560 0.0002586728078313172
E 127 1 0 119807008 819200 10239008 102400 640 2560 0.0002586728078313172
E 127 2 0 118168608 819200 10034208 102400 2560 640 4.722958692582324e-05
E 128 0 1 40345928 819200 307528 102400 640 2560 0.00024268741253763437
E 128 1 1 41165128 819200 409928 102400 640 2560 0.00024268741253763437
E 128 2 1 39526728 819200 205128 102400 2560 640 3.560384357115254e-05
E 129 0 1 42803528 819200 614728 102400 640 2560 0.00024268741253763437
E 129 1 1 43622728 819200 717128 102400 640 2560 0.00024268741253763437
E 129 2 1 41984328 819200 512328 102400 2560 640 0.00011189778888365254
E 130 0 1 45261128 819200 921928 102400 640 2560 0.00024268741253763437
E 130 1 1 46080328 819200 1024328 102400 640 2560 0.00024268741253763437
E 130 2 1 44441928 819200 819528 102400 2560 640 3.9781843952368945e-05
E 131 0 1 47718728 819200 1229128 102400 640 2560 0.00024268741253763437
E 131 1 1 48537928 819200 1331528 102400 640 2560 0.00024268741253763437
E 131 2 1 46899528 819200 1126728 102400 2560 640 2.4341401513083838e-05
E 132 0 1 50176328 819200 1536328 102400 640 2560 0.00024268741253763437
E 132 1 1 50995528 819200 1638728 102400 640 2560 0.00024268741253763437
E 132 2 1 49357128 819200 1433928 102400 2560 640 4.141671524848789e-05
E 133 0 1 52633928 819200 1843528 102400 640 2560 0.00024268741253763437
E 133 1 1 53453128 819200 1945928 102400 640 2560 0.00024268741253763437
E 133 2 1 51814728 819200 1741128 102400 2560 640 4.141671524848789e-05
E 134 0 1 55091528 819200 2150728 102400 640 2560 0.00024268741253763437
E 134 1 1 55910728 819200 2253128 102400 640 2560 0.00024268741253763437
E 134 2 1 54272328 819200 2048328 102400 2560 640 3.8510279409820214e-05
E 135 0 1 57549128 819200 2457928 102400 640 2560 0.00024268741253763437
E 135 1 1 58368328 819200 2560328 102400 640 2560 0.00024268741253763437
E 135 2 1 56729928 819200 2355528 102400 2560 640 7.338751311181113e-05
E 136 0 1 60006728 819200 2765128 102400 640 2560 0.00024268741253763437
E 136 1 1 60825928 819200 2867528 102400 640 2560 0.00024268741253763437
E 136 2 1 59187528 819200 2662728 102400 2560 640 3.2152449421118945e-05
E 137 0 1 62464328 819200 3072328 102400 640 2560 0.00024268741253763437
E 137 1 1 63283528 819200 3174728 102400 640 2560 0.00024268741253763437
E 137 2 1 61645128 819200 2969928 102400 2560 640 3.505888525978662e-05
E 138 0 1 64921928 819200 3379528 102400 640 2560 0.00024268741253763437
E 138 1 1 65741128 819200 3481928 102400 640 2560 0.00024268741253763437
E 138 2 1 64102728 819200 3277128 102400 2560 640 3.6512101360131055e-05
E 139 0 1 67379528 819200 3686728 102400 640 2560 0.00024268741253763437
E 139 1 1 68198728 819200 3789128 102400 640 2560 0.00024268741253763437
E 139 2 1 66560328 819200 3584328 102400 2560 640 0.00010172526526730508
E 140 0 1 69837128 819200 3993928 102400 640 2560 0.00024268741253763437
E 140 1 1 70656328 819200 4096328 102400 640 2560 0.00024268741253763437
E 140 2 1 69017928 819200 3891528 102400 2560 640 4.323323810240254e-05
E 141 0 1 72294728 819200 4301128 102400 640 2560 0.00024268741253763437
E 141 1 1 73113928 819200 4403528 102400 640 2560 0.00024268741253763437
E 141 2 1 71475528 819200 4198728 102400 2560 640 9.300595411332324e-05
E 142 0 1 74752328 819200 4608328 102400 640 2560 0.00024268741253763437
E 142 1 1 75571528 819200 4710728 102400 640 2560 0.00024268741253763437
E 142 2 1 73933128 819200 4505928 102400 2560 640 4.795619679498486e-05
E 143 0 1 77209928 819200 4915528 102400 640 2560 0.00024268741253763437
E 143 1 1 78029128 819200 5017928 102400 640 2560 0.00024268741253763437
E 143 2 1 76390728 819200 4813128 102400 2560 640 3.251575253671035e-05
E 144 0 1 79667528 819200 5222728 102400 640 2560 0.00024268741253763437
E 144 1 1 80486728 819200 5325128 102400 640 2560 0.00024268741253763437
E 144 2 1 78848328 819200 5120328 102400 2560 640 2.7611142286332324e-05
E 145 0 1 82125128 819200 5529928 102400 640 2560 0.00024268741253763437
E 145 1 1 82944328 819200 5632328 102400 640 2560 0.00024268741253763437
E 145 2 1 81305928 819200 5427528 102400 2560 640 6.139845936559141e-05
E 146 0 1 84582728 819200 5837128 102400 640 2560 0.00024268741253763437
E 146 1 1 85401928 819200 5939528 102400 640 2560 0.00024268741253763437
E 146 2 1 83763528 819200 5734728 102400 2560 640 5.158923886483535e-05
E 147 0 1 87040328 819200 6144328 102400 640 2560 0.00024268741253763437
E 147 1 1 87859528 819200 6246728 102400 640 2560 0.00024268741253763437
E 147 2 1 86221128 819200 6041928 102400 2560 640 6.793794455006719e-05
E 148 0 1 89497928 819200 6451528 102400 640 2560 0.00024268741253763437
E 148 1 1 90317128 819200 6553928 102400 640 2560 0.00024268741253763437
E 148 2 1 88678728 819200 6349128 102400 2560 640 4.014514706796035e-05
E 149 0 1 91955528 819200 6758728 102400 640 2560 0.00024268741253763437
E 149 1 1 92774728 819200 6861128 102400 640 2560 0.00024268741253763437
E 149 2 1 91136328 819200 6656328 102400 2560 640 0.00011916388029931113
E 150 0 1 94413128 819200 7065928 102400 640 2560 0.00024268741253763437
E 150 1 1 95232328 819200 7168328 102400 640 2560 0.00024268741253763437
E 150 2 1 93593928 819200 6963528 102400 2560 640 4.4323151087155566e-05
E 151 0 1 96870728 819200 7373128 102400 640 2560 0.00024268741253763437
E 151 1 1 97689928 819200 7475528 102400 640 2560 0.00024268741253763437
E 151 2 1 96051528 819200 7270728 102400 2560 640 7.375081622740254e-05
E 152 0 1 99328328 819200 7680328 102400 640 2560 0.00024268741253763437
E 152 1 1 100147528 819200 7782728 102400 640 2560 0.00024268741253763437
E 152 2 1 98509128 819200 7577928 102400 2560 640 8.646647620480508e-05
E 153 0 1 101785928 819200 7987528 102400 640 2560 0.00024268741253763437
E 153 1 1 102605128 819200 8089928 102400 640 2560 0.00024268741253763437
E 153 2 1 100966728 819200 7885128 102400 2560 640 6.902785389684141e-05
E 154 0 1 104243528 819200 8294728 102400 640 2560 0.00024268741253763437
E 154 1 1 105062728 819200 8397128 102400 640 2560 0.00024268741253763437
E 154 2 1 103424328 819200 8192328 102400 2560 640 3.923688564100303e-05
E 155 0 1 106701128 819200 8601928 102400 640 2560 0.00024268741253763437
E 155 1 1 107520328 819200 8704328 102400 640 2560 0.00024268741253763437
E 155 2 1 105881928 819200 8499528 102400 2560 640 7.99269910203293e-05
E 156 0 1 109158728 819200 8909128 102400 640 2560 0.00024268741253763437
E 156 1 1 109977928 819200 9011528 102400 640 2560 0.00024268741253763437
E 156 2 1 108339528 819200 8806728 102400 2560 640 8.900960528990254e-05
E 157 0 1 111616328 819200 9216328 102400 640 2560 0.00024268741253763437
E 157 1 1 112435528 819200 9318728 102400 640 2560 0.00024268741253763437
E 157 2 1 110797128 819200 9113928 102400 2560 640 3.560384357115254e-05
E 158 0 1 114073928 819200 9523528 102400 640 2560 0.00024268741253763437
E 158 1 1 114893128 819200 9625928 102400 640 2560 0.00024268741253763437
E 158 2 1 113254728 819200 9421128 102400 2560 640 8.283343049697578e-05
E 159 0 1 116531528 819200 9830728 102400 640 2560 0.00024268741253763437
E 159 1 1 117350728 819200 9933128 102400 640 2560 0.00024268741253763437
E 159 2 1 115712328 819200 9728328 102400 2560 640 7.193429337348789e-05
E 160 0 1 118989128 819200 10137928 102400 640 2560 0.00024268741253763437
E 160 1 1 119808328 819200 10240328 102400 640 2560 0.00024268741253763437
E 160 2 1 118169928 819200 10035528 102400 2560 640 3.6512101360131055e-05
E 161 0 1 121446728 819200 10445128 102400 640 2560 0.00024268741253763437
E 161 1 1 122265928 819200 10547528 102400 640 2560 0.00024268741253763437
E 161 2 1 120627528 819200 10342728 102400 2560 640 5.7402110542170703e-05
E 162 0 1 123904328 819200 10752328 102400 640 2560 0.00024268741253763437
E 162 1 1 124723528 819200 10854728 102400 640 2560 0.00024268741253763437
E 162 2 1 123085128 819200 10649928 102400 2560 640 8.101690764306113e-05
E 163 0 1 126361928 819200 11059528 102400 640 2560 0.00024268741253763437
E 163 1 1 127181128 819200 11161928 102400 640 2560 0.00024268741253763437
E 163 2 1 125542728 819200 10957128 102400 2560 640 5.7402110542170703e-05
E 164 0 1 128819528 819200 11366728 102400 640 2560 0.00024268741253763437
E 164 1 1 129638728 819200 11469128 102400 640 2560 0.00024268741253763437
E 164 2 1 128000328 819200 11264328 102400 2560 640 6.721133104292676e-05
E 165 0 1 131277128 819200 11673928 102400 640 2560 0.00024268741253763437
E 165 1 1 132096328 819200 11776328 102400 640 2560 0.00024268741253763437
E 165 2 1 130457928 819200 11571528 102400 2560 640 0.00012497675197664648
E 166 0 1 133734728 819200 11981128 102400 640 2560 0.00024268741253763437
E 166 1 1 134553928 819200 12083528 102400 640 2560 0.00024268741253763437
E 166 2 1 132915528 819200 11878728 102400 2560 640 3.542218837537803e-05
E 167 0 1 136192328 819200 12288328 102400 640 2560 0.00024268741253763437
E 167 1 1 137011528 819200 12390728 102400 640 2560 0.00024268741253763437
E 167 2 1 135373128 819200 12185928 102400 2560 640 0.00011771066056098789
E 168 0 1 138649928 819200 12595528 102400 640 2560 0.00024268741253763437
E 168 1 1 139469128 819200 12697928 102400 640 2560 0.00024268741253763437
E 168 2 1 137830728 819200 12493128 102400 2560 640 9.118943125940859e-05
E 169 0 1 141107528 819200 12902728 102400 640 2560 0.00024268741253763437
E 169 1 1 141926728 819200 13005128 102400 640 2560 0.00024268741253763437
E 169 2 1 140288328 819200 12800328 102400 2560 640 4.795619679498486e-05
E 170 0 1 143565128 819200 13209928 102400 640 2560 0.00024268741253763437
E 170 1 1 144384328 819200 13312328 102400 640 2560 0.00024268741253763437
E 170 2 1 142745928 819200 13107528 102400 2560 640 5.449567470350303e-05
E 171 0 1 146022728 819200 13517128 102400 640 2560 0.00024268741253763437
E 171 1 1 146841928 819200 13619528 102400 640 2560 0.00024268741253763437
E 171 2 1 145203528 819200 13414728 102400 2560 640 4.159836680628359e-05
E 172 0 1 148480328 819200 13824328 102400 640 2560 0.00024268741253763437
E 172 1 1 149299528 819200 13926728 102400 640 2560 0.00024268741253763437
E 172 2 1 147661128 819200 13721928 102400 2560 640 8.101690764306113e-05
E 173 0 1 150937928 819200 14131528 102400 640 2560 0.00024268741253763437
E 173 1 1 151757128 819200 14233928 102400 640 2560 0.00024268741253763437
E 173 2 1 150118728 819200 14029128 102400 2560 640 3.542218837537803e-05
E 174 0 1 153395528 819200 14438728 102400 640 2560 0.00024268741253763437
E 174 1 1 154214728 819200 14541128 102400 640 2560 0.00024268741253763437
E 174 2 1 152576328 819200 14336328 102400 2560 640 2.6157924366998486e-05
E 175 0 1 155853128 819200 14745928 102400 640 2560 0.00024268741253763437
E 175 1 1 156672328 819200 14848328 102400 640 2560 0.00024268741253763437
E 175 2 1 155033928 819200 14643528 102400 2560 640 3.6512101360131055e-05
E 176 0 1 158310728 819200 15053128 102400 640 2560 0.00024268741253763437
E 176 1 1 159129928 819200 15155528 102400 640 2560 0.00024268741253763437
E 176 2 1 157491528 819200 14950728 102400 2560 640 6.648472481174394e-05
E 177 0 1 160768328 819200 15360328 102400 640 2560 0.00024268741253763437
E 177 1 1 161587528 819200 15462728 102400 640 2560 0.00024268741253763437
E 177 2 1 159949128 819200 15257928 102400 2560 640 5.3769068472320214e-05
E 178 0 1 163225928 819200 15667528 102400 640 2560 0.00024268741253763437
E 178 1 1 164045128 819200 15769928 102400 640 2560 0.00024268741253763437
E 178 2 1 162406728 819200 15565128 102400 2560 640 3.4332275390625e-05
E 179 0 1 165683528 819200 15974728 102400 640 2560 0.00024268741253763437
E 179 1 1 166502728 819200 16077128 102400 640 2560 0.00024268741253763437
E 179 2 1 164864328 819200 15872328 102400 2560 640 4.686628017225303e-05
E 180 0 1 168141128 819200 16281928 102400 640 2560 0.00024268741253763437
E 180 1 1 168960328 819200 16384328 102400 640 2560 0.00024268741253763437
E 180 2 1 167321928 819200 16179528 102400 2560 640 4.2143321479670703e-05
E 181 0 1 170598728 819200 16589128 102400 640 2560 0.00024268741253763437
E 181 1 1 171417928 819200 16691528 102400 640 2560 0.00024268741253763437
E 181 2 1 169779528 819200 16486728 102400 2560 640 0.0001031784777296707
E 182 0 1 173056328 819200 16896328 102400 640 2560 0.00024268741253763437
E 182 1 1 173875528 819200 16998728 102400 640 2560 0.00024268741253763437
E 182 2 1 172237128 819200 16793928 102400 2560 640 0.00011625744082266465
E 183 0 1 175513928 819200 17203528 102400 640 2560 0.00024268741253763437
E 183 1 1 176333128 819200 17305928 102400 640 2560 0.00024268741253763437
E 183 2 1 174694728 819200 17101128 102400 2560 640 2.6884534236160107e-05
E 184 0 1 177971528 819200 17510728 102400 640 2560 0.00024268741253763437
E 184 1 1 178790728 819200 17613128 102400 640 2560 0.00024268741253763437
E 184 2 1 177152328 819200 17408328 102400 2560 640 6.50315050734207e-05
E 185 0 1 180429128 819200 17817928 102400 640 2560 0.00024268741253763437
E 185 1 1 181248328 819200 17920328 102400 640 2560 0.00024268741253763437
E 185 2 1 179609928 819200 17715528 102400 2560 640 4.069010537932627e-05
E 186 0 1 182886728 819200 18125128 102400 640 2560 0.00024268741253763437
E 186 1 1 183705928 819200 18227528 102400 640 2560 0.00024268741253763437
E 186 2 1 182067528 819200 18022728 102400 2560 640 7.120768714230508e-05
E 187 0 1 185344328 819200 18432328 102400 640 2560 0.00024268741253763437
E 187 1 1 186163528 819200 18534728 102400 640 2560 0.00024268741253763437
E 187 2 1 184525128 819200 18329928 102400 2560 640 6.285167910391465e-05
E 188 0 1 187801928 819200 18739528 102400 640 2560 0.00024268741253763437
E 188 1 1 188621128 819200 18841928 102400 640 2560 0.00024268741253763437
E 188 2 1 186982728 819200 18637128 102400 2560 640 3.814697265625e-05
E 189 0 1 190259528 819200 19046728 102400 640 2560 0.00024268741253763437
E 189 1 1 191078728 819200 19149128 102400 640 2560 0.00024268741253763437
E 189 2 1 189440328 819200 18944328 102400 2560 640 2.924601358245127e-05
E 190 0 1 192717128 819200 19353928 102400 640 2560 0.00024268741253763437
E 190 1 1 193536328 819200 19456328 102400 640 2560 0.00024268741253763437
E 190 2 1 191897928 819200 19251528 102400 2560 640 4.1780018364079297e-05
E 191 0 1 195174728 819200 19661128 102400 640 2560 0.00024268741253763437
E 191 1 1 195993928 819200 19763528 102400 640 2560 0.00024268741253763437
E 191 2 1 194355528 819200 19558728 102400 2560 640 5.9581940149655566e-05
E 192 0 1 197632328 819200 19968328 102400 640 2560 0.00024268741253763437
E 192 1 1 198451528 819200 20070728 102400 640 2560 0.00024268741253763437
E 192 2 1 196813128 819200 19865928 102400 2560 640 6.46682019578293e-05
E 193 0 1 200089928 819200 20275528 102400 640 2560 0.00024268741253763437
E 193 1 1 200909128 819200 20377928 102400 640 2560 0.00024268741253763437
E 193 2 1 199270728 819200 20173128 102400 2560 640 3.9781843952368945e-05
E 194 0 1 202547528 819200 20582728 102400 640 2560 0.00024268741253763437
E 194 1 1 203366728 819200 20685128 102400 640 2560 0.00024268741253763437
E 194 2 1 201728328 819200 20480328 102400 2560 640 6.248837598832324e-05
E 195 0 1 205005128 819200 20889928 102400 640 2560 0.00024268741253763437
E 195 1 1 205824328 819200 20992328 102400 640 2560 0.00024268741253763437
E 195 2 1 204185928 819200 20787528 102400 2560 640 4.504975731833838e-05
E 196 0 1 207462728 819200 21197128 102400 640 2560 0.00024268741253763437
E 196 1 1 208281928 819200 21299528 102400 640 2560 0.00024268741253763437
E 196 2 1 206643528 819200 21094728 102400 2560 640 4.632132549886592e-05
E 197 0 1 209920328 819200 21504328 102400 640 2560 0.00024268741253763437
E 197 1 1 210739528 819200 21606728 102400 640 2560 0.00024268741253763437
E 197 2 1 209101128 819200 21401928 102400 2560 640 4.541306407190859e-05
E 198 0 1 212377928 819200 21811528 102400 640 2560 0.00024268741253763437
E 198 1 1 213197128 819200 21913928 102400 640 2560 0.00024268741253763437
E 198 2 1 211558728 819200 21709128 102400 2560 640 5.776541729574092e-05
E 199 0 1 214835528 819200 22118728 102400 640 2560 0.00024268741253763437
E 199 1 1 215654728 819200 22221128 102400 640 2560 0.00024268741253763437
E 199 2 1 214016328 819200 22016328 102400 2560 640 2.8519403713289648e-05
E 200 0 1 217293128 819200 22425928 102400 640 2560 0.00024268741253763437
E 200 1 1 218112328 819200 22528328 102400 640 2560 0.00024268741253763437
E 200 2 1 216473928 819200 22323528 102400 2560 640 3.0880884878570214e-05
E 201 0 1 219750728 819200 22733128 102400 640 2560 0.00024268741253763437
E 201 1 1 220569928 819200 22835528 102400 640 2560 0.00024268741253763437
E 201 2 1 218931528 819200 22630728 102400 2560 640 3.487723370199092e-05
E 202 0 1 222208328 819200 23040328 102400 640 2560 0.00024268741253763437
E 202 1 1 223027528 819200 23142728 102400 640 2560 0.00024268741253763437
E 202 2 1 221389128 819200 22937928 102400 2560 640 5.9581940149655566e-05
E 203 0 1 224665928 819200 23347528 102400 640 2560 0.00024268741253763437
E 203 1 1 225485128 819200 23449928 102400 640 2560 0.00024268741253763437
E 203 2 1 223846728 819200 23245128 102400 2560 640 0.0001569475425640121
E 204 0 1 227123528 819200 23654728 102400 640 2560 0.00024268741253763437
E 204 1 1 227942728 819200 23757128 102400 640 2560 0.00024268741253763437
E 204 2 1 226304328 819200 23552328 102400 2560 640 2.4159749955288135e-05
E 205 0 1 229581128 819200 23961928 102400 640 2560 0.00024268741253763437
E 205 1 1 230400328 819200 24064328 102400 640 2560 0.00024268741253763437
E 205 2 1 228761928 819200 23859528 102400 2560 640 9.227934788214043e-05
E 206 0 1 232038728 819200 24269128 102400 640 2560 0.00024268741253763437
E 206 1 1 232857928 819200 24371528 102400 640 2560 0.00024268741253763437
E 206 2 1 231219528 819200 24166728 102400 2560 640 3.178914266754873e-05
E 207 0 1 234496328 819200 24576328 102400 640 2560 0.00024268741253763437
E 207 1 1 235315528 819200 24678728 102400 640 2560 0.00024268741253763437
E 207 2 1 233677128 819200 24473928 102400 2560 640 6.757464143447578e-05
E 208 0 1 236953928 819200 24883528 102400 640 2560 0.00024268741253763437
E 208 1 1 237773128 819200 24985928 102400 640 2560 0.00024268741253763437
E 208 2 1 236134728 819200 24781128 102400 2560 640 6.866455078125e-05
E 209 0 1 239411528 819200 25190728 102400 640 2560 0.00024268741253763437
E 209 1 1 240230728 819200 25293128 102400 640 2560 0.00024268741253763437
E 209 2 1 238592328 819200 25088328 102400 2560 640 4.250662823324092e-05
E 210 0 1 241869128 819200 25497928 102400 640 2560 0.00024268741253763437
E 210 1 1 242688328 819200 25600328 102400 640 2560 0.00024268741253763437
E 210 2 1 241049928 819200 25395528 102400 2560 640 8.319673361256719e-05
E 211 0 1 244326728 819200 25805128 102400 640 2560 0.00024268741253763437
E 211 1 1 245145928 819200 25907528 102400 640 2560 0.00024268741253763437
E 211 2 1 243507528 819200 25702728 102400 2560 640 3.760201798286289e-05
E 212 0 1 246784328 819200 26112328 102400 640 2560 0.00024268741253763437
E 212 1 1 247603528 819200 26214728 102400 640 2560 0.00024268741253763437
E 212 2 1 245965128 819200 26009928 102400 2560 640 4.523141251411289e-05
E 213 0 1 249241928 819200 26419528 102400 640 2560 0.00024268741253763437
E 213 1 1 250061128 819200 26521928 102400 640 2560 0.00024268741253763437
E 213 2 1 248422728 819200 26317128 102400 2560 640 7.62939453125e-05
E 214 0 1 251699528 819200 26726728 102400 640 2560 0.00024268741253763437
E 214 1 1 252518728 819200 26829128 102400 640 2560 0.00024268741253763437
E 214 2 1 250880328 819200 26624328 102400 2560 640 5.485898145707324e-05
E 215 0 1 254157128 819200 27033928 102400 640 2560 0.00024268741253763437
E 215 1 1 254976328 819200 27136328 102400 640 2560 0.00024268741253763437
E 215 2 1 253337928 819200 26931528 102400 2560 640 5.1225935749243945e-05
E 216 0 1 256614728 819200 27341128 102400 640 2560 0.00024268741253763437
E 216 1 1 257433928 819200 27443528 102400 640 2560 0.00024268741253763437
E 216 2 1 255795528 819200 27238728 102400 2560 640 2.7974447220913135e-05
E 217 0 1 259072328 819200 27648328 102400 640 2560 0.00024268741253763437
E 217 1 1 259891528 819200 27750728 102400 640 2560 0.00024268741253763437
E 217 2 1 258253128 819200 27545928 102400 2560 640 3.4513926948420703e-05
E 218 0 1 261529928 819200 27955528 102400 640 2560 0.00024268741253763437
E 218 1 1 262349128 819200 28057928 102400 640 2560 0.00024268741253763437
E 218 2 1 260710728 819200 27853128 102400 2560 640 0.00011625744082266465
E 219 0 1 263987528 819200 28262728 102400 640 2560 0.00024268741253763437
E 219 1 1 264806728 819200 28365128 102400 640 2560 0.00024268741253763437
E 219 2 1 263168328 819200 28160328 102400 2560 640 0.00018455869576428086
E 220 0 1 266445128 819200 28569928 102400 640 2560 0.00024268741253763437
E 220 1 1 267264328 819200 28672328 102400 640 2560 0.00024268741253763437
E 220 2 1 265625928 819200 28467528 102400 2560 640 4.450480264495127e-05
E 221 0 1 268902728 819200 28877128 102400 640 2560 0.00024268741253763437
E 221 1 1 269721928 819200 28979528 102400 640 2560 0.00024268741253763437
E 221 2 1 268083528 819200 28774728 102400 2560 640 5.9581940149655566e-05
E 222 0 1 271360328 819200 29184328 102400 640 2560 0.00024268741253763437
E 222 1 1 272179528 819200 29286728 102400 640 2560 0.00024268741253763437
E 222 2 1 270541128 819200 29081928 102400 2560 640 3.960019239457324e-05
E 223 0 1 273817928 819200 29491528 102400 640 2560 0.00024268741253763437
E 223 1 1 274637128 819200 29593928 102400 640 2560 0.00024268741253763437
E 223 2 1 272998728 819200 29389128 102400 2560 640 2.8156098778708838e-05
E 224 0 1 276275528 819200 29798728 102400 640 2560 0.00024268741253763437
E 224 1 1 277094728 819200 29901128 102400 640 2560 0.00024268741253763437
E 224 2 1 275456328 819200 29696328 102400 2560 640 5.6312197557417676e-05
E 225 0 1 278733128 819200 30105928 102400 640 2560 0.00024268741253763437
E 225 1 1 279552328 819200 30208328 102400 640 2560 0.00024268741253763437
E 225 2 1 277913928 819200 30003528 102400 2560 640 8.392333984375e-05
E 226 0 1 281190728 819200 30413128 102400 640 2560 0.00024268741253763437
E 226 1 1 282009928 819200 30515528 102400 640 2560 0.00024268741253763437
E 226 2 1 280371528 819200 30310728 102400 2560 640 5.485898145707324e-05
E 227 0 1 283648328 819200 30720328 102400 640 2560 0.00024268741253763437
E 227 1 1 284467528 819200 30822728 102400 640 2560 0.00024268741253763437
E 227 2 1 282829128 819200 30617928 102400 2560 640 4.57763671875e-05
E 228 0 1 286105928 819200 31027528 102400 640 2560 0.00024268741253763437
E 228 1 1 286925128 819200 31129928 102400 640 2560 0.00024268741253763437
E 228 2 1 285286728 819200 30925128 102400 2560 640 4.341488966019824e-05
E 229 0 1 288563528 819200 31334728 102400 640 2560 0.00024268741253763437
E 229 1 1 289382728 819200 31437128 102400 640 2560 0.00024268741253763437
E 229 2 1 287744328 819200 31232328 102400 2560 640 3.4695582144195214e-05
E 230 0 1 291021128 819200 31641928 102400 640 2560 0.00024268741253763437
E 230 1 1 291840328 819200 31744328 102400 640 2560 0.00024268741253763437
E 230 2 1 290201928 819200 31539528 102400 2560 640 0.00013442266208585352
E 231 0 1 293478728 819200 31949128 102400 640 2560 0.00024268741253763437
E 231 1 1 294297928 819200 32051528 102400 640 2560 0.00024268741253763437
E 231 2 1 292659528 819200 31846728 102400 2560 640 0.0001416887535015121
E 232 0 1 295936328 819200 32256328 102400 640 2560 0.00024268741253763437
E 232 1 1 296755528 819200 32358728 102400 640 2560 0.00024268741253763437
E 232 2 1 295117128 819200 32153928 102400 2560 640 3.0699229682795703e-05
E 233 0 1 298393928 819200 32563528 102400 640 2560 0.00024268741253763437
E 233 1 1 299213128 819200 32665928 102400 640 2560 0.00024268741253763437
E 233 2 1 297574728 819200 32461128 102400 2560 640 0.00010535831097513437
E 234 0 1 300851528 819200 32870728 102400 640 2560 0.00024268741253763437
E 234 1 1 301670728 819200 32973128 102400 640 2560 0.00024268741253763437
E 234 2 1 300032328 819200 32768328 102400 2560 640 8.864630217431113e-05
E 235 0 1 303309128 819200 33177928 102400 640 2560 0.00024268741253763437
E 235 1 1 304128328 819200 33280328 102400 640 2560 0.00024268741253763437
E 235 2 1 302489928 819200 33075528 102400 2560 640 0.00010099865176016465
E 236 0 1 305766728 819200 33485128 102400 640 2560 0.00024268741253763437
E 236 1 1 306585928 819200 33587528 102400 640 2560 0.00024268741253763437
E 236 2 1 304947528 819200 33382728 102400 2560 640 4.8682803026167676e-05
E 237 0 1 308224328 819200 33792328 102400 640 2560 0.00024268741253763437
E 237 1 1 309043528 819200 33894728 102400 640 2560 0.00024268741253763437
E 237 2 1 307405128 819200 33689928 102400 2560 640 8.101690764306113e-05
E 238 0 1 310681928 819200 34099528 102400 640 2560 0.00024268741253763437
E 238 1 1 311501128 819200 34201928 102400 640 2560 0.00024268741253763437
E 238 2 1 309862728 819200 33997128 102400 2560 640 4.069010537932627e-05
E 239 0 1 313139528 819200 34406728 102400 640 2560 0.00024268741253763437
E 239 1 1 313958728 819200 34509128 102400 640 2560 0.00024268741253763437
E 239 2 1 312320328 819200 34304328 102400 2560 640 9.663899982115254e-05
E 240 0 1 315597128 819200 34713928 102400 640 2560 0.00024268741253763437
E 240 1 1 316416328 819200 34816328 102400 640 2560 0.00024268741253763437
E 240 2 1 314777928 819200 34611528 102400 2560 640 8.101690764306113e-05
E 241 0 1 318054728 819200 35021128 102400 640 2560 0.00024268741253763437
E 241 1 1 318873928 819200 35123528 102400 640 2560 0.00024268741253763437
E 241 2 1 317235528 819200 34918728 102400 2560 640 2.6339577743783593e-05
E 242 0 1 320512328 819200 35328328 102400 640 2560 0.00024268741253763437
E 242 1 1 321331528 819200 35430728 102400 640 2560 0.00024268741253763437
E 242 2 1 319693128 819200 35225928 102400 2560 640 4.722958692582324e-05
E 243 0 1 322969928 819200 35635528 102400 640 2560 0.00024268741253763437
E 243 1 1 323789128 819200 35737928 102400 640 2560 0.00024268741253763437
E 243 2 1 322150728 819200 35533128 102400 2560 640 9.809221955947578e-05
E 244 0 1 325427528 819200 35942728 102400 640 2560 0.00024268741253763437
E 244 1 1 326246728 819200 36045128 102400 640 2560 0.00024268741253763437
E 244 2 1 324608328 819200 35840328 102400 2560 640 2.742949072853662e-05
E 245 0 1 327885128 819200 36249928 102400 640 2560 0.00024268741253763437
E 245 1 1 328704328 819200 36352328 102400 640 2560 0.00024268741253763437
E 245 2 1 327065928 819200 36147528 102400 2560 640 0.0001257033582078293
E 246 0 1 330342728 819200 36557128 102400 640 2560 0.00024268741253763437
E 246 1 1 331161928 819200 36659528 102400 640 2560 0.00024268741253763437
E 246 2 1 329523528 819200 36454728 102400 2560 640 2.8701055271085352e-05
E 247 0 1 332800328 819200 36864328 102400 640 2560 0.00024268741253763437
E 247 1 1 333619528 819200 36966728 102400 640 2560 0.00024268741253763437
E 247 2 1 331981128 819200 36761928 102400 2560 640 2.6339577743783593e-05
E 248 0 1 335257928 819200 37171528 102400 640 2560 0.00024268741253763437
E 248 1 1 336077128 819200 37273928 102400 640 2560 0.00024268741253763437
E 248 2 1 334438728 819200 37069128 102400 2560 640 2.6339577743783593e-05
E 249 0 1 337715528 819200 37478728 102400 640 2560 0.00024268741253763437
E 249 1 1 338534728 819200 37581128 102400 640 2560 0.00024268741253763437
E 249 2 1 336896328 819200 37376328 102400 2560 640 6.212507287273183e-05
E 250 0 1 340173128 819200 37785928 102400 640 2560 0.00024268741253763437
E 250 1 1 340992328 819200 37888328 102400 640 2560 0.00024268741253763437
E 250 2 1 339353928 819200 37683528 102400 2560 640 4.6139673941070214e-05
E 251 0 1 342630728 819200 38093128 102400 640 2560 0.00024268741253763437
E 251 1 1 343449928 819200 38195528 102400 640 2560 0.00024268741253763437
E 251 2 1 341811528 819200 37990728 102400 2560 640 3.996349551016465e-05
E 252 0 1 345088328 819200 38400328 102400 640 2560 0.00024268741253763437
E 252 1 1 345907528 819200 38502728 102400 640 2560 0.00024268741253763437
E 252 2 1 344269128 819200 38297928 102400 2560 640 7.774716505082324e-05
E 253 0 1 347545928 819200 38707528 102400 640 2560 0.00024268741253763437
E 253 1 1 348365128 819200 38809928 102400 640 2560 0.00024268741253763437
E 253 2 1 346726728 819200 38605128 102400 2560 640 6.176176975714043e-05
E 254 0 1 350003528 819200 39014728 102400 640 2560 0.00024268741253763437
E 254 1 1 350822728 819200 39117128 102400 640 2560 0.00024268741253763437
E 254 2 1 349184328 819200 38912328 102400 2560 640 2.888270864787046e-05
E 255 0 1 352461128 819200 39321928 102400 640 2560 0.00024268741253763437
E 255 1 1 353280328 819200 39424328 102400 640 2560 0.00024268741253763437
E 255 2 1 351641928 819200 39219528 102400 2560 640 5.413237158791162e-05
E 256 0 2 40345928 819200 307528 102400 640 2560 0.0004069010610692203
E 256 1 2 41165128 819200 409928 102400 640 2560 0.0004069010610692203
E 256 2 2 39526728 819200 205128 102400 2560 640 4.268827979103662e-05
E 257 0 2 42803528 819200 614728 102400 640 2560 0.0004069010610692203
E 257 1 2 43622728 819200 717128 102400 640 2560 0.0004069010610692203
E 257 2 2 41984328 819200 512328 102400 2560 640 4.632132549886592e-05
E 258 0 2 45261128 819200 921928 102400 640 2560 0.0004069010610692203
E 258 1 2 46080328 819200 1024328 102400 640 2560 0.0004069010610692203
E 258 2 2 44441928 819200 819528 102400 2560 640 0.00011989048653049394
E 259 0 2 47718728 819200 1229128 102400 640 2560 0.0004069010610692203
E 259 1 2 48537928 819200 1331528 102400 640 2560 0.0004069010610692203
E 259 2 2 46899528 819200 1126728 102400 2560 640 3.0517578125e-05
E 260 0 2 50176328 819200 1536328 102400 640 2560 0.0004069010610692203
E 260 1 2 50995528 819200 1638728 102400 640 2560 0.0004069010610692203
E 260 2 2 49357128 819200 1433928 102400 2560 640 6.612142169615254e-05
E 261 0 2 52633928 819200 1843528 102400 640 2560 0.0004069010610692203
E 261 1 2 53453128 819200 1945928 102400 640 2560 0.0004069010610692203
E 261 2 2 51814728 819200 1741128 102400 2560 640 0.0001257033582078293
E 262 0 2 55091528 819200 2150728 102400 640 2560 0.0004069010610692203
E 262 1 2 55910728 819200 2253128 102400 640 2560 0.0004069010610692203
E 262 2 2 54272328 819200 2048328 102400 2560 640 7.26608996046707e-05
E 263 0 2 57549128 819200 2457928 102400 640 2560 0.0004069010610692203
E 263 1 2 58368328 819200 2560328 102400 640 2560 0.0004069010610692203
E 263 2 2 56729928 819200 2355528 102400 2560 640 8.937290840549394e-05
E 264 0 2 60006728 819200 2765128 102400 640 2560 0.0004069010610692203
E 264 1 2 60825928 819200 2867528 102400 640 2560 0.0004069010610692203
E 264 2 2 59187528 819200 2662728 102400 2560 640 4.9772716010920703e-05
E 265 0 2 62464328 819200 3072328 102400 640 2560 0.0004069010610692203
E 265 1 2 63283528 819200 3174728 102400 640 2560 0.0004069010610692203
E 265 2 2 61645128 819200 2969928 102400 2560 640 5.086263263365254e-05
E 266 0 2 64921928 819200 3379528 102400 640 2560 0.0004069010610692203
E 266 1 2 65741128 819200 3481928 102400 640 2560 0.0004069010610692203
E 266 2 2 64102728 819200 3277128 102400 2560 640 2.5976272809202783e-05
E 267 0 2 67379528 819200 3686728 102400 640 2560 0.0004069010610692203
E 267 1 2 68198728 819200 3789128 102400 640 2560 0.0004069010610692203
E 267 2 2 66560328 819200 3584328 102400 2560 640 0.00011480422108434141
E 268 0 2 69837128 819200 3993928 102400 640 2560 0.0004069010610692203
E 268 1 2 70656328 819200 4096328 102400 640 2560 0.0004069010610692203
E 268 2 2 69017928 819200 3891528 102400 2560 640 4.904610977973789e-05
E 269 0 2 72294728 819200 4301128 102400 640 2560 0.0004069010610692203
E 269 1 2 73113928 819200 4403528 102400 640 2560 0.0004069010610692203
E 269 2 2 71475528 819200 4198728 102400 2560 640 3.6693756555905566e-05
E 270 0 2 74752328 819200 4608328 102400 640 2560 0.0004069010610692203
E 270 1 2 75571528 819200 4710728 102400 640 2560 0.0004069010610692203
E 270 2 2 73933128 819200 4505928 102400 2560 640 5.013602276449092e-05
E 271 0 2 77209928 819200 4915528 102400 640 2560 0.0004069010610692203
E 271 1 2 78029128 819200 5017928 102400 640 2560 0.0004069010610692203
E 271 2 2 76390728 819200 4813128 102400 2560 640 3.814697265625e-05
E 272 0 2 79667528 819200 5222728 102400 640 2560 0.0004069010610692203
E 272 1 2 80486728 819200 5325128 102400 640 2560 0.0004069010610692203
E 272 2 2 78848328 819200 5120328 102400 2560 640 6.176176975714043e-05
E 273 0 2 82125128 819200 5529928 102400 640 2560 0.0004069010610692203
E 273 1 2 82944328 819200 5632328 102400 640 2560 0.0004069010610692203
E 273 2 2 81305928 819200 5427528 102400 2560 640 3.542218837537803e-05
E 274 0 2 84582728 819200 5837128 102400 640 2560 0.0004069010610692203
E 274 1 2 85401928 819200 5939528 102400 640 2560 0.0004069010610692203
E 274 2 2 83763528 819200 5734728 102400 2560 640 3.505888525978662e-05
E 275 0 2 87040328 819200 6144328 102400 640 2560 0.0004069010610692203
E 275 1 2 87859528 819200 6246728 102400 640 2560 0.0004069010610692203
E 275 2 2 86221128 819200 6041928 102400 2560 640 9.191603749059141e-05
E 276 0 2 89497928 819200 6451528 102400 640 2560 0.0004069010610692203
E 276 1 2 90317128 819200 6553928 102400 640 2560 0.0004069010610692203
E 276 2 2 88678728 819200 6349128 102400 2560 640 0.00011117118265246972
E 277 0 2 91955528 819200 6758728 102400 640 2560 0.0004069010610692203
E 277 1 2 92774728 819200 6861128 102400 640 2560 0.0004069010610692203
E 277 2 2 91136328 819200 6656328 102400 2560 640 3.5240536817582324e-05
E 278 0 2 94413128 819200 7065928 102400 640 2560 0.0004069010610692203
E 278 1 2 95232328 819200 7168328 102400 640 2560 0.0004069010610692203
E 278 2 2 93593928 819200 6963528 102400 2560 640 2.6339577743783593e-05
E 279 0 2 96870728 819200 7373128 102400 640 2560 0.0004069010610692203
E 279 1 2 97689928 819200 7475528 102400 640 2560 0.0004069010610692203
E 279 2 2 96051528 819200 7270728 102400 2560 640 7.62939453125e-05
E 280 0 2 99328328 819200 7680328 102400 640 2560 0.0004069010610692203
E 280 1 2 100147528 819200 7782728 102400 640 2560 0.0004069010610692203
E 280 2 2 98509128 819200 7577928 102400 2560 640 6.575811858056113e-05
E 281 0 2 101785928 819200 7987528 102400 640 2560 0.0004069010610692203
E 281 1 2 102605128 819200 8089928 102400 640 2560 0.0004069010610692203
E 281 2 2 100966728 819200 7885128 102400 2560 640 2.6339577743783593e-05
E 282 0 2 104243528 819200 8294728 102400 640 2560 0.0004069010610692203
E 282 1 2 105062728 819200 8397128 102400 640 2560 0.0004069010610692203
E 282 2 2 103424328 819200 8192328 102400 2560 640 3.106253643636592e-05
E 283 0 2 106701128 819200 8601928 102400 640 2560 0.0004069010610692203
E 283 1 2 107520328 819200 8704328 102400 640 2560 0.0004069010610692203
E 283 2 2 105881928 819200 8499528 102400 2560 640 0.00010390509123681113
E 284 0 2 109158728 819200 8909128 102400 640 2560 0.0004069010610692203
E 284 1 2 109977928 819200 9011528 102400 640 2560 0.0004069010610692203
E 284 2 2 108339528 819200 8806728 102400 2560 640 2.9609316698042676e-05
E 285 0 2 111616328 819200 9216328 102400 640 2560 0.0004069010610692203
E 285 1 2 112435528 819200 9318728 102400 640 2560 0.0004069010610692203
E 285 2 2 110797128 819200 9113928 102400 2560 640 5.1225935749243945e-05
E 286 0 2 114073928 819200 9523528 102400 640 2560 0.0004069010610692203
E 286 1 2 114893128 819200 9625928 102400 640 2560 0.0004069010610692203
E 286 2 2 113254728 819200 9421128 102400 2560 640 6.067185313440859e-05
E 287 0 2 116531528 819200 9830728 102400 640 2560 0.0004069010610692203
E 287 1 2 117350728 819200 9933128 102400 640 2560 0.0004069010610692203
E 287 2 2 115712328 819200 9728328 102400 2560 640 3.178914266754873e-05
E 288 0 2 118989128 819200 10137928 102400 640 2560 0.0004069010610692203
E 288 1 2 119808328 819200 10240328 102400 640 2560 0.0004069010610692203
E 288 2 2 118169928 819200 10035528 102400 2560 640 0.00010099865176016465
E 289 0 2 121446728 819200 10445128 102400 640 2560 0.0004069010610692203
E 289 1 2 122265928 819200 10547528 102400 640 2560 0.0004069010610692203
E 289 2 2 120627528 819200 10342728 102400 2560 640 3.8510279409820214e-05
E 290 0 2 123904328 819200 10752328 102400 640 2560 0.0004069010610692203
E 290 1 2 124723528 819200 10854728 102400 640 2560 0.0004069010610692203
E 290 2 2 123085128 819200 10649928 102400 2560 640 2.8156098778708838e-05
E 291 0 2 126361928 819200 11059528 102400 640 2560 0.0004069010610692203
E 291 1 2 127181128 819200 11161928 102400 640 2560 0.0004069010610692203
E 291 2 2 125542728 819200 10957128 102400 2560 640 3.560384357115254e-05
E 292 0 2 128819528 819200 11366728 102400 640 2560 0.0004069010610692203
E 292 1 2 129638728 819200 11469128 102400 640 2560 0.0004069010610692203
E 292 2 2 128000328 819200 11264328 102400 2560 640 4.722958692582324e-05
E 293 0 2 131277128 819200 11673928 102400 640 2560 0.0004069010610692203
E 293 1 2 132096328 819200 11776328 102400 640 2560 0.0004069010610692203
E 293 2 2 130457928 819200 11571528 102400 2560 640 4.795619679498486e-05
E 294 0 2 133734728 819200 11981128 102400 640 2560 0.0004069010610692203
E 294 1 2 134553928 819200 12083528 102400 640 2560 0.0004069010610692203
E 294 2 2 132915528 819200 11878728 102400 2560 640 4.8682803026167676e-05
E 295 0 2 136192328 819200 12288328 102400 640 2560 0.0004069010610692203
E 295 1 2 137011528 819200 12390728 102400 640 2560 0.0004069010610692203
E 295 2 2 135373128 819200 12185928 102400 2560 640 6.866455078125e-05
E 296 0 2 138649928 819200 12595528 102400 640 2560 0.0004069010610692203
E 296 1 2 139469128 819200 12697928 102400 640 2560 0.0004069010610692203
E 296 2 2 137830728 819200 12493128 102400 2560 640 7.665724842809141e-05
E 297 0 2 141107528 819200 12902728 102400 640 2560 0.0004069010610692203
E 297 1 2 141926728 819200 13005128 102400 640 2560 0.0004069010610692203
E 297 2 2 140288328 819200 12800328 102400 2560 640 5.1952545618405566e-05
E 298 0 2 143565128 819200 13209928 102400 640 2560 0.0004069010610692203
E 298 1 2 144384328 819200 13312328 102400 640 2560 0.0004069010610692203
E 298 2 2 142745928 819200 13107528 102400 2560 640 2.3796445020707324e-05
E 299 0 2 146022728 819200 13517128 102400 640 2560 0.0004069010610692203
E 299 1 2 146841928 819200 13619528 102400 640 2560 0.0004069010610692203
E 299 2 2 145203528 819200 13414728 102400 2560 640 6.50315050734207e-05
E 300 0 2 148480328 819200 13824328 102400 640 2560 0.0004069010610692203
E 300 1 2 149299528 819200 13926728 102400 640 2560 0.0004069010610692203
E 300 2 2 147661128 819200 13721928 102400 2560 640 4.9409412895329297e-05
E 301 0 2 150937928 819200 14131528 102400 640 2560 0.0004069010610692203
E 301 1 2 151757128 819200 14233928 102400 640 2560 0.0004069010610692203
E 301 2 2 150118728 819200 14029128 102400 2560 640 4.6139673941070214e-05
E 302 0 2 153395528 819200 14438728 102400 640 2560 0.0004069010610692203
E 302 1 2 154214728 819200 14541128 102400 640 2560 0.0004069010610692203
E 302 2 2 152576328 819200 14336328 102400 2560 640 5.667550431098789e-05
E 303 0 2 155853128 819200 14745928 102400 640 2560 0.0004069010610692203
E 303 1 2 156672328 819200 14848328 102400 640 2560 0.0004069010610692203
E 303 2 2 155033928 819200 14643528 102400 2560 640 4.305158290662803e-05
E 304 0 2 158310728 819200 15053128 102400 640 2560 0.0004069010610692203
E 304 1 2 159129928 819200 15155528 102400 640 2560 0.0004069010610692203
E 304 2 2 157491528 819200 14950728 102400 2560 640 4.904610977973789e-05
E 305 0 2 160768328 819200 15360328 102400 640 2560 0.0004069010610692203
E 305 1 2 161587528 819200 15462728 102400 640 2560 0.0004069010610692203
E 305 2 2 159949128 819200 15257928 102400 2560 640 7.593064219690859e-05
E 306 0 2 163225928 819200 15667528 102400 640 2560 0.0004069010610692203
E 306 1 2 164045128 819200 15769928 102400 640 2560 0.0004069010610692203
E 306 2 2 162406728 819200 15565128 102400 2560 640 7.22975964890793e-05
E 307 0 2 165683528 819200 15974728 102400 640 2560 0.0004069010610692203
E 307 1 2 166502728 819200 16077128 102400 640 2560 0.0004069010610692203
E 307 2 2 164864328 819200 15872328 102400 2560 640 5.6312197557417676e-05
E 308 0 2 168141128 819200 16281928 102400 640 2560 0.0004069010610692203
E 308 1 2 168960328 819200 16384328 102400 640 2560 0.0004069010610692203
E 308 2 2 167321928 819200 16179528 102400 2560 640 4.904610977973789e-05
E 309 0 2 170598728 819200 16589128 102400 640 2560 0.0004069010610692203
E 309 1 2 171417928 819200 16691528 102400 640 2560 0.0004069010610692203
E 309 2 2 169779528 819200 16486728 102400 2560 640 9.009951463667676e-05
E 310 0 2 173056328 819200 16896328 102400 640 2560 0.0004069010610692203
E 310 1 2 173875528 819200 16998728 102400 640 2560 0.0004069010610692203
E 310 2 2 172237128 819200 16793928 102400 2560 640 5.1225935749243945e-05
E 311 0 2 175513928 819200 17203528 102400 640 2560 0.0004069010610692203
E 311 1 2 176333128 819200 17305928 102400 640 2560 0.0004069010610692203
E 311 2 2 174694728 819200 17101128 102400 2560 640 4.141671524848789e-05
E 312 0 2 177971528 819200 17510728 102400 640 2560 0.0004069010610692203
E 312 1 2 178790728 819200 17613128 102400 640 2560 0.0004069010610692203
E 312 2 2 177152328 819200 17408328 102400 2560 640 6.285167910391465e-05
E 313 0 2 180429128 819200 17817928 102400 640 2560 0.0004069010610692203
E 313 1 2 181248328 819200 17920328 102400 640 2560 0.0004069010610692203
E 313 2 2 179609928 819200 17715528 102400 2560 640 5.304245860315859e-05
E 314 0 2 182886728 819200 18125128 102400 640 2560 0.0004069010610692203
E 314 1 2 183705928 819200 18227528 102400 640 2560 0.0004069010610692203
E 314 2 2 182067528 819200 18022728 102400 2560 640 2.742949072853662e-05
E 315 0 2 185344328 819200 18432328 102400 640 2560 0.0004069010610692203
E 315 1 2 186163528 819200 18534728 102400 640 2560 0.0004069010610692203
E 315 2 2 184525128 819200 18329928 102400 2560 640 4.831949991057627e-05
E 316 0 2 187801928 819200 18739528 102400 640 2560 0.0004069010610692203
E 316 1 2 188621128 819200 18841928 102400 640 2560 0.0004069010610692203
E 316 2 2 186982728 819200 18637128 102400 2560 640 4.341488966019824e-05
E 317 0 2 190259528 819200 19046728 102400 640 2560 0.0004069010610692203
E 317 1 2 191078728 819200 19149128 102400 640 2560 0.0004069010610692203
E 317 2 2 189440328 819200 18944328 102400 2560 640 3.5240536817582324e-05
E 318 0 2 192717128 819200 19353928 102400 640 2560 0.0004069010610692203
E 318 1 2 193536328 819200 19456328 102400 640 2560 0.0004069010610692203
E 318 2 2 191897928 819200 19251528 102400 2560 640 5.8855330280493945e-05
E 319 0 2 195174728 819200 19661128 102400 640 2560 0.0004069010610692203
E 319 1 2 195993928 819200 19763528 102400 640 2560 0.0004069010610692203
E 319 2 2 194355528 819200 19558728 102400 2560 640 3.687540811370127e-05
E 320 0 2 197632328 819200 19968328 102400 640 2560 0.0004069010610692203
E 320 1 2 198451528 819200 20070728 102400 640 2560 0.0004069010610692203
E 320 2 2 196813128 819200 19865928 102400 2560 640 7.811046816641465e-05
E 321 0 2 200089928 819200 20275528 102400 640 2560 0.0004069010610692203
E 321 1 2 200909128 819200 20377928 102400 640 2560 0.0004069010610692203
E 321 2 2 199270728 819200 20173128 102400 2560 640 3.960019239457324e-05
E 322 0 2 202547528 819200 20582728 102400 640 2560 0.0004069010610692203
E 322 1 2 203366728 819200 20685128 102400 640 2560 0.0004069010610692203
E 322 2 2 201728328 819200 20480328 102400 2560 640 5.6312197557417676e-05
E 323 0 2 205005128 819200 20889928 102400 640 2560 0.0004069010610692203
E 323 1 2 205824328 819200 20992328 102400 640 2560 0.0004069010610692203
E 323 2 2 204185928 819200 20787528 102400 2560 640 8.828299905871972e-05
E 324 0 2 207462728 819200 21197128 102400 640 2560 0.0004069010610692203
E 324 1 2 208281928 819200 21299528 102400 640 2560 0.0004069010610692203
E 324 2 2 206643528 819200 21094728 102400 2560 640 6.0308550018817186e-05
E 325 0 2 209920328 819200 21504328 102400 640 2560 0.0004069010610692203
E 325 1 2 210739528 819200 21606728 102400 640 2560 0.0004069010610692203
E 325 2 2 209101128 819200 21401928 102400 2560 640 4.541306407190859e-05
E 326 0 2 212377928 819200 21811528 102400 640 2560 0.0004069010610692203
E 326 1 2 213197128 819200 21913928 102400 640 2560 0.0004069010610692203
E 326 2 2 211558728 819200 21709128 102400 2560 640 2.8519403713289648e-05
E 327 0 2 214835528 819200 22118728 102400 640 2560 0.0004069010610692203
E 327 1 2 215654728 819200 22221128 102400 640 2560 0.0004069010610692203
E 327 2 2 214016328 819200 22016328 102400 2560 640 5.994524326524697e-05
E 328 0 2 217293128 819200 22425928 102400 640 2560 0.0004069010610692203
E 328 1 2 218112328 819200 22528328 102400 640 2560 0.0004069010610692203
E 328 2 2 216473928 819200 22323528 102400 2560 640 2.506801138224546e-05
E 329 0 2 219750728 819200 22733128 102400 640 2560 0.0004069010610692203
E 329 1 2 220569928 819200 22835528 102400 640 2560 0.0004069010610692203
E 329 2 2 218931528 819200 22630728 102400 2560 640 8.864630217431113e-05
E 330 0 2 222208328 819200 23040328 102400 640 2560 0.0004069010610692203
E 330 1 2 223027528 819200 23142728 102400 640 2560 0.0004069010610692203
E 330 2 2 221389128 819200 22937928 102400 2560 640 2.5794619432417676e-05
E 331 0 2 224665928 819200 23347528 102400 640 2560 0.0004069010610692203
E 331 1 2 225485128 819200 23449928 102400 640 2560 0.0004069010610692203
E 331 2 2 223846728 819200 23245128 102400 2560 640 3.4513926948420703e-05
E 332 0 2 227123528 819200 23654728 102400 640 2560 0.0004069010610692203
E 332 1 2 227942728 819200 23757128 102400 640 2560 0.0004069010610692203
E 332 2 2 226304328 819200 23552328 102400 2560 640 4.686628017225303e-05
E 333 0 2 229581128 819200 23961928 102400 640 2560 0.0004069010610692203
E 333 1 2 230400328 819200 24064328 102400 640 2560 0.0004069010610692203
E 333 2 2 228761928 819200 23859528 102400 2560 640 4.722958692582324e-05
E 334 0 2 232038728 819200 24269128 102400 640 2560 0.0004069010610692203
E 334 1 2 232857928 819200 24371528 102400 640 2560 0.0004069010610692203
E 334 2 2 231219528 819200 24166728 102400 2560 640 3.542218837537803e-05
E 335 0 2 234496328 819200 24576328 102400 640 2560 0.0004069010610692203
E 335 1 2 235315528 819200 24678728 102400 640 2560 0.0004069010610692203
E 335 2 2 233677128 819200 24473928 102400 2560 640 6.103515625e-05
E 336 0 2 236953928 819200 24883528 102400 640 2560 0.0004069010610692203
E 336 1 2 237773128 819200 24985928 102400 640 2560 0.0004069010610692203
E 336 2 2 236134728 819200 24781128 102400 2560 640 3.960019239457324e-05
E 337 0 2 239411528 819200 25190728 102400 640 2560 0.0004069010610692203
E 337 1 2 240230728 819200 25293128 102400 640 2560 0.0004069010610692203
E 337 2 2 238592328 819200 25088328 102400 2560 640 3.887358252541162e-05
E 338 0 2 241869128 819200 25497928 102400 640 2560 0.0004069010610692203
E 338 1 2 242688328 819200 25600328 102400 640 2560 0.0004069010610692203
E 338 2 2 241049928 819200 25395528 102400 2560 640 4.831949991057627e-05
E 339 0 2 244326728 819200 25805128 102400 640 2560 0.0004069010610692203
E 339 1 2 245145928 819200 25907528 102400 640 2560 0.0004069010610692203
E 339 2 2 243507528 819200 25702728 102400 2560 640 6.0308550018817186e-05
E 340 0 2 246784328 819200 26112328 102400 640 2560 0.0004069010610692203
E 340 1 2 247603528 819200 26214728 102400 640 2560 0.0004069010610692203
E 340 2 2 245965128 819200 26009928 102400 2560 640 2.5794619432417676e-05
E 341 0 2 249241928 819200 26419528 102400 640 2560 0.0004069010610692203
E 341 1 2 250061128 819200 26521928 102400 640 2560 0.0004069010610692203
E 341 2 2 248422728 819200 26317128 102400 2560 640 7.847377128200606e-05
E 342 0 2 251699528 819200 26726728 102400 640 2560 0.0004069010610692203
E 342 1 2 252518728 819200 26829128 102400 640 2560 0.0004069010610692203
E 342 2 2 250880328 819200 26624328 102400 2560 640 4.0508453821530566e-05
E 343 0 2 254157128 819200 27033928 102400 640 2560 0.0004069010610692203
E 343 1 2 254976328 819200 27136328 102400 640 2560 0.0004069010610692203
E 343 2 2 253337928 819200 26931528 102400 2560 640 4.2143321479670703e-05
E 344 0 2 256614728 819200 27341128 102400 640 2560 0.0004069010610692203
E 344 1 2 257433928 819200 27443528 102400 640 2560 0.0004069010610692203
E 344 2 2 255795528 819200 27238728 102400 2560 640 2.8701055271085352e-05
E 345 0 2 259072328 819200 27648328 102400 640 2560 0.0004069010610692203
E 345 1 2 259891528 819200 27750728 102400 640 2560 0.0004069010610692203
E 345 2 2 258253128 819200 27545928 102400 2560 640 2.779279566311743e-05
E 346 0 2 261529928 819200 27955528 102400 640 2560 0.0004069010610692203
E 346 1 2 262349128 819200 28057928 102400 640 2560 0.0004069010610692203
E 346 2 2 260710728 819200 27853128 102400 2560 640 6.721133104292676e-05
E 347 0 2 263987528 819200 28262728 102400 640 2560 0.0004069010610692203
E 347 1 2 264806728 819200 28365128 102400 640 2560 0.0004069010610692203
E 347 2 2 263168328 819200 28160328 102400 2560 640 4.904610977973789e-05
E 348 0 2 266445128 819200 28569928 102400 640 2560 0.0004069010610692203
E 348 1 2 267264328 819200 28672328 102400 640 2560 0.0004069010610692203
E 348 2 2 265625928 819200 28467528 102400 2560 640 4.632132549886592e-05
E 349 0 2 268902728 819200 28877128 102400 640 2560 0.0004069010610692203
E 349 1 2 269721928 819200 28979528 102400 640 2560 0.0004069010610692203
E 349 2 2 268083528 819200 28774728 102400 2560 640 9.445917385164648e-05
E 350 0 2 271360328 819200 29184328 102400 640 2560 0.0004069010610692203
E 350 1 2 272179528 819200 29286728 102400 640 2560 0.0004069010610692203
E 350 2 2 270541128 819200 29081928 102400 2560 640 4.1780018364079297e-05
E 351 0 2 273817928 819200 29491528 102400 640 2560 0.0004069010610692203
E 351 1 2 274637128 819200 29593928 102400 640 2560 0.0004069010610692203
E 351 2 2 272998728 819200 29389128 102400 2560 640 5.849202716490254e-05
E 352 0 2 276275528 819200 29798728 102400 640 2560 0.0004069010610692203
E 352 1 2 277094728 819200 29901128 102400 640 2560 0.0004069010610692203
E 352 2 2 275456328 819200 29696328 102400 2560 640 7.157099025789648e-05
E 353 0 2 278733128 819200 30105928 102400 640 2560 0.0004069010610692203
E 353 1 2 279552328 819200 30208328 102400 640 2560 0.0004069010610692203
E 353 2 2 277913928 819200 30003528 102400 2560 640 5.1225935749243945e-05
E 354 0 2 281190728 819200 30413128 102400 640 2560 0.0004069010610692203
E 354 1 2 282009928 819200 30515528 102400 640 2560 0.0004069010610692203
E 354 2 2 280371528 819200 30310728 102400 2560 640 4.1780018364079297e-05
E 355 0 2 283648328 819200 30720328 102400 640 2560 0.0004069010610692203
E 355 1 2 284467528 819200 30822728 102400 640 2560 0.0004069010610692203
E 355 2 2 282829128 819200 30617928 102400 2560 640 7.120768714230508e-05
E 356 0 2 286105928 819200 31027528 102400 640 2560 0.0004069010610692203
E 356 1 2 286925128 819200 31129928 102400 640 2560 0.0004069010610692203
E 356 2 2 285286728 819200 30925128 102400 2560 640 7.702055881964043e-05
E 357 0 2 288563528 819200 31334728 102400 640 2560 0.0004069010610692203
E 357 1 2 289382728 819200 31437128 102400 640 2560 0.0004069010610692203
E 357 2 2 287744328 819200 31232328 102400 2560 640 5.413237158791162e-05
E 358 0 2 291021128 819200 31641928 102400 640 2560 0.0004069010610692203
E 358 1 2 291840328 819200 31744328 102400 640 2560 0.0004069010610692203
E 358 2 2 290201928 819200 31539528 102400 2560 640 4.1961669921875e-05
E 359 0 2 293478728 819200 31949128 102400 640 2560 0.0004069010610692203
E 359 1 2 294297928 819200 32051528 102400 640 2560 0.0004069010610692203
E 359 2 2 292659528 819200 31846728 102400 2560 640 4.686628017225303e-05
E 360 0 2 295936328 819200 32256328 102400 640 2560 0.0004069010610692203
E 360 1 2 296755528 819200 32358728 102400 640 2560 0.0004069010610692203
E 360 2 2 295117128 819200 32153928 102400 2560 640 7.702055881964043e-05
E 361 0 2 298393928 819200 32563528 102400 640 2560 0.0004069010610692203
E 361 1 2 299213128 819200 32665928 102400 640 2560 0.0004069010610692203
E 361 2 2 297574728 819200 32461128 102400 2560 640 3.0517578125e-05
E 362 0 2 300851528 819200 32870728 102400 640 2560 0.0004069010610692203
E 362 1 2 301670728 819200 32973128 102400 640 2560 0.0004069010610692203
E 362 2 2 300032328 819200 32768328 102400 2560 640 4.6139673941070214e-05
E 363 0 2 303309128 819200 33177928 102400 640 2560 0.0004069010610692203
E 363 1 2 304128328 819200 33280328 102400 640 2560 0.0004069010610692203
E 363 2 2 302489928 819200 33075528 102400 2560 640 4.414149952935986e-05
E 364 0 2 305766728 819200 33485128 102400 640 2560 0.0004069010610692203
E 364 1 2 306585928 819200 33587528 102400 640 2560 0.0004069010610692203
E 364 2 2 304947528 819200 33382728 102400 2560 640 3.6512101360131055e-05
E 365 0 2 308224328 819200 33792328 102400 640 2560 0.0004069010610692203
E 365 1 2 309043528 819200 33894728 102400 640 2560 0.0004069010610692203
E 365 2 2 307405128 819200 33689928 102400 2560 640 5.849202716490254e-05
E 366 0 2 310681928 819200 34099528 102400 640 2560 0.0004069010610692203
E 366 1 2 311501128 819200 34201928 102400 640 2560 0.0004069010610692203
E 366 2 2 309862728 819200 33997128 102400 2560 640 5.2679155487567186e-05
E 367 0 2 313139528 819200 34406728 102400 640 2560 0.0004069010610692203
E 367 1 2 313958728 819200 34509128 102400 640 2560 0.0004069010610692203
E 367 2 2 312320328 819200 34304328 102400 2560 640 6.50315050734207e-05
E 368 0 2 315597128 819200 34713928 102400 640 2560 0.0004069010610692203
E 368 1 2 316416328 819200 34816328 102400 640 2560 0.0004069010610692203
E 368 2 2 314777928 819200 34611528 102400 2560 640 5.3769068472320214e-05
E 369 0 2 318054728 819200 35021128 102400 640 2560 0.0004069010610692203
E 369 1 2 318873928 819200 35123528 102400 640 2560 0.0004069010610692203
E 369 2 2 317235528 819200 34918728 102400 2560 640 4.759289004141465e-05
E 370 0 2 320512328 819200 35328328 102400 640 2560 0.0004069010610692203
E 370 1 2 321331528 819200 35430728 102400 640 2560 0.0004069010610692203
E 370 2 2 319693128 819200 35225928 102400 2560 640 3.578549512894824e-05
E 371 0 2 322969928 819200 35635528 102400 640 2560 0.0004069010610692203
E 371 1 2 323789128 819200 35737928 102400 640 2560 0.0004069010610692203
E 371 2 2 322150728 819200 35533128 102400 2560 640 4.377819277578965e-05
E 372 0 2 325427528 819200 35942728 102400 640 2560 0.0004069010610692203
E 372 1 2 326246728 819200 36045128 102400 640 2560 0.0004069010610692203
E 372 2 2 324608328 819200 35840328 102400 2560 640 9.663899982115254e-05
E 373 0 2 327885128 819200 36249928 102400 640 2560 0.0004069010610692203
E 373 1 2 328704328 819200 36352328 102400 640 2560 0.0004069010610692203
E 373 2 2 327065928 819200 36147528 102400 2560 640 6.830124766565859e-05
E 374 0 2 330342728 819200 36557128 102400 640 2560 0.0004069010610692203
E 374 1 2 331161928 819200 36659528 102400 640 2560 0.0004069010610692203
E 374 2 2 329523528 819200 36454728 102400 2560 640 8.79196886671707e-05
E 375 0 2 332800328 819200 36864328 102400 640 2560 0.0004069010610692203
E 375 1 2 333619528 819200 36966728 102400 640 2560 0.0004069010610692203
E 375 2 2 331981128 819200 36761928 102400 2560 640 9.736560605233535e-05
E 376 0 2 335257928 819200 37171528 102400 640 2560 0.0004069010610692203
E 376 1 2 336077128 819200 37273928 102400 640 2560 0.0004069010610692203
E 376 2 2 334438728 819200 37069128 102400 2560 640 0.0001482282386859879
E 377 0 2 337715528 819200 37478728 102400 640 2560 0.0004069010610692203
E 377 1 2 338534728 819200 37581128 102400 640 2560 0.0004069010610692203
E 377 2 2 336896328 819200 37376328 102400 2560 640 3.487723370199092e-05
E 378 0 2 340173128 819200 37785928 102400 640 2560 0.0004069010610692203
E 378 1 2 340992328 819200 37888328 102400 640 2560 0.0004069010610692203
E 378 2 2 339353928 819200 37683528 102400 2560 640 5.2679155487567186e-05
E 379 0 2 342630728 819200 38093128 102400 640 2560 0.0004069010610692203
E 379 1 2 343449928 819200 38195528 102400 640 2560 0.0004069010610692203
E 379 2 2 341811528 819200 37990728 102400 2560 640 8.174351387424394e-05
E 380 0 2 345088328 819200 38400328 102400 640 2560 0.0004069010610692203
E 380 1 2 345907528 819200 38502728 102400 640 2560 0.0004069010610692203
E 380 2 2 344269128 819200 38297928 102400 2560 640 4.1961669921875e-05
E 381 0 2 347545928 819200 38707528 102400 640 2560 0.0004069010610692203
E 381 1 2 348365128 819200 38809928 102400 640 2560 0.0004069010610692203
E 381 2 2 346726728 819200 38605128 102400 2560 640 5.594889444182627e-05
E 382 0 2 350003528 819200 39014728 102400 640 2560 0.0004069010610692203
E 382 1 2 350822728 819200 39117128 102400 640 2560 0.0004069010610692203
E 382 2 2 349184328 819200 38912328 102400 2560 640 6.285167910391465e-05
E 383 0 2 352461128 819200 39321928 102400 640 2560 0.0004069010610692203
E 383 1 2 353280328 819200 39424328 102400 640 2560 0.0004069010610692203
E 383 2 2 351641928 819200 39219528 102400 2560 640 0.00010608491720631719
E 384 0 3 40345928 819200 307528 102400 640 2560 0.00021071662195026875
E 384 1 3 41165128 819200 409928 102400 640 2560 0.00021071662195026875
E 384 2 3 39526728 819200 205128 102400 2560 640 6.793794455006719e-05
E 385 0 3 42803528 819200 614728 102400 640 2560 0.00021071662195026875
E 385 1 3 43622728 819200 717128 102400 640 2560 0.00021071662195026875
E 385 2 3 41984328 819200 512328 102400 2560 640 7.411411934299394e-05
E 386 0 3 45261128 819200 921928 102400 640 2560 0.00021071662195026875
E 386 1 3 46080328 819200 1024328 102400 640 2560 0.00021071662195026875
E 386 2 3 44441928 819200 819528 102400 2560 640 3.160749110975303e-05
E 387 0 3 47718728 819200 1229128 102400 640 2560 0.00021071662195026875
E 387 1 3 48537928 819200 1331528 102400 640 2560 0.00021071662195026875
E 387 2 3 46899528 819200 1126728 102400 2560 640 4.305158290662803e-05
E 388 0 3 50176328 819200 1536328 102400 640 2560 0.00021071662195026875
E 388 1 3 50995528 819200 1638728 102400 640 2560 0.00021071662195026875
E 388 2 3 49357128 819200 1433928 102400 2560 640 8.02902941359207e-05
E 389 0 3 52633928 819200 1843528 102400 640 2560 0.00021071662195026875
E 389 1 3 53453128 819200 1945928 102400 640 2560 0.00021071662195026875
E 389 2 3 51814728 819200 1741128 102400 2560 640 2.4704706447664648e-05
E 390 0 3 55091528 819200 2150728 102400 640 2560 0.00021071662195026875
E 390 1 3 55910728 819200 2253128 102400 640 2560 0.00021071662195026875
E 390 2 3 54272328 819200 2048328 102400 2560 640 5.013602276449092e-05
E 391 0 3 57549128 819200 2457928 102400 640 2560 0.00021071662195026875
E 391 1 3 58368328 819200 2560328 102400 640 2560 0.00021071662195026875
E 391 2 3 56729928 819200 2355528 102400 2560 640 6.139845936559141e-05
E 392 0 3 60006728 819200 2765128 102400 640 2560 0.00021071662195026875
E 392 1 3 60825928 819200 2867528 102400 640 2560 0.00021071662195026875
E 392 2 3 59187528 819200 2662728 102400 2560 640 0.00011771066056098789
E 393 0 3 62464328 819200 3072328 102400 640 2560 0.00021071662195026875
E 393 1 3 63283528 819200 3174728 102400 640 2560 0.00021071662195026875
E 393 2 3 61645128 819200 2969928 102400 2560 640 5.6312197557417676e-05
E 394 0 3 64921928 819200 3379528 102400 640 2560 0.00021071662195026875
E 394 1 3 65741128 819200 3481928 102400 640 2560 0.00021071662195026875
E 394 2 3 64102728 819200 3277128 102400 2560 640 0.00010899134940700606
E 395 0 3 67379528 819200 3686728 102400 640 2560 0.00021071662195026875
E 395 1 3 68198728 819200 3789128 102400 640 2560 0.00021071662195026875
E 395 2 3 66560328 819200 3584328 102400 2560 640 4.2143321479670703e-05
E 396 0 3 69837128 819200 3993928 102400 640 2560 0.00021071662195026875
E 396 1 3 70656328 819200 4096328 102400 640 2560 0.00021071662195026875
E 396 2 3 69017928 819200 3891528 102400 2560 640 3.4695582144195214e-05
E 397 0 3 72294728 819200 4301128 102400 640 2560 0.00021071662195026875
E 397 1 3 73113928 819200 4403528 102400 640 2560 0.00021071662195026875
E 397 2 3 71475528 819200 4198728 102400 2560 640 6.902785389684141e-05
E 398 0 3 74752328 819200 4608328 102400 640 2560 0.00021071662195026875
E 398 1 3 75571528 819200 4710728 102400 640 2560 0.00021071662195026875
E 398 2 3 73933128 819200 4505928 102400 2560 640 2.9790970074827783e-05
E 399 0 3 77209928 819200 4915528 102400 640 2560 0.00021071662195026875
E 399 1 3 78029128 819200 5017928 102400 640 2560 0.00021071662195026875
E 399 2 3 76390728 819200 4813128 102400 2560 640 8.79196886671707e-05
E 400 0 3 79667528 819200 5222728 102400 640 2560 0.00021071662195026875
E 400 1 3 80486728 819200 5325128 102400 640 2560 0.00021071662195026875
E 400 2 3 78848328 819200 5120328 102400 2560 640 3.687540811370127e-05
E 401 0 3 82125128 819200 5529928 102400 640 2560 0.00021071662195026875
E 401 1 3 82944328 819200 5632328 102400 640 2560 0.00021071662195026875
E 401 2 3 81305928 819200 5427528 102400 2560 640 9.736560605233535e-05
E 402 0 3 84582728 819200 5837128 102400 640 2560 0.00021071662195026875
E 402 1 3 85401928 819200 5939528 102400 640 2560 0.00021071662195026875
E 402 2 3 83763528 819200 5734728 102400 2560 640 4.1961669921875e-05
E 403 0 3 87040328 819200 6144328 102400 640 2560 0.00021071662195026875
E 403 1 3 87859528 819200 6246728 102400 640 2560 0.00021071662195026875
E 403 2 3 86221128 819200 6041928 102400 2560 640 4.831949991057627e-05
E 404 0 3 89497928 819200 6451528 102400 640 2560 0.00021071662195026875
E 404 1 3 90317128 819200 6553928 102400 640 2560 0.00021071662195026875
E 404 2 3 88678728 819200 6349128 102400 2560 640 4.1961669921875e-05
E 405 0 3 91955528 819200 6758728 102400 640 2560 0.00021071662195026875
E 405 1 3 92774728 819200 6861128 102400 640 2560 0.00021071662195026875
E 405 2 3 91136328 819200 6656328 102400 2560 640 5.449567470350303e-05
E 406 0 3 94413128 819200 7065928 102400 640 2560 0.00021071662195026875
E 406 1 3 95232328 819200 7168328 102400 640 2560 0.00021071662195026875
E 406 2 3 93593928 819200 6963528 102400 2560 640 6.684802792733535e-05
E 407 0 3 96870728 819200 7373128 102400 640 2560 0.00021071662195026875
E 407 1 3 97689928 819200 7475528 102400 640 2560 0.00021071662195026875
E 407 2 3 96051528 819200 7270728 102400 2560 640 9.300595411332324e-05
E 408 0 3 99328328 819200 7680328 102400 640 2560 0.00021071662195026875
E 408 1 3 100147528 819200 7782728 102400 640 2560 0.00021071662195026875
E 408 2 3 98509128 819200 7577928 102400 2560 640 8.283343049697578e-05
E 409 0 3 101785928 819200 7987528 102400 640 2560 0.00021071662195026875
E 409 1 3 102605128 819200 8089928 102400 640 2560 0.00021071662195026875
E 409 2 3 100966728 819200 7885128 102400 2560 640 6.176176975714043e-05
E 410 0 3 104243528 819200 8294728 102400 640 2560 0.00021071662195026875
E 410 1 3 105062728 819200 8397128 102400 640 2560 0.00021071662195026875
E 410 2 3 103424328 819200 8192328 102400 2560 640 8.101690764306113e-05
E 411 0 3 106701128 819200 8601928 102400 640 2560 0.00021071662195026875
E 411 1 3 107520328 819200 8704328 102400 640 2560 0.00021071662195026875
E 411 2 3 105881928 819200 8499528 102400 2560 640 3.633044980233535e-05
E 412 0 3 109158728 819200 8909128 102400 640 2560 0.00021071662195026875
E 412 1 3 109977928 819200 9011528 102400 640 2560 0.00021071662195026875
E 412 2 3 108339528 819200 8806728 102400 2560 640 4.9409412895329297e-05
E 413 0 3 111616328 819200 9216328 102400 640 2560 0.00021071662195026875
E 413 1 3 112435528 819200 9318728 102400 640 2560 0.00021071662195026875
E 413 2 3 110797128 819200 9113928 102400 2560 640 5.231584873399697e-05
E 414 0 3 114073928 819200 9523528 102400 640 2560 0.00021071662195026875
E 414 1 3 114893128 819200 9625928 102400 640 2560 0.00021071662195026875
E 414 2 3 113254728 819200 9421128 102400 2560 640 4.268827979103662e-05
E 415 0 3 116531528 819200 9830728 102400 640 2560 0.00021071662195026875
E 415 1 3 117350728 819200 9933128 102400 640 2560 0.00021071662195026875
E 415 2 3 115712328 819200 9728328 102400 2560 640 5.7402110542170703e-05
E 416 0 3 118989128 819200 10137928 102400 640 2560 0.00021071662195026875
E 416 1 3 119808328 819200 10240328 102400 640 2560 0.00021071662195026875
E 416 2 3 118169928 819200 10035528 102400 2560 640 4.305158290662803e-05
E 417 0 3 121446728 819200 10445128 102400 640 2560 0.00021071662195026875
E 417 1 3 122265928 819200 10547528 102400 640 2560 0.00021071662195026875
E 417 2 3 120627528 819200 10342728 102400 2560 640 7.375081622740254e-05
E 418 0 3 123904328 819200 10752328 102400 640 2560 0.00021071662195026875
E 418 1 3 124723528 819200 10854728 102400 640 2560 0.00021071662195026875
E 418 2 3 123085128 819200 10649928 102400 2560 640 0.0001104445691453293
E 419 0 3 126361928 819200 11059528 102400 640 2560 0.00021071662195026875
E 419 1 3 127181128 819200 11161928 102400 640 2560 0.00021071662195026875
E 419 2 3 125542728 819200 10957128 102400 2560 640 5.2679155487567186e-05
E 420 0 3 128819528 819200 11366728 102400 640 2560 0.00021071662195026875
E 420 1 3 129638728 819200 11469128 102400 640 2560 0.00021071662195026875
E 420 2 3 128000328 819200 11264328 102400 2560 640 0.00011117118265246972
E 421 0 3 131277128 819200 11673928 102400 640 2560 0.00021071662195026875
E 421 1 3 132096328 819200 11776328 102400 640 2560 0.00021071662195026875
E 421 2 3 130457928 819200 11571528 102400 2560 640 4.2143321479670703e-05
E 422 0 3 133734728 819200 11981128 102400 640 2560 0.00021071662195026875
E 422 1 3 134553928 819200 12083528 102400 640 2560 0.00021071662195026875
E 422 2 3 132915528 819200 11878728 102400 2560 640 7.556733908131719e-05
E 423 0 3 136192328 819200 12288328 102400 640 2560 0.00021071662195026875
E 423 1 3 137011528 819200 12390728 102400 640 2560 0.00021071662195026875
E 423 2 3 135373128 819200 12185928 102400 2560 640 2.8156098778708838e-05
E 424 0 3 138649928 819200 12595528 102400 640 2560 0.00021071662195026875
E 424 1 3 139469128 819200 12697928 102400 640 2560 0.00021071662195026875
E 424 2 3 137830728 819200 12493128 102400 2560 640 4.341488966019824e-05
E 425 0 3 141107528 819200 12902728 102400 640 2560 0.00021071662195026875
E 425 1 3 141926728 819200 13005128 102400 640 2560 0.00021071662195026875
E 425 2 3 140288328 819200 12800328 102400 2560 640 5.6312197557417676e-05
E 426 0 3 143565128 819200 13209928 102400 640 2560 0.00021071662195026875
E 426 1 3 144384328 819200 13312328 102400 640 2560 0.00021071662195026875
E 426 2 3 142745928 819200 13107528 102400 2560 640 6.830124766565859e-05
E 427 0 3 146022728 819200 13517128 102400 640 2560 0.00021071662195026875
E 427 1 3 146841928 819200 13619528 102400 640 2560 0.00021071662195026875
E 427 2 3 145203528 819200 13414728 102400 2560 640 4.0508453821530566e-05
E 428 0 3 148480328 819200 13824328 102400 640 2560 0.00021071662195026875
E 428 1 3 149299528 819200 13926728 102400 640 2560 0.00021071662195026875
E 428 2 3 147661128 819200 13721928 102400 2560 640 2.6157924366998486e-05
E 429 0 3 150937928 819200 14131528 102400 640 2560 0.00021071662195026875
E 429 1 3 151757128 819200 14233928 102400 640 2560 0.00021071662195026875
E 429 2 3 150118728 819200 14029128 102400 2560 640 4.904610977973789e-05
E 430 0 3 153395528 819200 14438728 102400 640 2560 0.00021071662195026875
E 430 1 3 154214728 819200 14541128 102400 640 2560 0.00021071662195026875
E 430 2 3 152576328 819200 14336328 102400 2560 640 5.667550431098789e-05
E 431 0 3 155853128 819200 14745928 102400 640 2560 0.00021071662195026875
E 431 1 3 156672328 819200 14848328 102400 640 2560 0.00021071662195026875
E 431 2 3 155033928 819200 14643528 102400 2560 640 3.923688564100303e-05
E 432 0 3 158310728 819200 15053128 102400 640 2560 0.00021071662195026875
E 432 1 3 159129928 819200 15155528 102400 640 2560 0.00021071662195026875
E 432 2 3 157491528 819200 14950728 102400 2560 640 7.120768714230508e-05
E 433 0 3 160768328 819200 15360328 102400 640 2560 0.00021071662195026875
E 433 1 3 161587528 819200 15462728 102400 640 2560 0.00021071662195026875
E 433 2 3 159949128 819200 15257928 102400 2560 640 6.757464143447578e-05
E 434 0 3 163225928 819200 15667528 102400 640 2560 0.00021071662195026875
E 434 1 3 164045128 819200 15769928 102400 640 2560 0.00021071662195026875
E 434 2 3 162406728 819200 15565128 102400 2560 640 4.0326798625756055e-05
E 435 0 3 165683528 819200 15974728 102400 640 2560 0.00021071662195026875
E 435 1 3 166502728 819200 16077128 102400 640 2560 0.00021071662195026875
E 435 2 3 164864328 819200 15872328 102400 2560 640 3.542218837537803e-05
E 436 0 3 168141128 819200 16281928 102400 640 2560 0.00021071662195026875
E 436 1 3 168960328 819200 16384328 102400 640 2560 0.00021071662195026875
E 436 2 3 167321928 819200 16179528 102400 2560 640 4.9409412895329297e-05
E 437 0 3 170598728 819200 16589128 102400 640 2560 0.00021071662195026875
E 437 1 3 171417928 819200 16691528 102400 640 2560 0.00021071662195026875
E 437 2 3 169779528 819200 16486728 102400 2560 640 4.541306407190859e-05
E 438 0 3 173056328 819200 16896328 102400 640 2560 0.00021071662195026875
E 438 1 3 173875528 819200 16998728 102400 640 2560 0.00021071662195026875
E 438 2 3 172237128 819200 16793928 102400 2560 640 3.542218837537803e-05
E 439 0 3 175513928 819200 17203528 102400 640 2560 0.00021071662195026875
E 439 1 3 176333128 819200 17305928 102400 640 2560 0.00021071662195026875
E 439 2 3 174694728 819200 17101128 102400 2560 640 0.00010899134940700606
E 440 0 3 177971528 819200 17510728 102400 640 2560 0.00021071662195026875
E 440 1 3 178790728 819200 17613128 102400 640 2560 0.00021071662195026875
E 440 2 3 177152328 819200 17408328 102400 2560 640 4.087175693712197e-05
E 441 0 3 180429128 819200 17817928 102400 640 2560 0.00021071662195026875
E 441 1 3 181248328 819200 17920328 102400 640 2560 0.00021071662195026875
E 441 2 3 179609928 819200 17715528 102400 2560 640 3.0699229682795703e-05
E 442 0 3 182886728 819200 18125128 102400 640 2560 0.00021071662195026875
E 442 1 3 183705928 819200 18227528 102400 640 2560 0.00021071662195026875
E 442 2 3 182067528 819200 18022728 102400 2560 640 5.340576171875e-05
E 443 0 3 185344328 819200 18432328 102400 640 2560 0.00021071662195026875
E 443 1 3 186163528 819200 18534728 102400 640 2560 0.00021071662195026875
E 443 2 3 184525128 819200 18329928 102400 2560 640 5.994524326524697e-05
E 444 0 3 187801928 819200 18739528 102400 640 2560 0.00021071662195026875
E 444 1 3 188621128 819200 18841928 102400 640 2560 0.00021071662195026875
E 444 2 3 186982728 819200 18637128 102400 2560 640 4.722958692582324e-05
E 445 0 3 190259528 819200 19046728 102400 640 2560 0.00021071662195026875
E 445 1 3 191078728 819200 19149128 102400 640 2560 0.00021071662195026875
E 445 2 3 189440328 819200 18944328 102400 2560 640 5.7402110542170703e-05
E 446 0 3 192717128 819200 19353928 102400 640 2560 0.00021071662195026875
E 446 1 3 193536328 819200 19456328 102400 640 2560 0.00021071662195026875
E 446 2 3 191897928 819200 19251528 102400 2560 640 9.736560605233535e-05
E 447 0 3 195174728 819200 19661128 102400 640 2560 0.00021071662195026875
E 447 1 3 195993928 819200 19763528 102400 640 2560 0.00021071662195026875
E 447 2 3 194355528 819200 19558728 102400 2560 640 2.4886358005460352e-05
E 448 0 3 197632328 819200 19968328 102400 640 2560 0.00021071662195026875
E 448 1 3 198451528 819200 20070728 102400 640 2560 0.00021071662195026875
E 448 2 3 196813128 819200 19865928 102400 2560 640 3.124418799416162e-05
E 449 0 3 200089928 819200 20275528 102400 640 2560 0.00021071662195026875
E 449 1 3 200909128 819200 20377928 102400 640 2560 0.00021071662195026875
E 449 2 3 199270728 819200 20173128 102400 2560 640 3.705705967149697e-05
E 450 0 3 202547528 819200 20582728 102400 640 2560 0.00021071662195026875
E 450 1 3 203366728 819200 20685128 102400 640 2560 0.00021071662195026875
E 450 2 3 201728328 819200 20480328 102400 2560 640 0.00010463169746799394
E 451 0 3 205005128 819200 20889928 102400 640 2560 0.00021071662195026875
E 451 1 3 205824328 819200 20992328 102400 640 2560 0.00021071662195026875
E 451 2 3 204185928 819200 20787528 102400 2560 640 3.542218837537803e-05
E 452 0 3 207462728 819200 21197128 102400 640 2560 0.00021071662195026875
E 452 1 3 208281928 819200 21299528 102400 640 2560 0.00021071662195026875
E 452 2 3 206643528 819200 21094728 102400 2560 640 4.904610977973789e-05
E 453 0 3 209920328 819200 21504328 102400 640 2560 0.00021071662195026875
E 453 1 3 210739528 819200 21606728 102400 640 2560 0.00021071662195026875
E 453 2 3 209101128 819200 21401928 102400 2560 640 4.4323151087155566e-05
E 454 0 3 212377928 819200 21811528 102400 640 2560 0.00021071662195026875
E 454 1 3 213197128 819200 21913928 102400 640 2560 0.00021071662195026875
E 454 2 3 211558728 819200 21709128 102400 2560 640 8.210681698983535e-05
E 455 0 3 214835528 819200 22118728 102400 640 2560 0.00021071662195026875
E 455 1 3 215654728 819200 22221128 102400 640 2560 0.00021071662195026875
E 455 2 3 214016328 819200 22016328 102400 2560 640 2.8156098778708838e-05
E 456 0 3 217293128 819200 22425928 102400 640 2560 0.00021071662195026875
E 456 1 3 218112328 819200 22528328 102400 640 2560 0.00021071662195026875
E 456 2 3 216473928 819200 22323528 102400 2560 640 0.00011916388029931113
E 457 0 3 219750728 819200 22733128 102400 640 2560 0.00021071662195026875
E 457 1 3 220569928 819200 22835528 102400 640 2560 0.00021071662195026875
E 457 2 3 218931528 819200 22630728 102400 2560 640 4.650297705666162e-05
E 458 0 3 222208328 819200 23040328 102400 640 2560 0.00021071662195026875
E 458 1 3 223027528 819200 23142728 102400 640 2560 0.00021071662195026875
E 458 2 3 221389128 819200 22937928 102400 2560 640 9.881882579065859e-05
E 459 0 3 224665928 819200 23347528 102400 640 2560 0.00021071662195026875
E 459 1 3 225485128 819200 23449928 102400 640 2560 0.00021071662195026875
E 459 2 3 223846728 819200 23245128 102400 2560 640 0.00011335100862197578
E 460 0 3 227123528 819200 23654728 102400 640 2560 0.00021071662195026875
E 460 1 3 227942728 819200 23757128 102400 640 2560 0.00021071662195026875
E 460 2 3 226304328 819200 23552328 102400 2560 640 5.0499325880082324e-05
E 461 0 3 229581128 819200 23961928 102400 640 2560 0.00021071662195026875
E 461 1 3 230400328 819200 24064328 102400 640 2560 0.00021071662195026875
E 461 2 3 228761928 819200 23859528 102400 2560 640 7.556733908131719e-05
E 462 0 3 232038728 819200 24269128 102400 640 2560 0.00021071662195026875
E 462 1 3 232857928 819200 24371528 102400 640 2560 0.00021071662195026875
E 462 2 3 231219528 819200 24166728 102400 2560 640 8.900960528990254e-05
E 463 0 3 234496328 819200 24576328 102400 640 2560 0.00021071662195026875
E 463 1 3 235315528 819200 24678728 102400 640 2560 0.00021071662195026875
E 463 2 3 233677128 819200 24473928 102400 2560 640 6.103515625e-05
E 464 0 3 236953928 819200 24883528 102400 640 2560 0.00021071662195026875
E 464 1 3 237773128 819200 24985928 102400 640 2560 0.00021071662195026875
E 464 2 3 236134728 819200 24781128 102400 2560 640 5.158923886483535e-05
E 465 0 3 239411528 819200 25190728 102400 640 2560 0.00021071662195026875
E 465 1 3 240230728 819200 25293128 102400 640 2560 0.00021071662195026875
E 465 2 3 238592328 819200 25088328 102400 2560 640 2.543131631682627e-05
E 466 0 3 241869128 819200 25497928 102400 640 2560 0.00021071662195026875
E 466 1 3 242688328 819200 25600328 102400 640 2560 0.00021071662195026875
E 466 2 3 241049928 819200 25395528 102400 2560 640 3.8510279409820214e-05
E 467 0 3 244326728 819200 25805128 102400 640 2560 0.00021071662195026875
E 467 1 3 245145928 819200 25907528 102400 640 2560 0.00021071662195026875
E 467 2 3 243507528 819200 25702728 102400 2560 640 5.304245860315859e-05
E 468 0 3 246784328 819200 26112328 102400 640 2560 0.00021071662195026875
E 468 1 3 247603528 819200 26214728 102400 640 2560 0.00021071662195026875
E 468 2 3 245965128 819200 26009928 102400 2560 640 8.174351387424394e-05
E 469 0 3 249241928 819200 26419528 102400 640 2560 0.00021071662195026875
E 469 1 3 250061128 819200 26521928 102400 640 2560 0.00021071662195026875
E 469 2 3 248422728 819200 26317128 102400 2560 640 5.340576171875e-05
E 470 0 3 251699528 819200 26726728 102400 640 2560 0.00021071662195026875
E 470 1 3 252518728 819200 26829128 102400 640 2560 0.00021071662195026875
E 470 2 3 250880328 819200 26624328 102400 2560 640 4.722958692582324e-05
E 471 0 3 254157128 819200 27033928 102400 640 2560 0.00021071662195026875
E 471 1 3 254976328 819200 27136328 102400 640 2560 0.00021071662195026875
E 471 2 3 253337928 819200 26931528 102400 2560 640 2.8337752155493945e-05
E 472 0 3 256614728 819200 27341128 102400 640 2560 0.00021071662195026875
E 472 1 3 257433928 819200 27443528 102400 640 2560 0.00021071662195026875
E 472 2 3 255795528 819200 27238728 102400 2560 640 4.57763671875e-05
E 473 0 3 259072328 819200 27648328 102400 640 2560 0.00021071662195026875
E 473 1 3 259891528 819200 27750728 102400 640 2560 0.00021071662195026875
E 473 2 3 258253128 819200 27545928 102400 2560 640 4.759289004141465e-05
E 474 0 3 261529928 819200 27955528 102400 640 2560 0.00021071662195026875
E 474 1 3 262349128 819200 28057928 102400 640 2560 0.00021071662195026875
E 474 2 3 260710728 819200 27853128 102400 2560 640 3.778366954065859e-05
E 475 0 3 263987528 819200 28262728 102400 640 2560 0.00021071662195026875
E 475 1 3 264806728 819200 28365128 102400 640 2560 0.00021071662195026875
E 475 2 3 263168328 819200 28160328 102400 2560 640 8.138021075865254e-05
E 476 0 3 266445128 819200 28569928 102400 640 2560 0.00021071662195026875
E 476 1 3 267264328 819200 28672328 102400 640 2560 0.00021071662195026875
E 476 2 3 265625928 819200 28467528 102400 2560 640 5.7402110542170703e-05
E 477 0 3 268902728 819200 28877128 102400 640 2560 0.00021071662195026875
E 477 1 3 269721928 819200 28979528 102400 640 2560 0.00021071662195026875
E 477 2 3 268083528 819200 28774728 102400 2560 640 4.450480264495127e-05
E 478 0 3 271360328 819200 29184328 102400 640 2560 0.00021071662195026875
E 478 1 3 272179528 819200 29286728 102400 640 2560 0.00021071662195026875
E 478 2 3 270541128 819200 29081928 102400 2560 640 6.612142169615254e-05
E 479 0 3 273817928 819200 29491528 102400 640 2560 0.00021071662195026875
E 479 1 3 274637128 819200 29593928 102400 640 2560 0.00021071662195026875
E 479 2 3 272998728 819200 29389128 102400 2560 640 4.8682803026167676e-05
E 480 0 3 276275528 819200 29798728 102400 640 2560 0.00021071662195026875
E 480 1 3 277094728 819200 29901128 102400 640 2560 0.00021071662195026875
E 480 2 3 275456328 819200 29696328 102400 2560 640 7.375081622740254e-05
E 481 0 3 278733128 819200 30105928 102400 640 2560 0.00021071662195026875
E 481 1 3 279552328 819200 30208328 102400 640 2560 0.00021071662195026875
E 481 2 3 277913928 819200 30003528 102400 2560 640 4.759289004141465e-05
E 482 0 3 281190728 819200 30413128 102400 640 2560 0.00021071662195026875
E 482 1 3 282009928 819200 30515528 102400 640 2560 0.00021071662195026875
E 482 2 3 280371528 819200 30310728 102400 2560 640 5.1225935749243945e-05
E 483 0 3 283648328 819200 30720328 102400 640 2560 0.00021071662195026875
E 483 1 3 284467528 819200 30822728 102400 640 2560 0.00021071662195026875
E 483 2 3 282829128 819200 30617928 102400 2560 640 4.4323151087155566e-05
E 484 0 3 286105928 819200 31027528 102400 640 2560 0.00021071662195026875
E 484 1 3 286925128 819200 31129928 102400 640 2560 0.00021071662195026875
E 484 2 3 285286728 819200 30925128 102400 2560 640 0.00012425014574546367
E 485 0 3 288563528 819200 31334728 102400 640 2560 0.00021071662195026875
E 485 1 3 289382728 819200 31437128 102400 640 2560 0.00021071662195026875
E 485 2 3 287744328 819200 31232328 102400 2560 640 5.994524326524697e-05
E 486 0 3 291021128 819200 31641928 102400 640 2560 0.00021071662195026875
E 486 1 3 291840328 819200 31744328 102400 640 2560 0.00021071662195026875
E 486 2 3 290201928 819200 31539528 102400 2560 640 4.5958018745295703e-05
E 487 0 3 293478728 819200 31949128 102400 640 2560 0.00021071662195026875
E 487 1 3 294297928 819200 32051528 102400 640 2560 0.00021071662195026875
E 487 2 3 292659528 819200 31846728 102400 2560 640 8.392333984375e-05
E 488 0 3 295936328 819200 32256328 102400 640 2560 0.00021071662195026875
E 488 1 3 296755528 819200 32358728 102400 640 2560 0.00021071662195026875
E 488 2 3 295117128 819200 32153928 102400 2560 640 2.742949072853662e-05
E 489 0 3 298393928 819200 32563528 102400 640 2560 0.00021071662195026875
E 489 1 3 299213128 819200 32665928 102400 640 2560 0.00021071662195026875
E 489 2 3 297574728 819200 32461128 102400 2560 640 7.811046816641465e-05
E 490 0 3 300851528 819200 32870728 102400 640 2560 0.00021071662195026875
E 490 1 3 301670728 819200 32973128 102400 640 2560 0.00021071662195026875
E 490 2 3 300032328 819200 32768328 102400 2560 640 4.504975731833838e-05
E 491 0 3 303309128 819200 33177928 102400 640 2560 0.00021071662195026875
E 491 1 3 304128328 819200 33280328 102400 640 2560 0.00021071662195026875
E 491 2 3 302489928 819200 33075528 102400 2560 640 7.338751311181113e-05
E 492 0 3 305766728 819200 33485128 102400 640 2560 0.00021071662195026875
E 492 1 3 306585928 819200 33587528 102400 640 2560 0.00021071662195026875
E 492 2 3 304947528 819200 33382728 102400 2560 640 5.304245860315859e-05
E 493 0 3 308224328 819200 33792328 102400 640 2560 0.00021071662195026875
E 493 1 3 309043528 819200 33894728 102400 640 2560 0.00021071662195026875
E 493 2 3 307405128 819200 33689928 102400 2560 640 3.9781843952368945e-05
E 494 0 3 310681928 819200 34099528 102400 640 2560 0.00021071662195026875
E 494 1 3 311501128 819200 34201928 102400 640 2560 0.00021071662195026875
E 494 2 3 309862728 819200 33997128 102400 2560 640 3.869193096761592e-05
E 495 0 3 313139528 819200 34406728 102400 640 2560 0.00021071662195026875
E 495 1 3 313958728 819200 34509128 102400 640 2560 0.00021071662195026875
E 495 2 3 312320328 819200 34304328 102400 2560 640 5.776541729574092e-05
E 496 0 3 315597128 819200 34713928 102400 640 2560 0.00021071662195026875
E 496 1 3 316416328 819200 34816328 102400 640 2560 0.00021071662195026875
E 496 2 3 314777928 819200 34611528 102400 2560 640 8.864630217431113e-05
E 497 0 3 318054728 819200 35021128 102400 640 2560 0.00021071662195026875
E 497 1 3 318873928 819200 35123528 102400 640 2560 0.00021071662195026875
E 497 2 3 317235528 819200 34918728 102400 2560 640 5.485898145707324e-05
E 498 0 3 320512328 819200 35328328 102400 640 2560 0.00021071662195026875
E 498 1 3 321331528 819200 35430728 102400 640 2560 0.00021071662195026875
E 498 2 3 319693128 819200 35225928 102400 2560 640 0.0001634870277484879
E 499 0 3 322969928 819200 35635528 102400 640 2560 0.00021071662195026875
E 499 1 3 323789128 819200 35737928 102400 640 2560 0.00021071662195026875
E 499 2 3 322150728 819200 35533128 102400 2560 640 2.6884534236160107e-05
E 500 0 3 325427528 819200 35942728 102400 640 2560 0.00021071662195026875
E 500 1 3 326246728 819200 36045128 102400 640 2560 0.00021071662195026875
E 500 2 3 324608328 819200 35840328 102400 2560 640 4.069010537932627e-05
E 501 0 3 327885128 819200 36249928 102400 640 2560 0.00021071662195026875
E 501 1 3 328704328 819200 36352328 102400 640 2560 0.00021071662195026875
E 501 2 3 327065928 819200 36147528 102400 2560 640 2.706618579395581e-05
E 502 0 3 330342728 819200 36557128 102400 640 2560 0.00021071662195026875
E 502 1 3 331161928 819200 36659528 102400 640 2560 0.00021071662195026875
E 502 2 3 329523528 819200 36454728 102400 2560 640 9.1552734375e-05
E 503 0 3 332800328 819200 36864328 102400 640 2560 0.00021071662195026875
E 503 1 3 333619528 819200 36966728 102400 640 2560 0.00021071662195026875
E 503 2 3 331981128 819200 36761928 102400 2560 640 4.1961669921875e-05
E 504 0 3 335257928 819200 37171528 102400 640 2560 0.00021071662195026875
E 504 1 3 336077128 819200 37273928 102400 640 2560 0.00021071662195026875
E 504 2 3 334438728 819200 37069128 102400 2560 640 6.067185313440859e-05
E 505 0 3 337715528 819200 37478728 102400 640 2560 0.00021071662195026875
E 505 1 3 338534728 819200 37581128 102400 640 2560 0.00021071662195026875
E 505 2 3 336896328 819200 37376328 102400 2560 640 9.881882579065859e-05
E 506 0 3 340173128 819200 37785928 102400 640 2560 0.00021071662195026875
E 506 1 3 340992328 819200 37888328 102400 640 2560 0.00021071662195026875
E 506 2 3 339353928 819200 37683528 102400 2560 640 5.8855330280493945e-05
E 507 0 3 342630728 819200 38093128 102400 640 2560 0.00021071662195026875
E 507 1 3 343449928 819200 38195528 102400 640 2560 0.00021071662195026875
E 507 2 3 341811528 819200 37990728 102400 2560 640 8.828299905871972e-05
E 508 0 3 345088328 819200 38400328 102400 640 2560 0.00021071662195026875
E 508 1 3 345907528 819200 38502728 102400 640 2560 0.00021071662195026875
E 508 2 3 344269128 819200 38297928 102400 2560 640 3.687540811370127e-05
E 509 0 3 347545928 819200 38707528 102400 640 2560 0.00021071662195026875
E 509 1 3 348365128 819200 38809928 102400 640 2560 0.00021071662195026875
E 509 2 3 346726728 819200 38605128 102400 2560 640 2.9064360205666162e-05
E 510 0 3 350003528 819200 39014728 102400 640 2560 0.00021071662195026875
E 510 1 3 350822728 819200 39117128 102400 640 2560 0.00021071662195026875
E 510 2 3 349184328 819200 38912328 102400 2560 640 2.7974447220913135e-05
E 511 0 3 352461128 819200 39321928 102400 640 2560 0.00021071662195026875
E 511 1 3 353280328 819200 39424328 102400 640 2560 0.00021071662195026875
E 511 2 3 351641928 819200 39219528 102400 2560 640 5.8128720411332324e-05
