name,K,N,g,dtype,M,cand,us,reps,R
glm.gate_up  tp2,2048,10240,128,bfloat16,1,32x64x4,59.312,19,17
glm.gate_up  tp2,2048,10240,128,bfloat16,1,64x64x2,66.753,17,17
glm.gate_up  tp2,2048,10240,128,bfloat16,1,64x128x4,70.499,16,17
glm.gate_up  tp2,2048,10240,128,bfloat16,1,32x128x4,75.584,15,17
glm.gate_up  tp2,2048,10240,128,bfloat16,1,32x64x2,76.294,15,17
glm.gate_up  tp2,2048,10240,128,bfloat16,1,96x128x2,79.059,14,17
glm.gate_up  tp2,2048,10240,128,bfloat16,1,32x32,80.424,14,17
glm.gate_up  tp2,2048,10240,128,bfloat16,1,128x128x2,80.942,14,17
glm.gate_up  tp2,2048,10240,128,bfloat16,1,128x64x2,81.485,14,17
glm.gate_up  tp2,2048,10240,128,bfloat16,1,64x128x2,81.724,13,17
glm.gate_up  tp2,2048,10240,128,bfloat16,1,64x64,85.622,13,17
glm.gate_up  tp2,2048,10240,128,bfloat16,1,128x128x4,87.664,13,17
glm.gate_up  tp2,2048,10240,128,bfloat16,1,64x32,94.663,12,17
glm.gate_up  tp2,2048,10240,128,bfloat16,1,128x32,95.614,12,17
glm.gate_up  tp2,2048,10240,128,bfloat16,1,128x64,101.058,11,17
glm.gate_up  tp2,2048,10240,128,bfloat16,1,96x128,102.852,11,17
glm.gate_up  tp2,2048,10240,128,bfloat16,1,192x128x2,106.408,10,17
glm.gate_up  tp2,2048,10240,128,bfloat16,1,32x64,113.842,10,17
glm.gate_up  tp2,2048,10240,128,bfloat16,1,80x128,116.385,10,17
glm.gate_up  tp2,2048,10240,128,bfloat16,1,128x128,117.632,9,17
glm.gate_up  tp2,2048,10240,128,bfloat16,1,64x128,118.337,9,17
glm.gate_up  tp2,2048,10240,128,bfloat16,1,112x128,123.668,9,17
glm.gate_up  tp2,2048,10240,128,bfloat16,1,256x64,125.906,9,17
glm.gate_up  tp2,2048,10240,128,bfloat16,1,256x128,129.968,9,17
glm.gate_up  tp2,2048,10240,128,bfloat16,1,256x128x2,130.061,8,17
glm.gate_up  tp2,2048,10240,128,bfloat16,1,192x128,133.320,8,17
glm.gate_up  tp2,2048,10240,128,bfloat16,1,256x32,137.874,8,17
glm.gate_up  tp2,2048,10240,128,bfloat16,1,256x192,162.667,7,17
glm.gate_up  tp2,2048,10240,128,bfloat16,1,128x256,185.112,5,17
glm.gate_up  tp2,2048,10240,128,bfloat16,1,32x128,261.639,4,17
glm.gate_up  tp2,2048,10240,128,bfloat16,1,16x64,294.454,4,17
glm.gate_up  tp2,2048,10240,128,bfloat16,1,16x128,509.247,2,17
glm.gate_up  tp2,2048,10240,128,bfloat16,8,32x64x4,60.283,19,17
glm.gate_up  tp2,2048,10240,128,bfloat16,8,64x64x2,68.424,17,17
glm.gate_up  tp2,2048,10240,128,bfloat16,8,64x128x4,71.287,16,17
glm.gate_up  tp2,2048,10240,128,bfloat16,8,32x128x4,77.138,15,17
glm.gate_up  tp2,2048,10240,128,bfloat16,8,32x64x2,79.024,14,17
glm.gate_up  tp2,2048,10240,128,bfloat16,8,128x128x2,81.674,14,17
glm.gate_up  tp2,2048,10240,128,bfloat16,8,128x64x2,82.783,14,17
glm.gate_up  tp2,2048,10240,128,bfloat16,8,32x32,84.762,11,17
glm.gate_up  tp2,2048,10240,128,bfloat16,8,128x128x4,87.827,13,17
glm.gate_up  tp2,2048,10240,128,bfloat16,8,64x64,88.334,13,17
glm.gate_up  tp2,2048,10240,128,bfloat16,8,96x128x2,88.681,12,17
glm.gate_up  tp2,2048,10240,128,bfloat16,8,64x128x2,89.556,13,17
glm.gate_up  tp2,2048,10240,128,bfloat16,8,128x32,95.984,12,17
glm.gate_up  tp2,2048,10240,128,bfloat16,8,64x32,98.320,11,17
glm.gate_up  tp2,2048,10240,128,bfloat16,8,128x64,103.275,11,17
glm.gate_up  tp2,2048,10240,128,bfloat16,8,192x128x2,106.105,11,17
glm.gate_up  tp2,2048,10240,128,bfloat16,8,128x128,117.362,10,17
glm.gate_up  tp2,2048,10240,128,bfloat16,8,32x64,118.803,9,17
glm.gate_up  tp2,2048,10240,128,bfloat16,8,64x128,120.652,9,17
glm.gate_up  tp2,2048,10240,128,bfloat16,8,112x128,124.235,9,17
glm.gate_up  tp2,2048,10240,128,bfloat16,8,96x128,127.681,9,17
glm.gate_up  tp2,2048,10240,128,bfloat16,8,256x64,128.353,9,17
glm.gate_up  tp2,2048,10240,128,bfloat16,8,256x128x2,129.406,9,17
glm.gate_up  tp2,2048,10240,128,bfloat16,8,80x128,129.434,8,17
glm.gate_up  tp2,2048,10240,128,bfloat16,8,256x32,139.512,8,17
glm.gate_up  tp2,2048,10240,128,bfloat16,8,256x128,153.205,7,17
glm.gate_up  tp2,2048,10240,128,bfloat16,8,192x128,159.966,7,17
glm.gate_up  tp2,2048,10240,128,bfloat16,8,256x192,164.279,7,17
glm.gate_up  tp2,2048,10240,128,bfloat16,8,128x256,185.793,6,17
glm.gate_up  tp2,2048,10240,128,bfloat16,8,32x128,266.217,4,17
glm.gate_up  tp2,2048,10240,128,bfloat16,8,16x64,272.664,4,17
glm.gate_up  tp2,2048,10240,128,bfloat16,8,16x128,517.552,2,17
glm.gate_up  tp2,2048,10240,128,bfloat16,17,32x64x4,61.283,18,17
glm.gate_up  tp2,2048,10240,128,bfloat16,17,64x64x2,70.772,16,17
glm.gate_up  tp2,2048,10240,128,bfloat16,17,64x128x4,71.518,16,17
glm.gate_up  tp2,2048,10240,128,bfloat16,17,32x128x4,77.916,14,17
glm.gate_up  tp2,2048,10240,128,bfloat16,17,32x64x2,81.600,14,17
glm.gate_up  tp2,2048,10240,128,bfloat16,17,128x64x2,82.999,14,17
glm.gate_up  tp2,2048,10240,128,bfloat16,17,128x128x2,83.097,13,17
glm.gate_up  tp2,2048,10240,128,bfloat16,17,64x128x2,84.287,13,17
glm.gate_up  tp2,2048,10240,128,bfloat16,17,128x128x4,88.139,13,17
glm.gate_up  tp2,2048,10240,128,bfloat16,17,64x64,90.486,12,17
glm.gate_up  tp2,2048,10240,128,bfloat16,17,32x32,92.474,11,17
glm.gate_up  tp2,2048,10240,128,bfloat16,17,128x32,99.556,11,17
glm.gate_up  tp2,2048,10240,128,bfloat16,17,96x128x2,101.370,11,17
glm.gate_up  tp2,2048,10240,128,bfloat16,17,64x32,103.157,11,17
glm.gate_up  tp2,2048,10240,128,bfloat16,17,128x64,105.403,11,17
glm.gate_up  tp2,2048,10240,128,bfloat16,17,96x128,106.040,10,17
glm.gate_up  tp2,2048,10240,128,bfloat16,17,192x128x2,107.624,10,17
glm.gate_up  tp2,2048,10240,128,bfloat16,17,80x128,115.853,10,17
glm.gate_up  tp2,2048,10240,128,bfloat16,17,128x128,118.244,9,17
glm.gate_up  tp2,2048,10240,128,bfloat16,17,64x128,121.447,9,17
glm.gate_up  tp2,2048,10240,128,bfloat16,17,32x64,122.697,9,17
glm.gate_up  tp2,2048,10240,128,bfloat16,17,112x128,124.997,10,17
glm.gate_up  tp2,2048,10240,128,bfloat16,17,256x128x2,128.985,9,17
glm.gate_up  tp2,2048,10240,128,bfloat16,17,256x64,130.016,8,17
glm.gate_up  tp2,2048,10240,128,bfloat16,17,256x32,142.823,8,17
glm.gate_up  tp2,2048,10240,128,bfloat16,17,256x128,153.897,7,17
glm.gate_up  tp2,2048,10240,128,bfloat16,17,192x128,160.717,7,17
glm.gate_up  tp2,2048,10240,128,bfloat16,17,256x192,164.074,7,17
glm.gate_up  tp2,2048,10240,128,bfloat16,17,128x256,183.715,6,17
glm.gate_up  tp2,2048,10240,128,bfloat16,17,16x64,263.426,4,17
glm.gate_up  tp2,2048,10240,128,bfloat16,17,32x128,269.490,4,17
glm.gate_up  tp2,2048,10240,128,bfloat16,17,16x128,465.266,2,17
glm.gate_up  tp2,2048,10240,128,bfloat16,24,32x64x4,63.239,18,17
glm.gate_up  tp2,2048,10240,128,bfloat16,24,64x64x2,71.885,16,17
glm.gate_up  tp2,2048,10240,128,bfloat16,24,64x128x4,72.670,16,17
glm.gate_up  tp2,2048,10240,128,bfloat16,24,32x128x4,79.622,14,17
glm.gate_up  tp2,2048,10240,128,bfloat16,24,128x128x2,84.486,13,17
glm.gate_up  tp2,2048,10240,128,bfloat16,24,64x128x2,85.158,13,17
glm.gate_up  tp2,2048,10240,128,bfloat16,24,32x64x2,85.649,13,17
glm.gate_up  tp2,2048,10240,128,bfloat16,24,128x128x4,86.251,13,17
glm.gate_up  tp2,2048,10240,128,bfloat16,24,128x64x2,86.369,13,17
glm.gate_up  tp2,2048,10240,128,bfloat16,24,64x64,94.305,11,17
glm.gate_up  tp2,2048,10240,128,bfloat16,24,32x32,97.487,11,17
glm.gate_up  tp2,2048,10240,128,bfloat16,24,128x32,101.639,11,17
glm.gate_up  tp2,2048,10240,128,bfloat16,24,96x128x2,103.278,11,17
glm.gate_up  tp2,2048,10240,128,bfloat16,24,96x128,106.533,10,17
glm.gate_up  tp2,2048,10240,128,bfloat16,24,192x128x2,108.571,10,17
glm.gate_up  tp2,2048,10240,128,bfloat16,24,128x64,109.118,10,17
glm.gate_up  tp2,2048,10240,128,bfloat16,24,64x32,109.885,10,17
glm.gate_up  tp2,2048,10240,128,bfloat16,24,112x128,113.447,10,17
glm.gate_up  tp2,2048,10240,128,bfloat16,24,128x128,114.517,10,17
glm.gate_up  tp2,2048,10240,128,bfloat16,24,80x128,114.541,10,17
glm.gate_up  tp2,2048,10240,128,bfloat16,24,64x128,124.012,9,17
glm.gate_up  tp2,2048,10240,128,bfloat16,24,32x64,128.420,9,17
glm.gate_up  tp2,2048,10240,128,bfloat16,24,256x128x2,128.604,9,17
glm.gate_up  tp2,2048,10240,128,bfloat16,24,256x64,131.826,8,17
glm.gate_up  tp2,2048,10240,128,bfloat16,24,256x32,144.259,8,17
glm.gate_up  tp2,2048,10240,128,bfloat16,24,256x128,156.252,7,17
glm.gate_up  tp2,2048,10240,128,bfloat16,24,192x128,161.068,7,17
glm.gate_up  tp2,2048,10240,128,bfloat16,24,256x192,169.218,6,17
glm.gate_up  tp2,2048,10240,128,bfloat16,24,128x256,185.403,6,17
glm.gate_up  tp2,2048,10240,128,bfloat16,24,16x64,268.100,4,17
glm.gate_up  tp2,2048,10240,128,bfloat16,24,32x128,274.338,4,17
glm.gate_up  tp2,2048,10240,128,bfloat16,24,16x128,488.468,2,17
glm.gate_up  tp2,2048,10240,128,bfloat16,32,32x64x4,65.386,17,17
glm.gate_up  tp2,2048,10240,128,bfloat16,32,64x128x4,74.240,15,17
glm.gate_up  tp2,2048,10240,128,bfloat16,32,64x64x2,74.387,15,17
glm.gate_up  tp2,2048,10240,128,bfloat16,32,32x128x4,81.967,14,17
glm.gate_up  tp2,2048,10240,128,bfloat16,32,128x128x2,85.502,13,17
glm.gate_up  tp2,2048,10240,128,bfloat16,32,128x64x2,86.814,13,17
glm.gate_up  tp2,2048,10240,128,bfloat16,32,64x128x2,87.168,13,17
glm.gate_up  tp2,2048,10240,128,bfloat16,32,128x128x4,87.203,13,17
glm.gate_up  tp2,2048,10240,128,bfloat16,32,32x64x2,88.821,13,17
glm.gate_up  tp2,2048,10240,128,bfloat16,32,64x64,97.777,11,17
glm.gate_up  tp2,2048,10240,128,bfloat16,32,32x32,103.754,11,17
glm.gate_up  tp2,2048,10240,128,bfloat16,32,96x128x2,104.568,11,17
glm.gate_up  tp2,2048,10240,128,bfloat16,32,128x32,104.804,11,17
glm.gate_up  tp2,2048,10240,128,bfloat16,32,112x128,108.177,10,17
glm.gate_up  tp2,2048,10240,128,bfloat16,32,96x128,108.441,10,17
glm.gate_up  tp2,2048,10240,128,bfloat16,32,192x128x2,109.728,10,17
glm.gate_up  tp2,2048,10240,128,bfloat16,32,128x128,110.207,10,17
glm.gate_up  tp2,2048,10240,128,bfloat16,32,128x64,114.244,10,17
glm.gate_up  tp2,2048,10240,128,bfloat16,32,80x128,116.764,9,17
glm.gate_up  tp2,2048,10240,128,bfloat16,32,64x32,118.152,9,17
glm.gate_up  tp2,2048,10240,128,bfloat16,32,64x128,126.943,9,17
glm.gate_up  tp2,2048,10240,128,bfloat16,32,256x128x2,130.915,8,17
glm.gate_up  tp2,2048,10240,128,bfloat16,32,256x64,133.948,8,17
glm.gate_up  tp2,2048,10240,128,bfloat16,32,32x64,134.419,8,17
glm.gate_up  tp2,2048,10240,128,bfloat16,32,256x32,145.420,8,17
glm.gate_up  tp2,2048,10240,128,bfloat16,32,256x128,152.403,7,17
glm.gate_up  tp2,2048,10240,128,bfloat16,32,192x128,166.720,7,17
glm.gate_up  tp2,2048,10240,128,bfloat16,32,256x192,169.591,6,17
glm.gate_up  tp2,2048,10240,128,bfloat16,32,128x256,187.164,6,17
glm.gate_up  tp2,2048,10240,128,bfloat16,32,32x128,280.366,4,17
glm.gate_up  tp2,2048,10240,128,bfloat16,32,16x64,280.375,4,17
glm.gate_up  tp2,2048,10240,128,bfloat16,32,16x128,507.016,2,17
glm.gate_up  tp2,2048,10240,128,bfloat16,48,64x128x4,76.166,14,17
glm.gate_up  tp2,2048,10240,128,bfloat16,48,64x64x2,79.061,14,17
glm.gate_up  tp2,2048,10240,128,bfloat16,48,128x128x2,86.830,13,17
glm.gate_up  tp2,2048,10240,128,bfloat16,48,32x64x4,88.326,13,17
glm.gate_up  tp2,2048,10240,128,bfloat16,48,128x64x2,89.435,12,17
glm.gate_up  tp2,2048,10240,128,bfloat16,48,32x128x4,91.343,12,17
glm.gate_up  tp2,2048,10240,128,bfloat16,48,64x128x2,91.638,12,17
glm.gate_up  tp2,2048,10240,128,bfloat16,48,128x128x4,92.523,12,17
glm.gate_up  tp2,2048,10240,128,bfloat16,48,128x128,102.867,10,17
glm.gate_up  tp2,2048,10240,128,bfloat16,48,96x128x2,103.030,11,17
glm.gate_up  tp2,2048,10240,128,bfloat16,48,64x64,104.108,10,17
glm.gate_up  tp2,2048,10240,128,bfloat16,48,112x128,107.106,10,17
glm.gate_up  tp2,2048,10240,128,bfloat16,48,128x32,110.275,10,17
glm.gate_up  tp2,2048,10240,128,bfloat16,48,192x128x2,112.617,10,17
glm.gate_up  tp2,2048,10240,128,bfloat16,48,96x128,113.035,10,17
glm.gate_up  tp2,2048,10240,128,bfloat16,48,80x128,121.896,9,17
glm.gate_up  tp2,2048,10240,128,bfloat16,48,128x64,122.369,9,17
glm.gate_up  tp2,2048,10240,128,bfloat16,48,64x32,134.393,8,17
glm.gate_up  tp2,2048,10240,128,bfloat16,48,256x128x2,137.215,8,17
glm.gate_up  tp2,2048,10240,128,bfloat16,48,64x128,137.804,8,17
glm.gate_up  tp2,2048,10240,128,bfloat16,48,256x64,138.169,8,17
glm.gate_up  tp2,2048,10240,128,bfloat16,48,32x64x2,144.059,8,17
glm.gate_up  tp2,2048,10240,128,bfloat16,48,256x32,149.374,7,17
glm.gate_up  tp2,2048,10240,128,bfloat16,48,256x128,161.005,7,17
glm.gate_up  tp2,2048,10240,128,bfloat16,48,32x32,166.014,7,17
glm.gate_up  tp2,2048,10240,128,bfloat16,48,192x128,167.371,6,17
glm.gate_up  tp2,2048,10240,128,bfloat16,48,256x192,174.890,6,17
glm.gate_up  tp2,2048,10240,128,bfloat16,48,128x256,188.111,6,17
glm.gate_up  tp2,2048,10240,128,bfloat16,48,32x128,272.847,4,17
glm.gate_up  tp2,2048,10240,128,bfloat16,48,32x64,275.981,4,17
glm.gate_up  tp2,2048,10240,128,bfloat16,48,16x64,551.139,2,17
glm.gate_up  tp2,2048,10240,128,bfloat16,48,16x128,971.237,2,17
glm.gate_up  tp2,2048,10240,128,bfloat16,63,64x128x4,78.389,14,17
glm.gate_up  tp2,2048,10240,128,bfloat16,63,64x64x2,84.522,13,17
glm.gate_up  tp2,2048,10240,128,bfloat16,63,96x128x2,87.805,13,17
glm.gate_up  tp2,2048,10240,128,bfloat16,63,128x128x2,89.275,13,17
glm.gate_up  tp2,2048,10240,128,bfloat16,63,128x64x2,92.051,12,17
glm.gate_up  tp2,2048,10240,128,bfloat16,63,32x64x4,92.815,12,17
glm.gate_up  tp2,2048,10240,128,bfloat16,63,128x128x4,93.962,12,17
glm.gate_up  tp2,2048,10240,128,bfloat16,63,32x128x4,95.390,12,17
glm.gate_up  tp2,2048,10240,128,bfloat16,63,64x128x2,96.506,12,17
glm.gate_up  tp2,2048,10240,128,bfloat16,63,128x128,107.282,10,17
glm.gate_up  tp2,2048,10240,128,bfloat16,63,112x128,110.822,10,17
glm.gate_up  tp2,2048,10240,128,bfloat16,63,64x64,110.870,10,17
glm.gate_up  tp2,2048,10240,128,bfloat16,63,192x128x2,115.446,10,17
glm.gate_up  tp2,2048,10240,128,bfloat16,63,128x32,116.795,10,17
glm.gate_up  tp2,2048,10240,128,bfloat16,63,96x128,117.199,9,17
glm.gate_up  tp2,2048,10240,128,bfloat16,63,80x128,127.190,9,17
glm.gate_up  tp2,2048,10240,128,bfloat16,63,128x64,129.186,8,17
glm.gate_up  tp2,2048,10240,128,bfloat16,63,256x128x2,139.649,8,17
glm.gate_up  tp2,2048,10240,128,bfloat16,63,256x64,140.797,8,17
glm.gate_up  tp2,2048,10240,128,bfloat16,63,64x128,142.064,8,17
glm.gate_up  tp2,2048,10240,128,bfloat16,63,64x32,146.830,8,17
glm.gate_up  tp2,2048,10240,128,bfloat16,63,256x128,148.747,7,17
glm.gate_up  tp2,2048,10240,128,bfloat16,63,256x32,153.896,7,17
glm.gate_up  tp2,2048,10240,128,bfloat16,63,192x128,157.486,7,17
glm.gate_up  tp2,2048,10240,128,bfloat16,63,32x64x2,167.189,6,17
glm.gate_up  tp2,2048,10240,128,bfloat16,63,256x192,178.597,6,17
glm.gate_up  tp2,2048,10240,128,bfloat16,63,128x256,190.760,6,17
glm.gate_up  tp2,2048,10240,128,bfloat16,63,32x32,227.746,5,17
glm.gate_up  tp2,2048,10240,128,bfloat16,63,32x128,285.974,4,17
glm.gate_up  tp2,2048,10240,128,bfloat16,63,32x64,328.925,3,17
glm.gate_up  tp2,2048,10240,128,bfloat16,63,16x64,542.045,2,17
glm.gate_up  tp2,2048,10240,128,bfloat16,63,16x128,978.397,2,17
glm.gate_up  tp2,2048,10240,128,bfloat16,64,64x128x4,78.067,14,17
glm.gate_up  tp2,2048,10240,128,bfloat16,64,64x64x2,84.954,13,17
glm.gate_up  tp2,2048,10240,128,bfloat16,64,96x128x2,88.599,12,17
glm.gate_up  tp2,2048,10240,128,bfloat16,64,128x128x2,89.696,12,17
glm.gate_up  tp2,2048,10240,128,bfloat16,64,32x64x4,92.099,12,17
glm.gate_up  tp2,2048,10240,128,bfloat16,64,128x64x2,92.277,12,17
glm.gate_up  tp2,2048,10240,128,bfloat16,64,128x128x4,94.222,12,17
glm.gate_up  tp2,2048,10240,128,bfloat16,64,32x128x4,95.019,12,17
glm.gate_up  tp2,2048,10240,128,bfloat16,64,64x128x2,95.684,12,17
glm.gate_up  tp2,2048,10240,128,bfloat16,64,128x128,107.660,10,17
glm.gate_up  tp2,2048,10240,128,bfloat16,64,64x64,110.945,10,17
glm.gate_up  tp2,2048,10240,128,bfloat16,64,112x128,111.855,10,17
glm.gate_up  tp2,2048,10240,128,bfloat16,64,192x128x2,115.263,10,17
glm.gate_up  tp2,2048,10240,128,bfloat16,64,128x32,116.728,10,17
glm.gate_up  tp2,2048,10240,128,bfloat16,64,96x128,118.013,9,17
glm.gate_up  tp2,2048,10240,128,bfloat16,64,80x128,127.362,9,17
glm.gate_up  tp2,2048,10240,128,bfloat16,64,128x64,129.345,8,17
glm.gate_up  tp2,2048,10240,128,bfloat16,64,256x64,140.351,8,17
glm.gate_up  tp2,2048,10240,128,bfloat16,64,256x128x2,140.496,8,17
glm.gate_up  tp2,2048,10240,128,bfloat16,64,64x128,142.912,8,17
glm.gate_up  tp2,2048,10240,128,bfloat16,64,64x32,146.818,7,17
glm.gate_up  tp2,2048,10240,128,bfloat16,64,256x128,149.518,7,17
glm.gate_up  tp2,2048,10240,128,bfloat16,64,256x32,154.290,7,17
glm.gate_up  tp2,2048,10240,128,bfloat16,64,192x128,159.730,6,17
glm.gate_up  tp2,2048,10240,128,bfloat16,64,32x64x2,167.283,6,17
glm.gate_up  tp2,2048,10240,128,bfloat16,64,256x192,178.974,6,17
glm.gate_up  tp2,2048,10240,128,bfloat16,64,128x256,190.903,6,17
glm.gate_up  tp2,2048,10240,128,bfloat16,64,32x32,225.576,5,17
glm.gate_up  tp2,2048,10240,128,bfloat16,64,32x128,284.749,4,17
glm.gate_up  tp2,2048,10240,128,bfloat16,64,32x64,329.195,3,17
glm.gate_up  tp2,2048,10240,128,bfloat16,64,16x64,548.070,2,17
glm.gate_up  tp2,2048,10240,128,bfloat16,64,16x128,949.599,2,17
glm.gate_up  tp2,2048,10240,128,bfloat16,96,96x128x2,92.597,12,17
glm.gate_up  tp2,2048,10240,128,bfloat16,96,128x128x2,94.617,12,17
glm.gate_up  tp2,2048,10240,128,bfloat16,96,128x64x2,99.073,11,17
glm.gate_up  tp2,2048,10240,128,bfloat16,96,128x128x4,99.287,11,17
glm.gate_up  tp2,2048,10240,128,bfloat16,96,64x128x4,107.606,10,17
glm.gate_up  tp2,2048,10240,128,bfloat16,96,32x64x4,113.192,10,17
glm.gate_up  tp2,2048,10240,128,bfloat16,96,128x128,117.392,9,17
glm.gate_up  tp2,2048,10240,128,bfloat16,96,64x64x2,117.540,9,17
glm.gate_up  tp2,2048,10240,128,bfloat16,96,192x128x2,119.553,9,17
glm.gate_up  tp2,2048,10240,128,bfloat16,96,112x128,120.194,9,17
glm.gate_up  tp2,2048,10240,128,bfloat16,96,96x128,127.965,9,17
glm.gate_up  tp2,2048,10240,128,bfloat16,96,128x32,132.087,8,17
glm.gate_up  tp2,2048,10240,128,bfloat16,96,32x128x4,137.576,8,17
glm.gate_up  tp2,2048,10240,128,bfloat16,96,128x64,145.657,7,17
glm.gate_up  tp2,2048,10240,128,bfloat16,96,256x128x2,146.759,7,17
glm.gate_up  tp2,2048,10240,128,bfloat16,96,64x128x2,147.057,7,17
glm.gate_up  tp2,2048,10240,128,bfloat16,96,256x64,148.678,7,17
glm.gate_up  tp2,2048,10240,128,bfloat16,96,256x128,148.758,7,17
glm.gate_up  tp2,2048,10240,128,bfloat16,96,32x64x2,154.157,7,17
glm.gate_up  tp2,2048,10240,128,bfloat16,96,192x128,160.100,7,17
glm.gate_up  tp2,2048,10240,128,bfloat16,96,256x32,164.468,7,17
glm.gate_up  tp2,2048,10240,128,bfloat16,96,64x32,170.855,6,17
glm.gate_up  tp2,2048,10240,128,bfloat16,96,64x64,171.595,6,17
glm.gate_up  tp2,2048,10240,128,bfloat16,96,256x192,189.527,6,17
glm.gate_up  tp2,2048,10240,128,bfloat16,96,128x256,200.502,5,17
glm.gate_up  tp2,2048,10240,128,bfloat16,96,80x128,220.195,5,17
glm.gate_up  tp2,2048,10240,128,bfloat16,96,32x32,247.645,4,17
glm.gate_up  tp2,2048,10240,128,bfloat16,96,32x64,268.681,4,17
glm.gate_up  tp2,2048,10240,128,bfloat16,96,64x128,277.694,4,17
glm.gate_up  tp2,2048,10240,128,bfloat16,96,32x128,543.086,2,17
glm.gate_up  tp2,2048,10240,128,bfloat16,96,16x64,799.000,2,17
glm.gate_up  tp2,2048,10240,128,bfloat16,96,16x128,1545.426,2,17
glm.gate_up  tp2,2048,10240,128,bfloat16,128,128x128x2,99.248,11,17
glm.gate_up  tp2,2048,10240,128,bfloat16,128,128x128x4,102.949,11,17
glm.gate_up  tp2,2048,10240,128,bfloat16,128,128x64x2,104.009,11,17
glm.gate_up  tp2,2048,10240,128,bfloat16,128,64x128x4,111.925,10,17
glm.gate_up  tp2,2048,10240,128,bfloat16,128,64x64x2,123.368,9,17
glm.gate_up  tp2,2048,10240,128,bfloat16,128,192x128x2,125.323,9,17
glm.gate_up  tp2,2048,10240,128,bfloat16,128,128x128,126.254,9,17
glm.gate_up  tp2,2048,10240,128,bfloat16,128,96x128x2,137.600,8,17
glm.gate_up  tp2,2048,10240,128,bfloat16,128,32x64x4,140.086,8,17
glm.gate_up  tp2,2048,10240,128,bfloat16,128,128x32,147.711,7,17
glm.gate_up  tp2,2048,10240,128,bfloat16,128,256x128x2,152.342,7,17
glm.gate_up  tp2,2048,10240,128,bfloat16,128,256x128,155.871,7,17
glm.gate_up  tp2,2048,10240,128,bfloat16,128,256x64,157.375,7,17
glm.gate_up  tp2,2048,10240,128,bfloat16,128,32x128x4,157.435,7,17
glm.gate_up  tp2,2048,10240,128,bfloat16,128,64x128x2,161.769,7,17
glm.gate_up  tp2,2048,10240,128,bfloat16,128,128x64,164.975,7,17
glm.gate_up  tp2,2048,10240,128,bfloat16,128,256x32,173.884,6,17
glm.gate_up  tp2,2048,10240,128,bfloat16,128,192x128,186.595,6,17
glm.gate_up  tp2,2048,10240,128,bfloat16,128,64x64,194.914,6,17
glm.gate_up  tp2,2048,10240,128,bfloat16,128,64x32,196.475,6,17
glm.gate_up  tp2,2048,10240,128,bfloat16,128,112x128,197.365,5,17
glm.gate_up  tp2,2048,10240,128,bfloat16,128,256x192,197.652,5,17
glm.gate_up  tp2,2048,10240,128,bfloat16,128,96x128,204.452,5,17
glm.gate_up  tp2,2048,10240,128,bfloat16,128,32x64x2,205.684,5,17
glm.gate_up  tp2,2048,10240,128,bfloat16,128,128x256,214.268,5,17
glm.gate_up  tp2,2048,10240,128,bfloat16,128,80x128,244.459,4,17
glm.gate_up  tp2,2048,10240,128,bfloat16,128,32x32,267.758,4,17
glm.gate_up  tp2,2048,10240,128,bfloat16,128,64x128,425.731,2,17
glm.gate_up  tp2,2048,10240,128,bfloat16,128,32x64,499.526,2,17
glm.gate_up  tp2,2048,10240,128,bfloat16,128,32x128,555.482,2,17
glm.gate_up  tp2,2048,10240,128,bfloat16,128,16x64,1245.638,2,17
glm.gate_up  tp2,2048,10240,128,bfloat16,128,16x128,2043.010,2,17
glm.gate_up  tp2,2048,10240,128,bfloat16,192,192x128x2,134.787,8,17
glm.gate_up  tp2,2048,10240,128,bfloat16,192,128x128x2,138.663,8,17
glm.gate_up  tp2,2048,10240,128,bfloat16,192,96x128x2,148.502,7,17
glm.gate_up  tp2,2048,10240,128,bfloat16,192,128x128x4,148.607,8,17
glm.gate_up  tp2,2048,10240,128,bfloat16,192,64x128x4,151.853,7,17
glm.gate_up  tp2,2048,10240,128,bfloat16,192,128x64x2,163.432,7,17
glm.gate_up  tp2,2048,10240,128,bfloat16,192,256x128x2,166.114,7,17
glm.gate_up  tp2,2048,10240,128,bfloat16,192,64x64x2,168.183,6,17
glm.gate_up  tp2,2048,10240,128,bfloat16,192,64x128x2,169.408,6,17
glm.gate_up  tp2,2048,10240,128,bfloat16,192,256x128,171.292,6,17
glm.gate_up  tp2,2048,10240,128,bfloat16,192,256x64,179.246,6,17
glm.gate_up  tp2,2048,10240,128,bfloat16,192,128x128,191.288,5,17
glm.gate_up  tp2,2048,10240,128,bfloat16,192,192x128,195.511,5,17
glm.gate_up  tp2,2048,10240,128,bfloat16,192,256x32,195.631,5,17
glm.gate_up  tp2,2048,10240,128,bfloat16,192,32x64x4,200.696,5,17
glm.gate_up  tp2,2048,10240,128,bfloat16,192,128x64,206.309,5,17
glm.gate_up  tp2,2048,10240,128,bfloat16,192,112x128,208.827,5,17
glm.gate_up  tp2,2048,10240,128,bfloat16,192,256x192,216.795,5,17
glm.gate_up  tp2,2048,10240,128,bfloat16,192,32x128x4,227.933,5,17
glm.gate_up  tp2,2048,10240,128,bfloat16,192,96x128,230.563,5,17
glm.gate_up  tp2,2048,10240,128,bfloat16,192,128x32,238.527,5,17
glm.gate_up  tp2,2048,10240,128,bfloat16,192,80x128,239.046,4,17
glm.gate_up  tp2,2048,10240,128,bfloat16,192,64x32,251.048,4,17
glm.gate_up  tp2,2048,10240,128,bfloat16,192,32x64x2,268.991,4,17
glm.gate_up  tp2,2048,10240,128,bfloat16,192,64x64,277.015,4,17
glm.gate_up  tp2,2048,10240,128,bfloat16,192,64x128,353.297,3,17
glm.gate_up  tp2,2048,10240,128,bfloat16,192,128x256,383.300,3,17
glm.gate_up  tp2,2048,10240,128,bfloat16,192,32x32,406.462,2,17
glm.gate_up  tp2,2048,10240,128,bfloat16,192,32x64,657.097,2,17
glm.gate_up  tp2,2048,10240,128,bfloat16,192,32x128,784.767,2,17
glm.gate_up  tp2,2048,10240,128,bfloat16,192,16x64,1709.286,2,17
glm.gate_up  tp2,2048,10240,128,bfloat16,192,16x128,2408.993,2,17
glm.gate_up  tp2,2048,10240,128,bfloat16,256,128x128x2,154.508,7,17
glm.gate_up  tp2,2048,10240,128,bfloat16,256,128x128x4,161.285,7,17
glm.gate_up  tp2,2048,10240,128,bfloat16,256,128x64x2,177.610,6,17
glm.gate_up  tp2,2048,10240,128,bfloat16,256,192x128x2,185.265,6,17
glm.gate_up  tp2,2048,10240,128,bfloat16,256,96x128x2,189.092,6,17
glm.gate_up  tp2,2048,10240,128,bfloat16,256,256x128x2,189.100,6,17
glm.gate_up  tp2,2048,10240,128,bfloat16,256,64x128x4,197.080,5,17
glm.gate_up  tp2,2048,10240,128,bfloat16,256,256x128,208.590,5,17
glm.gate_up  tp2,2048,10240,128,bfloat16,256,256x64,215.488,5,17
glm.gate_up  tp2,2048,10240,128,bfloat16,256,64x64x2,219.372,5,17
glm.gate_up  tp2,2048,10240,128,bfloat16,256,256x32,224.859,5,17
glm.gate_up  tp2,2048,10240,128,bfloat16,256,128x128,226.004,5,17
glm.gate_up  tp2,2048,10240,128,bfloat16,256,128x64,240.884,4,17
glm.gate_up  tp2,2048,10240,128,bfloat16,256,64x128x2,241.701,4,17
glm.gate_up  tp2,2048,10240,128,bfloat16,256,256x192,250.125,4,17
glm.gate_up  tp2,2048,10240,128,bfloat16,256,96x128,250.341,4,17
glm.gate_up  tp2,2048,10240,128,bfloat16,256,128x32,256.597,4,17
glm.gate_up  tp2,2048,10240,128,bfloat16,256,32x64x4,266.118,4,17
glm.gate_up  tp2,2048,10240,128,bfloat16,256,192x128,268.026,4,17
glm.gate_up  tp2,2048,10240,128,bfloat16,256,64x64,280.953,4,17
glm.gate_up  tp2,2048,10240,128,bfloat16,256,112x128,302.887,3,17
glm.gate_up  tp2,2048,10240,128,bfloat16,256,32x128x4,306.162,3,17
glm.gate_up  tp2,2048,10240,128,bfloat16,256,64x32,317.849,3,17
glm.gate_up  tp2,2048,10240,128,bfloat16,256,80x128,348.230,3,17
glm.gate_up  tp2,2048,10240,128,bfloat16,256,32x64x2,349.801,3,17
glm.gate_up  tp2,2048,10240,128,bfloat16,256,32x32,517.631,2,17
glm.gate_up  tp2,2048,10240,128,bfloat16,256,128x256,620.209,2,17
glm.gate_up  tp2,2048,10240,128,bfloat16,256,64x128,626.360,2,17
glm.gate_up  tp2,2048,10240,128,bfloat16,256,32x64,886.736,2,17
glm.gate_up  tp2,2048,10240,128,bfloat16,256,32x128,1279.322,2,17
glm.gate_up  tp2,2048,10240,128,bfloat16,256,16x64,2426.695,2,17
glm.gate_up  tp2,2048,10240,128,bfloat16,256,16x128,3334.246,2,17
glm.gate_up  tp2,2048,10240,128,bfloat16,512,192x128x2,276.999,4,17
glm.gate_up  tp2,2048,10240,128,bfloat16,512,128x128x2,278.825,4,17
glm.gate_up  tp2,2048,10240,128,bfloat16,512,256x128x2,288.140,4,17
glm.gate_up  tp2,2048,10240,128,bfloat16,512,256x128,290.327,4,17
glm.gate_up  tp2,2048,10240,128,bfloat16,512,128x128x4,298.876,3,17
glm.gate_up  tp2,2048,10240,128,bfloat16,512,128x64x2,329.372,3,17
glm.gate_up  tp2,2048,10240,128,bfloat16,512,96x128x2,332.766,3,17
glm.gate_up  tp2,2048,10240,128,bfloat16,512,256x64,342.027,3,17
glm.gate_up  tp2,2048,10240,128,bfloat16,512,64x128x4,365.423,3,17
glm.gate_up  tp2,2048,10240,128,bfloat16,512,192x128,365.910,3,17
glm.gate_up  tp2,2048,10240,128,bfloat16,512,128x64,383.474,3,17
glm.gate_up  tp2,2048,10240,128,bfloat16,512,128x128,391.975,2,17
glm.gate_up  tp2,2048,10240,128,bfloat16,512,256x32,407.030,2,17
glm.gate_up  tp2,2048,10240,128,bfloat16,512,64x64x2,412.058,2,17
glm.gate_up  tp2,2048,10240,128,bfloat16,512,64x128x2,413.439,2,17
glm.gate_up  tp2,2048,10240,128,bfloat16,512,256x192,450.274,2,17
glm.gate_up  tp2,2048,10240,128,bfloat16,512,96x128,459.357,2,17
glm.gate_up  tp2,2048,10240,128,bfloat16,512,128x32,484.258,2,17
glm.gate_up  tp2,2048,10240,128,bfloat16,512,112x128,488.998,2,17
glm.gate_up  tp2,2048,10240,128,bfloat16,512,32x64x4,502.645,2,17
glm.gate_up  tp2,2048,10240,128,bfloat16,512,64x64,534.429,2,17
glm.gate_up  tp2,2048,10240,128,bfloat16,512,80x128,573.529,2,17
glm.gate_up  tp2,2048,10240,128,bfloat16,512,32x128x4,587.812,2,17
glm.gate_up  tp2,2048,10240,128,bfloat16,512,64x32,596.704,2,17
glm.gate_up  tp2,2048,10240,128,bfloat16,512,32x64x2,672.753,2,17
glm.gate_up  tp2,2048,10240,128,bfloat16,512,128x256,735.464,2,17
glm.gate_up  tp2,2048,10240,128,bfloat16,512,64x128,945.438,2,17
glm.gate_up  tp2,2048,10240,128,bfloat16,512,32x32,1125.062,2,17
glm.gate_up  tp2,2048,10240,128,bfloat16,512,32x64,1656.683,2,17
glm.gate_up  tp2,2048,10240,128,bfloat16,512,32x128,2396.344,2,17
glm.gate_up  tp2,2048,10240,128,bfloat16,512,16x64,4846.493,2,17
glm.gate_up  tp2,2048,10240,128,bfloat16,512,16x128,10828.923,2,17
glm.gate_up  tp2,2048,10240,128,bfloat16,1024,256x128,492.269,2,17
glm.gate_up  tp2,2048,10240,128,bfloat16,1024,192x128x2,513.925,2,17
glm.gate_up  tp2,2048,10240,128,bfloat16,1024,128x128x2,532.418,2,17
glm.gate_up  tp2,2048,10240,128,bfloat16,1024,256x128x2,542.624,2,17
glm.gate_up  tp2,2048,10240,128,bfloat16,1024,128x128x4,577.905,2,17
glm.gate_up  tp2,2048,10240,128,bfloat16,1024,96x128x2,606.596,2,17
glm.gate_up  tp2,2048,10240,128,bfloat16,1024,128x64x2,634.394,2,17
glm.gate_up  tp2,2048,10240,128,bfloat16,1024,256x64,663.140,2,17
glm.gate_up  tp2,2048,10240,128,bfloat16,1024,192x128,682.774,2,17
glm.gate_up  tp2,2048,10240,128,bfloat16,1024,128x128,700.379,2,17
glm.gate_up  tp2,2048,10240,128,bfloat16,1024,64x128x4,720.177,2,17
glm.gate_up  tp2,2048,10240,128,bfloat16,1024,128x64,745.407,2,17
glm.gate_up  tp2,2048,10240,128,bfloat16,1024,256x192,750.179,2,17
glm.gate_up  tp2,2048,10240,128,bfloat16,1024,256x32,795.057,2,17
glm.gate_up  tp2,2048,10240,128,bfloat16,1024,64x64x2,803.423,2,17
glm.gate_up  tp2,2048,10240,128,bfloat16,1024,64x128x2,806.761,2,17
glm.gate_up  tp2,2048,10240,128,bfloat16,1024,96x128,853.132,2,17
glm.gate_up  tp2,2048,10240,128,bfloat16,1024,112x128,868.214,2,17
glm.gate_up  tp2,2048,10240,128,bfloat16,1024,128x32,940.729,2,17
glm.gate_up  tp2,2048,10240,128,bfloat16,1024,32x64x4,1034.255,2,17
glm.gate_up  tp2,2048,10240,128,bfloat16,1024,64x64,1116.616,2,17
glm.gate_up  tp2,2048,10240,128,bfloat16,1024,80x128,1178.125,2,17
glm.gate_up  tp2,2048,10240,128,bfloat16,1024,128x256,1312.694,2,17
glm.gate_up  tp2,2048,10240,128,bfloat16,1024,32x128x4,1341.065,2,17
glm.gate_up  tp2,2048,10240,128,bfloat16,1024,64x32,1385.984,2,17
glm.gate_up  tp2,2048,10240,128,bfloat16,1024,32x64x2,1507.396,2,17
glm.gate_up  tp2,2048,10240,128,bfloat16,1024,64x128,1890.112,2,17
glm.gate_up  tp2,2048,10240,128,bfloat16,1024,32x32,2070.420,2,17
glm.gate_up  tp2,2048,10240,128,bfloat16,1024,32x64,2389.075,2,17
glm.gate_up  tp2,2048,10240,128,bfloat16,1024,32x128,4475.808,2,17
glm.gate_up  tp2,2048,10240,128,bfloat16,1024,16x64,6743.835,2,17
glm.gate_up  tp2,2048,10240,128,bfloat16,1024,16x128,14749.888,2,17
glm.gate_up  tp2,2048,10240,128,bfloat16,2048,256x128,974.268,2,17
glm.gate_up  tp2,2048,10240,128,bfloat16,2048,192x128x2,982.475,2,17
glm.gate_up  tp2,2048,10240,128,bfloat16,2048,128x128x2,1075.661,2,17
glm.gate_up  tp2,2048,10240,128,bfloat16,2048,256x128x2,1203.083,2,17
glm.gate_up  tp2,2048,10240,128,bfloat16,2048,128x128x4,1300.041,2,17
glm.gate_up  tp2,2048,10240,128,bfloat16,2048,96x128x2,1319.753,2,17
glm.gate_up  tp2,2048,10240,128,bfloat16,2048,128x64x2,1431.987,2,17
glm.gate_up  tp2,2048,10240,128,bfloat16,2048,256x64,1463.709,2,17
glm.gate_up  tp2,2048,10240,128,bfloat16,2048,192x128,1474.929,2,17
glm.gate_up  tp2,2048,10240,128,bfloat16,2048,128x128,1563.142,2,17
glm.gate_up  tp2,2048,10240,128,bfloat16,2048,64x128x4,1581.817,2,17
glm.gate_up  tp2,2048,10240,128,bfloat16,2048,128x64,1635.274,2,17
glm.gate_up  tp2,2048,10240,128,bfloat16,2048,256x192,1689.121,2,17
glm.gate_up  tp2,2048,10240,128,bfloat16,2048,256x32,1736.512,2,17
glm.gate_up  tp2,2048,10240,128,bfloat16,2048,64x64x2,1747.090,2,17
glm.gate_up  tp2,2048,10240,128,bfloat16,2048,64x128x2,1772.016,2,17
glm.gate_up  tp2,2048,10240,128,bfloat16,2048,96x128,1789.473,2,17
glm.gate_up  tp2,2048,10240,128,bfloat16,2048,112x128,1819.384,2,17
glm.gate_up  tp2,2048,10240,128,bfloat16,2048,128x32,1989.534,2,17
glm.gate_up  tp2,2048,10240,128,bfloat16,2048,80x128,2181.863,2,17
glm.gate_up  tp2,2048,10240,128,bfloat16,2048,32x64x4,2188.871,2,17
glm.gate_up  tp2,2048,10240,128,bfloat16,2048,64x64,2204.211,2,17
glm.gate_up  tp2,2048,10240,128,bfloat16,2048,128x256,2309.251,2,17
glm.gate_up  tp2,2048,10240,128,bfloat16,2048,32x128x4,2418.058,2,17
glm.gate_up  tp2,2048,10240,128,bfloat16,2048,64x32,2470.614,2,17
glm.gate_up  tp2,2048,10240,128,bfloat16,2048,32x64x2,2728.751,2,17
glm.gate_up  tp2,2048,10240,128,bfloat16,2048,64x128,2827.403,2,17
glm.gate_up  tp2,2048,10240,128,bfloat16,2048,32x32,3765.134,2,17
glm.gate_up  tp2,2048,10240,128,bfloat16,2048,32x64,4189.065,2,17
glm.gate_up  tp2,2048,10240,128,bfloat16,2048,32x128,6225.319,2,17
glm.gate_up  tp2,2048,10240,128,bfloat16,2048,16x64,11301.376,2,17
glm.gate_up  tp2,2048,10240,128,bfloat16,2048,16x128,19475.958,2,17
glm.q_proj   tp2,2048,2048,128,bfloat16,1,128x64x2,36.657,6,78
glm.q_proj   tp2,2048,2048,128,bfloat16,1,32x64x4,37.407,6,78
glm.q_proj   tp2,2048,2048,128,bfloat16,1,128x32,39.500,6,78
glm.q_proj   tp2,2048,2048,128,bfloat16,1,128x128x4,39.810,6,78
glm.q_proj   tp2,2048,2048,128,bfloat16,1,256x32,40.229,5,78
glm.q_proj   tp2,2048,2048,128,bfloat16,1,64x64x2,41.605,5,78
glm.q_proj   tp2,2048,2048,128,bfloat16,1,64x128x4,41.824,5,78
glm.q_proj   tp2,2048,2048,128,bfloat16,1,256x64,44.493,5,78
glm.q_proj   tp2,2048,2048,128,bfloat16,1,128x128x2,47.312,5,78
glm.q_proj   tp2,2048,2048,128,bfloat16,1,64x32,47.650,5,78
glm.q_proj   tp2,2048,2048,128,bfloat16,1,128x64,47.817,5,78
glm.q_proj   tp2,2048,2048,128,bfloat16,1,256x128x2,49.090,5,78
glm.q_proj   tp2,2048,2048,128,bfloat16,1,192x128x2,50.497,4,78
glm.q_proj   tp2,2048,2048,128,bfloat16,1,96x128x2,55.073,4,78
glm.q_proj   tp2,2048,2048,128,bfloat16,1,256x128,58.527,4,78
glm.q_proj   tp2,2048,2048,128,bfloat16,1,32x128x4,59.473,4,78
glm.q_proj   tp2,2048,2048,128,bfloat16,1,32x64x2,59.817,4,78
glm.q_proj   tp2,2048,2048,128,bfloat16,1,64x128x2,63.052,4,78
glm.q_proj   tp2,2048,2048,128,bfloat16,1,32x32,64.062,3,78
glm.q_proj   tp2,2048,2048,128,bfloat16,1,192x128,64.646,3,78
glm.q_proj   tp2,2048,2048,128,bfloat16,1,64x64,66.700,3,78
glm.q_proj   tp2,2048,2048,128,bfloat16,1,128x128,70.385,3,78
glm.q_proj   tp2,2048,2048,128,bfloat16,1,256x192,79.344,3,78
glm.q_proj   tp2,2048,2048,128,bfloat16,1,112x128,79.731,3,78
glm.q_proj   tp2,2048,2048,128,bfloat16,1,96x128,85.038,3,78
glm.q_proj   tp2,2048,2048,128,bfloat16,1,80x128,92.562,2,78
glm.q_proj   tp2,2048,2048,128,bfloat16,1,32x64,103.696,2,78
glm.q_proj   tp2,2048,2048,128,bfloat16,1,64x128,105.860,2,78
glm.q_proj   tp2,2048,2048,128,bfloat16,1,16x64,271.424,2,78
glm.q_proj   tp2,2048,2048,128,bfloat16,1,32x128,284.476,2,78
glm.q_proj   tp2,2048,2048,128,bfloat16,1,128x256,284.578,2,78
glm.q_proj   tp2,2048,2048,128,bfloat16,1,16x128,560.698,2,78
glm.q_proj   tp2,2048,2048,128,bfloat16,8,128x64x2,37.344,6,78
glm.q_proj   tp2,2048,2048,128,bfloat16,8,32x64x4,37.773,6,78
glm.q_proj   tp2,2048,2048,128,bfloat16,8,128x32,40.348,6,78
glm.q_proj   tp2,2048,2048,128,bfloat16,8,128x128x4,40.569,6,78
glm.q_proj   tp2,2048,2048,128,bfloat16,8,256x32,41.036,6,78
glm.q_proj   tp2,2048,2048,128,bfloat16,8,64x64x2,42.394,5,78
glm.q_proj   tp2,2048,2048,128,bfloat16,8,64x128x4,42.657,5,78
glm.q_proj   tp2,2048,2048,128,bfloat16,8,256x64,45.762,5,78
glm.q_proj   tp2,2048,2048,128,bfloat16,8,128x128x2,48.552,5,78
glm.q_proj   tp2,2048,2048,128,bfloat16,8,128x64,49.189,5,78
glm.q_proj   tp2,2048,2048,128,bfloat16,8,64x32,49.276,5,78
glm.q_proj   tp2,2048,2048,128,bfloat16,8,256x128x2,50.175,4,78
glm.q_proj   tp2,2048,2048,128,bfloat16,8,192x128x2,51.958,4,78
glm.q_proj   tp2,2048,2048,128,bfloat16,8,96x128x2,56.140,4,78
glm.q_proj   tp2,2048,2048,128,bfloat16,8,32x128x4,59.622,4,78
glm.q_proj   tp2,2048,2048,128,bfloat16,8,32x64x2,60.836,4,78
glm.q_proj   tp2,2048,2048,128,bfloat16,8,256x128,61.424,4,78
glm.q_proj   tp2,2048,2048,128,bfloat16,8,64x128x2,63.958,4,78
glm.q_proj   tp2,2048,2048,128,bfloat16,8,192x128,66.844,3,78
glm.q_proj   tp2,2048,2048,128,bfloat16,8,32x32,67.980,3,78
glm.q_proj   tp2,2048,2048,128,bfloat16,8,64x64,68.705,3,78
glm.q_proj   tp2,2048,2048,128,bfloat16,8,128x128,72.428,3,78
glm.q_proj   tp2,2048,2048,128,bfloat16,8,112x128,81.558,3,78
glm.q_proj   tp2,2048,2048,128,bfloat16,8,256x192,83.139,3,78
glm.q_proj   tp2,2048,2048,128,bfloat16,8,96x128,87.242,2,78
glm.q_proj   tp2,2048,2048,128,bfloat16,8,80x128,94.650,2,78
glm.q_proj   tp2,2048,2048,128,bfloat16,8,32x64,106.750,2,78
glm.q_proj   tp2,2048,2048,128,bfloat16,8,64x128,107.520,2,78
glm.q_proj   tp2,2048,2048,128,bfloat16,8,32x128,263.268,2,78
glm.q_proj   tp2,2048,2048,128,bfloat16,8,16x64,272.016,2,78
glm.q_proj   tp2,2048,2048,128,bfloat16,8,128x256,304.049,2,78
glm.q_proj   tp2,2048,2048,128,bfloat16,8,16x128,653.752,2,78
glm.q_proj   tp2,2048,2048,128,bfloat16,17,128x64x2,38.747,6,78
glm.q_proj   tp2,2048,2048,128,bfloat16,17,32x64x4,39.587,6,78
glm.q_proj   tp2,2048,2048,128,bfloat16,17,128x128x4,40.587,6,78
glm.q_proj   tp2,2048,2048,128,bfloat16,17,256x32,42.014,5,78
glm.q_proj   tp2,2048,2048,128,bfloat16,17,64x128x4,43.194,5,78
glm.q_proj   tp2,2048,2048,128,bfloat16,17,128x32,43.433,5,78
glm.q_proj   tp2,2048,2048,128,bfloat16,17,64x64x2,44.161,5,78
glm.q_proj   tp2,2048,2048,128,bfloat16,17,256x64,47.197,5,78
glm.q_proj   tp2,2048,2048,128,bfloat16,17,128x128x2,49.284,5,78
glm.q_proj   tp2,2048,2048,128,bfloat16,17,256x128x2,50.321,5,78
glm.q_proj   tp2,2048,2048,128,bfloat16,17,128x64,51.074,4,78
glm.q_proj   tp2,2048,2048,128,bfloat16,17,192x128x2,51.724,4,78
glm.q_proj   tp2,2048,2048,128,bfloat16,17,64x32,53.421,4,78
glm.q_proj   tp2,2048,2048,128,bfloat16,17,96x128x2,57.202,4,78
glm.q_proj   tp2,2048,2048,128,bfloat16,17,32x128x4,60.840,4,78
glm.q_proj   tp2,2048,2048,128,bfloat16,17,256x128,62.228,4,78
glm.q_proj   tp2,2048,2048,128,bfloat16,17,32x64x2,64.559,3,78
glm.q_proj   tp2,2048,2048,128,bfloat16,17,64x128x2,65.660,3,78
glm.q_proj   tp2,2048,2048,128,bfloat16,17,192x128,68.140,3,78
glm.q_proj   tp2,2048,2048,128,bfloat16,17,64x64,72.108,3,78
glm.q_proj   tp2,2048,2048,128,bfloat16,17,128x128,73.904,3,78
glm.q_proj   tp2,2048,2048,128,bfloat16,17,32x32,75.263,3,78
glm.q_proj   tp2,2048,2048,128,bfloat16,17,112x128,83.185,3,78
glm.q_proj   tp2,2048,2048,128,bfloat16,17,256x192,83.264,3,78
glm.q_proj   tp2,2048,2048,128,bfloat16,17,96x128,89.702,2,78
glm.q_proj   tp2,2048,2048,128,bfloat16,17,80x128,97.160,2,78
glm.q_proj   tp2,2048,2048,128,bfloat16,17,64x128,110.880,2,78
glm.q_proj   tp2,2048,2048,128,bfloat16,17,32x64,114.233,2,78
glm.q_proj   tp2,2048,2048,128,bfloat16,17,16x64,274.598,2,78
glm.q_proj   tp2,2048,2048,128,bfloat16,17,32x128,280.718,2,78
glm.q_proj   tp2,2048,2048,128,bfloat16,17,128x256,313.187,2,78
glm.q_proj   tp2,2048,2048,128,bfloat16,17,16x128,635.294,2,78
glm.q_proj   tp2,2048,2048,128,bfloat16,24,128x64x2,39.126,6,78
glm.q_proj   tp2,2048,2048,128,bfloat16,24,32x64x4,40.697,6,78
glm.q_proj   tp2,2048,2048,128,bfloat16,24,128x128x4,40.729,6,78
glm.q_proj   tp2,2048,2048,128,bfloat16,24,256x32,42.093,5,78
glm.q_proj   tp2,2048,2048,128,bfloat16,24,128x32,43.253,5,78
glm.q_proj   tp2,2048,2048,128,bfloat16,24,64x128x4,44.072,5,78
glm.q_proj   tp2,2048,2048,128,bfloat16,24,64x64x2,46.587,5,78
glm.q_proj   tp2,2048,2048,128,bfloat16,24,256x64,47.568,5,78
glm.q_proj   tp2,2048,2048,128,bfloat16,24,128x128x2,50.065,5,78
glm.q_proj   tp2,2048,2048,128,bfloat16,24,256x128x2,50.146,5,78
glm.q_proj   tp2,2048,2048,128,bfloat16,24,128x64,51.959,4,78
glm.q_proj   tp2,2048,2048,128,bfloat16,24,192x128x2,52.179,4,78
glm.q_proj   tp2,2048,2048,128,bfloat16,24,64x32,55.398,4,78
glm.q_proj   tp2,2048,2048,128,bfloat16,24,96x128x2,57.633,4,78
glm.q_proj   tp2,2048,2048,128,bfloat16,24,32x128x4,62.312,4,78
glm.q_proj   tp2,2048,2048,128,bfloat16,24,256x128,63.146,3,78
glm.q_proj   tp2,2048,2048,128,bfloat16,24,32x64x2,67.108,3,78
glm.q_proj   tp2,2048,2048,128,bfloat16,24,64x128x2,67.214,3,78
glm.q_proj   tp2,2048,2048,128,bfloat16,24,192x128,68.333,3,78
glm.q_proj   tp2,2048,2048,128,bfloat16,24,64x64,74.666,3,78
glm.q_proj   tp2,2048,2048,128,bfloat16,24,128x128,75.371,3,78
glm.q_proj   tp2,2048,2048,128,bfloat16,24,32x32,80.552,3,78
glm.q_proj   tp2,2048,2048,128,bfloat16,24,256x192,84.313,3,78
glm.q_proj   tp2,2048,2048,128,bfloat16,24,112x128,84.852,2,78
glm.q_proj   tp2,2048,2048,128,bfloat16,24,96x128,91.918,2,78
glm.q_proj   tp2,2048,2048,128,bfloat16,24,80x128,99.651,2,78
glm.q_proj   tp2,2048,2048,128,bfloat16,24,64x128,113.942,2,78
glm.q_proj   tp2,2048,2048,128,bfloat16,24,32x64,119.786,2,78
glm.q_proj   tp2,2048,2048,128,bfloat16,24,16x64,283.753,2,78
glm.q_proj   tp2,2048,2048,128,bfloat16,24,32x128,284.864,2,78
glm.q_proj   tp2,2048,2048,128,bfloat16,24,128x256,315.413,2,78
glm.q_proj   tp2,2048,2048,128,bfloat16,24,16x128,727.926,2,78
glm.q_proj   tp2,2048,2048,128,bfloat16,32,128x64x2,39.483,6,78
glm.q_proj   tp2,2048,2048,128,bfloat16,32,128x128x4,41.393,6,78
glm.q_proj   tp2,2048,2048,128,bfloat16,32,32x64x4,42.144,5,78
glm.q_proj   tp2,2048,2048,128,bfloat16,32,256x32,42.264,5,78
glm.q_proj   tp2,2048,2048,128,bfloat16,32,64x128x4,44.125,5,78
glm.q_proj   tp2,2048,2048,128,bfloat16,32,128x32,45.822,5,78
glm.q_proj   tp2,2048,2048,128,bfloat16,32,256x64,47.886,5,78
glm.q_proj   tp2,2048,2048,128,bfloat16,32,64x64x2,48.688,5,78
glm.q_proj   tp2,2048,2048,128,bfloat16,32,128x128x2,50.354,4,78
glm.q_proj   tp2,2048,2048,128,bfloat16,32,256x128x2,51.005,4,78
glm.q_proj   tp2,2048,2048,128,bfloat16,32,128x64,53.596,4,78
glm.q_proj   tp2,2048,2048,128,bfloat16,32,192x128x2,53.602,4,78
glm.q_proj   tp2,2048,2048,128,bfloat16,32,64x32,58.399,4,78
glm.q_proj   tp2,2048,2048,128,bfloat16,32,96x128x2,59.005,4,78
glm.q_proj   tp2,2048,2048,128,bfloat16,32,256x128,63.285,3,78
glm.q_proj   tp2,2048,2048,128,bfloat16,32,32x128x4,64.040,3,78
glm.q_proj   tp2,2048,2048,128,bfloat16,32,64x128x2,68.298,3,78
glm.q_proj   tp2,2048,2048,128,bfloat16,32,192x128,69.861,3,78
glm.q_proj   tp2,2048,2048,128,bfloat16,32,32x64x2,70.210,3,78
glm.q_proj   tp2,2048,2048,128,bfloat16,32,128x128,76.897,3,78
glm.q_proj   tp2,2048,2048,128,bfloat16,32,64x64,77.897,3,78
glm.q_proj   tp2,2048,2048,128,bfloat16,32,256x192,84.387,3,78
glm.q_proj   tp2,2048,2048,128,bfloat16,32,112x128,86.407,2,78
glm.q_proj   tp2,2048,2048,128,bfloat16,32,32x32,86.933,2,78
glm.q_proj   tp2,2048,2048,128,bfloat16,32,96x128,93.989,2,78
glm.q_proj   tp2,2048,2048,128,bfloat16,32,80x128,102.021,2,78
glm.q_proj   tp2,2048,2048,128,bfloat16,32,64x128,118.293,2,78
glm.q_proj   tp2,2048,2048,128,bfloat16,32,32x64,125.876,2,78
glm.q_proj   tp2,2048,2048,128,bfloat16,32,16x64,294.523,2,78
glm.q_proj   tp2,2048,2048,128,bfloat16,32,32x128,297.022,2,78
glm.q_proj   tp2,2048,2048,128,bfloat16,32,128x256,310.514,2,78
glm.q_proj   tp2,2048,2048,128,bfloat16,32,16x128,706.211,2,78
glm.q_proj   tp2,2048,2048,128,bfloat16,48,32x64x4,40.153,6,78
glm.q_proj   tp2,2048,2048,128,bfloat16,48,128x64x2,41.109,6,78
glm.q_proj   tp2,2048,2048,128,bfloat16,48,128x128x4,42.518,5,78
glm.q_proj   tp2,2048,2048,128,bfloat16,48,256x32,43.929,5,78
glm.q_proj   tp2,2048,2048,128,bfloat16,48,64x128x4,47.901,5,78
glm.q_proj   tp2,2048,2048,128,bfloat16,48,256x64,49.631,5,78
glm.q_proj   tp2,2048,2048,128,bfloat16,48,128x32,50.300,4,78
glm.q_proj   tp2,2048,2048,128,bfloat16,48,64x64x2,51.744,4,78
glm.q_proj   tp2,2048,2048,128,bfloat16,48,128x128x2,51.967,4,78
glm.q_proj   tp2,2048,2048,128,bfloat16,48,256x128x2,52.189,4,78
glm.q_proj   tp2,2048,2048,128,bfloat16,48,192x128x2,54.077,4,78
glm.q_proj   tp2,2048,2048,128,bfloat16,48,128x64,58.660,4,78
glm.q_proj   tp2,2048,2048,128,bfloat16,48,96x128x2,60.995,4,78
glm.q_proj   tp2,2048,2048,128,bfloat16,48,32x128x4,61.332,4,78
glm.q_proj   tp2,2048,2048,128,bfloat16,48,64x32,64.833,3,78
glm.q_proj   tp2,2048,2048,128,bfloat16,48,256x128,65.039,3,78
glm.q_proj   tp2,2048,2048,128,bfloat16,48,32x64x2,66.354,3,78
glm.q_proj   tp2,2048,2048,128,bfloat16,48,192x128,71.046,3,78
glm.q_proj   tp2,2048,2048,128,bfloat16,48,64x128x2,71.315,3,78
glm.q_proj   tp2,2048,2048,128,bfloat16,48,128x128,79.904,3,78
glm.q_proj   tp2,2048,2048,128,bfloat16,48,32x32,81.825,3,78
glm.q_proj   tp2,2048,2048,128,bfloat16,48,64x64,83.997,3,78
glm.q_proj   tp2,2048,2048,128,bfloat16,48,256x192,85.831,2,78
glm.q_proj   tp2,2048,2048,128,bfloat16,48,112x128,90.014,2,78
glm.q_proj   tp2,2048,2048,128,bfloat16,48,96x128,96.855,2,78
glm.q_proj   tp2,2048,2048,128,bfloat16,48,80x128,108.291,2,78
glm.q_proj   tp2,2048,2048,128,bfloat16,48,32x64,115.196,2,78
glm.q_proj   tp2,2048,2048,128,bfloat16,48,64x128,124.669,2,78
glm.q_proj   tp2,2048,2048,128,bfloat16,48,32x128,286.727,2,78
glm.q_proj   tp2,2048,2048,128,bfloat16,48,16x64,299.101,2,78
glm.q_proj   tp2,2048,2048,128,bfloat16,48,128x256,325.760,2,78
glm.q_proj   tp2,2048,2048,128,bfloat16,48,16x128,945.566,2,78
glm.q_proj   tp2,2048,2048,128,bfloat16,63,32x64x4,42.638,5,78
glm.q_proj   tp2,2048,2048,128,bfloat16,63,128x64x2,42.723,5,78
glm.q_proj   tp2,2048,2048,128,bfloat16,63,128x128x4,43.290,5,78
glm.q_proj   tp2,2048,2048,128,bfloat16,63,256x32,45.268,5,78
glm.q_proj   tp2,2048,2048,128,bfloat16,63,64x128x4,49.505,5,78
glm.q_proj   tp2,2048,2048,128,bfloat16,63,256x64,51.241,4,78
glm.q_proj   tp2,2048,2048,128,bfloat16,63,256x128x2,52.975,4,78
glm.q_proj   tp2,2048,2048,128,bfloat16,63,128x128x2,53.351,4,78
glm.q_proj   tp2,2048,2048,128,bfloat16,63,128x32,53.935,4,78
glm.q_proj   tp2,2048,2048,128,bfloat16,63,64x64x2,54.912,4,78
glm.q_proj   tp2,2048,2048,128,bfloat16,63,192x128x2,55.243,4,78
glm.q_proj   tp2,2048,2048,128,bfloat16,63,128x64,61.819,4,78
glm.q_proj   tp2,2048,2048,128,bfloat16,63,96x128x2,63.375,3,78
glm.q_proj   tp2,2048,2048,128,bfloat16,63,32x128x4,64.010,3,78
glm.q_proj   tp2,2048,2048,128,bfloat16,63,256x128,66.348,3,78
glm.q_proj   tp2,2048,2048,128,bfloat16,63,32x64x2,71.496,3,78
glm.q_proj   tp2,2048,2048,128,bfloat16,63,64x32,71.582,3,78
glm.q_proj   tp2,2048,2048,128,bfloat16,63,64x128x2,74.283,3,78
glm.q_proj   tp2,2048,2048,128,bfloat16,63,192x128,74.396,3,78
glm.q_proj   tp2,2048,2048,128,bfloat16,63,128x128,82.871,3,78
glm.q_proj   tp2,2048,2048,128,bfloat16,63,256x192,86.979,2,78
glm.q_proj   tp2,2048,2048,128,bfloat16,63,32x32,87.982,2,78
glm.q_proj   tp2,2048,2048,128,bfloat16,63,64x64,90.397,2,78
glm.q_proj   tp2,2048,2048,128,bfloat16,63,112x128,93.243,2,78
glm.q_proj   tp2,2048,2048,128,bfloat16,63,96x128,100.420,2,78
glm.q_proj   tp2,2048,2048,128,bfloat16,63,80x128,112.924,2,78
glm.q_proj   tp2,2048,2048,128,bfloat16,63,32x64,125.586,2,78
glm.q_proj   tp2,2048,2048,128,bfloat16,63,64x128,130.421,2,78
glm.q_proj   tp2,2048,2048,128,bfloat16,63,16x64,297.620,2,78
glm.q_proj   tp2,2048,2048,128,bfloat16,63,32x128,299.275,2,78
glm.q_proj   tp2,2048,2048,128,bfloat16,63,128x256,336.876,2,78
glm.q_proj   tp2,2048,2048,128,bfloat16,63,16x128,709.924,2,78
glm.q_proj   tp2,2048,2048,128,bfloat16,64,32x64x4,42.594,5,78
glm.q_proj   tp2,2048,2048,128,bfloat16,64,128x64x2,42.636,5,78
glm.q_proj   tp2,2048,2048,128,bfloat16,64,128x128x4,43.102,5,78
glm.q_proj   tp2,2048,2048,128,bfloat16,64,256x32,45.430,5,78
glm.q_proj   tp2,2048,2048,128,bfloat16,64,64x128x4,49.390,5,78
glm.q_proj   tp2,2048,2048,128,bfloat16,64,256x64,51.273,4,78
glm.q_proj   tp2,2048,2048,128,bfloat16,64,256x128x2,52.910,4,78
glm.q_proj   tp2,2048,2048,128,bfloat16,64,128x128x2,53.441,4,78
glm.q_proj   tp2,2048,2048,128,bfloat16,64,128x32,53.604,4,78
glm.q_proj   tp2,2048,2048,128,bfloat16,64,64x64x2,54.832,4,78
glm.q_proj   tp2,2048,2048,128,bfloat16,64,192x128x2,55.265,4,78
glm.q_proj   tp2,2048,2048,128,bfloat16,64,128x64,61.772,4,78
glm.q_proj   tp2,2048,2048,128,bfloat16,64,96x128x2,63.739,3,78
glm.q_proj   tp2,2048,2048,128,bfloat16,64,32x128x4,64.115,3,78
glm.q_proj   tp2,2048,2048,128,bfloat16,64,256x128,66.329,3,78
glm.q_proj   tp2,2048,2048,128,bfloat16,64,64x32,71.579,3,78
glm.q_proj   tp2,2048,2048,128,bfloat16,64,32x64x2,71.732,3,78
glm.q_proj   tp2,2048,2048,128,bfloat16,64,64x128x2,74.392,3,78
glm.q_proj   tp2,2048,2048,128,bfloat16,64,192x128,74.421,3,78
glm.q_proj   tp2,2048,2048,128,bfloat16,64,128x128,83.061,3,78
glm.q_proj   tp2,2048,2048,128,bfloat16,64,256x192,87.009,2,78
glm.q_proj   tp2,2048,2048,128,bfloat16,64,32x32,88.331,2,78
glm.q_proj   tp2,2048,2048,128,bfloat16,64,64x64,90.724,2,78
glm.q_proj   tp2,2048,2048,128,bfloat16,64,112x128,94.129,2,78
glm.q_proj   tp2,2048,2048,128,bfloat16,64,96x128,101.397,2,78
glm.q_proj   tp2,2048,2048,128,bfloat16,64,80x128,113.375,2,78
glm.q_proj   tp2,2048,2048,128,bfloat16,64,32x64,126.139,2,78
glm.q_proj   tp2,2048,2048,128,bfloat16,64,64x128,130.961,2,78
glm.q_proj   tp2,2048,2048,128,bfloat16,64,16x64,297.972,2,78
glm.q_proj   tp2,2048,2048,128,bfloat16,64,32x128,299.970,2,78
glm.q_proj   tp2,2048,2048,128,bfloat16,64,128x256,333.798,2,78
glm.q_proj   tp2,2048,2048,128,bfloat16,64,16x128,539.297,2,78
glm.q_proj   tp2,2048,2048,128,bfloat16,96,32x64x4,43.199,5,78
glm.q_proj   tp2,2048,2048,128,bfloat16,96,64x128x4,45.681,5,78
glm.q_proj   tp2,2048,2048,128,bfloat16,96,128x128x4,46.960,5,78
glm.q_proj   tp2,2048,2048,128,bfloat16,96,128x64x2,47.767,5,78
glm.q_proj   tp2,2048,2048,128,bfloat16,96,256x32,49.435,5,78
glm.q_proj   tp2,2048,2048,128,bfloat16,96,64x64x2,51.726,4,78
glm.q_proj   tp2,2048,2048,128,bfloat16,96,256x64,56.332,4,78
glm.q_proj   tp2,2048,2048,128,bfloat16,96,256x128x2,56.721,4,78
glm.q_proj   tp2,2048,2048,128,bfloat16,96,192x128x2,57.033,4,78
glm.q_proj   tp2,2048,2048,128,bfloat16,96,128x128x2,58.555,4,78
glm.q_proj   tp2,2048,2048,128,bfloat16,96,128x32,60.004,4,78
glm.q_proj   tp2,2048,2048,128,bfloat16,96,32x128x4,65.249,3,78
glm.q_proj   tp2,2048,2048,128,bfloat16,96,96x128x2,67.017,3,78
glm.q_proj   tp2,2048,2048,128,bfloat16,96,64x32,67.431,3,78
glm.q_proj   tp2,2048,2048,128,bfloat16,96,128x64,68.004,3,78
glm.q_proj   tp2,2048,2048,128,bfloat16,96,64x128x2,69.774,3,78
glm.q_proj   tp2,2048,2048,128,bfloat16,96,256x128,71.435,3,78
glm.q_proj   tp2,2048,2048,128,bfloat16,96,32x64x2,72.201,3,78
glm.q_proj   tp2,2048,2048,128,bfloat16,96,192x128,77.257,3,78
glm.q_proj   tp2,2048,2048,128,bfloat16,96,64x64,86.468,2,78
glm.q_proj   tp2,2048,2048,128,bfloat16,96,32x32,88.794,2,78
glm.q_proj   tp2,2048,2048,128,bfloat16,96,128x128,90.308,2,78
glm.q_proj   tp2,2048,2048,128,bfloat16,96,256x192,90.503,2,78
glm.q_proj   tp2,2048,2048,128,bfloat16,96,112x128,100.855,2,78
glm.q_proj   tp2,2048,2048,128,bfloat16,96,96x128,109.303,2,78
glm.q_proj   tp2,2048,2048,128,bfloat16,96,80x128,109.504,2,78
glm.q_proj   tp2,2048,2048,128,bfloat16,96,64x128,121.370,2,78
glm.q_proj   tp2,2048,2048,128,bfloat16,96,32x64,127.211,2,78
glm.q_proj   tp2,2048,2048,128,bfloat16,96,16x64,298.054,2,78
glm.q_proj   tp2,2048,2048,128,bfloat16,96,32x128,300.774,2,78
glm.q_proj   tp2,2048,2048,128,bfloat16,96,128x256,363.094,2,78
glm.q_proj   tp2,2048,2048,128,bfloat16,96,16x128,989.185,2,78
glm.q_proj   tp2,2048,2048,128,bfloat16,128,32x64x4,44.023,5,78
glm.q_proj   tp2,2048,2048,128,bfloat16,128,128x128x4,48.687,5,78
glm.q_proj   tp2,2048,2048,128,bfloat16,128,64x128x4,49.686,5,78
glm.q_proj   tp2,2048,2048,128,bfloat16,128,128x64x2,50.895,4,78
glm.q_proj   tp2,2048,2048,128,bfloat16,128,256x32,53.025,4,78
glm.q_proj   tp2,2048,2048,128,bfloat16,128,64x64x2,55.657,4,78
glm.q_proj   tp2,2048,2048,128,bfloat16,128,256x128x2,58.469,4,78
glm.q_proj   tp2,2048,2048,128,bfloat16,128,256x64,59.398,4,78
glm.q_proj   tp2,2048,2048,128,bfloat16,128,192x128x2,60.179,4,78
glm.q_proj   tp2,2048,2048,128,bfloat16,128,128x128x2,61.757,4,78
glm.q_proj   tp2,2048,2048,128,bfloat16,128,96x128x2,62.866,4,78
glm.q_proj   tp2,2048,2048,128,bfloat16,128,32x128x4,65.657,3,78
glm.q_proj   tp2,2048,2048,128,bfloat16,128,128x32,66.433,3,78
glm.q_proj   tp2,2048,2048,128,bfloat16,128,64x32,72.505,3,78
glm.q_proj   tp2,2048,2048,128,bfloat16,128,32x64x2,73.099,3,78
glm.q_proj   tp2,2048,2048,128,bfloat16,128,128x64,74.234,3,78
glm.q_proj   tp2,2048,2048,128,bfloat16,128,256x128,74.654,3,78
glm.q_proj   tp2,2048,2048,128,bfloat16,128,64x128x2,74.655,3,78
glm.q_proj   tp2,2048,2048,128,bfloat16,128,192x128,82.220,3,78
glm.q_proj   tp2,2048,2048,128,bfloat16,128,32x32,89.909,2,78
glm.q_proj   tp2,2048,2048,128,bfloat16,128,64x64,92.608,2,78
glm.q_proj   tp2,2048,2048,128,bfloat16,128,256x192,93.229,2,78
glm.q_proj   tp2,2048,2048,128,bfloat16,128,128x128,96.643,2,78
glm.q_proj   tp2,2048,2048,128,bfloat16,128,112x128,97.044,2,78
glm.q_proj   tp2,2048,2048,128,bfloat16,128,96x128,102.077,2,78
glm.q_proj   tp2,2048,2048,128,bfloat16,128,80x128,110.160,2,78
glm.q_proj   tp2,2048,2048,128,bfloat16,128,32x64,129.339,2,78
glm.q_proj   tp2,2048,2048,128,bfloat16,128,64x128,131.074,2,78
glm.q_proj   tp2,2048,2048,128,bfloat16,128,32x128,299.896,2,78
glm.q_proj   tp2,2048,2048,128,bfloat16,128,16x64,303.045,2,78
glm.q_proj   tp2,2048,2048,128,bfloat16,128,128x256,371.344,2,78
glm.q_proj   tp2,2048,2048,128,bfloat16,128,16x128,564.610,2,78
glm.q_proj   tp2,2048,2048,128,bfloat16,192,128x128x4,47.288,5,78
glm.q_proj   tp2,2048,2048,128,bfloat16,192,128x64x2,47.896,5,78
glm.q_proj   tp2,2048,2048,128,bfloat16,192,64x128x4,52.726,4,78
glm.q_proj   tp2,2048,2048,128,bfloat16,192,32x64x4,55.073,4,78
glm.q_proj   tp2,2048,2048,128,bfloat16,192,64x64x2,57.463,4,78
glm.q_proj   tp2,2048,2048,128,bfloat16,192,128x128x2,57.596,4,78
glm.q_proj   tp2,2048,2048,128,bfloat16,192,256x32,60.030,4,78
glm.q_proj   tp2,2048,2048,128,bfloat16,192,256x128x2,61.852,4,78
glm.q_proj   tp2,2048,2048,128,bfloat16,192,128x32,62.721,3,78
glm.q_proj   tp2,2048,2048,128,bfloat16,192,192x128x2,63.650,3,78
glm.q_proj   tp2,2048,2048,128,bfloat16,192,256x64,65.843,3,78
glm.q_proj   tp2,2048,2048,128,bfloat16,192,96x128x2,67.350,3,78
glm.q_proj   tp2,2048,2048,128,bfloat16,192,32x128x4,68.417,3,78
glm.q_proj   tp2,2048,2048,128,bfloat16,192,128x64,72.435,3,78
glm.q_proj   tp2,2048,2048,128,bfloat16,192,64x32,74.229,3,78
glm.q_proj   tp2,2048,2048,128,bfloat16,192,32x64x2,74.551,3,78
glm.q_proj   tp2,2048,2048,128,bfloat16,192,64x128x2,76.142,3,78
glm.q_proj   tp2,2048,2048,128,bfloat16,192,256x128,81.236,3,78
glm.q_proj   tp2,2048,2048,128,bfloat16,192,192x128,90.274,2,78
glm.q_proj   tp2,2048,2048,128,bfloat16,192,128x128,90.984,2,78
glm.q_proj   tp2,2048,2048,128,bfloat16,192,32x32,91.292,2,78
glm.q_proj   tp2,2048,2048,128,bfloat16,192,64x64,94.141,2,78
glm.q_proj   tp2,2048,2048,128,bfloat16,192,112x128,98.877,2,78
glm.q_proj   tp2,2048,2048,128,bfloat16,192,256x192,99.677,2,78
glm.q_proj   tp2,2048,2048,128,bfloat16,192,96x128,109.980,2,78
glm.q_proj   tp2,2048,2048,128,bfloat16,192,80x128,110.642,2,78
glm.q_proj   tp2,2048,2048,128,bfloat16,192,32x64,130.252,2,78
glm.q_proj   tp2,2048,2048,128,bfloat16,192,64x128,132.577,2,78
glm.q_proj   tp2,2048,2048,128,bfloat16,192,32x128,305.462,2,78
glm.q_proj   tp2,2048,2048,128,bfloat16,192,128x256,359.769,2,78
glm.q_proj   tp2,2048,2048,128,bfloat16,192,16x64,608.399,2,78
glm.q_proj   tp2,2048,2048,128,bfloat16,192,16x128,1121.073,2,78
glm.q_proj   tp2,2048,2048,128,bfloat16,256,128x128x4,58.699,4,78
glm.q_proj   tp2,2048,2048,128,bfloat16,256,128x64x2,62.817,4,78
glm.q_proj   tp2,2048,2048,128,bfloat16,256,64x128x4,63.333,3,78
glm.q_proj   tp2,2048,2048,128,bfloat16,256,192x128x2,66.899,3,78
glm.q_proj   tp2,2048,2048,128,bfloat16,256,64x64x2,69.532,3,78
glm.q_proj   tp2,2048,2048,128,bfloat16,256,128x128x2,70.895,3,78
glm.q_proj   tp2,2048,2048,128,bfloat16,256,256x128x2,72.900,3,78
glm.q_proj   tp2,2048,2048,128,bfloat16,256,256x32,75.683,3,78
glm.q_proj   tp2,2048,2048,128,bfloat16,256,32x64x4,76.633,3,78
glm.q_proj   tp2,2048,2048,128,bfloat16,256,96x128x2,77.551,3,78
glm.q_proj   tp2,2048,2048,128,bfloat16,256,128x32,78.064,3,78
glm.q_proj   tp2,2048,2048,128,bfloat16,256,256x64,81.203,3,78
glm.q_proj   tp2,2048,2048,128,bfloat16,256,32x128x4,83.422,3,78
glm.q_proj   tp2,2048,2048,128,bfloat16,256,64x32,84.892,2,78
glm.q_proj   tp2,2048,2048,128,bfloat16,256,128x64,86.469,2,78
glm.q_proj   tp2,2048,2048,128,bfloat16,256,64x128x2,88.171,2,78
glm.q_proj   tp2,2048,2048,128,bfloat16,256,32x64x2,90.400,2,78
glm.q_proj   tp2,2048,2048,128,bfloat16,256,192x128,93.810,2,78
glm.q_proj   tp2,2048,2048,128,bfloat16,256,256x128,95.757,2,78
glm.q_proj   tp2,2048,2048,128,bfloat16,256,64x64,105.758,2,78
glm.q_proj   tp2,2048,2048,128,bfloat16,256,128x128,105.777,2,78
glm.q_proj   tp2,2048,2048,128,bfloat16,256,112x128,107.495,2,78
glm.q_proj   tp2,2048,2048,128,bfloat16,256,96x128,113.765,2,78
glm.q_proj   tp2,2048,2048,128,bfloat16,256,256x192,114.618,2,78
glm.q_proj   tp2,2048,2048,128,bfloat16,256,80x128,122.406,2,78
glm.q_proj   tp2,2048,2048,128,bfloat16,256,32x64,143.341,2,78
glm.q_proj   tp2,2048,2048,128,bfloat16,256,64x128,147.152,2,78
glm.q_proj   tp2,2048,2048,128,bfloat16,256,32x32,281.758,2,78
glm.q_proj   tp2,2048,2048,128,bfloat16,256,32x128,319.826,2,78
glm.q_proj   tp2,2048,2048,128,bfloat16,256,128x256,379.881,2,78
glm.q_proj   tp2,2048,2048,128,bfloat16,256,16x64,928.237,2,78
glm.q_proj   tp2,2048,2048,128,bfloat16,256,16x128,2074.360,2,78
glm.q_proj   tp2,2048,2048,128,bfloat16,512,256x128x2,77.706,3,78
glm.q_proj   tp2,2048,2048,128,bfloat16,512,128x128x2,81.695,3,78
glm.q_proj   tp2,2048,2048,128,bfloat16,512,256x64,88.538,2,78
glm.q_proj   tp2,2048,2048,128,bfloat16,512,96x128x2,91.734,2,78
glm.q_proj   tp2,2048,2048,128,bfloat16,512,128x64,94.327,2,78
glm.q_proj   tp2,2048,2048,128,bfloat16,512,128x128x4,95.447,3,78
glm.q_proj   tp2,2048,2048,128,bfloat16,512,256x128,104.980,2,78
glm.q_proj   tp2,2048,2048,128,bfloat16,512,192x128,105.044,2,78
glm.q_proj   tp2,2048,2048,128,bfloat16,512,64x128x2,111.915,2,78
glm.q_proj   tp2,2048,2048,128,bfloat16,512,128x64x2,112.262,2,78
glm.q_proj   tp2,2048,2048,128,bfloat16,512,192x128x2,113.911,2,78
glm.q_proj   tp2,2048,2048,128,bfloat16,512,64x64x2,116.582,2,78
glm.q_proj   tp2,2048,2048,128,bfloat16,512,256x192,116.817,2,78
glm.q_proj   tp2,2048,2048,128,bfloat16,512,112x128,120.423,2,78
glm.q_proj   tp2,2048,2048,128,bfloat16,512,64x128x4,120.756,2,78
glm.q_proj   tp2,2048,2048,128,bfloat16,512,128x128,121.761,2,78
glm.q_proj   tp2,2048,2048,128,bfloat16,512,96x128,125.002,2,78
glm.q_proj   tp2,2048,2048,128,bfloat16,512,256x32,136.174,2,78
glm.q_proj   tp2,2048,2048,128,bfloat16,512,80x128,139.409,2,78
glm.q_proj   tp2,2048,2048,128,bfloat16,512,32x64x4,152.554,2,78
glm.q_proj   tp2,2048,2048,128,bfloat16,512,128x32,155.700,2,78
glm.q_proj   tp2,2048,2048,128,bfloat16,512,64x32,169.004,2,78
glm.q_proj   tp2,2048,2048,128,bfloat16,512,32x128x4,174.871,2,78
glm.q_proj   tp2,2048,2048,128,bfloat16,512,32x64x2,187.367,2,78
glm.q_proj   tp2,2048,2048,128,bfloat16,512,64x128,259.516,2,78
glm.q_proj   tp2,2048,2048,128,bfloat16,512,64x64,287.214,2,78
glm.q_proj   tp2,2048,2048,128,bfloat16,512,32x64,360.720,2,78
glm.q_proj   tp2,2048,2048,128,bfloat16,512,128x256,398.290,2,78
glm.q_proj   tp2,2048,2048,128,bfloat16,512,32x32,415.653,2,78
glm.q_proj   tp2,2048,2048,128,bfloat16,512,32x128,613.479,2,78
glm.q_proj   tp2,2048,2048,128,bfloat16,512,16x64,1248.199,2,78
glm.q_proj   tp2,2048,2048,128,bfloat16,512,16x128,2979.795,2,78
glm.q_proj   tp2,2048,2048,128,bfloat16,1024,256x128,123.285,2,78
glm.q_proj   tp2,2048,2048,128,bfloat16,1024,256x128x2,132.588,2,78
glm.q_proj   tp2,2048,2048,128,bfloat16,1024,192x128x2,135.359,2,78
glm.q_proj   tp2,2048,2048,128,bfloat16,1024,128x128x4,139.761,2,78
glm.q_proj   tp2,2048,2048,128,bfloat16,1024,128x128x2,142.188,2,78
glm.q_proj   tp2,2048,2048,128,bfloat16,1024,256x64,155.303,2,78
glm.q_proj   tp2,2048,2048,128,bfloat16,1024,128x64x2,155.657,2,78
glm.q_proj   tp2,2048,2048,128,bfloat16,1024,96x128x2,157.577,2,78
glm.q_proj   tp2,2048,2048,128,bfloat16,1024,64x128x4,172.316,2,78
glm.q_proj   tp2,2048,2048,128,bfloat16,1024,192x128,187.766,2,78
glm.q_proj   tp2,2048,2048,128,bfloat16,1024,64x128x2,187.767,2,78
glm.q_proj   tp2,2048,2048,128,bfloat16,1024,64x64x2,188.978,2,78
glm.q_proj   tp2,2048,2048,128,bfloat16,1024,256x32,189.052,2,78
glm.q_proj   tp2,2048,2048,128,bfloat16,1024,128x64,209.982,2,78
glm.q_proj   tp2,2048,2048,128,bfloat16,1024,112x128,222.885,2,78
glm.q_proj   tp2,2048,2048,128,bfloat16,1024,256x192,228.918,2,78
glm.q_proj   tp2,2048,2048,128,bfloat16,1024,128x128,229.307,2,78
glm.q_proj   tp2,2048,2048,128,bfloat16,1024,128x32,231.040,2,78
glm.q_proj   tp2,2048,2048,128,bfloat16,1024,32x64x4,233.179,2,78
glm.q_proj   tp2,2048,2048,128,bfloat16,1024,96x128,235.665,2,78
glm.q_proj   tp2,2048,2048,128,bfloat16,1024,128x256,239.684,2,78
glm.q_proj   tp2,2048,2048,128,bfloat16,1024,32x128x4,270.283,2,78
glm.q_proj   tp2,2048,2048,128,bfloat16,1024,64x32,271.687,2,78
glm.q_proj   tp2,2048,2048,128,bfloat16,1024,32x64x2,296.345,2,78
glm.q_proj   tp2,2048,2048,128,bfloat16,1024,80x128,298.936,2,78
glm.q_proj   tp2,2048,2048,128,bfloat16,1024,64x128,386.937,2,78
glm.q_proj   tp2,2048,2048,128,bfloat16,1024,64x64,467.946,2,78
glm.q_proj   tp2,2048,2048,128,bfloat16,1024,32x32,584.168,2,78
glm.q_proj   tp2,2048,2048,128,bfloat16,1024,32x64,751.283,2,78
glm.q_proj   tp2,2048,2048,128,bfloat16,1024,32x128,1397.540,2,78
glm.q_proj   tp2,2048,2048,128,bfloat16,1024,16x64,2512.757,2,78
glm.q_proj   tp2,2048,2048,128,bfloat16,1024,16x128,4401.855,2,78
glm.q_proj   tp2,2048,2048,128,bfloat16,2048,256x128,233.611,2,78
glm.q_proj   tp2,2048,2048,128,bfloat16,2048,192x128x2,236.824,2,78
glm.q_proj   tp2,2048,2048,128,bfloat16,2048,128x128x2,245.884,2,78
glm.q_proj   tp2,2048,2048,128,bfloat16,2048,256x128x2,246.162,2,78
glm.q_proj   tp2,2048,2048,128,bfloat16,2048,128x128x4,261.054,2,78
glm.q_proj   tp2,2048,2048,128,bfloat16,2048,96x128x2,273.106,2,78
glm.q_proj   tp2,2048,2048,128,bfloat16,2048,128x64x2,287.398,2,78
glm.q_proj   tp2,2048,2048,128,bfloat16,2048,256x64,292.528,2,78
glm.q_proj   tp2,2048,2048,128,bfloat16,2048,192x128,302.231,2,78
glm.q_proj   tp2,2048,2048,128,bfloat16,2048,64x128x4,322.325,2,78
glm.q_proj   tp2,2048,2048,128,bfloat16,2048,128x64,328.451,2,78
glm.q_proj   tp2,2048,2048,128,bfloat16,2048,256x192,349.595,2,78
glm.q_proj   tp2,2048,2048,128,bfloat16,2048,256x32,352.476,2,78
glm.q_proj   tp2,2048,2048,128,bfloat16,2048,128x128,353.748,2,78
glm.q_proj   tp2,2048,2048,128,bfloat16,2048,64x64x2,354.565,2,78
glm.q_proj   tp2,2048,2048,128,bfloat16,2048,64x128x2,358.409,2,78
glm.q_proj   tp2,2048,2048,128,bfloat16,2048,96x128,377.298,2,78
glm.q_proj   tp2,2048,2048,128,bfloat16,2048,128x32,414.659,2,78
glm.q_proj   tp2,2048,2048,128,bfloat16,2048,112x128,425.273,2,78
glm.q_proj   tp2,2048,2048,128,bfloat16,2048,32x64x4,450.157,2,78
glm.q_proj   tp2,2048,2048,128,bfloat16,2048,128x256,459.667,2,78
glm.q_proj   tp2,2048,2048,128,bfloat16,2048,64x64,463.404,2,78
glm.q_proj   tp2,2048,2048,128,bfloat16,2048,80x128,484.638,2,78
glm.q_proj   tp2,2048,2048,128,bfloat16,2048,32x128x4,492.219,2,78
glm.q_proj   tp2,2048,2048,128,bfloat16,2048,64x32,531.281,2,78
glm.q_proj   tp2,2048,2048,128,bfloat16,2048,32x64x2,589.789,2,78
glm.q_proj   tp2,2048,2048,128,bfloat16,2048,64x128,665.276,2,78
glm.q_proj   tp2,2048,2048,128,bfloat16,2048,32x32,869.046,2,78
glm.q_proj   tp2,2048,2048,128,bfloat16,2048,32x64,1000.750,2,78
glm.q_proj   tp2,2048,2048,128,bfloat16,2048,32x128,1718.695,2,78
glm.q_proj   tp2,2048,2048,128,bfloat16,2048,16x64,3549.496,2,78
glm.q_proj   tp2,2048,2048,128,bfloat16,2048,16x128,4328.253,2,78
glm.o_proj   tp2,2048,2816,128,bfloat16,1,32x64x4,39.953,8,57
glm.o_proj   tp2,2048,2816,128,bfloat16,1,128x64x2,41.481,8,57
glm.o_proj   tp2,2048,2816,128,bfloat16,1,128x128x4,42.271,8,57
glm.o_proj   tp2,2048,2816,128,bfloat16,1,128x32,43.185,7,57
glm.o_proj   tp2,2048,2816,128,bfloat16,1,64x128x4,44.156,7,57
glm.o_proj   tp2,2048,2816,128,bfloat16,1,64x64x2,44.650,7,57
glm.o_proj   tp2,2048,2816,128,bfloat16,1,64x32,48.678,7,57
glm.o_proj   tp2,2048,2816,128,bfloat16,1,128x128x2,49.764,6,57
glm.o_proj   tp2,2048,2816,128,bfloat16,1,256x32,50.306,6,57
glm.o_proj   tp2,2048,2816,128,bfloat16,1,192x128x2,51.086,6,57
glm.o_proj   tp2,2048,2816,128,bfloat16,1,256x128x2,51.299,6,57
glm.o_proj   tp2,2048,2816,128,bfloat16,1,128x64,52.402,6,57
glm.o_proj   tp2,2048,2816,128,bfloat16,1,256x64,52.713,6,57
glm.o_proj   tp2,2048,2816,128,bfloat16,1,96x128x2,55.615,6,57
glm.o_proj   tp2,2048,2816,128,bfloat16,1,32x128x4,59.034,5,57
glm.o_proj   tp2,2048,2816,128,bfloat16,1,32x64x2,60.762,5,57
glm.o_proj   tp2,2048,2816,128,bfloat16,1,256x128,61.414,5,57
glm.o_proj   tp2,2048,2816,128,bfloat16,1,64x128x2,62.664,5,57
glm.o_proj   tp2,2048,2816,128,bfloat16,1,192x128,65.165,5,57
glm.o_proj   tp2,2048,2816,128,bfloat16,1,32x32,65.630,5,57
glm.o_proj   tp2,2048,2816,128,bfloat16,1,64x64,68.126,5,57
glm.o_proj   tp2,2048,2816,128,bfloat16,1,128x128,70.883,4,57
glm.o_proj   tp2,2048,2816,128,bfloat16,1,112x128,79.308,4,57
glm.o_proj   tp2,2048,2816,128,bfloat16,1,256x192,80.584,4,57
glm.o_proj   tp2,2048,2816,128,bfloat16,1,96x128,84.432,4,57
glm.o_proj   tp2,2048,2816,128,bfloat16,1,80x128,93.392,3,57
glm.o_proj   tp2,2048,2816,128,bfloat16,1,32x64,103.762,3,57
glm.o_proj   tp2,2048,2816,128,bfloat16,1,64x128,106.257,3,57
glm.o_proj   tp2,2048,2816,128,bfloat16,1,16x64,259.897,2,57
glm.o_proj   tp2,2048,2816,128,bfloat16,1,32x128,273.030,2,57
glm.o_proj   tp2,2048,2816,128,bfloat16,1,128x256,286.578,2,57
glm.o_proj   tp2,2048,2816,128,bfloat16,1,16x128,536.543,2,57
glm.o_proj   tp2,2048,2816,128,bfloat16,8,32x64x4,40.309,8,57
glm.o_proj   tp2,2048,2816,128,bfloat16,8,128x64x2,42.165,8,57
glm.o_proj   tp2,2048,2816,128,bfloat16,8,128x128x4,43.058,7,57
glm.o_proj   tp2,2048,2816,128,bfloat16,8,128x32,43.826,7,57
glm.o_proj   tp2,2048,2816,128,bfloat16,8,64x128x4,45.012,7,57
glm.o_proj   tp2,2048,2816,128,bfloat16,8,64x64x2,45.365,7,57
glm.o_proj   tp2,2048,2816,128,bfloat16,8,64x32,50.309,6,57
glm.o_proj   tp2,2048,2816,128,bfloat16,8,256x32,50.934,6,57
glm.o_proj   tp2,2048,2816,128,bfloat16,8,128x128x2,51.010,6,57
glm.o_proj   tp2,2048,2816,128,bfloat16,8,192x128x2,52.486,6,57
glm.o_proj   tp2,2048,2816,128,bfloat16,8,256x128x2,52.584,6,57
glm.o_proj   tp2,2048,2816,128,bfloat16,8,128x64,53.409,6,57
glm.o_proj   tp2,2048,2816,128,bfloat16,8,256x64,53.587,6,57
glm.o_proj   tp2,2048,2816,128,bfloat16,8,96x128x2,56.492,6,57
glm.o_proj   tp2,2048,2816,128,bfloat16,8,32x128x4,59.075,5,57
glm.o_proj   tp2,2048,2816,128,bfloat16,8,32x64x2,61.341,5,57
glm.o_proj   tp2,2048,2816,128,bfloat16,8,64x128x2,63.190,5,57
glm.o_proj   tp2,2048,2816,128,bfloat16,8,256x128,63.999,5,57
glm.o_proj   tp2,2048,2816,128,bfloat16,8,192x128,67.254,5,57
glm.o_proj   tp2,2048,2816,128,bfloat16,8,32x32,67.973,5,57
glm.o_proj   tp2,2048,2816,128,bfloat16,8,64x64,69.280,4,57
glm.o_proj   tp2,2048,2816,128,bfloat16,8,128x128,72.823,4,57
glm.o_proj   tp2,2048,2816,128,bfloat16,8,112x128,80.946,4,57
glm.o_proj   tp2,2048,2816,128,bfloat16,8,256x192,83.588,4,57
glm.o_proj   tp2,2048,2816,128,bfloat16,8,96x128,85.840,4,57
glm.o_proj   tp2,2048,2816,128,bfloat16,8,80x128,94.909,3,57
glm.o_proj   tp2,2048,2816,128,bfloat16,8,32x64,105.967,3,57
glm.o_proj   tp2,2048,2816,128,bfloat16,8,64x128,107.666,3,57
glm.o_proj   tp2,2048,2816,128,bfloat16,8,32x128,261.293,2,57
glm.o_proj   tp2,2048,2816,128,bfloat16,8,16x64,273.795,2,57
glm.o_proj   tp2,2048,2816,128,bfloat16,8,128x256,294.436,2,57
glm.o_proj   tp2,2048,2816,128,bfloat16,8,16x128,523.670,2,57
glm.o_proj   tp2,2048,2816,128,bfloat16,17,32x64x4,42.204,8,57
glm.o_proj   tp2,2048,2816,128,bfloat16,17,128x64x2,42.850,8,57
glm.o_proj   tp2,2048,2816,128,bfloat16,17,128x128x4,42.939,7,57
glm.o_proj   tp2,2048,2816,128,bfloat16,17,64x128x4,45.619,7,57
glm.o_proj   tp2,2048,2816,128,bfloat16,17,128x32,45.736,7,57
glm.o_proj   tp2,2048,2816,128,bfloat16,17,64x64x2,47.331,7,57
glm.o_proj   tp2,2048,2816,128,bfloat16,17,128x128x2,51.690,6,57
glm.o_proj   tp2,2048,2816,128,bfloat16,17,256x32,51.897,6,57
glm.o_proj   tp2,2048,2816,128,bfloat16,17,192x128x2,52.284,6,57
glm.o_proj   tp2,2048,2816,128,bfloat16,17,256x128x2,52.559,6,57
glm.o_proj   tp2,2048,2816,128,bfloat16,17,64x32,53.939,6,57
glm.o_proj   tp2,2048,2816,128,bfloat16,17,256x64,54.197,6,57
glm.o_proj   tp2,2048,2816,128,bfloat16,17,128x64,54.864,6,57
glm.o_proj   tp2,2048,2816,128,bfloat16,17,96x128x2,57.554,5,57
glm.o_proj   tp2,2048,2816,128,bfloat16,17,32x128x4,60.436,5,57
glm.o_proj   tp2,2048,2816,128,bfloat16,17,256x128,64.387,5,57
glm.o_proj   tp2,2048,2816,128,bfloat16,17,64x128x2,64.711,5,57
glm.o_proj   tp2,2048,2816,128,bfloat16,17,32x64x2,65.390,5,57
glm.o_proj   tp2,2048,2816,128,bfloat16,17,192x128,68.365,5,57
glm.o_proj   tp2,2048,2816,128,bfloat16,17,64x64,72.032,4,57
glm.o_proj   tp2,2048,2816,128,bfloat16,17,128x128,74.311,4,57
glm.o_proj   tp2,2048,2816,128,bfloat16,17,32x32,75.723,4,57
glm.o_proj   tp2,2048,2816,128,bfloat16,17,112x128,82.298,4,57
glm.o_proj   tp2,2048,2816,128,bfloat16,17,256x192,83.896,4,57
glm.o_proj   tp2,2048,2816,128,bfloat16,17,96x128,88.037,3,57
glm.o_proj   tp2,2048,2816,128,bfloat16,17,80x128,96.935,3,57
glm.o_proj   tp2,2048,2816,128,bfloat16,17,64x128,110.632,3,57
glm.o_proj   tp2,2048,2816,128,bfloat16,17,32x64,113.196,3,57
glm.o_proj   tp2,2048,2816,128,bfloat16,17,16x64,272.241,2,57
glm.o_proj   tp2,2048,2816,128,bfloat16,17,32x128,274.437,2,57
glm.o_proj   tp2,2048,2816,128,bfloat16,17,128x256,311.573,2,57
glm.o_proj   tp2,2048,2816,128,bfloat16,17,16x128,490.214,2,57
glm.o_proj   tp2,2048,2816,128,bfloat16,24,128x128x4,43.064,8,57
glm.o_proj   tp2,2048,2816,128,bfloat16,24,32x64x4,43.199,7,57
glm.o_proj   tp2,2048,2816,128,bfloat16,24,128x64x2,43.343,7,57
glm.o_proj   tp2,2048,2816,128,bfloat16,24,128x32,46.228,7,57
glm.o_proj   tp2,2048,2816,128,bfloat16,24,64x128x4,46.468,7,57
glm.o_proj   tp2,2048,2816,128,bfloat16,24,64x64x2,48.128,7,57
glm.o_proj   tp2,2048,2816,128,bfloat16,24,256x32,51.962,6,57
glm.o_proj   tp2,2048,2816,128,bfloat16,24,256x128x2,52.272,6,57
glm.o_proj   tp2,2048,2816,128,bfloat16,24,128x128x2,52.497,6,57
glm.o_proj   tp2,2048,2816,128,bfloat16,24,192x128x2,52.600,6,57
glm.o_proj   tp2,2048,2816,128,bfloat16,24,256x64,54.723,6,57
glm.o_proj   tp2,2048,2816,128,bfloat16,24,128x64,55.788,6,57
glm.o_proj   tp2,2048,2816,128,bfloat16,24,64x32,55.871,6,57
glm.o_proj   tp2,2048,2816,128,bfloat16,24,96x128x2,57.936,5,57
glm.o_proj   tp2,2048,2816,128,bfloat16,24,32x128x4,61.779,5,57
glm.o_proj   tp2,2048,2816,128,bfloat16,24,256x128,65.739,5,57
glm.o_proj   tp2,2048,2816,128,bfloat16,24,64x128x2,66.218,5,57
glm.o_proj   tp2,2048,2816,128,bfloat16,24,32x64x2,67.894,5,57
glm.o_proj   tp2,2048,2816,128,bfloat16,24,192x128,68.885,5,57
glm.o_proj   tp2,2048,2816,128,bfloat16,24,64x64,74.626,4,57
glm.o_proj   tp2,2048,2816,128,bfloat16,24,128x128,75.733,4,57
glm.o_proj   tp2,2048,2816,128,bfloat16,24,32x32,81.450,4,57
glm.o_proj   tp2,2048,2816,128,bfloat16,24,112x128,84.294,4,57
glm.o_proj   tp2,2048,2816,128,bfloat16,24,256x192,85.002,4,57
glm.o_proj   tp2,2048,2816,128,bfloat16,24,96x128,90.092,3,57
glm.o_proj   tp2,2048,2816,128,bfloat16,24,80x128,99.894,3,57
glm.o_proj   tp2,2048,2816,128,bfloat16,24,64x128,113.907,3,57
glm.o_proj   tp2,2048,2816,128,bfloat16,24,32x64,119.819,2,57
glm.o_proj   tp2,2048,2816,128,bfloat16,24,16x64,279.491,2,57
glm.o_proj   tp2,2048,2816,128,bfloat16,24,32x128,280.864,2,57
glm.o_proj   tp2,2048,2816,128,bfloat16,24,128x256,308.133,2,57
glm.o_proj   tp2,2048,2816,128,bfloat16,24,16x128,512.520,2,57
glm.o_proj   tp2,2048,2816,128,bfloat16,32,128x128x4,43.331,7,57
glm.o_proj   tp2,2048,2816,128,bfloat16,32,128x64x2,43.658,7,57
glm.o_proj   tp2,2048,2816,128,bfloat16,32,32x64x4,44.687,7,57
glm.o_proj   tp2,2048,2816,128,bfloat16,32,64x128x4,46.757,7,57
glm.o_proj   tp2,2048,2816,128,bfloat16,32,128x32,47.843,7,57
glm.o_proj   tp2,2048,2816,128,bfloat16,32,64x64x2,49.461,6,57
glm.o_proj   tp2,2048,2816,128,bfloat16,32,256x32,52.626,6,57
glm.o_proj   tp2,2048,2816,128,bfloat16,32,128x128x2,52.941,6,57
glm.o_proj   tp2,2048,2816,128,bfloat16,32,256x128x2,53.131,6,57
glm.o_proj   tp2,2048,2816,128,bfloat16,32,192x128x2,54.054,6,57
glm.o_proj   tp2,2048,2816,128,bfloat16,32,256x64,55.012,6,57
glm.o_proj   tp2,2048,2816,128,bfloat16,32,128x64,56.881,6,57
glm.o_proj   tp2,2048,2816,128,bfloat16,32,64x32,59.117,5,57
glm.o_proj   tp2,2048,2816,128,bfloat16,32,96x128x2,59.290,5,57
glm.o_proj   tp2,2048,2816,128,bfloat16,32,32x128x4,63.366,5,57
glm.o_proj   tp2,2048,2816,128,bfloat16,32,256x128,65.857,5,57
glm.o_proj   tp2,2048,2816,128,bfloat16,32,64x128x2,67.747,5,57
glm.o_proj   tp2,2048,2816,128,bfloat16,32,192x128,70.592,4,57
glm.o_proj   tp2,2048,2816,128,bfloat16,32,32x64x2,70.983,4,57
glm.o_proj   tp2,2048,2816,128,bfloat16,32,128x128,77.284,4,57
glm.o_proj   tp2,2048,2816,128,bfloat16,32,64x64,77.551,4,57
glm.o_proj   tp2,2048,2816,128,bfloat16,32,256x192,84.911,4,57
glm.o_proj   tp2,2048,2816,128,bfloat16,32,112x128,85.937,4,57
glm.o_proj   tp2,2048,2816,128,bfloat16,32,32x32,87.481,3,57
glm.o_proj   tp2,2048,2816,128,bfloat16,32,96x128,91.984,3,57
glm.o_proj   tp2,2048,2816,128,bfloat16,32,80x128,102.167,3,57
glm.o_proj   tp2,2048,2816,128,bfloat16,32,64x128,117.138,2,57
glm.o_proj   tp2,2048,2816,128,bfloat16,32,32x64,126.013,2,57
glm.o_proj   tp2,2048,2816,128,bfloat16,32,32x128,291.715,2,57
glm.o_proj   tp2,2048,2816,128,bfloat16,32,16x64,294.623,2,57
glm.o_proj   tp2,2048,2816,128,bfloat16,32,128x256,315.895,2,57
glm.o_proj   tp2,2048,2816,128,bfloat16,32,16x128,523.030,2,57
glm.o_proj   tp2,2048,2816,128,bfloat16,48,32x64x4,42.781,7,57
glm.o_proj   tp2,2048,2816,128,bfloat16,48,128x64x2,44.872,7,57
glm.o_proj   tp2,2048,2816,128,bfloat16,48,128x128x4,45.046,7,57
glm.o_proj   tp2,2048,2816,128,bfloat16,48,64x128x4,48.399,7,57
glm.o_proj   tp2,2048,2816,128,bfloat16,48,128x32,51.467,6,57
glm.o_proj   tp2,2048,2816,128,bfloat16,48,64x64x2,52.494,6,57
glm.o_proj   tp2,2048,2816,128,bfloat16,48,256x32,54.422,6,57
glm.o_proj   tp2,2048,2816,128,bfloat16,48,192x128x2,54.448,6,57
glm.o_proj   tp2,2048,2816,128,bfloat16,48,128x128x2,54.611,6,57
glm.o_proj   tp2,2048,2816,128,bfloat16,48,256x128x2,54.629,6,57
glm.o_proj   tp2,2048,2816,128,bfloat16,48,256x64,55.933,6,57
glm.o_proj   tp2,2048,2816,128,bfloat16,48,128x64,59.955,5,57
glm.o_proj   tp2,2048,2816,128,bfloat16,48,96x128x2,61.317,5,57
glm.o_proj   tp2,2048,2816,128,bfloat16,48,32x128x4,62.588,5,57
glm.o_proj   tp2,2048,2816,128,bfloat16,48,64x32,65.563,5,57
glm.o_proj   tp2,2048,2816,128,bfloat16,48,32x64x2,66.772,5,57
glm.o_proj   tp2,2048,2816,128,bfloat16,48,256x128,67.625,5,57
glm.o_proj   tp2,2048,2816,128,bfloat16,48,64x128x2,70.800,4,57
glm.o_proj   tp2,2048,2816,128,bfloat16,48,192x128,72.152,4,57
glm.o_proj   tp2,2048,2816,128,bfloat16,48,128x128,80.327,4,57
glm.o_proj   tp2,2048,2816,128,bfloat16,48,32x32,82.007,4,57
glm.o_proj   tp2,2048,2816,128,bfloat16,48,64x64,83.840,4,57
glm.o_proj   tp2,2048,2816,128,bfloat16,48,256x192,86.282,4,57
glm.o_proj   tp2,2048,2816,128,bfloat16,48,112x128,89.359,3,57
glm.o_proj   tp2,2048,2816,128,bfloat16,48,96x128,96.277,3,57
glm.o_proj   tp2,2048,2816,128,bfloat16,48,80x128,107.316,3,57
glm.o_proj   tp2,2048,2816,128,bfloat16,48,32x64,116.059,2,57
glm.o_proj   tp2,2048,2816,128,bfloat16,48,64x128,123.353,2,57
glm.o_proj   tp2,2048,2816,128,bfloat16,48,32x128,281.516,2,57
glm.o_proj   tp2,2048,2816,128,bfloat16,48,16x64,297.188,2,57
glm.o_proj   tp2,2048,2816,128,bfloat16,48,128x256,314.261,2,57
glm.o_proj   tp2,2048,2816,128,bfloat16,48,16x128,530.449,2,57
glm.o_proj   tp2,2048,2816,128,bfloat16,63,32x64x4,45.574,7,57
glm.o_proj   tp2,2048,2816,128,bfloat16,63,128x128x4,45.884,7,57
glm.o_proj   tp2,2048,2816,128,bfloat16,63,128x64x2,46.120,7,57
glm.o_proj   tp2,2048,2816,128,bfloat16,63,64x128x4,50.235,6,57
glm.o_proj   tp2,2048,2816,128,bfloat16,63,128x32,55.012,6,57
glm.o_proj   tp2,2048,2816,128,bfloat16,63,256x128x2,55.535,6,57
glm.o_proj   tp2,2048,2816,128,bfloat16,63,64x64x2,55.746,6,57
glm.o_proj   tp2,2048,2816,128,bfloat16,63,192x128x2,55.785,6,57
glm.o_proj   tp2,2048,2816,128,bfloat16,63,256x32,55.956,6,57
glm.o_proj   tp2,2048,2816,128,bfloat16,63,128x128x2,56.171,6,57
glm.o_proj   tp2,2048,2816,128,bfloat16,63,256x64,57.103,6,57
glm.o_proj   tp2,2048,2816,128,bfloat16,63,128x64,63.162,5,57
glm.o_proj   tp2,2048,2816,128,bfloat16,63,32x128x4,65.456,5,57
glm.o_proj   tp2,2048,2816,128,bfloat16,63,96x128x2,66.568,5,57
glm.o_proj   tp2,2048,2816,128,bfloat16,63,256x128,69.077,4,57
glm.o_proj   tp2,2048,2816,128,bfloat16,63,32x64x2,72.188,4,57
glm.o_proj   tp2,2048,2816,128,bfloat16,63,64x128x2,73.637,4,57
glm.o_proj   tp2,2048,2816,128,bfloat16,63,64x32,74.819,4,57
glm.o_proj   tp2,2048,2816,128,bfloat16,63,192x128,77.378,4,57
glm.o_proj   tp2,2048,2816,128,bfloat16,63,128x128,83.215,4,57
glm.o_proj   tp2,2048,2816,128,bfloat16,63,256x192,87.554,3,57
glm.o_proj   tp2,2048,2816,128,bfloat16,63,32x32,88.610,3,57
glm.o_proj   tp2,2048,2816,128,bfloat16,63,64x64,90.956,3,57
glm.o_proj   tp2,2048,2816,128,bfloat16,63,112x128,93.580,3,57
glm.o_proj   tp2,2048,2816,128,bfloat16,63,96x128,99.645,3,57
glm.o_proj   tp2,2048,2816,128,bfloat16,63,80x128,111.773,3,57
glm.o_proj   tp2,2048,2816,128,bfloat16,63,32x64,125.373,2,57
glm.o_proj   tp2,2048,2816,128,bfloat16,63,64x128,129.023,2,57
glm.o_proj   tp2,2048,2816,128,bfloat16,63,32x128,293.372,2,57
glm.o_proj   tp2,2048,2816,128,bfloat16,63,16x64,296.751,2,57
glm.o_proj   tp2,2048,2816,128,bfloat16,63,128x256,328.435,2,57
glm.o_proj   tp2,2048,2816,128,bfloat16,63,16x128,550.496,2,57
glm.o_proj   tp2,2048,2816,128,bfloat16,64,32x64x4,45.332,7,57
glm.o_proj   tp2,2048,2816,128,bfloat16,64,128x128x4,45.633,7,57
glm.o_proj   tp2,2048,2816,128,bfloat16,64,128x64x2,46.093,7,57
glm.o_proj   tp2,2048,2816,128,bfloat16,64,64x128x4,49.864,6,57
glm.o_proj   tp2,2048,2816,128,bfloat16,64,128x32,54.335,6,57
glm.o_proj   tp2,2048,2816,128,bfloat16,64,256x128x2,55.505,6,57
glm.o_proj   tp2,2048,2816,128,bfloat16,64,192x128x2,55.530,6,57
glm.o_proj   tp2,2048,2816,128,bfloat16,64,64x64x2,55.536,6,57
glm.o_proj   tp2,2048,2816,128,bfloat16,64,256x32,56.032,6,57
glm.o_proj   tp2,2048,2816,128,bfloat16,64,128x128x2,56.076,6,57
glm.o_proj   tp2,2048,2816,128,bfloat16,64,256x64,57.152,6,57
glm.o_proj   tp2,2048,2816,128,bfloat16,64,128x64,63.140,5,57
glm.o_proj   tp2,2048,2816,128,bfloat16,64,32x128x4,65.811,5,57
glm.o_proj   tp2,2048,2816,128,bfloat16,64,96x128x2,66.848,5,57
glm.o_proj   tp2,2048,2816,128,bfloat16,64,256x128,69.219,5,57
glm.o_proj   tp2,2048,2816,128,bfloat16,64,64x32,72.362,4,57
glm.o_proj   tp2,2048,2816,128,bfloat16,64,32x64x2,72.441,4,57
glm.o_proj   tp2,2048,2816,128,bfloat16,64,64x128x2,73.853,4,57
glm.o_proj   tp2,2048,2816,128,bfloat16,64,192x128,77.681,4,57
glm.o_proj   tp2,2048,2816,128,bfloat16,64,128x128,83.320,4,57
glm.o_proj   tp2,2048,2816,128,bfloat16,64,256x192,87.724,3,57
glm.o_proj   tp2,2048,2816,128,bfloat16,64,32x32,89.303,3,57
glm.o_proj   tp2,2048,2816,128,bfloat16,64,64x64,90.180,3,57
glm.o_proj   tp2,2048,2816,128,bfloat16,64,112x128,94.728,3,57
glm.o_proj   tp2,2048,2816,128,bfloat16,64,96x128,100.672,3,57
glm.o_proj   tp2,2048,2816,128,bfloat16,64,80x128,112.466,3,57
glm.o_proj   tp2,2048,2816,128,bfloat16,64,32x64,126.675,2,57
glm.o_proj   tp2,2048,2816,128,bfloat16,64,64x128,129.958,2,57
glm.o_proj   tp2,2048,2816,128,bfloat16,64,32x128,294.357,2,57
glm.o_proj   tp2,2048,2816,128,bfloat16,64,16x64,297.927,2,57
glm.o_proj   tp2,2048,2816,128,bfloat16,64,128x256,332.529,2,57
glm.o_proj   tp2,2048,2816,128,bfloat16,64,16x128,554.616,2,57
glm.o_proj   tp2,2048,2816,128,bfloat16,96,128x128x4,47.839,7,57
glm.o_proj   tp2,2048,2816,128,bfloat16,96,128x64x2,49.192,6,57
glm.o_proj   tp2,2048,2816,128,bfloat16,96,32x64x4,49.324,6,57
glm.o_proj   tp2,2048,2816,128,bfloat16,96,64x128x4,51.123,6,57
glm.o_proj   tp2,2048,2816,128,bfloat16,96,64x64x2,52.389,6,57
glm.o_proj   tp2,2048,2816,128,bfloat16,96,256x128x2,57.477,6,57
glm.o_proj   tp2,2048,2816,128,bfloat16,96,192x128x2,58.042,5,57
glm.o_proj   tp2,2048,2816,128,bfloat16,96,256x32,59.460,5,57
glm.o_proj   tp2,2048,2816,128,bfloat16,96,128x128x2,59.553,5,57
glm.o_proj   tp2,2048,2816,128,bfloat16,96,256x64,59.855,5,57
glm.o_proj   tp2,2048,2816,128,bfloat16,96,128x32,61.227,5,57
glm.o_proj   tp2,2048,2816,128,bfloat16,96,32x128x4,66.403,5,57
glm.o_proj   tp2,2048,2816,128,bfloat16,96,64x32,69.401,4,57
glm.o_proj   tp2,2048,2816,128,bfloat16,96,128x64,69.568,4,57
glm.o_proj   tp2,2048,2816,128,bfloat16,96,96x128x2,70.765,4,57
glm.o_proj   tp2,2048,2816,128,bfloat16,96,64x128x2,70.867,4,57
glm.o_proj   tp2,2048,2816,128,bfloat16,96,256x128,72.232,4,57
glm.o_proj   tp2,2048,2816,128,bfloat16,96,32x64x2,73.374,4,57
glm.o_proj   tp2,2048,2816,128,bfloat16,96,192x128,80.871,4,57
glm.o_proj   tp2,2048,2816,128,bfloat16,96,64x64,87.379,3,57
glm.o_proj   tp2,2048,2816,128,bfloat16,96,128x128,89.770,3,57
glm.o_proj   tp2,2048,2816,128,bfloat16,96,32x32,89.980,3,57
glm.o_proj   tp2,2048,2816,128,bfloat16,96,256x192,90.356,3,57
glm.o_proj   tp2,2048,2816,128,bfloat16,96,112x128,101.605,3,57
glm.o_proj   tp2,2048,2816,128,bfloat16,96,80x128,109.878,3,57
glm.o_proj   tp2,2048,2816,128,bfloat16,96,96x128,110.381,3,57
glm.o_proj   tp2,2048,2816,128,bfloat16,96,64x128,121.649,2,57
glm.o_proj   tp2,2048,2816,128,bfloat16,96,32x64,128.712,2,57
glm.o_proj   tp2,2048,2816,128,bfloat16,96,32x128,294.466,2,57
glm.o_proj   tp2,2048,2816,128,bfloat16,96,16x64,300.097,2,57
glm.o_proj   tp2,2048,2816,128,bfloat16,96,128x256,354.380,2,57
glm.o_proj   tp2,2048,2816,128,bfloat16,96,16x128,590.429,2,57
glm.o_proj   tp2,2048,2816,128,bfloat16,128,128x128x4,49.358,7,57
glm.o_proj   tp2,2048,2816,128,bfloat16,128,128x64x2,52.144,6,57
glm.o_proj   tp2,2048,2816,128,bfloat16,128,64x128x4,53.167,6,57
glm.o_proj   tp2,2048,2816,128,bfloat16,128,32x64x4,54.337,6,57
glm.o_proj   tp2,2048,2816,128,bfloat16,128,64x64x2,57.400,6,57
glm.o_proj   tp2,2048,2816,128,bfloat16,128,256x128x2,59.240,5,57
glm.o_proj   tp2,2048,2816,128,bfloat16,128,192x128x2,61.002,5,57
glm.o_proj   tp2,2048,2816,128,bfloat16,128,128x128x2,62.440,5,57
glm.o_proj   tp2,2048,2816,128,bfloat16,128,256x64,62.519,5,57
glm.o_proj   tp2,2048,2816,128,bfloat16,128,256x32,63.016,5,57
glm.o_proj   tp2,2048,2816,128,bfloat16,128,96x128x2,66.584,5,57
glm.o_proj   tp2,2048,2816,128,bfloat16,128,32x128x4,68.712,5,57
glm.o_proj   tp2,2048,2816,128,bfloat16,128,128x32,70.633,4,57
glm.o_proj   tp2,2048,2816,128,bfloat16,128,32x64x2,74.737,4,57
glm.o_proj   tp2,2048,2816,128,bfloat16,128,256x128,75.511,4,57
glm.o_proj   tp2,2048,2816,128,bfloat16,128,64x128x2,75.536,4,57
glm.o_proj   tp2,2048,2816,128,bfloat16,128,64x32,77.091,4,57
glm.o_proj   tp2,2048,2816,128,bfloat16,128,128x64,78.497,4,57
glm.o_proj   tp2,2048,2816,128,bfloat16,128,192x128,85.388,4,57
glm.o_proj   tp2,2048,2816,128,bfloat16,128,32x32,91.368,3,57
glm.o_proj   tp2,2048,2816,128,bfloat16,128,256x192,93.228,3,57
glm.o_proj   tp2,2048,2816,128,bfloat16,128,64x64,94.422,3,57
glm.o_proj   tp2,2048,2816,128,bfloat16,128,128x128,95.976,3,57
glm.o_proj   tp2,2048,2816,128,bfloat16,128,112x128,98.262,3,57
glm.o_proj   tp2,2048,2816,128,bfloat16,128,96x128,102.176,3,57
glm.o_proj   tp2,2048,2816,128,bfloat16,128,80x128,110.798,3,57
glm.o_proj   tp2,2048,2816,128,bfloat16,128,32x64,129.986,2,57
glm.o_proj   tp2,2048,2816,128,bfloat16,128,64x128,132.091,2,57
glm.o_proj   tp2,2048,2816,128,bfloat16,128,32x128,295.245,2,57
glm.o_proj   tp2,2048,2816,128,bfloat16,128,16x64,302.166,2,57
glm.o_proj   tp2,2048,2816,128,bfloat16,128,128x256,356.170,2,57
glm.o_proj   tp2,2048,2816,128,bfloat16,128,16x128,603.094,2,57
glm.o_proj   tp2,2048,2816,128,bfloat16,192,128x128x4,62.349,5,57
glm.o_proj   tp2,2048,2816,128,bfloat16,192,256x128x2,62.696,5,57
glm.o_proj   tp2,2048,2816,128,bfloat16,192,192x128x2,64.426,5,57
glm.o_proj   tp2,2048,2816,128,bfloat16,192,128x128x2,64.774,5,57
glm.o_proj   tp2,2048,2816,128,bfloat16,192,64x64x2,67.599,5,57
glm.o_proj   tp2,2048,2816,128,bfloat16,192,256x64,68.557,5,57
glm.o_proj   tp2,2048,2816,128,bfloat16,192,96x128x2,68.929,4,57
glm.o_proj   tp2,2048,2816,128,bfloat16,192,256x32,70.298,4,57
glm.o_proj   tp2,2048,2816,128,bfloat16,192,128x64,74.177,4,57
glm.o_proj   tp2,2048,2816,128,bfloat16,192,128x64x2,76.196,5,57
glm.o_proj   tp2,2048,2816,128,bfloat16,192,64x128x2,78.329,4,57
glm.o_proj   tp2,2048,2816,128,bfloat16,192,32x64x4,79.877,4,57
glm.o_proj   tp2,2048,2816,128,bfloat16,192,256x128,81.915,4,57
glm.o_proj   tp2,2048,2816,128,bfloat16,192,64x32,82.178,4,57
glm.o_proj   tp2,2048,2816,128,bfloat16,192,64x128x4,88.583,3,57
glm.o_proj   tp2,2048,2816,128,bfloat16,192,128x128,92.393,3,57
glm.o_proj   tp2,2048,2816,128,bfloat16,192,192x128,93.822,3,57
glm.o_proj   tp2,2048,2816,128,bfloat16,192,64x64,95.131,3,57
glm.o_proj   tp2,2048,2816,128,bfloat16,192,256x192,99.371,3,57
glm.o_proj   tp2,2048,2816,128,bfloat16,192,112x128,99.906,3,57
glm.o_proj   tp2,2048,2816,128,bfloat16,192,32x128x4,104.680,3,57
glm.o_proj   tp2,2048,2816,128,bfloat16,192,96x128,110.530,3,57
glm.o_proj   tp2,2048,2816,128,bfloat16,192,32x64x2,110.866,3,57
glm.o_proj   tp2,2048,2816,128,bfloat16,192,80x128,113.526,3,57
glm.o_proj   tp2,2048,2816,128,bfloat16,192,128x32,129.699,2,57
glm.o_proj   tp2,2048,2816,128,bfloat16,192,32x64,131.983,2,57
glm.o_proj   tp2,2048,2816,128,bfloat16,192,64x128,134.220,2,57
glm.o_proj   tp2,2048,2816,128,bfloat16,192,32x32,267.400,2,57
glm.o_proj   tp2,2048,2816,128,bfloat16,192,32x128,296.249,2,57
glm.o_proj   tp2,2048,2816,128,bfloat16,192,128x256,343.218,2,57
glm.o_proj   tp2,2048,2816,128,bfloat16,192,16x64,579.744,2,57
glm.o_proj   tp2,2048,2816,128,bfloat16,192,16x128,1679.687,2,57
glm.o_proj   tp2,2048,2816,128,bfloat16,256,128x64x2,72.857,4,57
glm.o_proj   tp2,2048,2816,128,bfloat16,256,128x128x4,72.900,4,57
glm.o_proj   tp2,2048,2816,128,bfloat16,256,256x128x2,74.053,4,57
glm.o_proj   tp2,2048,2816,128,bfloat16,256,128x128x2,75.456,4,57
glm.o_proj   tp2,2048,2816,128,bfloat16,256,64x128x4,75.856,4,57
glm.o_proj   tp2,2048,2816,128,bfloat16,256,256x64,83.486,4,57
glm.o_proj   tp2,2048,2816,128,bfloat16,256,96x128x2,85.931,4,57
glm.o_proj   tp2,2048,2816,128,bfloat16,256,64x64x2,85.944,4,57
glm.o_proj   tp2,2048,2816,128,bfloat16,256,256x32,86.382,4,57
glm.o_proj   tp2,2048,2816,128,bfloat16,256,128x64,88.698,3,57
glm.o_proj   tp2,2048,2816,128,bfloat16,256,64x128x2,89.180,3,57
glm.o_proj   tp2,2048,2816,128,bfloat16,256,32x64x4,95.556,3,57
glm.o_proj   tp2,2048,2816,128,bfloat16,256,192x128,95.595,3,57
glm.o_proj   tp2,2048,2816,128,bfloat16,256,256x128,96.615,3,57
glm.o_proj   tp2,2048,2816,128,bfloat16,256,192x128x2,104.531,3,57
glm.o_proj   tp2,2048,2816,128,bfloat16,256,128x128,105.871,3,57
glm.o_proj   tp2,2048,2816,128,bfloat16,256,64x64,107.182,3,57
glm.o_proj   tp2,2048,2816,128,bfloat16,256,112x128,113.180,3,57
glm.o_proj   tp2,2048,2816,128,bfloat16,256,256x192,114.473,3,57
glm.o_proj   tp2,2048,2816,128,bfloat16,256,96x128,118.510,2,57
glm.o_proj   tp2,2048,2816,128,bfloat16,256,128x32,121.405,2,57
glm.o_proj   tp2,2048,2816,128,bfloat16,256,80x128,124.781,2,57
glm.o_proj   tp2,2048,2816,128,bfloat16,256,32x128x4,132.228,2,57
glm.o_proj   tp2,2048,2816,128,bfloat16,256,64x32,145.826,2,57
glm.o_proj   tp2,2048,2816,128,bfloat16,256,64x128,166.717,2,57
glm.o_proj   tp2,2048,2816,128,bfloat16,256,32x64x2,169.926,2,57
glm.o_proj   tp2,2048,2816,128,bfloat16,256,32x32,283.314,2,57
glm.o_proj   tp2,2048,2816,128,bfloat16,256,32x64,353.709,2,57
glm.o_proj   tp2,2048,2816,128,bfloat16,256,128x256,374.370,2,57
glm.o_proj   tp2,2048,2816,128,bfloat16,256,16x64,570.707,2,57
glm.o_proj   tp2,2048,2816,128,bfloat16,256,32x128,602.405,2,57
glm.o_proj   tp2,2048,2816,128,bfloat16,256,16x128,975.885,2,57
glm.o_proj   tp2,2048,2816,128,bfloat16,512,128x128x2,99.397,3,57
glm.o_proj   tp2,2048,2816,128,bfloat16,512,128x128x4,105.492,3,57
glm.o_proj   tp2,2048,2816,128,bfloat16,512,256x128,114.378,3,57
glm.o_proj   tp2,2048,2816,128,bfloat16,512,128x64x2,114.734,3,57
glm.o_proj   tp2,2048,2816,128,bfloat16,512,256x192,124.548,2,57
glm.o_proj   tp2,2048,2816,128,bfloat16,512,256x128x2,125.325,2,57
glm.o_proj   tp2,2048,2816,128,bfloat16,512,64x128x4,125.725,2,57
glm.o_proj   tp2,2048,2816,128,bfloat16,512,128x128,127.706,2,57
glm.o_proj   tp2,2048,2816,128,bfloat16,512,64x64x2,135.336,2,57
glm.o_proj   tp2,2048,2816,128,bfloat16,512,256x64,139.398,2,57
glm.o_proj   tp2,2048,2816,128,bfloat16,512,256x32,140.418,2,57
glm.o_proj   tp2,2048,2816,128,bfloat16,512,192x128x2,145.224,2,57
glm.o_proj   tp2,2048,2816,128,bfloat16,512,96x128x2,154.992,2,57
glm.o_proj   tp2,2048,2816,128,bfloat16,512,32x64x4,163.525,2,57
glm.o_proj   tp2,2048,2816,128,bfloat16,512,128x32,172.604,2,57
glm.o_proj   tp2,2048,2816,128,bfloat16,512,64x128x2,188.967,2,57
glm.o_proj   tp2,2048,2816,128,bfloat16,512,192x128,189.335,2,57
glm.o_proj   tp2,2048,2816,128,bfloat16,512,64x32,198.524,2,57
glm.o_proj   tp2,2048,2816,128,bfloat16,512,32x128x4,199.861,2,57
glm.o_proj   tp2,2048,2816,128,bfloat16,512,128x64,211.994,2,57
glm.o_proj   tp2,2048,2816,128,bfloat16,512,32x64x2,217.871,2,57
glm.o_proj   tp2,2048,2816,128,bfloat16,512,96x128,220.083,2,57
glm.o_proj   tp2,2048,2816,128,bfloat16,512,128x256,258.405,2,57
glm.o_proj   tp2,2048,2816,128,bfloat16,512,80x128,261.298,2,57
glm.o_proj   tp2,2048,2816,128,bfloat16,512,112x128,271.816,2,57
glm.o_proj   tp2,2048,2816,128,bfloat16,512,64x64,289.250,2,57
glm.o_proj   tp2,2048,2816,128,bfloat16,512,64x128,474.852,2,57
glm.o_proj   tp2,2048,2816,128,bfloat16,512,32x32,551.237,2,57
glm.o_proj   tp2,2048,2816,128,bfloat16,512,32x64,562.675,2,57
glm.o_proj   tp2,2048,2816,128,bfloat16,512,32x128,883.807,2,57
glm.o_proj   tp2,2048,2816,128,bfloat16,512,16x64,1672.716,2,57
glm.o_proj   tp2,2048,2816,128,bfloat16,512,16x128,3684.700,2,57
glm.o_proj   tp2,2048,2816,128,bfloat16,1024,128x128x2,178.045,2,57
glm.o_proj   tp2,2048,2816,128,bfloat16,1024,256x128x2,182.016,2,57
glm.o_proj   tp2,2048,2816,128,bfloat16,1024,192x128x2,184.072,2,57
glm.o_proj   tp2,2048,2816,128,bfloat16,1024,256x128,186.344,2,57
glm.o_proj   tp2,2048,2816,128,bfloat16,1024,128x128x4,188.753,2,57
glm.o_proj   tp2,2048,2816,128,bfloat16,1024,96x128x2,193.190,2,57
glm.o_proj   tp2,2048,2816,128,bfloat16,1024,128x64x2,201.150,2,57
glm.o_proj   tp2,2048,2816,128,bfloat16,1024,256x64,214.359,2,57
glm.o_proj   tp2,2048,2816,128,bfloat16,1024,64x128x4,222.853,2,57
glm.o_proj   tp2,2048,2816,128,bfloat16,1024,128x128,224.941,2,57
glm.o_proj   tp2,2048,2816,128,bfloat16,1024,256x192,232.424,2,57
glm.o_proj   tp2,2048,2816,128,bfloat16,1024,128x64,236.697,2,57
glm.o_proj   tp2,2048,2816,128,bfloat16,1024,256x32,245.041,2,57
glm.o_proj   tp2,2048,2816,128,bfloat16,1024,64x64x2,248.678,2,57
glm.o_proj   tp2,2048,2816,128,bfloat16,1024,64x128x2,251.863,2,57
glm.o_proj   tp2,2048,2816,128,bfloat16,1024,96x128,256.346,2,57
glm.o_proj   tp2,2048,2816,128,bfloat16,1024,192x128,257.763,2,57
glm.o_proj   tp2,2048,2816,128,bfloat16,1024,128x32,291.688,2,57
glm.o_proj   tp2,2048,2816,128,bfloat16,1024,112x128,308.158,2,57
glm.o_proj   tp2,2048,2816,128,bfloat16,1024,32x64x4,308.685,2,57
glm.o_proj   tp2,2048,2816,128,bfloat16,1024,32x128x4,338.284,2,57
glm.o_proj   tp2,2048,2816,128,bfloat16,1024,64x32,350.607,2,57
glm.o_proj   tp2,2048,2816,128,bfloat16,1024,80x128,359.277,2,57
glm.o_proj   tp2,2048,2816,128,bfloat16,1024,64x64,378.400,2,57
glm.o_proj   tp2,2048,2816,128,bfloat16,1024,32x64x2,390.669,2,57
glm.o_proj   tp2,2048,2816,128,bfloat16,1024,64x128,469.736,2,57
glm.o_proj   tp2,2048,2816,128,bfloat16,1024,32x32,609.950,2,57
glm.o_proj   tp2,2048,2816,128,bfloat16,1024,128x256,628.743,2,57
glm.o_proj   tp2,2048,2816,128,bfloat16,1024,32x64,781.945,2,57
glm.o_proj   tp2,2048,2816,128,bfloat16,1024,32x128,1704.412,2,57
glm.o_proj   tp2,2048,2816,128,bfloat16,1024,16x64,2776.383,2,57
glm.o_proj   tp2,2048,2816,128,bfloat16,1024,16x128,5458.129,2,57
glm.o_proj   tp2,2048,2816,128,bfloat16,2048,192x128x2,304.198,2,57
glm.o_proj   tp2,2048,2816,128,bfloat16,2048,256x128,307.075,2,57
glm.o_proj   tp2,2048,2816,128,bfloat16,2048,128x128x2,320.164,2,57
glm.o_proj   tp2,2048,2816,128,bfloat16,2048,256x128x2,339.470,2,57
glm.o_proj   tp2,2048,2816,128,bfloat16,2048,128x128x4,345.218,2,57
glm.o_proj   tp2,2048,2816,128,bfloat16,2048,96x128x2,365.981,2,57
glm.o_proj   tp2,2048,2816,128,bfloat16,2048,128x64x2,379.203,2,57
glm.o_proj   tp2,2048,2816,128,bfloat16,2048,192x128,390.876,2,57
glm.o_proj   tp2,2048,2816,128,bfloat16,2048,256x64,395.753,2,57
glm.o_proj   tp2,2048,2816,128,bfloat16,2048,64x128x4,426.705,2,57
glm.o_proj   tp2,2048,2816,128,bfloat16,2048,128x128,428.311,2,57
glm.o_proj   tp2,2048,2816,128,bfloat16,2048,128x64,444.813,2,57
glm.o_proj   tp2,2048,2816,128,bfloat16,2048,256x192,448.980,2,57
glm.o_proj   tp2,2048,2816,128,bfloat16,2048,256x32,463.803,2,57
glm.o_proj   tp2,2048,2816,128,bfloat16,2048,64x64x2,468.458,2,57
glm.o_proj   tp2,2048,2816,128,bfloat16,2048,64x128x2,482.805,2,57
glm.o_proj   tp2,2048,2816,128,bfloat16,2048,96x128,491.034,2,57
glm.o_proj   tp2,2048,2816,128,bfloat16,2048,112x128,523.268,2,57
glm.o_proj   tp2,2048,2816,128,bfloat16,2048,128x32,561.491,2,57
glm.o_proj   tp2,2048,2816,128,bfloat16,2048,32x64x4,591.332,2,57
glm.o_proj   tp2,2048,2816,128,bfloat16,2048,80x128,616.744,2,57
glm.o_proj   tp2,2048,2816,128,bfloat16,2048,64x64,645.197,2,57
glm.o_proj   tp2,2048,2816,128,bfloat16,2048,32x128x4,658.737,2,57
glm.o_proj   tp2,2048,2816,128,bfloat16,2048,64x32,697.974,2,57
glm.o_proj   tp2,2048,2816,128,bfloat16,2048,128x256,701.074,2,57
glm.o_proj   tp2,2048,2816,128,bfloat16,2048,32x64x2,772.821,2,57
glm.o_proj   tp2,2048,2816,128,bfloat16,2048,64x128,819.885,2,57
glm.o_proj   tp2,2048,2816,128,bfloat16,2048,32x32,1308.016,2,57
glm.o_proj   tp2,2048,2816,128,bfloat16,2048,32x64,1458.072,2,57
glm.o_proj   tp2,2048,2816,128,bfloat16,2048,32x128,2017.062,2,57
glm.o_proj   tp2,2048,2816,128,bfloat16,2048,16x64,4152.185,2,57
glm.o_proj   tp2,2048,2816,128,bfloat16,2048,16x128,5364.112,2,57
g128 N=4096,2048,4096,128,bfloat16,1,32x64x4,41.105,11,40
g128 N=4096,2048,4096,128,bfloat16,1,128x64x2,42.434,11,40
g128 N=4096,2048,4096,128,bfloat16,1,128x128x4,43.675,11,40
g128 N=4096,2048,4096,128,bfloat16,1,64x128x4,45.486,10,40
g128 N=4096,2048,4096,128,bfloat16,1,64x64x2,46.891,10,40
g128 N=4096,2048,4096,128,bfloat16,1,128x32,47.575,10,40
g128 N=4096,2048,4096,128,bfloat16,1,128x128x2,51.102,9,40
g128 N=4096,2048,4096,128,bfloat16,1,64x32,52.376,9,40
g128 N=4096,2048,4096,128,bfloat16,1,128x64,53.724,9,40
g128 N=4096,2048,4096,128,bfloat16,1,192x128x2,54.990,8,40
g128 N=4096,2048,4096,128,bfloat16,1,256x64,55.287,8,40
g128 N=4096,2048,4096,128,bfloat16,1,256x128x2,55.327,8,40
g128 N=4096,2048,4096,128,bfloat16,1,96x128x2,57.776,8,40
g128 N=4096,2048,4096,128,bfloat16,1,32x128x4,58.336,8,40
g128 N=4096,2048,4096,128,bfloat16,1,64x128x2,62.013,7,40
g128 N=4096,2048,4096,128,bfloat16,1,32x64x2,62.090,7,40
g128 N=4096,2048,4096,128,bfloat16,1,256x128,65.589,7,40
g128 N=4096,2048,4096,128,bfloat16,1,32x32,66.185,7,40
g128 N=4096,2048,4096,128,bfloat16,1,256x32,67.652,7,40
g128 N=4096,2048,4096,128,bfloat16,1,192x128,67.976,7,40
g128 N=4096,2048,4096,128,bfloat16,1,64x64,69.626,7,40
g128 N=4096,2048,4096,128,bfloat16,1,128x128,70.491,7,40
g128 N=4096,2048,4096,128,bfloat16,1,112x128,80.463,6,40
g128 N=4096,2048,4096,128,bfloat16,1,96x128,83.358,5,40
g128 N=4096,2048,4096,128,bfloat16,1,80x128,92.280,5,40
g128 N=4096,2048,4096,128,bfloat16,1,32x64,102.340,4,40
g128 N=4096,2048,4096,128,bfloat16,1,256x192,102.367,4,40
g128 N=4096,2048,4096,128,bfloat16,1,64x128,105.009,4,40
g128 N=4096,2048,4096,128,bfloat16,1,32x128,257.713,2,40
g128 N=4096,2048,4096,128,bfloat16,1,16x64,259.033,2,40
g128 N=4096,2048,4096,128,bfloat16,1,128x256,295.773,2,40
g128 N=4096,2048,4096,128,bfloat16,1,16x128,502.278,2,40
g128 N=4096,2048,4096,128,bfloat16,8,32x64x4,41.676,11,40
g128 N=4096,2048,4096,128,bfloat16,8,128x64x2,43.225,11,40
g128 N=4096,2048,4096,128,bfloat16,8,128x128x4,44.407,11,40
g128 N=4096,2048,4096,128,bfloat16,8,64x64x2,48.839,10,40
g128 N=4096,2048,4096,128,bfloat16,8,64x128x4,48.877,10,40
g128 N=4096,2048,4096,128,bfloat16,8,128x32,49.350,9,40
g128 N=4096,2048,4096,128,bfloat16,8,128x128x2,52.384,9,40
g128 N=4096,2048,4096,128,bfloat16,8,64x32,54.081,9,40
g128 N=4096,2048,4096,128,bfloat16,8,192x128x2,56.536,8,40
g128 N=4096,2048,4096,128,bfloat16,8,256x128x2,56.678,8,40
g128 N=4096,2048,4096,128,bfloat16,8,256x64,56.936,8,40
g128 N=4096,2048,4096,128,bfloat16,8,128x64,57.310,8,40
g128 N=4096,2048,4096,128,bfloat16,8,32x128x4,58.704,8,40
g128 N=4096,2048,4096,128,bfloat16,8,96x128x2,60.666,8,40
g128 N=4096,2048,4096,128,bfloat16,8,32x64x2,63.213,7,40
g128 N=4096,2048,4096,128,bfloat16,8,64x128x2,64.909,7,40
g128 N=4096,2048,4096,128,bfloat16,8,256x128,67.899,7,40
g128 N=4096,2048,4096,128,bfloat16,8,256x32,68.733,7,40
g128 N=4096,2048,4096,128,bfloat16,8,192x128,70.386,7,40
g128 N=4096,2048,4096,128,bfloat16,8,32x32,70.571,7,40
g128 N=4096,2048,4096,128,bfloat16,8,64x64,71.222,6,40
g128 N=4096,2048,4096,128,bfloat16,8,128x128,72.454,6,40
g128 N=4096,2048,4096,128,bfloat16,8,112x128,82.245,6,40
g128 N=4096,2048,4096,128,bfloat16,8,96x128,86.628,5,40
g128 N=4096,2048,4096,128,bfloat16,8,80x128,95.495,5,40
g128 N=4096,2048,4096,128,bfloat16,8,256x192,98.643,4,40
g128 N=4096,2048,4096,128,bfloat16,8,32x64,106.066,4,40
g128 N=4096,2048,4096,128,bfloat16,8,64x128,107.977,4,40
g128 N=4096,2048,4096,128,bfloat16,8,32x128,260.889,2,40
g128 N=4096,2048,4096,128,bfloat16,8,16x64,269.407,2,40
g128 N=4096,2048,4096,128,bfloat16,8,128x256,294.083,2,40
g128 N=4096,2048,4096,128,bfloat16,8,16x128,512.853,2,40
g128 N=4096,2048,4096,128,bfloat16,17,32x64x4,43.718,11,40
g128 N=4096,2048,4096,128,bfloat16,17,128x128x4,43.723,11,40
g128 N=4096,2048,4096,128,bfloat16,17,128x64x2,44.221,11,40
g128 N=4096,2048,4096,128,bfloat16,17,64x128x4,49.889,9,40
g128 N=4096,2048,4096,128,bfloat16,17,64x64x2,51.147,9,40
g128 N=4096,2048,4096,128,bfloat16,17,128x32,51.491,9,40
g128 N=4096,2048,4096,128,bfloat16,17,128x128x2,53.143,9,40
g128 N=4096,2048,4096,128,bfloat16,17,192x128x2,56.283,8,40
g128 N=4096,2048,4096,128,bfloat16,17,256x128x2,56.486,8,40
g128 N=4096,2048,4096,128,bfloat16,17,256x64,57.850,8,40
g128 N=4096,2048,4096,128,bfloat16,17,64x32,58.435,8,40
g128 N=4096,2048,4096,128,bfloat16,17,128x64,59.020,8,40
g128 N=4096,2048,4096,128,bfloat16,17,32x128x4,60.730,8,40
g128 N=4096,2048,4096,128,bfloat16,17,96x128x2,61.599,7,40
g128 N=4096,2048,4096,128,bfloat16,17,64x128x2,66.543,7,40
g128 N=4096,2048,4096,128,bfloat16,17,32x64x2,66.697,7,40
g128 N=4096,2048,4096,128,bfloat16,17,256x128,69.124,7,40
g128 N=4096,2048,4096,128,bfloat16,17,256x32,70.739,6,40
g128 N=4096,2048,4096,128,bfloat16,17,192x128,71.777,7,40
g128 N=4096,2048,4096,128,bfloat16,17,128x128,73.990,6,40
g128 N=4096,2048,4096,128,bfloat16,17,64x64,74.731,6,40
g128 N=4096,2048,4096,128,bfloat16,17,32x32,77.906,6,40
g128 N=4096,2048,4096,128,bfloat16,17,112x128,84.239,5,40
g128 N=4096,2048,4096,128,bfloat16,17,96x128,89.486,5,40
g128 N=4096,2048,4096,128,bfloat16,17,256x192,89.508,5,40
g128 N=4096,2048,4096,128,bfloat16,17,80x128,98.073,5,40
g128 N=4096,2048,4096,128,bfloat16,17,64x128,111.297,4,40
g128 N=4096,2048,4096,128,bfloat16,17,32x64,113.052,4,40
g128 N=4096,2048,4096,128,bfloat16,17,16x64,267.674,2,40
g128 N=4096,2048,4096,128,bfloat16,17,32x128,268.559,2,40
g128 N=4096,2048,4096,128,bfloat16,17,128x256,304.722,2,40
g128 N=4096,2048,4096,128,bfloat16,17,16x128,473.711,2,40
g128 N=4096,2048,4096,128,bfloat16,24,128x128x4,44.113,11,40
g128 N=4096,2048,4096,128,bfloat16,24,32x64x4,44.607,10,40
g128 N=4096,2048,4096,128,bfloat16,24,128x64x2,44.685,11,40
g128 N=4096,2048,4096,128,bfloat16,24,64x128x4,50.628,9,40
g128 N=4096,2048,4096,128,bfloat16,24,64x64x2,52.350,9,40
g128 N=4096,2048,4096,128,bfloat16,24,128x32,52.359,9,40
g128 N=4096,2048,4096,128,bfloat16,24,128x128x2,53.959,9,40
g128 N=4096,2048,4096,128,bfloat16,24,256x128x2,56.421,8,40
g128 N=4096,2048,4096,128,bfloat16,24,192x128x2,56.726,8,40
g128 N=4096,2048,4096,128,bfloat16,24,256x64,58.259,8,40
g128 N=4096,2048,4096,128,bfloat16,24,128x64,60.415,8,40
g128 N=4096,2048,4096,128,bfloat16,24,64x32,60.478,8,40
g128 N=4096,2048,4096,128,bfloat16,24,32x128x4,62.133,8,40
g128 N=4096,2048,4096,128,bfloat16,24,96x128x2,62.406,7,40
g128 N=4096,2048,4096,128,bfloat16,24,64x128x2,67.930,7,40
g128 N=4096,2048,4096,128,bfloat16,24,32x64x2,69.488,7,40
g128 N=4096,2048,4096,128,bfloat16,24,256x128,70.075,7,40
g128 N=4096,2048,4096,128,bfloat16,24,256x32,70.999,6,40
g128 N=4096,2048,4096,128,bfloat16,24,192x128,72.742,7,40
g128 N=4096,2048,4096,128,bfloat16,24,128x128,75.138,6,40
g128 N=4096,2048,4096,128,bfloat16,24,64x64,77.523,6,40
g128 N=4096,2048,4096,128,bfloat16,24,32x32,83.072,5,40
g128 N=4096,2048,4096,128,bfloat16,24,112x128,85.910,5,40
g128 N=4096,2048,4096,128,bfloat16,24,256x192,90.424,5,40
g128 N=4096,2048,4096,128,bfloat16,24,96x128,91.003,5,40
g128 N=4096,2048,4096,128,bfloat16,24,80x128,100.751,4,40
g128 N=4096,2048,4096,128,bfloat16,24,64x128,114.393,4,40
g128 N=4096,2048,4096,128,bfloat16,24,32x64,118.636,4,40
g128 N=4096,2048,4096,128,bfloat16,24,16x64,271.237,2,40
g128 N=4096,2048,4096,128,bfloat16,24,32x128,273.759,2,40
g128 N=4096,2048,4096,128,bfloat16,24,128x256,313.200,2,40
g128 N=4096,2048,4096,128,bfloat16,24,16x128,500.631,2,40
g128 N=4096,2048,4096,128,bfloat16,32,128x128x4,44.338,11,40
g128 N=4096,2048,4096,128,bfloat16,32,128x64x2,45.448,10,40
g128 N=4096,2048,4096,128,bfloat16,32,32x64x4,48.910,10,40
g128 N=4096,2048,4096,128,bfloat16,32,64x128x4,50.855,9,40
g128 N=4096,2048,4096,128,bfloat16,32,64x64x2,53.819,9,40
g128 N=4096,2048,4096,128,bfloat16,32,128x32,53.895,9,40
g128 N=4096,2048,4096,128,bfloat16,32,128x128x2,54.362,9,40
g128 N=4096,2048,4096,128,bfloat16,32,256x128x2,56.619,8,40
g128 N=4096,2048,4096,128,bfloat16,32,192x128x2,58.473,8,40
g128 N=4096,2048,4096,128,bfloat16,32,256x64,59.160,8,40
g128 N=4096,2048,4096,128,bfloat16,32,128x64,62.046,7,40
g128 N=4096,2048,4096,128,bfloat16,32,96x128x2,63.575,7,40
g128 N=4096,2048,4096,128,bfloat16,32,64x32,63.685,7,40
g128 N=4096,2048,4096,128,bfloat16,32,32x128x4,65.148,7,40
g128 N=4096,2048,4096,128,bfloat16,32,64x128x2,69.635,7,40
g128 N=4096,2048,4096,128,bfloat16,32,256x128,70.510,7,40
g128 N=4096,2048,4096,128,bfloat16,32,256x32,71.284,6,40
g128 N=4096,2048,4096,128,bfloat16,32,32x64x2,72.724,6,40
g128 N=4096,2048,4096,128,bfloat16,32,192x128,74.586,6,40
g128 N=4096,2048,4096,128,bfloat16,32,128x128,76.931,6,40
g128 N=4096,2048,4096,128,bfloat16,32,64x64,80.752,6,40
g128 N=4096,2048,4096,128,bfloat16,32,112x128,87.773,5,40
g128 N=4096,2048,4096,128,bfloat16,32,256x192,89.157,5,40
g128 N=4096,2048,4096,128,bfloat16,32,32x32,91.345,5,40
g128 N=4096,2048,4096,128,bfloat16,32,96x128,93.435,5,40
g128 N=4096,2048,4096,128,bfloat16,32,80x128,103.052,4,40
g128 N=4096,2048,4096,128,bfloat16,32,64x128,117.462,4,40
g128 N=4096,2048,4096,128,bfloat16,32,32x64,124.736,3,40
g128 N=4096,2048,4096,128,bfloat16,32,16x64,287.108,2,40
g128 N=4096,2048,4096,128,bfloat16,32,32x128,290.270,2,40
g128 N=4096,2048,4096,128,bfloat16,32,128x256,320.506,2,40
g128 N=4096,2048,4096,128,bfloat16,32,16x128,513.948,2,40
g128 N=4096,2048,4096,128,bfloat16,48,32x64x4,44.754,10,40
g128 N=4096,2048,4096,128,bfloat16,48,128x64x2,49.174,10,40
g128 N=4096,2048,4096,128,bfloat16,48,128x128x4,49.471,9,40
g128 N=4096,2048,4096,128,bfloat16,48,64x128x4,52.584,9,40
g128 N=4096,2048,4096,128,bfloat16,48,128x32,56.904,8,40
g128 N=4096,2048,4096,128,bfloat16,48,64x64x2,57.117,8,40
g128 N=4096,2048,4096,128,bfloat16,48,128x128x2,58.867,8,40
g128 N=4096,2048,4096,128,bfloat16,48,192x128x2,59.071,8,40
g128 N=4096,2048,4096,128,bfloat16,48,256x128x2,59.466,8,40
g128 N=4096,2048,4096,128,bfloat16,48,256x64,60.484,8,40
g128 N=4096,2048,4096,128,bfloat16,48,32x128x4,62.928,7,40
g128 N=4096,2048,4096,128,bfloat16,48,128x64,65.365,7,40
g128 N=4096,2048,4096,128,bfloat16,48,96x128x2,65.662,7,40
g128 N=4096,2048,4096,128,bfloat16,48,32x64x2,68.271,7,40
g128 N=4096,2048,4096,128,bfloat16,48,64x32,70.144,7,40
g128 N=4096,2048,4096,128,bfloat16,48,256x128,72.564,6,40
g128 N=4096,2048,4096,128,bfloat16,48,64x128x2,72.607,6,40
g128 N=4096,2048,4096,128,bfloat16,48,256x32,75.035,6,40
g128 N=4096,2048,4096,128,bfloat16,48,192x128,76.609,6,40
g128 N=4096,2048,4096,128,bfloat16,48,128x128,82.304,6,40
g128 N=4096,2048,4096,128,bfloat16,48,32x32,83.306,5,40
g128 N=4096,2048,4096,128,bfloat16,48,64x64,86.824,5,40
g128 N=4096,2048,4096,128,bfloat16,48,256x192,91.128,5,40
g128 N=4096,2048,4096,128,bfloat16,48,112x128,91.196,5,40
g128 N=4096,2048,4096,128,bfloat16,48,96x128,97.307,5,40
g128 N=4096,2048,4096,128,bfloat16,48,80x128,108.256,4,40
g128 N=4096,2048,4096,128,bfloat16,48,32x64,117.310,4,40
g128 N=4096,2048,4096,128,bfloat16,48,64x128,123.906,4,40
g128 N=4096,2048,4096,128,bfloat16,48,32x128,267.527,2,40
g128 N=4096,2048,4096,128,bfloat16,48,16x64,289.423,2,40
g128 N=4096,2048,4096,128,bfloat16,48,128x256,308.662,2,40
g128 N=4096,2048,4096,128,bfloat16,48,16x128,517.168,2,40
g128 N=4096,2048,4096,128,bfloat16,63,32x64x4,50.062,9,40
g128 N=4096,2048,4096,128,bfloat16,63,128x128x4,50.371,9,40
g128 N=4096,2048,4096,128,bfloat16,63,128x64x2,50.414,9,40
g128 N=4096,2048,4096,128,bfloat16,63,64x128x4,54.421,9,40
g128 N=4096,2048,4096,128,bfloat16,63,192x128x2,60.119,8,40
g128 N=4096,2048,4096,128,bfloat16,63,64x64x2,60.170,8,40
g128 N=4096,2048,4096,128,bfloat16,63,256x128x2,60.202,8,40
g128 N=4096,2048,4096,128,bfloat16,63,128x128x2,60.509,8,40
g128 N=4096,2048,4096,128,bfloat16,63,128x32,60.546,8,40
g128 N=4096,2048,4096,128,bfloat16,63,256x64,61.968,7,40
g128 N=4096,2048,4096,128,bfloat16,63,32x128x4,66.465,7,40
g128 N=4096,2048,4096,128,bfloat16,63,96x128x2,67.938,7,40
g128 N=4096,2048,4096,128,bfloat16,63,128x64,69.011,7,40
g128 N=4096,2048,4096,128,bfloat16,63,32x64x2,73.479,6,40
g128 N=4096,2048,4096,128,bfloat16,63,256x128,74.086,6,40
g128 N=4096,2048,4096,128,bfloat16,63,64x128x2,75.803,6,40
g128 N=4096,2048,4096,128,bfloat16,63,64x32,76.783,6,40
g128 N=4096,2048,4096,128,bfloat16,63,256x32,77.898,6,40
g128 N=4096,2048,4096,128,bfloat16,63,192x128,79.272,6,40
g128 N=4096,2048,4096,128,bfloat16,63,128x128,85.676,5,40
g128 N=4096,2048,4096,128,bfloat16,63,32x32,90.169,5,40
g128 N=4096,2048,4096,128,bfloat16,63,256x192,91.391,5,40
g128 N=4096,2048,4096,128,bfloat16,63,64x64,93.108,5,40
g128 N=4096,2048,4096,128,bfloat16,63,112x128,94.292,5,40
g128 N=4096,2048,4096,128,bfloat16,63,96x128,101.308,4,40
g128 N=4096,2048,4096,128,bfloat16,63,80x128,112.855,4,40
g128 N=4096,2048,4096,128,bfloat16,63,32x64,127.371,3,40
g128 N=4096,2048,4096,128,bfloat16,63,64x128,129.734,3,40
g128 N=4096,2048,4096,128,bfloat16,63,16x64,290.262,2,40
g128 N=4096,2048,4096,128,bfloat16,63,32x128,291.220,2,40
g128 N=4096,2048,4096,128,bfloat16,63,128x256,308.861,2,40
g128 N=4096,2048,4096,128,bfloat16,63,16x128,521.091,2,40
g128 N=4096,2048,4096,128,bfloat16,64,32x64x4,50.003,9,40
g128 N=4096,2048,4096,128,bfloat16,64,128x128x4,50.169,9,40
g128 N=4096,2048,4096,128,bfloat16,64,128x64x2,51.045,9,40
g128 N=4096,2048,4096,128,bfloat16,64,64x128x4,54.201,9,40
g128 N=4096,2048,4096,128,bfloat16,64,192x128x2,60.191,8,40
g128 N=4096,2048,4096,128,bfloat16,64,64x64x2,60.309,8,40
g128 N=4096,2048,4096,128,bfloat16,64,256x128x2,60.319,8,40
g128 N=4096,2048,4096,128,bfloat16,64,128x32,60.489,8,40
g128 N=4096,2048,4096,128,bfloat16,64,128x128x2,60.556,8,40
g128 N=4096,2048,4096,128,bfloat16,64,256x64,62.631,7,40
g128 N=4096,2048,4096,128,bfloat16,64,32x128x4,66.395,7,40
g128 N=4096,2048,4096,128,bfloat16,64,96x128x2,68.299,7,40
g128 N=4096,2048,4096,128,bfloat16,64,128x64,69.239,7,40
g128 N=4096,2048,4096,128,bfloat16,64,32x64x2,73.796,6,40
g128 N=4096,2048,4096,128,bfloat16,64,256x128,74.260,6,40
g128 N=4096,2048,4096,128,bfloat16,64,64x128x2,75.697,6,40
g128 N=4096,2048,4096,128,bfloat16,64,64x32,76.870,6,40
g128 N=4096,2048,4096,128,bfloat16,64,256x32,77.996,6,40
g128 N=4096,2048,4096,128,bfloat16,64,192x128,79.463,6,40
g128 N=4096,2048,4096,128,bfloat16,64,128x128,85.489,5,40
g128 N=4096,2048,4096,128,bfloat16,64,256x192,91.778,5,40
g128 N=4096,2048,4096,128,bfloat16,64,32x32,92.299,5,40
g128 N=4096,2048,4096,128,bfloat16,64,64x64,93.480,5,40
g128 N=4096,2048,4096,128,bfloat16,64,112x128,95.139,5,40
g128 N=4096,2048,4096,128,bfloat16,64,96x128,101.858,4,40
g128 N=4096,2048,4096,128,bfloat16,64,80x128,113.220,4,40
g128 N=4096,2048,4096,128,bfloat16,64,32x64,127.656,3,40
g128 N=4096,2048,4096,128,bfloat16,64,64x128,130.130,3,40
g128 N=4096,2048,4096,128,bfloat16,64,16x64,290.233,2,40
g128 N=4096,2048,4096,128,bfloat16,64,32x128,291.092,2,40
g128 N=4096,2048,4096,128,bfloat16,64,128x256,321.944,2,40
g128 N=4096,2048,4096,128,bfloat16,64,16x128,528.290,2,40
g128 N=4096,2048,4096,128,bfloat16,96,128x128x4,52.921,9,40
g128 N=4096,2048,4096,128,bfloat16,96,128x64x2,54.578,9,40
g128 N=4096,2048,4096,128,bfloat16,96,64x128x4,55.248,8,40
g128 N=4096,2048,4096,128,bfloat16,96,32x64x4,57.773,8,40
g128 N=4096,2048,4096,128,bfloat16,96,64x64x2,60.874,8,40
g128 N=4096,2048,4096,128,bfloat16,96,256x128x2,62.755,7,40
g128 N=4096,2048,4096,128,bfloat16,96,192x128x2,63.736,7,40
g128 N=4096,2048,4096,128,bfloat16,96,128x128x2,63.885,7,40
g128 N=4096,2048,4096,128,bfloat16,96,256x64,65.129,7,40
g128 N=4096,2048,4096,128,bfloat16,96,128x32,67.450,7,40
g128 N=4096,2048,4096,128,bfloat16,96,32x128x4,69.456,7,40
g128 N=4096,2048,4096,128,bfloat16,96,64x32,70.542,7,40
g128 N=4096,2048,4096,128,bfloat16,96,96x128x2,72.156,6,40
g128 N=4096,2048,4096,128,bfloat16,96,64x128x2,73.425,6,40
g128 N=4096,2048,4096,128,bfloat16,96,32x64x2,75.119,6,40
g128 N=4096,2048,4096,128,bfloat16,96,128x64,75.771,6,40
g128 N=4096,2048,4096,128,bfloat16,96,256x128,78.158,6,40
g128 N=4096,2048,4096,128,bfloat16,96,192x128,83.022,5,40
g128 N=4096,2048,4096,128,bfloat16,96,256x32,83.752,5,40
g128 N=4096,2048,4096,128,bfloat16,96,64x64,88.721,5,40
g128 N=4096,2048,4096,128,bfloat16,96,128x128,91.880,5,40
g128 N=4096,2048,4096,128,bfloat16,96,256x192,94.389,5,40
g128 N=4096,2048,4096,128,bfloat16,96,32x32,96.039,5,40
g128 N=4096,2048,4096,128,bfloat16,96,112x128,102.080,4,40
g128 N=4096,2048,4096,128,bfloat16,96,96x128,109.744,4,40
g128 N=4096,2048,4096,128,bfloat16,96,80x128,112.177,4,40
g128 N=4096,2048,4096,128,bfloat16,96,64x128,124.026,4,40
g128 N=4096,2048,4096,128,bfloat16,96,32x64,129.940,3,40
g128 N=4096,2048,4096,128,bfloat16,96,32x128,292.027,2,40
g128 N=4096,2048,4096,128,bfloat16,96,128x256,312.213,2,40
g128 N=4096,2048,4096,128,bfloat16,96,16x128,556.666,2,40
g128 N=4096,2048,4096,128,bfloat16,96,16x64,566.450,2,40
g128 N=4096,2048,4096,128,bfloat16,128,128x128x4,54.962,8,40
g128 N=4096,2048,4096,128,bfloat16,128,64x128x4,57.830,8,40
g128 N=4096,2048,4096,128,bfloat16,128,128x64x2,58.261,8,40
g128 N=4096,2048,4096,128,bfloat16,128,256x128x2,64.987,7,40
g128 N=4096,2048,4096,128,bfloat16,128,64x64x2,65.308,7,40
g128 N=4096,2048,4096,128,bfloat16,128,192x128x2,66.581,7,40
g128 N=4096,2048,4096,128,bfloat16,128,128x128x2,67.506,7,40
g128 N=4096,2048,4096,128,bfloat16,128,256x64,68.647,7,40
g128 N=4096,2048,4096,128,bfloat16,128,32x64x4,68.926,7,40
g128 N=4096,2048,4096,128,bfloat16,128,96x128x2,69.672,7,40
g128 N=4096,2048,4096,128,bfloat16,128,128x32,74.627,6,40
g128 N=4096,2048,4096,128,bfloat16,128,32x128x4,75.471,6,40
g128 N=4096,2048,4096,128,bfloat16,128,64x128x2,80.346,6,40
g128 N=4096,2048,4096,128,bfloat16,128,64x32,81.140,6,40
g128 N=4096,2048,4096,128,bfloat16,128,256x128,81.746,6,40
g128 N=4096,2048,4096,128,bfloat16,128,32x64x2,81.818,6,40
g128 N=4096,2048,4096,128,bfloat16,128,128x64,82.763,5,40
g128 N=4096,2048,4096,128,bfloat16,128,192x128,88.064,5,40
g128 N=4096,2048,4096,128,bfloat16,128,256x32,89.380,5,40
g128 N=4096,2048,4096,128,bfloat16,128,256x192,97.326,5,40
g128 N=4096,2048,4096,128,bfloat16,128,64x64,97.635,5,40
g128 N=4096,2048,4096,128,bfloat16,128,128x128,99.024,4,40
g128 N=4096,2048,4096,128,bfloat16,128,112x128,100.856,4,40
g128 N=4096,2048,4096,128,bfloat16,128,96x128,106.231,4,40
g128 N=4096,2048,4096,128,bfloat16,128,80x128,114.107,4,40
g128 N=4096,2048,4096,128,bfloat16,128,32x64,133.565,3,40
g128 N=4096,2048,4096,128,bfloat16,128,64x128,136.772,3,40
g128 N=4096,2048,4096,128,bfloat16,128,32x32,270.113,2,40
g128 N=4096,2048,4096,128,bfloat16,128,32x128,299.170,2,40
g128 N=4096,2048,4096,128,bfloat16,128,128x256,309.160,2,40
g128 N=4096,2048,4096,128,bfloat16,128,16x64,573.242,2,40
g128 N=4096,2048,4096,128,bfloat16,128,16x128,1208.928,2,40
g128 N=4096,2048,4096,128,bfloat16,192,128x128x4,67.071,7,40
g128 N=4096,2048,4096,128,bfloat16,192,128x128x2,69.115,7,40
g128 N=4096,2048,4096,128,bfloat16,192,256x128x2,70.300,6,40
g128 N=4096,2048,4096,128,bfloat16,192,64x128x4,70.498,6,40
g128 N=4096,2048,4096,128,bfloat16,192,192x128x2,70.556,6,40
g128 N=4096,2048,4096,128,bfloat16,192,128x64x2,74.374,6,40
g128 N=4096,2048,4096,128,bfloat16,192,256x64,75.053,6,40
g128 N=4096,2048,4096,128,bfloat16,192,64x64x2,78.047,6,40
g128 N=4096,2048,4096,128,bfloat16,192,96x128x2,78.870,6,40
g128 N=4096,2048,4096,128,bfloat16,192,128x64,79.998,6,40
g128 N=4096,2048,4096,128,bfloat16,192,64x128x2,83.946,5,40
g128 N=4096,2048,4096,128,bfloat16,192,256x128,87.816,5,40
g128 N=4096,2048,4096,128,bfloat16,192,32x64x4,91.399,5,40
g128 N=4096,2048,4096,128,bfloat16,192,128x128,97.133,4,40
g128 N=4096,2048,4096,128,bfloat16,192,64x64,99.452,4,40
g128 N=4096,2048,4096,128,bfloat16,192,192x128,100.345,4,40
g128 N=4096,2048,4096,128,bfloat16,192,256x32,103.381,4,40
g128 N=4096,2048,4096,128,bfloat16,192,112x128,103.712,4,40
g128 N=4096,2048,4096,128,bfloat16,192,256x192,103.975,4,40
g128 N=4096,2048,4096,128,bfloat16,192,96x128,115.478,4,40
g128 N=4096,2048,4096,128,bfloat16,192,128x32,115.627,4,40
g128 N=4096,2048,4096,128,bfloat16,192,80x128,118.205,4,40
g128 N=4096,2048,4096,128,bfloat16,192,32x128x4,122.839,4,40
g128 N=4096,2048,4096,128,bfloat16,192,64x32,130.620,3,40
g128 N=4096,2048,4096,128,bfloat16,192,32x64x2,137.459,3,40
g128 N=4096,2048,4096,128,bfloat16,192,64x128,217.057,2,40
g128 N=4096,2048,4096,128,bfloat16,192,32x32,268.155,2,40
g128 N=4096,2048,4096,128,bfloat16,192,32x64,336.506,2,40
g128 N=4096,2048,4096,128,bfloat16,192,128x256,349.146,2,40
g128 N=4096,2048,4096,128,bfloat16,192,32x128,558.480,2,40
g128 N=4096,2048,4096,128,bfloat16,192,16x64,760.740,2,40
g128 N=4096,2048,4096,128,bfloat16,192,16x128,943.636,2,40
g128 N=4096,2048,4096,128,bfloat16,256,128x128x4,80.064,6,40
g128 N=4096,2048,4096,128,bfloat16,256,256x128x2,82.175,5,40
g128 N=4096,2048,4096,128,bfloat16,256,128x128x2,82.680,5,40
g128 N=4096,2048,4096,128,bfloat16,256,192x128x2,84.121,5,40
g128 N=4096,2048,4096,128,bfloat16,256,128x64x2,86.596,5,40
g128 N=4096,2048,4096,128,bfloat16,256,256x64,91.168,5,40
g128 N=4096,2048,4096,128,bfloat16,256,96x128x2,91.339,5,40
g128 N=4096,2048,4096,128,bfloat16,256,64x128x4,94.544,5,40
g128 N=4096,2048,4096,128,bfloat16,256,128x64,97.964,4,40
g128 N=4096,2048,4096,128,bfloat16,256,64x128x2,99.649,4,40
g128 N=4096,2048,4096,128,bfloat16,256,192x128,102.748,4,40
g128 N=4096,2048,4096,128,bfloat16,256,256x128,105.400,4,40
g128 N=4096,2048,4096,128,bfloat16,256,128x128,116.066,4,40
g128 N=4096,2048,4096,128,bfloat16,256,64x64x2,116.293,4,40
g128 N=4096,2048,4096,128,bfloat16,256,112x128,118.160,4,40
g128 N=4096,2048,4096,128,bfloat16,256,256x192,118.986,4,40
g128 N=4096,2048,4096,128,bfloat16,256,256x32,123.044,3,40
g128 N=4096,2048,4096,128,bfloat16,256,96x128,123.421,3,40
g128 N=4096,2048,4096,128,bfloat16,256,32x64x4,125.629,3,40
g128 N=4096,2048,4096,128,bfloat16,256,128x32,131.214,3,40
g128 N=4096,2048,4096,128,bfloat16,256,80x128,134.504,3,40
g128 N=4096,2048,4096,128,bfloat16,256,32x128x4,142.796,3,40
g128 N=4096,2048,4096,128,bfloat16,256,64x32,145.565,3,40
g128 N=4096,2048,4096,128,bfloat16,256,32x64x2,157.666,3,40
g128 N=4096,2048,4096,128,bfloat16,256,64x128,257.096,2,40
g128 N=4096,2048,4096,128,bfloat16,256,64x64,274.780,2,40
g128 N=4096,2048,4096,128,bfloat16,256,32x64,345.354,2,40
g128 N=4096,2048,4096,128,bfloat16,256,128x256,373.971,2,40
g128 N=4096,2048,4096,128,bfloat16,256,32x32,419.254,2,40
g128 N=4096,2048,4096,128,bfloat16,256,32x128,580.526,2,40
g128 N=4096,2048,4096,128,bfloat16,256,16x64,836.794,2,40
g128 N=4096,2048,4096,128,bfloat16,256,16x128,1644.355,2,40
g128 N=4096,2048,4096,128,bfloat16,512,256x128,123.144,4,40
g128 N=4096,2048,4096,128,bfloat16,512,192x128x2,131.316,3,40
g128 N=4096,2048,4096,128,bfloat16,512,128x128x4,133.416,3,40
g128 N=4096,2048,4096,128,bfloat16,512,256x128x2,133.426,3,40
g128 N=4096,2048,4096,128,bfloat16,512,128x128x2,135.967,3,40
g128 N=4096,2048,4096,128,bfloat16,512,128x64x2,149.371,3,40
g128 N=4096,2048,4096,128,bfloat16,512,256x64,152.949,3,40
g128 N=4096,2048,4096,128,bfloat16,512,96x128x2,156.399,3,40
g128 N=4096,2048,4096,128,bfloat16,512,64x128x4,162.985,3,40
g128 N=4096,2048,4096,128,bfloat16,512,64x128x2,180.953,2,40
g128 N=4096,2048,4096,128,bfloat16,512,64x64x2,181.852,2,40
g128 N=4096,2048,4096,128,bfloat16,512,256x32,184.027,2,40
g128 N=4096,2048,4096,128,bfloat16,512,192x128,194.061,2,40
g128 N=4096,2048,4096,128,bfloat16,512,32x64x4,221.779,2,40
g128 N=4096,2048,4096,128,bfloat16,512,128x64,223.869,2,40
g128 N=4096,2048,4096,128,bfloat16,512,128x32,227.322,2,40
g128 N=4096,2048,4096,128,bfloat16,512,96x128,230.797,2,40
g128 N=4096,2048,4096,128,bfloat16,512,128x256,234.453,2,40
g128 N=4096,2048,4096,128,bfloat16,512,256x192,251.766,2,40
g128 N=4096,2048,4096,128,bfloat16,512,80x128,253.271,2,40
g128 N=4096,2048,4096,128,bfloat16,512,112x128,257.402,2,40
g128 N=4096,2048,4096,128,bfloat16,512,64x32,261.295,2,40
g128 N=4096,2048,4096,128,bfloat16,512,32x128x4,264.027,2,40
g128 N=4096,2048,4096,128,bfloat16,512,128x128,273.147,2,40
g128 N=4096,2048,4096,128,bfloat16,512,32x64x2,290.468,2,40
g128 N=4096,2048,4096,128,bfloat16,512,64x64,444.639,2,40
g128 N=4096,2048,4096,128,bfloat16,512,64x128,476.347,2,40
g128 N=4096,2048,4096,128,bfloat16,512,32x32,505.449,2,40
g128 N=4096,2048,4096,128,bfloat16,512,32x64,777.051,2,40
g128 N=4096,2048,4096,128,bfloat16,512,32x128,1416.037,2,40
g128 N=4096,2048,4096,128,bfloat16,512,16x64,1987.948,2,40
g128 N=4096,2048,4096,128,bfloat16,512,16x128,5299.688,2,40
g128 N=4096,2048,4096,128,bfloat16,1024,192x128x2,225.952,2,40
g128 N=4096,2048,4096,128,bfloat16,1024,256x128,226.430,2,40
g128 N=4096,2048,4096,128,bfloat16,1024,128x128x2,231.563,2,40
g128 N=4096,2048,4096,128,bfloat16,1024,256x128x2,236.663,2,40
g128 N=4096,2048,4096,128,bfloat16,1024,128x128x4,249.533,2,40
g128 N=4096,2048,4096,128,bfloat16,1024,96x128x2,257.327,2,40
g128 N=4096,2048,4096,128,bfloat16,1024,128x64x2,275.117,2,40
g128 N=4096,2048,4096,128,bfloat16,1024,256x64,281.420,2,40
g128 N=4096,2048,4096,128,bfloat16,1024,192x128,293.361,2,40
g128 N=4096,2048,4096,128,bfloat16,1024,64x128x4,307.849,2,40
g128 N=4096,2048,4096,128,bfloat16,1024,128x128,319.965,2,40
g128 N=4096,2048,4096,128,bfloat16,1024,128x64,333.289,2,40
g128 N=4096,2048,4096,128,bfloat16,1024,64x64x2,333.378,2,40
g128 N=4096,2048,4096,128,bfloat16,1024,256x192,338.139,2,40
g128 N=4096,2048,4096,128,bfloat16,1024,256x32,339.987,2,40
g128 N=4096,2048,4096,128,bfloat16,1024,64x128x2,344.907,2,40
g128 N=4096,2048,4096,128,bfloat16,1024,96x128,361.832,2,40
g128 N=4096,2048,4096,128,bfloat16,1024,128x32,398.456,2,40
g128 N=4096,2048,4096,128,bfloat16,1024,112x128,405.571,2,40
g128 N=4096,2048,4096,128,bfloat16,1024,32x64x4,427.918,2,40
g128 N=4096,2048,4096,128,bfloat16,1024,128x256,443.645,2,40
g128 N=4096,2048,4096,128,bfloat16,1024,32x128x4,473.158,2,40
g128 N=4096,2048,4096,128,bfloat16,1024,80x128,477.061,2,40
g128 N=4096,2048,4096,128,bfloat16,1024,64x32,520.259,2,40
g128 N=4096,2048,4096,128,bfloat16,1024,32x64x2,553.534,2,40
g128 N=4096,2048,4096,128,bfloat16,1024,64x64,704.035,2,40
g128 N=4096,2048,4096,128,bfloat16,1024,64x128,851.431,2,40
g128 N=4096,2048,4096,128,bfloat16,1024,32x32,1344.144,2,40
g128 N=4096,2048,4096,128,bfloat16,1024,32x64,1824.825,2,40
g128 N=4096,2048,4096,128,bfloat16,1024,32x128,2239.960,2,40
g128 N=4096,2048,4096,128,bfloat16,1024,16x64,4543.843,2,40
g128 N=4096,2048,4096,128,bfloat16,1024,16x128,7500.129,2,40
g128 N=4096,2048,4096,128,bfloat16,2048,192x128x2,413.527,2,40
g128 N=4096,2048,4096,128,bfloat16,2048,256x128,420.274,2,40
g128 N=4096,2048,4096,128,bfloat16,2048,128x128x2,445.333,2,40
g128 N=4096,2048,4096,128,bfloat16,2048,256x128x2,461.646,2,40
g128 N=4096,2048,4096,128,bfloat16,2048,128x128x4,481.855,2,40
g128 N=4096,2048,4096,128,bfloat16,2048,96x128x2,499.740,2,40
g128 N=4096,2048,4096,128,bfloat16,2048,128x64x2,527.700,2,40
g128 N=4096,2048,4096,128,bfloat16,2048,256x64,545.837,2,40
g128 N=4096,2048,4096,128,bfloat16,2048,192x128,555.506,2,40
g128 N=4096,2048,4096,128,bfloat16,2048,64x128x4,596.882,2,40
g128 N=4096,2048,4096,128,bfloat16,2048,128x64,620.913,2,40
g128 N=4096,2048,4096,128,bfloat16,2048,128x128,649.481,2,40
g128 N=4096,2048,4096,128,bfloat16,2048,256x32,660.778,2,40
g128 N=4096,2048,4096,128,bfloat16,2048,64x64x2,667.714,2,40
g128 N=4096,2048,4096,128,bfloat16,2048,64x128x2,678.193,2,40
g128 N=4096,2048,4096,128,bfloat16,2048,256x192,688.593,2,40
g128 N=4096,2048,4096,128,bfloat16,2048,96x128,712.056,2,40
g128 N=4096,2048,4096,128,bfloat16,2048,112x128,733.378,2,40
g128 N=4096,2048,4096,128,bfloat16,2048,128x32,775.681,2,40
g128 N=4096,2048,4096,128,bfloat16,2048,32x64x4,840.428,2,40
g128 N=4096,2048,4096,128,bfloat16,2048,80x128,861.966,2,40
g128 N=4096,2048,4096,128,bfloat16,2048,64x64,883.222,2,40
g128 N=4096,2048,4096,128,bfloat16,2048,128x256,886.821,2,40
g128 N=4096,2048,4096,128,bfloat16,2048,32x128x4,942.136,2,40
g128 N=4096,2048,4096,128,bfloat16,2048,64x32,957.975,2,40
g128 N=4096,2048,4096,128,bfloat16,2048,32x64x2,1114.849,2,40
g128 N=4096,2048,4096,128,bfloat16,2048,64x128,1335.125,2,40
g128 N=4096,2048,4096,128,bfloat16,2048,32x32,1764.485,2,40
g128 N=4096,2048,4096,128,bfloat16,2048,32x64,1959.601,2,40
g128 N=4096,2048,4096,128,bfloat16,2048,32x128,2839.536,2,40
g128 N=4096,2048,4096,128,bfloat16,2048,16x64,5009.719,2,40
g128 N=4096,2048,4096,128,bfloat16,2048,16x128,7951.685,2,40
glm.down     tp2,8704,5120,128,bfloat16,1,32x64x4,143.928,15,9
glm.down     tp2,8704,5120,128,bfloat16,1,64x64x2,176.963,12,9
glm.down     tp2,8704,5120,128,bfloat16,1,64x128x4,184.912,11,9
glm.down     tp2,8704,5120,128,bfloat16,1,64x32,190.732,11,9
glm.down     tp2,8704,5120,128,bfloat16,1,128x64x2,192.085,11,9
glm.down     tp2,8704,5120,128,bfloat16,1,128x32,197.486,10,9
glm.down     tp2,8704,5120,128,bfloat16,1,128x128x4,212.162,10,9
glm.down     tp2,8704,5120,128,bfloat16,1,128x64,217.335,10,9
glm.down     tp2,8704,5120,128,bfloat16,1,128x128x2,220.007,10,9
glm.down     tp2,8704,5120,128,bfloat16,1,32x128x4,237.716,9,9
glm.down     tp2,8704,5120,128,bfloat16,1,96x128x2,238.277,9,9
glm.down     tp2,8704,5120,128,bfloat16,1,192x128x2,244.032,9,9
glm.down     tp2,8704,5120,128,bfloat16,1,32x64x2,244.655,9,9
glm.down     tp2,8704,5120,128,bfloat16,1,64x128x2,260.372,8,9
glm.down     tp2,8704,5120,128,bfloat16,1,32x32,263.411,8,9
glm.down     tp2,8704,5120,128,bfloat16,1,64x64,282.376,7,9
glm.down     tp2,8704,5120,128,bfloat16,1,256x32,296.421,7,9
glm.down     tp2,8704,5120,128,bfloat16,1,192x128,299.302,7,9
glm.down     tp2,8704,5120,128,bfloat16,1,256x128,312.503,7,9
glm.down     tp2,8704,5120,128,bfloat16,1,256x64,316.612,6,9
glm.down     tp2,8704,5120,128,bfloat16,1,256x192,324.715,6,9
glm.down     tp2,8704,5120,128,bfloat16,1,128x128,330.776,6,9
glm.down     tp2,8704,5120,128,bfloat16,1,256x128x2,337.948,6,9
glm.down     tp2,8704,5120,128,bfloat16,1,112x128,368.658,5,9
glm.down     tp2,8704,5120,128,bfloat16,1,96x128,384.284,5,9
glm.down     tp2,8704,5120,128,bfloat16,1,80x128,419.912,5,9
glm.down     tp2,8704,5120,128,bfloat16,1,32x64,455.914,4,9
glm.down     tp2,8704,5120,128,bfloat16,1,64x128,473.263,4,9
glm.down     tp2,8704,5120,128,bfloat16,1,128x256,728.261,3,9
glm.down     tp2,8704,5120,128,bfloat16,1,32x128,1275.676,2,9
glm.down     tp2,8704,5120,128,bfloat16,1,16x64,1276.616,2,9
glm.down     tp2,8704,5120,128,bfloat16,1,16x128,2313.728,2,9
glm.down     tp2,8704,5120,128,bfloat16,8,32x64x4,143.529,15,9
glm.down     tp2,8704,5120,128,bfloat16,8,64x64x2,175.179,12,9
glm.down     tp2,8704,5120,128,bfloat16,8,64x128x4,181.798,12,9
glm.down     tp2,8704,5120,128,bfloat16,8,128x64x2,190.811,11,9
glm.down     tp2,8704,5120,128,bfloat16,8,64x32,192.369,11,9
glm.down     tp2,8704,5120,128,bfloat16,8,128x32,198.639,11,9
glm.down     tp2,8704,5120,128,bfloat16,8,128x128x4,209.571,10,9
glm.down     tp2,8704,5120,128,bfloat16,8,128x64,216.423,10,9
glm.down     tp2,8704,5120,128,bfloat16,8,128x128x2,216.430,10,9
glm.down     tp2,8704,5120,128,bfloat16,8,32x128x4,233.922,9,9
glm.down     tp2,8704,5120,128,bfloat16,8,96x128x2,235.538,9,9
glm.down     tp2,8704,5120,128,bfloat16,8,192x128x2,241.382,9,9
glm.down     tp2,8704,5120,128,bfloat16,8,32x64x2,246.068,8,9
glm.down     tp2,8704,5120,128,bfloat16,8,32x32,273.882,8,9
glm.down     tp2,8704,5120,128,bfloat16,8,64x128x2,282.631,7,9
glm.down     tp2,8704,5120,128,bfloat16,8,64x64,285.450,7,9
glm.down     tp2,8704,5120,128,bfloat16,8,256x32,301.505,7,9
glm.down     tp2,8704,5120,128,bfloat16,8,256x64,318.459,6,9
glm.down     tp2,8704,5120,128,bfloat16,8,256x128,319.352,6,9
glm.down     tp2,8704,5120,128,bfloat16,8,192x128,321.680,6,9
glm.down     tp2,8704,5120,128,bfloat16,8,128x128,325.123,6,9
glm.down     tp2,8704,5120,128,bfloat16,8,256x192,326.362,6,9
glm.down     tp2,8704,5120,128,bfloat16,8,256x128x2,335.837,6,9
glm.down     tp2,8704,5120,128,bfloat16,8,112x128,363.378,6,9
glm.down     tp2,8704,5120,128,bfloat16,8,96x128,379.892,5,9
glm.down     tp2,8704,5120,128,bfloat16,8,80x128,418.544,5,9
glm.down     tp2,8704,5120,128,bfloat16,8,32x64,446.342,4,9
glm.down     tp2,8704,5120,128,bfloat16,8,64x128,471.393,4,9
glm.down     tp2,8704,5120,128,bfloat16,8,128x256,707.893,3,9
glm.down     tp2,8704,5120,128,bfloat16,8,32x128,1298.965,2,9
glm.down     tp2,8704,5120,128,bfloat16,8,16x64,1312.489,2,9
glm.down     tp2,8704,5120,128,bfloat16,8,16x128,2481.553,2,9
glm.down     tp2,8704,5120,128,bfloat16,17,32x64x4,148.403,14,9
glm.down     tp2,8704,5120,128,bfloat16,17,64x64x2,180.316,11,9
glm.down     tp2,8704,5120,128,bfloat16,17,64x128x4,183.784,11,9
glm.down     tp2,8704,5120,128,bfloat16,17,128x64x2,193.890,11,9
glm.down     tp2,8704,5120,128,bfloat16,17,64x32,202.701,10,9
glm.down     tp2,8704,5120,128,bfloat16,17,128x32,203.995,10,9
glm.down     tp2,8704,5120,128,bfloat16,17,128x128x4,210.198,10,9
glm.down     tp2,8704,5120,128,bfloat16,17,128x128x2,219.249,9,9
glm.down     tp2,8704,5120,128,bfloat16,17,128x64,221.720,9,9
glm.down     tp2,8704,5120,128,bfloat16,17,32x128x4,238.356,9,9
glm.down     tp2,8704,5120,128,bfloat16,17,96x128x2,239.601,9,9
glm.down     tp2,8704,5120,128,bfloat16,17,192x128x2,243.261,8,9
glm.down     tp2,8704,5120,128,bfloat16,17,32x64x2,254.569,8,9
glm.down     tp2,8704,5120,128,bfloat16,17,64x128x2,286.525,7,9
glm.down     tp2,8704,5120,128,bfloat16,17,64x64,288.666,7,9
glm.down     tp2,8704,5120,128,bfloat16,17,32x32,300.710,6,9
glm.down     tp2,8704,5120,128,bfloat16,17,256x32,308.052,7,9
glm.down     tp2,8704,5120,128,bfloat16,17,256x128,323.530,6,9
glm.down     tp2,8704,5120,128,bfloat16,17,256x64,324.343,6,9
glm.down     tp2,8704,5120,128,bfloat16,17,192x128,326.438,6,9
glm.down     tp2,8704,5120,128,bfloat16,17,256x192,327.425,6,9
glm.down     tp2,8704,5120,128,bfloat16,17,128x128,331.304,6,9
glm.down     tp2,8704,5120,128,bfloat16,17,256x128x2,335.741,6,9
glm.down     tp2,8704,5120,128,bfloat16,17,112x128,366.509,5,9
glm.down     tp2,8704,5120,128,bfloat16,17,96x128,387.228,5,9
glm.down     tp2,8704,5120,128,bfloat16,17,80x128,422.751,5,9
glm.down     tp2,8704,5120,128,bfloat16,17,32x64,458.936,4,9
glm.down     tp2,8704,5120,128,bfloat16,17,64x128,475.656,4,9
glm.down     tp2,8704,5120,128,bfloat16,17,128x256,713.229,3,9
glm.down     tp2,8704,5120,128,bfloat16,17,16x64,1256.426,2,9
glm.down     tp2,8704,5120,128,bfloat16,17,32x128,1317.045,2,9
glm.down     tp2,8704,5120,128,bfloat16,17,16x128,2284.928,2,9
glm.down     tp2,8704,5120,128,bfloat16,24,32x64x4,152.682,14,9
glm.down     tp2,8704,5120,128,bfloat16,24,64x64x2,183.131,12,9
glm.down     tp2,8704,5120,128,bfloat16,24,64x128x4,185.772,11,9
glm.down     tp2,8704,5120,128,bfloat16,24,128x64x2,195.088,11,9
glm.down     tp2,8704,5120,128,bfloat16,24,128x32,206.525,10,9
glm.down     tp2,8704,5120,128,bfloat16,24,64x32,210.800,10,9
glm.down     tp2,8704,5120,128,bfloat16,24,128x128x4,210.880,10,9
glm.down     tp2,8704,5120,128,bfloat16,24,128x128x2,220.168,10,9
glm.down     tp2,8704,5120,128,bfloat16,24,128x64,224.992,9,9
glm.down     tp2,8704,5120,128,bfloat16,24,96x128x2,240.133,9,9
glm.down     tp2,8704,5120,128,bfloat16,24,32x128x4,242.555,9,9
glm.down     tp2,8704,5120,128,bfloat16,24,192x128x2,244.003,9,9
glm.down     tp2,8704,5120,128,bfloat16,24,32x64x2,273.126,8,9
glm.down     tp2,8704,5120,128,bfloat16,24,64x128x2,290.644,7,9
glm.down     tp2,8704,5120,128,bfloat16,24,64x64,299.959,7,9
glm.down     tp2,8704,5120,128,bfloat16,24,256x32,311.210,7,9
glm.down     tp2,8704,5120,128,bfloat16,24,256x128,324.282,6,9
glm.down     tp2,8704,5120,128,bfloat16,24,32x32,324.439,6,9
glm.down     tp2,8704,5120,128,bfloat16,24,192x128,326.818,6,9
glm.down     tp2,8704,5120,128,bfloat16,24,256x64,328.445,6,9
glm.down     tp2,8704,5120,128,bfloat16,24,256x192,332.296,6,9
glm.down     tp2,8704,5120,128,bfloat16,24,128x128,336.103,6,9
glm.down     tp2,8704,5120,128,bfloat16,24,256x128x2,336.650,6,9
glm.down     tp2,8704,5120,128,bfloat16,24,112x128,371.016,5,9
glm.down     tp2,8704,5120,128,bfloat16,24,96x128,394.435,5,9
glm.down     tp2,8704,5120,128,bfloat16,24,80x128,432.863,5,9
glm.down     tp2,8704,5120,128,bfloat16,24,32x64,485.292,4,9
glm.down     tp2,8704,5120,128,bfloat16,24,64x128,491.451,4,9
glm.down     tp2,8704,5120,128,bfloat16,24,128x256,736.593,3,9
glm.down     tp2,8704,5120,128,bfloat16,24,16x64,1299.423,2,9
glm.down     tp2,8704,5120,128,bfloat16,24,32x128,1337.499,2,9
glm.down     tp2,8704,5120,128,bfloat16,24,16x128,2404.847,2,9
glm.down     tp2,8704,5120,128,bfloat16,32,32x64x4,161.186,13,9
glm.down     tp2,8704,5120,128,bfloat16,32,64x64x2,188.069,11,9
glm.down     tp2,8704,5120,128,bfloat16,32,64x128x4,188.190,11,9
glm.down     tp2,8704,5120,128,bfloat16,32,128x64x2,198.987,11,9
glm.down     tp2,8704,5120,128,bfloat16,32,128x32,211.355,10,9
glm.down     tp2,8704,5120,128,bfloat16,32,128x128x4,211.803,10,9
glm.down     tp2,8704,5120,128,bfloat16,32,128x128x2,223.920,9,9
glm.down     tp2,8704,5120,128,bfloat16,32,64x32,224.291,9,9
glm.down     tp2,8704,5120,128,bfloat16,32,128x64,229.022,9,9
glm.down     tp2,8704,5120,128,bfloat16,32,96x128x2,244.397,9,9
glm.down     tp2,8704,5120,128,bfloat16,32,192x128x2,245.175,8,9
glm.down     tp2,8704,5120,128,bfloat16,32,32x128x4,246.777,8,9
glm.down     tp2,8704,5120,128,bfloat16,32,32x64x2,285.826,7,9
glm.down     tp2,8704,5120,128,bfloat16,32,64x128x2,293.423,7,9
glm.down     tp2,8704,5120,128,bfloat16,32,64x64,312.588,7,9
glm.down     tp2,8704,5120,128,bfloat16,32,256x32,313.096,7,9
glm.down     tp2,8704,5120,128,bfloat16,32,256x128,330.300,6,9
glm.down     tp2,8704,5120,128,bfloat16,32,256x64,330.623,6,9
glm.down     tp2,8704,5120,128,bfloat16,32,192x128,330.878,6,9
glm.down     tp2,8704,5120,128,bfloat16,32,256x192,333.376,6,9
glm.down     tp2,8704,5120,128,bfloat16,32,128x128,340.449,6,9
glm.down     tp2,8704,5120,128,bfloat16,32,256x128x2,344.478,6,9
glm.down     tp2,8704,5120,128,bfloat16,32,32x32,354.397,6,9
glm.down     tp2,8704,5120,128,bfloat16,32,112x128,377.195,5,9
glm.down     tp2,8704,5120,128,bfloat16,32,96x128,397.504,5,9
glm.down     tp2,8704,5120,128,bfloat16,32,80x128,421.951,5,9
glm.down     tp2,8704,5120,128,bfloat16,32,64x128,476.954,4,9
glm.down     tp2,8704,5120,128,bfloat16,32,32x64,513.885,4,9
glm.down     tp2,8704,5120,128,bfloat16,32,128x256,737.099,3,9
glm.down     tp2,8704,5120,128,bfloat16,32,16x64,1356.410,2,9
glm.down     tp2,8704,5120,128,bfloat16,32,32x128,1381.526,2,9
glm.down     tp2,8704,5120,128,bfloat16,32,16x128,2469.232,2,9
glm.down     tp2,8704,5120,128,bfloat16,48,32x64x4,178.408,12,9
glm.down     tp2,8704,5120,128,bfloat16,48,64x128x4,193.924,11,9
glm.down     tp2,8704,5120,128,bfloat16,48,64x64x2,200.598,10,9
glm.down     tp2,8704,5120,128,bfloat16,48,128x64x2,206.035,10,9
glm.down     tp2,8704,5120,128,bfloat16,48,128x128x4,215.750,10,9
glm.down     tp2,8704,5120,128,bfloat16,48,128x32,223.298,10,9
glm.down     tp2,8704,5120,128,bfloat16,48,128x128x2,228.482,9,9
glm.down     tp2,8704,5120,128,bfloat16,48,128x64,239.427,9,9
glm.down     tp2,8704,5120,128,bfloat16,48,192x128x2,248.249,8,9
glm.down     tp2,8704,5120,128,bfloat16,48,96x128x2,250.457,8,9
glm.down     tp2,8704,5120,128,bfloat16,48,32x128x4,253.625,8,9
glm.down     tp2,8704,5120,128,bfloat16,48,64x32,254.569,8,9
glm.down     tp2,8704,5120,128,bfloat16,48,64x128x2,284.822,7,9
glm.down     tp2,8704,5120,128,bfloat16,48,32x64x2,296.188,7,9
glm.down     tp2,8704,5120,128,bfloat16,48,256x32,323.325,6,9
glm.down     tp2,8704,5120,128,bfloat16,48,32x32,329.453,6,9
glm.down     tp2,8704,5120,128,bfloat16,48,256x128,332.760,6,9
glm.down     tp2,8704,5120,128,bfloat16,48,192x128,335.846,6,9
glm.down     tp2,8704,5120,128,bfloat16,48,256x192,341.027,6,9
glm.down     tp2,8704,5120,128,bfloat16,48,256x64,341.905,6,9
glm.down     tp2,8704,5120,128,bfloat16,48,64x64,342.876,6,9
glm.down     tp2,8704,5120,128,bfloat16,48,128x128,347.689,6,9
glm.down     tp2,8704,5120,128,bfloat16,48,256x128x2,351.527,6,9
glm.down     tp2,8704,5120,128,bfloat16,48,112x128,388.510,5,9
glm.down     tp2,8704,5120,128,bfloat16,48,96x128,413.201,5,9
glm.down     tp2,8704,5120,128,bfloat16,48,80x128,436.270,5,9
glm.down     tp2,8704,5120,128,bfloat16,48,32x64,492.478,4,9
glm.down     tp2,8704,5120,128,bfloat16,48,64x128,506.172,4,9
glm.down     tp2,8704,5120,128,bfloat16,48,128x256,788.987,2,9
glm.down     tp2,8704,5120,128,bfloat16,48,32x128,1315.858,2,9
glm.down     tp2,8704,5120,128,bfloat16,48,16x64,1350.037,2,9
glm.down     tp2,8704,5120,128,bfloat16,48,16x128,2419.238,2,9
glm.down     tp2,8704,5120,128,bfloat16,63,32x64x4,189.125,11,9
glm.down     tp2,8704,5120,128,bfloat16,63,64x128x4,198.020,10,9
glm.down     tp2,8704,5120,128,bfloat16,63,128x64x2,211.256,10,9
glm.down     tp2,8704,5120,128,bfloat16,63,64x64x2,213.839,10,9
glm.down     tp2,8704,5120,128,bfloat16,63,128x128x4,219.503,9,9
glm.down     tp2,8704,5120,128,bfloat16,63,128x128x2,232.858,9,9
glm.down     tp2,8704,5120,128,bfloat16,63,128x32,233.069,9,9
glm.down     tp2,8704,5120,128,bfloat16,63,128x64,248.048,8,9
glm.down     tp2,8704,5120,128,bfloat16,63,192x128x2,254.274,8,9
glm.down     tp2,8704,5120,128,bfloat16,63,32x128x4,260.438,8,9
glm.down     tp2,8704,5120,128,bfloat16,63,64x32,282.012,7,9
glm.down     tp2,8704,5120,128,bfloat16,63,96x128x2,283.146,7,9
glm.down     tp2,8704,5120,128,bfloat16,63,64x128x2,290.334,7,9
glm.down     tp2,8704,5120,128,bfloat16,63,32x64x2,290.580,7,9
glm.down     tp2,8704,5120,128,bfloat16,63,256x32,333.349,6,9
glm.down     tp2,8704,5120,128,bfloat16,63,256x128,342.184,6,9
glm.down     tp2,8704,5120,128,bfloat16,63,192x128,345.120,6,9
glm.down     tp2,8704,5120,128,bfloat16,63,256x192,348.180,6,9
glm.down     tp2,8704,5120,128,bfloat16,63,256x64,353.089,6,9
glm.down     tp2,8704,5120,128,bfloat16,63,32x32,354.478,6,9
glm.down     tp2,8704,5120,128,bfloat16,63,128x128,354.552,6,9
glm.down     tp2,8704,5120,128,bfloat16,63,256x128x2,358.378,6,9
glm.down     tp2,8704,5120,128,bfloat16,63,64x64,370.415,5,9
glm.down     tp2,8704,5120,128,bfloat16,63,112x128,398.344,5,9
glm.down     tp2,8704,5120,128,bfloat16,63,96x128,407.356,5,9
glm.down     tp2,8704,5120,128,bfloat16,63,80x128,454.342,4,9
glm.down     tp2,8704,5120,128,bfloat16,63,32x64,522.497,4,9
glm.down     tp2,8704,5120,128,bfloat16,63,64x128,531.024,4,9
glm.down     tp2,8704,5120,128,bfloat16,63,128x256,758.111,2,9
glm.down     tp2,8704,5120,128,bfloat16,63,32x128,1363.355,2,9
glm.down     tp2,8704,5120,128,bfloat16,63,16x64,1375.715,2,9
glm.down     tp2,8704,5120,128,bfloat16,63,16x128,2439.903,2,9
glm.down     tp2,8704,5120,128,bfloat16,64,32x64x4,188.869,11,9
glm.down     tp2,8704,5120,128,bfloat16,64,64x128x4,198.804,10,9
glm.down     tp2,8704,5120,128,bfloat16,64,128x64x2,211.501,10,9
glm.down     tp2,8704,5120,128,bfloat16,64,64x64x2,213.145,10,9
glm.down     tp2,8704,5120,128,bfloat16,64,128x128x4,220.288,9,9
glm.down     tp2,8704,5120,128,bfloat16,64,128x128x2,233.121,9,9
glm.down     tp2,8704,5120,128,bfloat16,64,128x32,233.267,9,9
glm.down     tp2,8704,5120,128,bfloat16,64,128x64,248.422,8,9
glm.down     tp2,8704,5120,128,bfloat16,64,192x128x2,254.337,8,9
glm.down     tp2,8704,5120,128,bfloat16,64,32x128x4,260.950,8,9
glm.down     tp2,8704,5120,128,bfloat16,64,64x32,282.728,7,9
glm.down     tp2,8704,5120,128,bfloat16,64,96x128x2,284.094,7,9
glm.down     tp2,8704,5120,128,bfloat16,64,64x128x2,290.366,7,9
glm.down     tp2,8704,5120,128,bfloat16,64,32x64x2,291.013,7,9
glm.down     tp2,8704,5120,128,bfloat16,64,256x32,333.067,6,9
glm.down     tp2,8704,5120,128,bfloat16,64,256x128,343.193,6,9
glm.down     tp2,8704,5120,128,bfloat16,64,192x128,345.796,6,9
glm.down     tp2,8704,5120,128,bfloat16,64,128x128,348.663,6,9
glm.down     tp2,8704,5120,128,bfloat16,64,256x192,349.409,6,9
glm.down     tp2,8704,5120,128,bfloat16,64,256x64,354.072,6,9
glm.down     tp2,8704,5120,128,bfloat16,64,32x32,357.887,6,9
glm.down     tp2,8704,5120,128,bfloat16,64,256x128x2,359.275,6,9
glm.down     tp2,8704,5120,128,bfloat16,64,64x64,371.198,5,9
glm.down     tp2,8704,5120,128,bfloat16,64,112x128,396.973,5,9
glm.down     tp2,8704,5120,128,bfloat16,64,96x128,410.236,5,9
glm.down     tp2,8704,5120,128,bfloat16,64,80x128,457.340,4,9
glm.down     tp2,8704,5120,128,bfloat16,64,32x64,525.114,4,9
glm.down     tp2,8704,5120,128,bfloat16,64,64x128,563.051,3,9
glm.down     tp2,8704,5120,128,bfloat16,64,128x256,765.697,2,9
glm.down     tp2,8704,5120,128,bfloat16,64,32x128,1330.552,2,9
glm.down     tp2,8704,5120,128,bfloat16,64,16x64,1408.331,2,9
glm.down     tp2,8704,5120,128,bfloat16,64,16x128,2444.763,2,9
glm.down     tp2,8704,5120,128,bfloat16,96,128x64x2,224.080,9,9
glm.down     tp2,8704,5120,128,bfloat16,96,128x128x4,229.227,9,9
glm.down     tp2,8704,5120,128,bfloat16,96,128x128x2,243.078,8,9
glm.down     tp2,8704,5120,128,bfloat16,96,64x128x4,258.511,8,9
glm.down     tp2,8704,5120,128,bfloat16,96,192x128x2,263.263,8,9
glm.down     tp2,8704,5120,128,bfloat16,96,128x32,268.575,8,9
glm.down     tp2,8704,5120,128,bfloat16,96,96x128x2,269.552,8,9
glm.down     tp2,8704,5120,128,bfloat16,96,128x64,276.340,7,9
glm.down     tp2,8704,5120,128,bfloat16,96,32x64x4,277.376,7,9
glm.down     tp2,8704,5120,128,bfloat16,96,64x64x2,277.897,7,9
glm.down     tp2,8704,5120,128,bfloat16,96,32x128x4,291.348,7,9
glm.down     tp2,8704,5120,128,bfloat16,96,64x128x2,319.307,6,9
glm.down     tp2,8704,5120,128,bfloat16,96,32x64x2,343.885,6,9
glm.down     tp2,8704,5120,128,bfloat16,96,256x32,354.193,6,9
glm.down     tp2,8704,5120,128,bfloat16,96,128x128,354.818,6,9
glm.down     tp2,8704,5120,128,bfloat16,96,256x128,355.941,6,9
glm.down     tp2,8704,5120,128,bfloat16,96,64x64,358.202,6,9
glm.down     tp2,8704,5120,128,bfloat16,96,192x128,359.401,6,9
glm.down     tp2,8704,5120,128,bfloat16,96,256x192,365.089,6,9
glm.down     tp2,8704,5120,128,bfloat16,96,256x64,378.243,5,9
glm.down     tp2,8704,5120,128,bfloat16,96,256x128x2,383.068,5,9
glm.down     tp2,8704,5120,128,bfloat16,96,112x128,404.095,5,9
glm.down     tp2,8704,5120,128,bfloat16,96,96x128,436.610,5,9
glm.down     tp2,8704,5120,128,bfloat16,96,80x128,455.485,4,9
glm.down     tp2,8704,5120,128,bfloat16,96,64x32,485.533,4,9
glm.down     tp2,8704,5120,128,bfloat16,96,32x64,528.649,4,9
glm.down     tp2,8704,5120,128,bfloat16,96,64x128,532.640,4,9
glm.down     tp2,8704,5120,128,bfloat16,96,32x32,715.954,3,9
glm.down     tp2,8704,5120,128,bfloat16,96,128x256,832.158,2,9
glm.down     tp2,8704,5120,128,bfloat16,96,32x128,1372.186,2,9
glm.down     tp2,8704,5120,128,bfloat16,96,16x64,2657.188,2,9
glm.down     tp2,8704,5120,128,bfloat16,96,16x128,4663.412,2,9
glm.down     tp2,8704,5120,128,bfloat16,128,128x128x4,240.074,9,9
glm.down     tp2,8704,5120,128,bfloat16,128,128x64x2,240.254,9,9
glm.down     tp2,8704,5120,128,bfloat16,128,128x128x2,256.109,8,9
glm.down     tp2,8704,5120,128,bfloat16,128,64x128x4,259.870,8,9
glm.down     tp2,8704,5120,128,bfloat16,128,192x128x2,271.242,8,9
glm.down     tp2,8704,5120,128,bfloat16,128,64x64x2,272.399,8,9
glm.down     tp2,8704,5120,128,bfloat16,128,128x64,305.701,7,9
glm.down     tp2,8704,5120,128,bfloat16,128,128x32,306.578,7,9
glm.down     tp2,8704,5120,128,bfloat16,128,96x128x2,311.469,7,9
glm.down     tp2,8704,5120,128,bfloat16,128,32x64x4,335.674,6,9
glm.down     tp2,8704,5120,128,bfloat16,128,64x128x2,336.734,6,9
glm.down     tp2,8704,5120,128,bfloat16,128,32x128x4,341.043,6,9
glm.down     tp2,8704,5120,128,bfloat16,128,256x128,357.027,6,9
glm.down     tp2,8704,5120,128,bfloat16,128,192x128,368.584,6,9
glm.down     tp2,8704,5120,128,bfloat16,128,256x32,374.974,5,9
glm.down     tp2,8704,5120,128,bfloat16,128,256x192,379.450,5,9
glm.down     tp2,8704,5120,128,bfloat16,128,128x128,382.592,5,9
glm.down     tp2,8704,5120,128,bfloat16,128,64x64,388.044,5,9
glm.down     tp2,8704,5120,128,bfloat16,128,256x128x2,403.178,5,9
glm.down     tp2,8704,5120,128,bfloat16,128,256x64,403.550,5,9
glm.down     tp2,8704,5120,128,bfloat16,128,96x128,423.338,5,9
glm.down     tp2,8704,5120,128,bfloat16,128,112x128,425.225,5,9
glm.down     tp2,8704,5120,128,bfloat16,128,80x128,456.112,4,9
glm.down     tp2,8704,5120,128,bfloat16,128,64x32,532.254,4,9
glm.down     tp2,8704,5120,128,bfloat16,128,32x64x2,557.640,3,9
glm.down     tp2,8704,5120,128,bfloat16,128,32x32,707.391,3,9
glm.down     tp2,8704,5120,128,bfloat16,128,128x256,855.245,2,9
glm.down     tp2,8704,5120,128,bfloat16,128,64x128,970.396,2,9
glm.down     tp2,8704,5120,128,bfloat16,128,32x64,1244.871,2,9
glm.down     tp2,8704,5120,128,bfloat16,128,32x128,1440.480,2,9
glm.down     tp2,8704,5120,128,bfloat16,128,16x64,2698.933,2,9
glm.down     tp2,8704,5120,128,bfloat16,128,16x128,4794.138,2,9
glm.down     tp2,8704,5120,128,bfloat16,192,192x128x2,296.040,7,9
glm.down     tp2,8704,5120,128,bfloat16,192,128x128x2,331.417,6,9
glm.down     tp2,8704,5120,128,bfloat16,192,96x128x2,342.524,6,9
glm.down     tp2,8704,5120,128,bfloat16,192,128x128x4,356.247,6,9
glm.down     tp2,8704,5120,128,bfloat16,192,64x128x4,356.318,6,9
glm.down     tp2,8704,5120,128,bfloat16,192,64x128x2,368.322,5,9
glm.down     tp2,8704,5120,128,bfloat16,192,128x64x2,373.837,6,9
glm.down     tp2,8704,5120,128,bfloat16,192,192x128,377.086,5,9
glm.down     tp2,8704,5120,128,bfloat16,192,256x128,391.255,5,9
glm.down     tp2,8704,5120,128,bfloat16,192,256x192,406.259,5,9
glm.down     tp2,8704,5120,128,bfloat16,192,128x128,413.582,5,9
glm.down     tp2,8704,5120,128,bfloat16,192,64x64x2,415.485,5,9
glm.down     tp2,8704,5120,128,bfloat16,192,256x32,423.398,5,9
glm.down     tp2,8704,5120,128,bfloat16,192,256x128x2,438.096,5,9
glm.down     tp2,8704,5120,128,bfloat16,192,112x128,452.441,4,9
glm.down     tp2,8704,5120,128,bfloat16,192,32x64x4,469.982,4,9
glm.down     tp2,8704,5120,128,bfloat16,192,256x64,475.510,4,9
glm.down     tp2,8704,5120,128,bfloat16,192,96x128,483.018,4,9
glm.down     tp2,8704,5120,128,bfloat16,192,80x128,497.947,4,9
glm.down     tp2,8704,5120,128,bfloat16,192,128x32,530.274,4,9
glm.down     tp2,8704,5120,128,bfloat16,192,128x64,535.272,4,9
glm.down     tp2,8704,5120,128,bfloat16,192,32x128x4,538.805,4,9
glm.down     tp2,8704,5120,128,bfloat16,192,64x32,558.321,4,9
glm.down     tp2,8704,5120,128,bfloat16,192,32x64x2,627.960,3,9
glm.down     tp2,8704,5120,128,bfloat16,192,64x64,730.749,3,9
glm.down     tp2,8704,5120,128,bfloat16,192,128x256,796.836,2,9
glm.down     tp2,8704,5120,128,bfloat16,192,64x128,1072.622,2,9
glm.down     tp2,8704,5120,128,bfloat16,192,32x32,1153.756,2,9
glm.down     tp2,8704,5120,128,bfloat16,192,32x64,1229.720,2,9
glm.down     tp2,8704,5120,128,bfloat16,192,32x128,2689.467,2,9
glm.down     tp2,8704,5120,128,bfloat16,192,16x64,3790.631,2,9
glm.down     tp2,8704,5120,128,bfloat16,192,16x128,7364.368,2,9
glm.down     tp2,8704,5120,128,bfloat16,256,128x128x2,343.310,6,9
glm.down     tp2,8704,5120,128,bfloat16,256,128x128x4,374.500,5,9
glm.down     tp2,8704,5120,128,bfloat16,256,96x128x2,387.884,5,9
glm.down     tp2,8704,5120,128,bfloat16,256,128x64x2,395.279,5,9
glm.down     tp2,8704,5120,128,bfloat16,256,256x128,417.401,5,9
glm.down     tp2,8704,5120,128,bfloat16,256,256x192,431.898,5,9
glm.down     tp2,8704,5120,128,bfloat16,256,64x128x4,436.023,5,9
glm.down     tp2,8704,5120,128,bfloat16,256,128x128,438.570,5,9
glm.down     tp2,8704,5120,128,bfloat16,256,192x128x2,452.026,4,9
glm.down     tp2,8704,5120,128,bfloat16,256,256x128x2,468.409,4,9
glm.down     tp2,8704,5120,128,bfloat16,256,64x64x2,482.541,4,9
glm.down     tp2,8704,5120,128,bfloat16,256,256x32,484.448,4,9
glm.down     tp2,8704,5120,128,bfloat16,256,96x128,489.832,4,9
glm.down     tp2,8704,5120,128,bfloat16,256,256x64,552.257,4,9
glm.down     tp2,8704,5120,128,bfloat16,256,128x32,584.964,3,9
glm.down     tp2,8704,5120,128,bfloat16,256,32x64x4,590.339,3,9
glm.down     tp2,8704,5120,128,bfloat16,256,128x64,604.348,3,9
glm.down     tp2,8704,5120,128,bfloat16,256,64x128x2,608.232,3,9
glm.down     tp2,8704,5120,128,bfloat16,256,32x128x4,664.552,3,9
glm.down     tp2,8704,5120,128,bfloat16,256,192x128,692.075,3,9
glm.down     tp2,8704,5120,128,bfloat16,256,64x64,758.688,2,9
glm.down     tp2,8704,5120,128,bfloat16,256,112x128,767.380,2,9
glm.down     tp2,8704,5120,128,bfloat16,256,64x32,797.978,2,9
glm.down     tp2,8704,5120,128,bfloat16,256,128x256,835.963,2,9
glm.down     tp2,8704,5120,128,bfloat16,256,32x64x2,851.441,2,9
glm.down     tp2,8704,5120,128,bfloat16,256,80x128,912.326,2,9
glm.down     tp2,8704,5120,128,bfloat16,256,32x32,1367.673,2,9
glm.down     tp2,8704,5120,128,bfloat16,256,32x64,1812.981,2,9
glm.down     tp2,8704,5120,128,bfloat16,256,64x128,1898.013,2,9
glm.down     tp2,8704,5120,128,bfloat16,256,32x128,2756.054,2,9
glm.down     tp2,8704,5120,128,bfloat16,256,16x64,5145.548,2,9
glm.down     tp2,8704,5120,128,bfloat16,256,16x128,16340.490,2,9
glm.down     tp2,8704,5120,128,bfloat16,512,192x128x2,574.924,3,9
glm.down     tp2,8704,5120,128,bfloat16,512,128x128x2,601.320,3,9
glm.down     tp2,8704,5120,128,bfloat16,512,128x128x4,630.025,3,9
glm.down     tp2,8704,5120,128,bfloat16,512,128x64x2,700.712,3,9
glm.down     tp2,8704,5120,128,bfloat16,512,256x128x2,701.680,3,9
glm.down     tp2,8704,5120,128,bfloat16,512,96x128x2,727.604,3,9
glm.down     tp2,8704,5120,128,bfloat16,512,256x128,728.935,3,9
glm.down     tp2,8704,5120,128,bfloat16,512,192x128,756.368,2,9
glm.down     tp2,8704,5120,128,bfloat16,512,64x128x4,800.825,2,9
glm.down     tp2,8704,5120,128,bfloat16,512,256x64,831.961,2,9
glm.down     tp2,8704,5120,128,bfloat16,512,128x128,869.132,2,9
glm.down     tp2,8704,5120,128,bfloat16,512,256x192,889.555,2,9
glm.down     tp2,8704,5120,128,bfloat16,512,64x64x2,902.759,2,9
glm.down     tp2,8704,5120,128,bfloat16,512,128x64,921.195,2,9
glm.down     tp2,8704,5120,128,bfloat16,512,64x128x2,939.247,2,9
glm.down     tp2,8704,5120,128,bfloat16,512,256x32,943.240,2,9
glm.down     tp2,8704,5120,128,bfloat16,512,96x128,988.503,2,9
glm.down     tp2,8704,5120,128,bfloat16,512,32x64x4,1128.620,2,9
glm.down     tp2,8704,5120,128,bfloat16,512,128x32,1329.672,2,9
glm.down     tp2,8704,5120,128,bfloat16,512,112x128,1422.622,2,9
glm.down     tp2,8704,5120,128,bfloat16,512,64x64,1427.902,2,9
glm.down     tp2,8704,5120,128,bfloat16,512,32x128x4,1510.317,2,9
glm.down     tp2,8704,5120,128,bfloat16,512,64x32,1571.504,2,9
glm.down     tp2,8704,5120,128,bfloat16,512,80x128,1643.103,2,9
glm.down     tp2,8704,5120,128,bfloat16,512,32x64x2,1708.348,2,9
glm.down     tp2,8704,5120,128,bfloat16,512,32x32,2317.099,2,9
glm.down     tp2,8704,5120,128,bfloat16,512,128x256,2834.344,2,9
glm.down     tp2,8704,5120,128,bfloat16,512,32x64,2869.240,2,9
glm.down     tp2,8704,5120,128,bfloat16,512,64x128,3159.580,2,9
glm.down     tp2,8704,5120,128,bfloat16,512,32x128,5398.656,2,9
glm.down     tp2,8704,5120,128,bfloat16,512,16x64,11703.651,2,9
glm.down     tp2,8704,5120,128,bfloat16,512,16x128,23024.107,2,9
glm.down     tp2,8704,5120,128,bfloat16,1024,128x128x4,1229.097,2,9
glm.down     tp2,8704,5120,128,bfloat16,1024,192x128x2,1332.774,2,9
glm.down     tp2,8704,5120,128,bfloat16,1024,256x128,1344.588,2,9
glm.down     tp2,8704,5120,128,bfloat16,1024,128x128x2,1378.651,2,9
glm.down     tp2,8704,5120,128,bfloat16,1024,128x64x2,1381.673,2,9
glm.down     tp2,8704,5120,128,bfloat16,1024,256x128x2,1400.893,2,9
glm.down     tp2,8704,5120,128,bfloat16,1024,96x128x2,1477.914,2,9
glm.down     tp2,8704,5120,128,bfloat16,1024,64x128x4,1545.388,2,9
glm.down     tp2,8704,5120,128,bfloat16,1024,256x64,1687.753,2,9
glm.down     tp2,8704,5120,128,bfloat16,1024,192x128,1712.013,2,9
glm.down     tp2,8704,5120,128,bfloat16,1024,128x64,1872.086,2,9
glm.down     tp2,8704,5120,128,bfloat16,1024,64x64x2,1899.400,2,9
glm.down     tp2,8704,5120,128,bfloat16,1024,128x128,1907.614,2,9
glm.down     tp2,8704,5120,128,bfloat16,1024,256x32,1933.818,2,9
glm.down     tp2,8704,5120,128,bfloat16,1024,64x128x2,1968.679,2,9
glm.down     tp2,8704,5120,128,bfloat16,1024,256x192,2002.800,2,9
glm.down     tp2,8704,5120,128,bfloat16,1024,96x128,2058.200,2,9
glm.down     tp2,8704,5120,128,bfloat16,1024,112x128,2247.043,2,9
glm.down     tp2,8704,5120,128,bfloat16,1024,32x64x4,2269.981,2,9
glm.down     tp2,8704,5120,128,bfloat16,1024,128x32,2327.022,2,9
glm.down     tp2,8704,5120,128,bfloat16,1024,64x64,2567.634,2,9
glm.down     tp2,8704,5120,128,bfloat16,1024,80x128,2644.689,2,9
glm.down     tp2,8704,5120,128,bfloat16,1024,32x128x4,2677.560,2,9
glm.down     tp2,8704,5120,128,bfloat16,1024,64x32,2875.296,2,9
glm.down     tp2,8704,5120,128,bfloat16,1024,128x256,3068.181,2,9
glm.down     tp2,8704,5120,128,bfloat16,1024,32x64x2,3131.093,2,9
glm.down     tp2,8704,5120,128,bfloat16,1024,32x32,4376.617,2,9
glm.down     tp2,8704,5120,128,bfloat16,1024,64x128,4936.714,2,9
glm.down     tp2,8704,5120,128,bfloat16,1024,32x64,5005.653,2,9
glm.down     tp2,8704,5120,128,bfloat16,1024,32x128,10606.439,2,9
glm.down     tp2,8704,5120,128,bfloat16,1024,16x64,18402.756,2,9
glm.down     tp2,8704,5120,128,bfloat16,1024,16x128,44945.550,2,9
glm.down     tp2,8704,5120,128,bfloat16,2048,192x128x2,2242.958,2,9
glm.down     tp2,8704,5120,128,bfloat16,2048,256x128,2298.246,2,9
glm.down     tp2,8704,5120,128,bfloat16,2048,128x128x2,2401.192,2,9
glm.down     tp2,8704,5120,128,bfloat16,2048,128x128x4,2498.404,2,9
glm.down     tp2,8704,5120,128,bfloat16,2048,256x128x2,2552.025,2,9
glm.down     tp2,8704,5120,128,bfloat16,2048,96x128x2,2721.216,2,9
glm.down     tp2,8704,5120,128,bfloat16,2048,128x64x2,2736.541,2,9
glm.down     tp2,8704,5120,128,bfloat16,2048,192x128,2800.497,2,9
glm.down     tp2,8704,5120,128,bfloat16,2048,256x64,3006.325,2,9
glm.down     tp2,8704,5120,128,bfloat16,2048,64x128x4,3079.861,2,9
glm.down     tp2,8704,5120,128,bfloat16,2048,128x128,3148.165,2,9
glm.down     tp2,8704,5120,128,bfloat16,2048,256x192,3340.252,2,9
glm.down     tp2,8704,5120,128,bfloat16,2048,128x64,3495.545,2,9
glm.down     tp2,8704,5120,128,bfloat16,2048,256x32,3585.200,2,9
glm.down     tp2,8704,5120,128,bfloat16,2048,64x64x2,3598.798,2,9
glm.down     tp2,8704,5120,128,bfloat16,2048,112x128,3631.178,2,9
glm.down     tp2,8704,5120,128,bfloat16,2048,96x128,3678.165,2,9
glm.down     tp2,8704,5120,128,bfloat16,2048,64x128x2,3685.074,2,9
glm.down     tp2,8704,5120,128,bfloat16,2048,128x32,4277.161,2,9
glm.down     tp2,8704,5120,128,bfloat16,2048,32x64x4,4491.026,2,9
glm.down     tp2,8704,5120,128,bfloat16,2048,128x256,4515.589,2,9
glm.down     tp2,8704,5120,128,bfloat16,2048,80x128,4545.929,2,9
glm.down     tp2,8704,5120,128,bfloat16,2048,64x64,4870.614,2,9
glm.down     tp2,8704,5120,128,bfloat16,2048,32x128x4,5074.434,2,9
glm.down     tp2,8704,5120,128,bfloat16,2048,64x32,5358.536,2,9
glm.down     tp2,8704,5120,128,bfloat16,2048,32x64x2,5810.827,2,9
glm.down     tp2,8704,5120,128,bfloat16,2048,32x32,8234.606,2,9
glm.down     tp2,8704,5120,128,bfloat16,2048,64x128,8256.061,2,9
glm.down     tp2,8704,5120,128,bfloat16,2048,32x64,9355.863,2,9
glm.down     tp2,8704,5120,128,bfloat16,2048,32x128,19183.429,2,9
glm.down     tp2,8704,5120,128,bfloat16,2048,16x64,33059.733,2,9
glm.down     tp2,8704,5120,128,bfloat16,2048,16x128,50753.296,2,9
g128 N=17408,5120,17408,128,bfloat16,1,32x64x4,180.033,20,5
g128 N=17408,5120,17408,128,bfloat16,1,32x64x2,197.368,20,5
g128 N=17408,5120,17408,128,bfloat16,1,32x128x4,200.688,19,5
g128 N=17408,5120,17408,128,bfloat16,1,64x64x2,221.554,17,5
g128 N=17408,5120,17408,128,bfloat16,1,64x128x4,226.553,17,5
g128 N=17408,5120,17408,128,bfloat16,1,64x32,255.835,15,5
g128 N=17408,5120,17408,128,bfloat16,1,128x128x2,278.720,14,5
g128 N=17408,5120,17408,128,bfloat16,1,96x128x2,281.846,14,5
g128 N=17408,5120,17408,128,bfloat16,1,128x64x2,295.683,13,5
g128 N=17408,5120,17408,128,bfloat16,1,128x128x4,301.360,13,5
g128 N=17408,5120,17408,128,bfloat16,1,32x64,305.650,12,5
g128 N=17408,5120,17408,128,bfloat16,1,64x128x2,305.946,12,5
g128 N=17408,5120,17408,128,bfloat16,1,32x32,313.304,12,5
g128 N=17408,5120,17408,128,bfloat16,1,64x64,333.177,12,5
g128 N=17408,5120,17408,128,bfloat16,1,128x64,340.745,11,5
g128 N=17408,5120,17408,128,bfloat16,1,192x128x2,348.930,11,5
g128 N=17408,5120,17408,128,bfloat16,1,128x32,356.080,11,5
g128 N=17408,5120,17408,128,bfloat16,1,128x128,395.512,10,5
g128 N=17408,5120,17408,128,bfloat16,1,112x128,432.395,9,5
g128 N=17408,5120,17408,128,bfloat16,1,256x128,444.512,8,5
g128 N=17408,5120,17408,128,bfloat16,1,96x128,448.905,9,5
g128 N=17408,5120,17408,128,bfloat16,1,192x128,465.980,8,5
g128 N=17408,5120,17408,128,bfloat16,1,256x128x2,485.186,8,5
g128 N=17408,5120,17408,128,bfloat16,1,80x128,492.700,8,5
g128 N=17408,5120,17408,128,bfloat16,1,256x64,495.465,7,5
g128 N=17408,5120,17408,128,bfloat16,1,16x64,506.020,7,5
g128 N=17408,5120,17408,128,bfloat16,1,32x128,508.029,7,5
g128 N=17408,5120,17408,128,bfloat16,1,256x32,554.646,7,5
g128 N=17408,5120,17408,128,bfloat16,1,256x192,563.269,7,5
g128 N=17408,5120,17408,128,bfloat16,1,64x128,586.176,6,5
g128 N=17408,5120,17408,128,bfloat16,1,128x256,835.024,4,5
g128 N=17408,5120,17408,128,bfloat16,1,16x128,928.987,4,5
g128 N=17408,5120,17408,128,bfloat16,8,32x64x4,182.063,20,5
g128 N=17408,5120,17408,128,bfloat16,8,32x64x2,200.101,19,5
g128 N=17408,5120,17408,128,bfloat16,8,32x128x4,201.525,18,5
g128 N=17408,5120,17408,128,bfloat16,8,64x64x2,225.062,16,5
g128 N=17408,5120,17408,128,bfloat16,8,64x128x4,226.679,16,5
g128 N=17408,5120,17408,128,bfloat16,8,64x32,263.540,14,5
g128 N=17408,5120,17408,128,bfloat16,8,128x128x2,284.325,13,5
g128 N=17408,5120,17408,128,bfloat16,8,96x128x2,285.504,13,5
g128 N=17408,5120,17408,128,bfloat16,8,128x64x2,304.238,13,5
g128 N=17408,5120,17408,128,bfloat16,8,128x128x4,306.698,12,5
g128 N=17408,5120,17408,128,bfloat16,8,64x128x2,309.688,12,5
g128 N=17408,5120,17408,128,bfloat16,8,32x64,320.375,11,5
g128 N=17408,5120,17408,128,bfloat16,8,32x32,344.656,11,5
g128 N=17408,5120,17408,128,bfloat16,8,128x64,347.589,11,5
g128 N=17408,5120,17408,128,bfloat16,8,192x128x2,353.539,10,5
g128 N=17408,5120,17408,128,bfloat16,8,64x64,361.410,10,5
g128 N=17408,5120,17408,128,bfloat16,8,128x32,363.083,10,5
g128 N=17408,5120,17408,128,bfloat16,8,128x128,397.620,9,5
g128 N=17408,5120,17408,128,bfloat16,8,112x128,435.205,8,5
g128 N=17408,5120,17408,128,bfloat16,8,96x128,453.114,8,5
g128 N=17408,5120,17408,128,bfloat16,8,256x128,454.499,8,5
g128 N=17408,5120,17408,128,bfloat16,8,192x128,483.973,8,5
g128 N=17408,5120,17408,128,bfloat16,8,256x128x2,490.679,7,5
g128 N=17408,5120,17408,128,bfloat16,8,80x128,495.945,7,5
g128 N=17408,5120,17408,128,bfloat16,8,32x128,503.575,7,5
g128 N=17408,5120,17408,128,bfloat16,8,256x64,507.294,7,5
g128 N=17408,5120,17408,128,bfloat16,8,16x64,519.908,7,5
g128 N=17408,5120,17408,128,bfloat16,8,256x32,563.602,7,5
g128 N=17408,5120,17408,128,bfloat16,8,64x128,577.290,6,5
g128 N=17408,5120,17408,128,bfloat16,8,256x192,577.775,6,5
g128 N=17408,5120,17408,128,bfloat16,8,128x256,836.420,4,5
g128 N=17408,5120,17408,128,bfloat16,8,16x128,937.569,4,5
g128 N=17408,5120,17408,128,bfloat16,17,32x64x4,190.570,20,5
g128 N=17408,5120,17408,128,bfloat16,17,32x128x4,204.189,18,5
g128 N=17408,5120,17408,128,bfloat16,17,32x64x2,205.671,18,5
g128 N=17408,5120,17408,128,bfloat16,17,64x128x4,230.898,16,5
g128 N=17408,5120,17408,128,bfloat16,17,64x64x2,232.932,16,5
g128 N=17408,5120,17408,128,bfloat16,17,64x32,276.021,13,5
g128 N=17408,5120,17408,128,bfloat16,17,128x128x2,288.626,13,5
g128 N=17408,5120,17408,128,bfloat16,17,96x128x2,290.501,13,5
g128 N=17408,5120,17408,128,bfloat16,17,128x64x2,307.507,12,5
g128 N=17408,5120,17408,128,bfloat16,17,128x128x4,308.398,12,5
g128 N=17408,5120,17408,128,bfloat16,17,64x128x2,315.384,12,5
g128 N=17408,5120,17408,128,bfloat16,17,32x64,326.937,12,5
g128 N=17408,5120,17408,128,bfloat16,17,192x128x2,355.661,10,5
g128 N=17408,5120,17408,128,bfloat16,17,128x64,359.075,10,5
g128 N=17408,5120,17408,128,bfloat16,17,32x32,361.641,10,5
g128 N=17408,5120,17408,128,bfloat16,17,64x64,367.288,10,5
g128 N=17408,5120,17408,128,bfloat16,17,128x32,380.513,10,5
g128 N=17408,5120,17408,128,bfloat16,17,128x128,402.395,9,5
g128 N=17408,5120,17408,128,bfloat16,17,112x128,439.785,8,5
g128 N=17408,5120,17408,128,bfloat16,17,96x128,442.691,8,5
g128 N=17408,5120,17408,128,bfloat16,17,256x128,458.342,8,5
g128 N=17408,5120,17408,128,bfloat16,17,192x128,482.776,8,5
g128 N=17408,5120,17408,128,bfloat16,17,80x128,487.791,7,5
g128 N=17408,5120,17408,128,bfloat16,17,256x128x2,493.690,7,5
g128 N=17408,5120,17408,128,bfloat16,17,256x64,516.821,7,5
g128 N=17408,5120,17408,128,bfloat16,17,32x128,517.820,7,5
g128 N=17408,5120,17408,128,bfloat16,17,256x192,577.827,6,5
g128 N=17408,5120,17408,128,bfloat16,17,64x128,580.330,6,5
g128 N=17408,5120,17408,128,bfloat16,17,256x32,580.660,6,5
g128 N=17408,5120,17408,128,bfloat16,17,128x256,846.552,4,5
g128 N=17408,5120,17408,128,bfloat16,17,16x64,921.919,4,5
g128 N=17408,5120,17408,128,bfloat16,17,16x128,2158.610,2,5
g128 N=17408,5120,17408,128,bfloat16,24,32x64x4,194.923,19,5
g128 N=17408,5120,17408,128,bfloat16,24,32x128x4,205.826,18,5
g128 N=17408,5120,17408,128,bfloat16,24,32x64x2,210.385,18,5
g128 N=17408,5120,17408,128,bfloat16,24,64x128x4,234.039,16,5
g128 N=17408,5120,17408,128,bfloat16,24,64x64x2,236.547,16,5
g128 N=17408,5120,17408,128,bfloat16,24,64x32,285.880,13,5
g128 N=17408,5120,17408,128,bfloat16,24,128x128x2,290.341,13,5
g128 N=17408,5120,17408,128,bfloat16,24,96x128x2,291.324,13,5
g128 N=17408,5120,17408,128,bfloat16,24,128x128x4,310.463,12,5
g128 N=17408,5120,17408,128,bfloat16,24,128x64x2,312.158,12,5
g128 N=17408,5120,17408,128,bfloat16,24,64x128x2,320.724,11,5
g128 N=17408,5120,17408,128,bfloat16,24,32x64,330.946,11,5
g128 N=17408,5120,17408,128,bfloat16,24,192x128x2,356.403,10,5
g128 N=17408,5120,17408,128,bfloat16,24,128x64,366.677,10,5
g128 N=17408,5120,17408,128,bfloat16,24,64x64,369.104,10,5
g128 N=17408,5120,17408,128,bfloat16,24,128x32,384.542,10,5
g128 N=17408,5120,17408,128,bfloat16,24,32x32,391.718,9,5
g128 N=17408,5120,17408,128,bfloat16,24,128x128,407.891,9,5
g128 N=17408,5120,17408,128,bfloat16,24,96x128,446.029,8,5
g128 N=17408,5120,17408,128,bfloat16,24,112x128,446.870,8,5
g128 N=17408,5120,17408,128,bfloat16,24,256x128,462.708,8,5
g128 N=17408,5120,17408,128,bfloat16,24,192x128,485.241,7,5
g128 N=17408,5120,17408,128,bfloat16,24,256x128x2,496.143,7,5
g128 N=17408,5120,17408,128,bfloat16,24,80x128,500.320,7,5
g128 N=17408,5120,17408,128,bfloat16,24,32x128,512.938,7,5
g128 N=17408,5120,17408,128,bfloat16,24,256x64,520.733,7,5
g128 N=17408,5120,17408,128,bfloat16,24,256x32,582.792,6,5
g128 N=17408,5120,17408,128,bfloat16,24,256x192,589.202,6,5
g128 N=17408,5120,17408,128,bfloat16,24,64x128,606.962,6,5
g128 N=17408,5120,17408,128,bfloat16,24,128x256,853.194,4,5
g128 N=17408,5120,17408,128,bfloat16,24,16x64,1227.276,3,5
g128 N=17408,5120,17408,128,bfloat16,24,16x128,2301.353,2,5
g128 N=17408,5120,17408,128,bfloat16,32,32x64x4,201.110,18,5
g128 N=17408,5120,17408,128,bfloat16,32,32x128x4,210.191,18,5
g128 N=17408,5120,17408,128,bfloat16,32,32x64x2,218.232,17,5
g128 N=17408,5120,17408,128,bfloat16,32,64x128x4,236.498,16,5
g128 N=17408,5120,17408,128,bfloat16,32,64x64x2,242.594,15,5
g128 N=17408,5120,17408,128,bfloat16,32,128x128x2,294.381,13,5
g128 N=17408,5120,17408,128,bfloat16,32,96x128x2,295.970,12,5
g128 N=17408,5120,17408,128,bfloat16,32,64x32,297.888,12,5
g128 N=17408,5120,17408,128,bfloat16,32,128x128x4,314.044,12,5
g128 N=17408,5120,17408,128,bfloat16,32,128x64x2,314.774,12,5
g128 N=17408,5120,17408,128,bfloat16,32,64x128x2,328.097,11,5
g128 N=17408,5120,17408,128,bfloat16,32,32x64,345.392,11,5
g128 N=17408,5120,17408,128,bfloat16,32,192x128x2,363.153,10,5
g128 N=17408,5120,17408,128,bfloat16,32,128x64,376.549,10,5
g128 N=17408,5120,17408,128,bfloat16,32,64x64,379.561,10,5
g128 N=17408,5120,17408,128,bfloat16,32,128x32,395.447,10,5
g128 N=17408,5120,17408,128,bfloat16,32,128x128,413.285,9,5
g128 N=17408,5120,17408,128,bfloat16,32,32x32,420.969,9,5
g128 N=17408,5120,17408,128,bfloat16,32,112x128,452.881,8,5
g128 N=17408,5120,17408,128,bfloat16,32,96x128,455.208,8,5
g128 N=17408,5120,17408,128,bfloat16,32,256x128,466.259,8,5
g128 N=17408,5120,17408,128,bfloat16,32,192x128,495.200,7,5
g128 N=17408,5120,17408,128,bfloat16,32,256x128x2,503.540,7,5
g128 N=17408,5120,17408,128,bfloat16,32,80x128,505.505,7,5
g128 N=17408,5120,17408,128,bfloat16,32,256x64,525.209,7,5
g128 N=17408,5120,17408,128,bfloat16,32,32x128,530.572,7,5
g128 N=17408,5120,17408,128,bfloat16,32,256x32,587.882,6,5
g128 N=17408,5120,17408,128,bfloat16,32,256x192,591.088,6,5
g128 N=17408,5120,17408,128,bfloat16,32,64x128,614.148,5,5
g128 N=17408,5120,17408,128,bfloat16,32,128x256,859.868,4,5
g128 N=17408,5120,17408,128,bfloat16,32,16x64,1268.706,2,5
g128 N=17408,5120,17408,128,bfloat16,32,16x128,2362.002,2,5
g128 N=17408,5120,17408,128,bfloat16,48,64x128x4,242.891,16,5
g128 N=17408,5120,17408,128,bfloat16,48,64x64x2,253.624,15,5
g128 N=17408,5120,17408,128,bfloat16,48,32x64x4,299.940,13,5
g128 N=17408,5120,17408,128,bfloat16,48,128x128x2,300.383,13,5
g128 N=17408,5120,17408,128,bfloat16,48,96x128x2,305.040,12,5
g128 N=17408,5120,17408,128,bfloat16,48,128x128x4,319.283,12,5
g128 N=17408,5120,17408,128,bfloat16,48,64x32,321.465,12,5
g128 N=17408,5120,17408,128,bfloat16,48,128x64x2,323.350,12,5
g128 N=17408,5120,17408,128,bfloat16,48,32x128x4,339.097,11,5
g128 N=17408,5120,17408,128,bfloat16,48,64x128x2,344.619,11,5
g128 N=17408,5120,17408,128,bfloat16,48,32x64x2,367.663,10,5
g128 N=17408,5120,17408,128,bfloat16,48,192x128x2,370.719,10,5
g128 N=17408,5120,17408,128,bfloat16,48,128x64,395.119,9,5
g128 N=17408,5120,17408,128,bfloat16,48,128x32,415.911,9,5
g128 N=17408,5120,17408,128,bfloat16,48,64x64,416.273,9,5
g128 N=17408,5120,17408,128,bfloat16,48,128x128,425.145,8,5
g128 N=17408,5120,17408,128,bfloat16,48,112x128,467.640,8,5
g128 N=17408,5120,17408,128,bfloat16,48,256x128,477.101,8,5
g128 N=17408,5120,17408,128,bfloat16,48,96x128,477.588,8,5
g128 N=17408,5120,17408,128,bfloat16,48,192x128,508.589,7,5
g128 N=17408,5120,17408,128,bfloat16,48,256x128x2,521.470,7,5
g128 N=17408,5120,17408,128,bfloat16,48,256x64,541.082,7,5
g128 N=17408,5120,17408,128,bfloat16,48,80x128,543.489,7,5
g128 N=17408,5120,17408,128,bfloat16,48,32x32,589.370,6,5
g128 N=17408,5120,17408,128,bfloat16,48,256x32,601.310,6,5
g128 N=17408,5120,17408,128,bfloat16,48,256x192,606.965,6,5
g128 N=17408,5120,17408,128,bfloat16,48,32x64,610.726,6,5
g128 N=17408,5120,17408,128,bfloat16,48,64x128,667.327,6,5
g128 N=17408,5120,17408,128,bfloat16,48,128x256,909.287,4,5
g128 N=17408,5120,17408,128,bfloat16,48,32x128,1200.556,3,5
g128 N=17408,5120,17408,128,bfloat16,48,16x64,1964.068,2,5
g128 N=17408,5120,17408,128,bfloat16,48,16x128,3500.257,2,5
g128 N=17408,5120,17408,128,bfloat16,63,64x128x4,250.064,15,5
g128 N=17408,5120,17408,128,bfloat16,63,64x64x2,265.413,14,5
g128 N=17408,5120,17408,128,bfloat16,63,128x128x2,306.830,13,5
g128 N=17408,5120,17408,128,bfloat16,63,32x64x4,308.361,13,5
g128 N=17408,5120,17408,128,bfloat16,63,96x128x2,318.046,12,5
g128 N=17408,5120,17408,128,bfloat16,63,128x128x4,326.789,12,5
g128 N=17408,5120,17408,128,bfloat16,63,128x64x2,330.149,12,5
g128 N=17408,5120,17408,128,bfloat16,63,64x32,345.897,11,5
g128 N=17408,5120,17408,128,bfloat16,63,32x128x4,348.265,11,5
g128 N=17408,5120,17408,128,bfloat16,63,64x128x2,361.865,10,5
g128 N=17408,5120,17408,128,bfloat16,63,192x128x2,378.858,10,5
g128 N=17408,5120,17408,128,bfloat16,63,32x64x2,384.417,10,5
g128 N=17408,5120,17408,128,bfloat16,63,128x64,417.141,9,5
g128 N=17408,5120,17408,128,bfloat16,63,128x128,438.010,8,5
g128 N=17408,5120,17408,128,bfloat16,63,128x32,439.298,9,5
g128 N=17408,5120,17408,128,bfloat16,63,64x64,460.166,8,5
g128 N=17408,5120,17408,128,bfloat16,63,112x128,475.724,8,5
g128 N=17408,5120,17408,128,bfloat16,63,256x128,487.050,8,5
g128 N=17408,5120,17408,128,bfloat16,63,96x128,498.373,8,5
g128 N=17408,5120,17408,128,bfloat16,63,192x128,528.986,7,5
g128 N=17408,5120,17408,128,bfloat16,63,256x128x2,536.509,7,5
g128 N=17408,5120,17408,128,bfloat16,63,256x64,558.932,7,5
g128 N=17408,5120,17408,128,bfloat16,63,80x128,585.068,6,5
g128 N=17408,5120,17408,128,bfloat16,63,256x32,614.319,6,5
g128 N=17408,5120,17408,128,bfloat16,63,256x192,624.604,6,5
g128 N=17408,5120,17408,128,bfloat16,63,32x32,636.672,6,5
g128 N=17408,5120,17408,128,bfloat16,63,32x64,640.776,6,5
g128 N=17408,5120,17408,128,bfloat16,63,64x128,709.148,5,5
g128 N=17408,5120,17408,128,bfloat16,63,128x256,1081.181,3,5
g128 N=17408,5120,17408,128,bfloat16,63,32x128,1269.682,2,5
g128 N=17408,5120,17408,128,bfloat16,63,16x64,3004.463,2,5
g128 N=17408,5120,17408,128,bfloat16,63,16x128,3852.339,2,5
g128 N=17408,5120,17408,128,bfloat16,64,64x128x4,250.496,16,5
g128 N=17408,5120,17408,128,bfloat16,64,64x64x2,266.692,14,5
g128 N=17408,5120,17408,128,bfloat16,64,128x128x2,306.811,13,5
g128 N=17408,5120,17408,128,bfloat16,64,32x64x4,307.967,13,5
g128 N=17408,5120,17408,128,bfloat16,64,96x128x2,317.869,12,5
g128 N=17408,5120,17408,128,bfloat16,64,128x128x4,326.149,12,5
g128 N=17408,5120,17408,128,bfloat16,64,128x64x2,331.555,12,5
g128 N=17408,5120,17408,128,bfloat16,64,64x32,346.356,11,5
g128 N=17408,5120,17408,128,bfloat16,64,32x128x4,348.417,11,5
g128 N=17408,5120,17408,128,bfloat16,64,64x128x2,361.047,11,5
g128 N=17408,5120,17408,128,bfloat16,64,192x128x2,379.520,10,5
g128 N=17408,5120,17408,128,bfloat16,64,32x64x2,385.981,10,5
g128 N=17408,5120,17408,128,bfloat16,64,128x64,419.625,9,5
g128 N=17408,5120,17408,128,bfloat16,64,128x128,435.257,8,5
g128 N=17408,5120,17408,128,bfloat16,64,128x32,439.277,9,5
g128 N=17408,5120,17408,128,bfloat16,64,64x64,459.589,8,5
g128 N=17408,5120,17408,128,bfloat16,64,112x128,479.733,8,5
g128 N=17408,5120,17408,128,bfloat16,64,256x128,488.526,8,5
g128 N=17408,5120,17408,128,bfloat16,64,96x128,499.907,7,5
g128 N=17408,5120,17408,128,bfloat16,64,192x128,529.725,7,5
g128 N=17408,5120,17408,128,bfloat16,64,256x128x2,536.738,7,5
g128 N=17408,5120,17408,128,bfloat16,64,256x64,558.969,6,5
g128 N=17408,5120,17408,128,bfloat16,64,80x128,588.438,6,5
g128 N=17408,5120,17408,128,bfloat16,64,256x32,616.314,6,5
g128 N=17408,5120,17408,128,bfloat16,64,256x192,624.844,6,5
g128 N=17408,5120,17408,128,bfloat16,64,32x64,655.217,6,5
g128 N=17408,5120,17408,128,bfloat16,64,32x32,658.977,6,5
g128 N=17408,5120,17408,128,bfloat16,64,64x128,742.369,5,5
g128 N=17408,5120,17408,128,bfloat16,64,128x256,1143.542,3,5
g128 N=17408,5120,17408,128,bfloat16,64,32x128,1257.290,2,5
g128 N=17408,5120,17408,128,bfloat16,64,16x64,3003.355,2,5
g128 N=17408,5120,17408,128,bfloat16,64,16x128,3831.294,2,5
g128 N=17408,5120,17408,128,bfloat16,96,128x128x2,322.723,12,5
g128 N=17408,5120,17408,128,bfloat16,96,96x128x2,334.608,11,5
g128 N=17408,5120,17408,128,bfloat16,96,128x128x4,342.790,11,5
g128 N=17408,5120,17408,128,bfloat16,96,128x64x2,343.188,11,5
g128 N=17408,5120,17408,128,bfloat16,96,64x128x4,395.327,10,5
g128 N=17408,5120,17408,128,bfloat16,96,192x128x2,395.566,9,5
g128 N=17408,5120,17408,128,bfloat16,96,32x64x4,427.276,9,5
g128 N=17408,5120,17408,128,bfloat16,96,64x64x2,428.111,9,5
g128 N=17408,5120,17408,128,bfloat16,96,128x128,446.464,8,5
g128 N=17408,5120,17408,128,bfloat16,96,128x64,474.996,8,5
g128 N=17408,5120,17408,128,bfloat16,96,32x128x4,488.173,8,5
g128 N=17408,5120,17408,128,bfloat16,96,64x128x2,495.548,7,5
g128 N=17408,5120,17408,128,bfloat16,96,128x32,500.853,7,5
g128 N=17408,5120,17408,128,bfloat16,96,112x128,500.876,7,5
g128 N=17408,5120,17408,128,bfloat16,96,256x128,508.864,7,5
g128 N=17408,5120,17408,128,bfloat16,96,96x128,540.571,7,5
g128 N=17408,5120,17408,128,bfloat16,96,192x128,559.481,7,5
g128 N=17408,5120,17408,128,bfloat16,96,32x64x2,585.276,6,5
g128 N=17408,5120,17408,128,bfloat16,96,256x128x2,586.647,6,5
g128 N=17408,5120,17408,128,bfloat16,96,256x64,593.708,6,5
g128 N=17408,5120,17408,128,bfloat16,96,64x32,621.269,6,5
g128 N=17408,5120,17408,128,bfloat16,96,64x64,629.944,6,5
g128 N=17408,5120,17408,128,bfloat16,96,256x32,648.445,6,5
g128 N=17408,5120,17408,128,bfloat16,96,256x192,665.301,5,5
g128 N=17408,5120,17408,128,bfloat16,96,80x128,788.613,5,5
g128 N=17408,5120,17408,128,bfloat16,96,32x32,862.476,4,5
g128 N=17408,5120,17408,128,bfloat16,96,64x128,899.317,4,5
g128 N=17408,5120,17408,128,bfloat16,96,32x64,956.124,4,5
g128 N=17408,5120,17408,128,bfloat16,96,128x256,1368.767,2,5
g128 N=17408,5120,17408,128,bfloat16,96,32x128,1980.620,2,5
g128 N=17408,5120,17408,128,bfloat16,96,16x64,3744.405,2,5
g128 N=17408,5120,17408,128,bfloat16,96,16x128,6783.173,2,5
g128 N=17408,5120,17408,128,bfloat16,128,128x128x2,333.528,11,5
g128 N=17408,5120,17408,128,bfloat16,128,128x128x4,357.195,10,5
g128 N=17408,5120,17408,128,bfloat16,128,128x64x2,362.716,10,5
g128 N=17408,5120,17408,128,bfloat16,128,64x128x4,405.058,9,5
g128 N=17408,5120,17408,128,bfloat16,128,192x128x2,415.481,9,5
g128 N=17408,5120,17408,128,bfloat16,128,64x64x2,438.979,8,5
g128 N=17408,5120,17408,128,bfloat16,128,96x128x2,483.789,8,5
g128 N=17408,5120,17408,128,bfloat16,128,128x128,494.230,7,5
g128 N=17408,5120,17408,128,bfloat16,128,256x128,530.027,7,5
g128 N=17408,5120,17408,128,bfloat16,128,64x128x2,540.794,7,5
g128 N=17408,5120,17408,128,bfloat16,128,128x64,548.627,7,5
g128 N=17408,5120,17408,128,bfloat16,128,32x64x4,552.002,7,5
g128 N=17408,5120,17408,128,bfloat16,128,128x32,577.790,6,5
g128 N=17408,5120,17408,128,bfloat16,128,192x128,608.011,6,5
g128 N=17408,5120,17408,128,bfloat16,128,256x128x2,613.683,6,5
g128 N=17408,5120,17408,128,bfloat16,128,256x64,629.148,6,5
g128 N=17408,5120,17408,128,bfloat16,128,32x128x4,641.624,6,5
g128 N=17408,5120,17408,128,bfloat16,128,64x32,673.347,5,5
g128 N=17408,5120,17408,128,bfloat16,128,256x32,681.851,5,5
g128 N=17408,5120,17408,128,bfloat16,128,256x192,693.613,5,5
g128 N=17408,5120,17408,128,bfloat16,128,64x64,706.936,5,5
g128 N=17408,5120,17408,128,bfloat16,128,112x128,733.668,5,5
g128 N=17408,5120,17408,128,bfloat16,128,32x64x2,738.719,5,5
g128 N=17408,5120,17408,128,bfloat16,128,96x128,740.428,5,5
g128 N=17408,5120,17408,128,bfloat16,128,80x128,814.136,4,5
g128 N=17408,5120,17408,128,bfloat16,128,32x32,1249.218,3,5
g128 N=17408,5120,17408,128,bfloat16,128,64x128,1338.435,2,5
g128 N=17408,5120,17408,128,bfloat16,128,32x64,1421.580,2,5
g128 N=17408,5120,17408,128,bfloat16,128,128x256,1479.105,2,5
g128 N=17408,5120,17408,128,bfloat16,128,32x128,3016.875,2,5
g128 N=17408,5120,17408,128,bfloat16,128,16x64,5158.062,2,5
g128 N=17408,5120,17408,128,bfloat16,128,16x128,8319.199,2,5
g128 N=17408,5120,17408,128,bfloat16,192,192x128x2,450.384,8,5
g128 N=17408,5120,17408,128,bfloat16,192,96x128x2,515.586,7,5
g128 N=17408,5120,17408,128,bfloat16,192,128x128x2,559.831,7,5
g128 N=17408,5120,17408,128,bfloat16,192,64x128x4,568.212,6,5
g128 N=17408,5120,17408,128,bfloat16,192,256x128,582.328,6,5
g128 N=17408,5120,17408,128,bfloat16,192,128x128x4,604.477,6,5
g128 N=17408,5120,17408,128,bfloat16,192,128x64x2,643.700,6,5
g128 N=17408,5120,17408,128,bfloat16,192,64x64x2,645.516,5,5
g128 N=17408,5120,17408,128,bfloat16,192,256x128x2,667.753,5,5
g128 N=17408,5120,17408,128,bfloat16,192,192x128,696.848,5,5
g128 N=17408,5120,17408,128,bfloat16,192,64x128x2,709.621,5,5
g128 N=17408,5120,17408,128,bfloat16,192,128x128,711.441,5,5
g128 N=17408,5120,17408,128,bfloat16,192,256x64,732.713,5,5
g128 N=17408,5120,17408,128,bfloat16,192,256x192,751.208,5,5
g128 N=17408,5120,17408,128,bfloat16,192,256x32,752.368,5,5
g128 N=17408,5120,17408,128,bfloat16,192,112x128,759.100,5,5
g128 N=17408,5120,17408,128,bfloat16,192,128x64,791.783,4,5
g128 N=17408,5120,17408,128,bfloat16,192,32x64x4,798.683,4,5
g128 N=17408,5120,17408,128,bfloat16,192,96x128,829.124,4,5
g128 N=17408,5120,17408,128,bfloat16,192,64x64,898.125,4,5
g128 N=17408,5120,17408,128,bfloat16,192,32x128x4,940.879,4,5
g128 N=17408,5120,17408,128,bfloat16,192,128x32,950.742,4,5
g128 N=17408,5120,17408,128,bfloat16,192,64x32,954.340,4,5
g128 N=17408,5120,17408,128,bfloat16,192,32x64x2,1227.935,3,5
g128 N=17408,5120,17408,128,bfloat16,192,80x128,1251.677,3,5
g128 N=17408,5120,17408,128,bfloat16,192,128x256,1552.234,2,5
g128 N=17408,5120,17408,128,bfloat16,192,32x32,1708.220,2,5
g128 N=17408,5120,17408,128,bfloat16,192,64x128,1718.180,2,5
g128 N=17408,5120,17408,128,bfloat16,192,32x64,2013.221,2,5
g128 N=17408,5120,17408,128,bfloat16,192,32x128,4538.585,2,5
g128 N=17408,5120,17408,128,bfloat16,192,16x64,5972.201,2,5
g128 N=17408,5120,17408,128,bfloat16,192,16x128,10635.027,2,5
g128 N=17408,5120,17408,128,bfloat16,256,128x128x2,588.514,7,5
g128 N=17408,5120,17408,128,bfloat16,256,128x128x4,631.076,6,5
g128 N=17408,5120,17408,128,bfloat16,256,256x128,636.930,6,5
g128 N=17408,5120,17408,128,bfloat16,256,128x64x2,666.159,6,5
g128 N=17408,5120,17408,128,bfloat16,256,96x128x2,688.963,5,5
g128 N=17408,5120,17408,128,bfloat16,256,192x128x2,711.253,5,5
g128 N=17408,5120,17408,128,bfloat16,256,256x128x2,717.959,5,5
g128 N=17408,5120,17408,128,bfloat16,256,64x128x4,736.985,5,5
g128 N=17408,5120,17408,128,bfloat16,256,128x128,770.317,4,5
g128 N=17408,5120,17408,128,bfloat16,256,256x192,812.890,4,5
g128 N=17408,5120,17408,128,bfloat16,256,64x64x2,832.370,4,5
g128 N=17408,5120,17408,128,bfloat16,256,256x64,839.258,4,5
g128 N=17408,5120,17408,128,bfloat16,256,256x32,842.622,4,5
g128 N=17408,5120,17408,128,bfloat16,256,64x128x2,911.155,4,5
g128 N=17408,5120,17408,128,bfloat16,256,128x64,915.045,4,5
g128 N=17408,5120,17408,128,bfloat16,256,128x32,1002.314,4,5
g128 N=17408,5120,17408,128,bfloat16,256,192x128,1010.196,4,5
g128 N=17408,5120,17408,128,bfloat16,256,32x64x4,1064.172,3,5
g128 N=17408,5120,17408,128,bfloat16,256,96x128,1092.101,3,5
g128 N=17408,5120,17408,128,bfloat16,256,112x128,1415.444,2,5
g128 N=17408,5120,17408,128,bfloat16,256,64x64,1429.948,2,5
g128 N=17408,5120,17408,128,bfloat16,256,32x128x4,1441.239,3,5
g128 N=17408,5120,17408,128,bfloat16,256,64x32,1492.041,2,5
g128 N=17408,5120,17408,128,bfloat16,256,80x128,1615.943,2,5
g128 N=17408,5120,17408,128,bfloat16,256,32x64x2,1648.223,2,5
g128 N=17408,5120,17408,128,bfloat16,256,128x256,2224.208,2,5
g128 N=17408,5120,17408,128,bfloat16,256,32x32,2294.129,2,5
g128 N=17408,5120,17408,128,bfloat16,256,32x64,2774.467,2,5
g128 N=17408,5120,17408,128,bfloat16,256,64x128,3080.092,2,5
g128 N=17408,5120,17408,128,bfloat16,256,32x128,5568.111,2,5
g128 N=17408,5120,17408,128,bfloat16,256,16x64,9122.934,2,5
g128 N=17408,5120,17408,128,bfloat16,256,16x128,12859.392,2,5
g128 N=17408,5120,17408,128,bfloat16,512,192x128x2,1112.928,3,5
g128 N=17408,5120,17408,128,bfloat16,512,128x128x4,1262.831,3,5
g128 N=17408,5120,17408,128,bfloat16,512,128x128x2,1290.992,3,5
g128 N=17408,5120,17408,128,bfloat16,512,256x128,1309.053,3,5
g128 N=17408,5120,17408,128,bfloat16,512,128x64x2,1430.072,2,5
g128 N=17408,5120,17408,128,bfloat16,512,256x128x2,1495.821,2,5
g128 N=17408,5120,17408,128,bfloat16,512,96x128x2,1536.226,2,5
g128 N=17408,5120,17408,128,bfloat16,512,64x128x4,1560.682,2,5
g128 N=17408,5120,17408,128,bfloat16,512,256x64,1677.636,2,5
g128 N=17408,5120,17408,128,bfloat16,512,192x128,1697.848,2,5
g128 N=17408,5120,17408,128,bfloat16,512,128x128,1710.876,2,5
g128 N=17408,5120,17408,128,bfloat16,512,128x64,1787.374,2,5
g128 N=17408,5120,17408,128,bfloat16,512,256x32,1841.214,2,5
g128 N=17408,5120,17408,128,bfloat16,512,64x64x2,1845.234,2,5
g128 N=17408,5120,17408,128,bfloat16,512,256x192,1849.906,2,5
g128 N=17408,5120,17408,128,bfloat16,512,64x128x2,1895.755,2,5
g128 N=17408,5120,17408,128,bfloat16,512,96x128,2080.770,2,5
g128 N=17408,5120,17408,128,bfloat16,512,128x32,2167.855,2,5
g128 N=17408,5120,17408,128,bfloat16,512,112x128,2169.175,2,5
g128 N=17408,5120,17408,128,bfloat16,512,32x64x4,2261.776,2,5
g128 N=17408,5120,17408,128,bfloat16,512,80x128,2441.767,2,5
g128 N=17408,5120,17408,128,bfloat16,512,64x64,2461.359,2,5
g128 N=17408,5120,17408,128,bfloat16,512,32x128x4,2570.505,2,5
g128 N=17408,5120,17408,128,bfloat16,512,64x32,2637.522,2,5
g128 N=17408,5120,17408,128,bfloat16,512,32x64x2,2932.134,2,5
g128 N=17408,5120,17408,128,bfloat16,512,128x256,2984.703,2,5
g128 N=17408,5120,17408,128,bfloat16,512,32x32,4020.353,2,5
g128 N=17408,5120,17408,128,bfloat16,512,32x64,4884.310,2,5
g128 N=17408,5120,17408,128,bfloat16,512,64x128,5343.832,2,5
g128 N=17408,5120,17408,128,bfloat16,512,32x128,10332.832,2,5
g128 N=17408,5120,17408,128,bfloat16,512,16x64,23966.809,2,5
g128 N=17408,5120,17408,128,bfloat16,512,16x128,27239.468,2,5
g128 N=17408,5120,17408,128,bfloat16,1024,256x128,2166.631,2,5
g128 N=17408,5120,17408,128,bfloat16,1024,192x128x2,2291.813,2,5
g128 N=17408,5120,17408,128,bfloat16,1024,128x128x2,2351.142,2,5
g128 N=17408,5120,17408,128,bfloat16,1024,128x128x4,2475.051,2,5
g128 N=17408,5120,17408,128,bfloat16,1024,256x128x2,2547.140,2,5
g128 N=17408,5120,17408,128,bfloat16,1024,96x128x2,2629.786,2,5
g128 N=17408,5120,17408,128,bfloat16,1024,128x64x2,2637.402,2,5
g128 N=17408,5120,17408,128,bfloat16,1024,256x64,2950.798,2,5
g128 N=17408,5120,17408,128,bfloat16,1024,192x128,2979.942,2,5
g128 N=17408,5120,17408,128,bfloat16,1024,64x128x4,3064.920,2,5
g128 N=17408,5120,17408,128,bfloat16,1024,128x128,3131.253,2,5
g128 N=17408,5120,17408,128,bfloat16,1024,128x64,3268.903,2,5
g128 N=17408,5120,17408,128,bfloat16,1024,256x192,3396.136,2,5
g128 N=17408,5120,17408,128,bfloat16,1024,256x32,3402.641,2,5
g128 N=17408,5120,17408,128,bfloat16,1024,64x64x2,3437.773,2,5
g128 N=17408,5120,17408,128,bfloat16,1024,64x128x2,3463.953,2,5
g128 N=17408,5120,17408,128,bfloat16,1024,96x128,3508.654,2,5
g128 N=17408,5120,17408,128,bfloat16,1024,112x128,3749.781,2,5
g128 N=17408,5120,17408,128,bfloat16,1024,128x32,3995.881,2,5
g128 N=17408,5120,17408,128,bfloat16,1024,80x128,4248.796,2,5
g128 N=17408,5120,17408,128,bfloat16,1024,32x64x4,4384.674,2,5
g128 N=17408,5120,17408,128,bfloat16,1024,64x64,4534.585,2,5
g128 N=17408,5120,17408,128,bfloat16,1024,128x256,4780.064,2,5
g128 N=17408,5120,17408,128,bfloat16,1024,32x128x4,4885.905,2,5
g128 N=17408,5120,17408,128,bfloat16,1024,64x32,4975.599,2,5
g128 N=17408,5120,17408,128,bfloat16,1024,32x64x2,5683.737,2,5
g128 N=17408,5120,17408,128,bfloat16,1024,32x32,7785.043,2,5
g128 N=17408,5120,17408,128,bfloat16,1024,64x128,9194.159,2,5
g128 N=17408,5120,17408,128,bfloat16,1024,32x64,9406.351,2,5
g128 N=17408,5120,17408,128,bfloat16,1024,32x128,20095.815,2,5
g128 N=17408,5120,17408,128,bfloat16,1024,16x64,23223.755,2,5
g128 N=17408,5120,17408,128,bfloat16,1024,16x128,44028.564,2,5
g128 N=17408,5120,17408,128,bfloat16,2048,192x128x2,4150.643,2,5
g128 N=17408,5120,17408,128,bfloat16,2048,256x128,4174.816,2,5
g128 N=17408,5120,17408,128,bfloat16,2048,128x128x2,4494.828,2,5
g128 N=17408,5120,17408,128,bfloat16,2048,256x128x2,4842.757,2,5
g128 N=17408,5120,17408,128,bfloat16,2048,128x128x4,4855.297,2,5
g128 N=17408,5120,17408,128,bfloat16,2048,96x128x2,5025.668,2,5
g128 N=17408,5120,17408,128,bfloat16,2048,192x128,5225.366,2,5
g128 N=17408,5120,17408,128,bfloat16,2048,128x64x2,5335.308,2,5
g128 N=17408,5120,17408,128,bfloat16,2048,256x64,5699.193,2,5
g128 N=17408,5120,17408,128,bfloat16,2048,128x128,5827.515,2,5
g128 N=17408,5120,17408,128,bfloat16,2048,64x128x4,6097.391,2,5
g128 N=17408,5120,17408,128,bfloat16,2048,128x64,6290.382,2,5
g128 N=17408,5120,17408,128,bfloat16,2048,256x192,6292.641,2,5
g128 N=17408,5120,17408,128,bfloat16,2048,64x64x2,6787.897,2,5
g128 N=17408,5120,17408,128,bfloat16,2048,96x128,6788.845,2,5
g128 N=17408,5120,17408,128,bfloat16,2048,256x32,6801.028,2,5
g128 N=17408,5120,17408,128,bfloat16,2048,64x128x2,6882.974,2,5
g128 N=17408,5120,17408,128,bfloat16,2048,112x128,6977.574,2,5
g128 N=17408,5120,17408,128,bfloat16,2048,128x32,8040.602,2,5
g128 N=17408,5120,17408,128,bfloat16,2048,80x128,8222.169,2,5
g128 N=17408,5120,17408,128,bfloat16,2048,32x64x4,8681.932,2,5
g128 N=17408,5120,17408,128,bfloat16,2048,128x256,8890.502,2,5
g128 N=17408,5120,17408,128,bfloat16,2048,64x64,9240.400,2,5
g128 N=17408,5120,17408,128,bfloat16,2048,32x128x4,9719.459,2,5
g128 N=17408,5120,17408,128,bfloat16,2048,64x32,9929.670,2,5
g128 N=17408,5120,17408,128,bfloat16,2048,32x64x2,11114.098,2,5
g128 N=17408,5120,17408,128,bfloat16,2048,32x32,15803.741,2,5
g128 N=17408,5120,17408,128,bfloat16,2048,64x128,16902.484,2,5
g128 N=17408,5120,17408,128,bfloat16,2048,32x64,18467.400,2,5
g128 N=17408,5120,17408,128,bfloat16,2048,32x128,38979.147,2,5
g128 N=17408,5120,17408,128,bfloat16,2048,16x64,63963.025,2,5
g128 N=17408,5120,17408,128,bfloat16,2048,16x128,105544.690,2,5
g128 lm_head,2816,131072,128,float16,1,32x64x4,476.271,20,2
g128 lm_head,2816,131072,128,float16,1,32x128x4,584.322,16,2
g128 lm_head,2816,131072,128,float16,1,64x128x4,639.262,16,2
g128 lm_head,2816,131072,128,float16,1,32x64x2,641.640,15,2
g128 lm_head,2816,131072,128,float16,1,64x64x2,688.306,14,2
g128 lm_head,2816,131072,128,float16,1,64x128x2,747.586,13,2
g128 lm_head,2816,131072,128,float16,1,96x128x2,760.738,13,2
g128 lm_head,2816,131072,128,float16,1,32x32,844.237,11,2
g128 lm_head,2816,131072,128,float16,1,128x128x2,875.454,11,2
g128 lm_head,2816,131072,128,float16,1,64x64,903.937,11,2
g128 lm_head,2816,131072,128,float16,1,64x32,909.967,10,2
g128 lm_head,2816,131072,128,float16,1,128x128x4,1001.178,10,2
g128 lm_head,2816,131072,128,float16,1,128x64x2,1033.473,10,2
g128 lm_head,2816,131072,128,float16,1,96x128,1292.941,8,2
g128 lm_head,2816,131072,128,float16,1,32x64,1306.939,8,2
g128 lm_head,2816,131072,128,float16,1,128x64,1319.879,7,2
g128 lm_head,2816,131072,128,float16,1,128x128,1320.284,7,2
g128 lm_head,2816,131072,128,float16,1,192x128x2,1329.193,7,2
g128 lm_head,2816,131072,128,float16,1,80x128,1343.288,7,2
g128 lm_head,2816,131072,128,float16,1,64x128,1395.911,7,2
g128 lm_head,2816,131072,128,float16,1,112x128,1445.489,7,2
g128 lm_head,2816,131072,128,float16,1,128x32,1553.295,6,2
g128 lm_head,2816,131072,128,float16,1,256x128,1636.710,6,2
g128 lm_head,2816,131072,128,float16,1,16x64,1639.951,5,2
g128 lm_head,2816,131072,128,float16,1,192x128,1704.598,6,2
g128 lm_head,2816,131072,128,float16,1,256x128x2,1849.490,5,2
g128 lm_head,2816,131072,128,float16,1,32x128,1954.756,5,2
g128 lm_head,2816,131072,128,float16,1,256x64,2053.524,4,2
g128 lm_head,2816,131072,128,float16,1,128x256,2196.926,4,2
g128 lm_head,2816,131072,128,float16,1,256x32,2358.869,4,2
g128 lm_head,2816,131072,128,float16,1,256x192,2421.434,4,2
g128 lm_head,2816,131072,128,float16,1,16x128,3017.743,3,2
g128 lm_head,2816,131072,128,float16,8,32x64x4,489.163,20,2
g128 lm_head,2816,131072,128,float16,8,32x128x4,598.325,16,2
g128 lm_head,2816,131072,128,float16,8,64x128x4,653.295,15,2
g128 lm_head,2816,131072,128,float16,8,32x64x2,663.878,14,2
g128 lm_head,2816,131072,128,float16,8,64x64x2,707.083,14,2
g128 lm_head,2816,131072,128,float16,8,64x128x2,766.374,12,2
g128 lm_head,2816,131072,128,float16,8,96x128x2,777.579,12,2
g128 lm_head,2816,131072,128,float16,8,128x128x2,890.118,11,2
g128 lm_head,2816,131072,128,float16,8,32x32,898.353,10,2
g128 lm_head,2816,131072,128,float16,8,64x64,937.183,10,2
g128 lm_head,2816,131072,128,float16,8,64x32,944.604,10,2
g128 lm_head,2816,131072,128,float16,8,128x128x4,1015.052,9,2
g128 lm_head,2816,131072,128,float16,8,128x64x2,1045.508,9,2
g128 lm_head,2816,131072,128,float16,8,96x128,1299.627,7,2
g128 lm_head,2816,131072,128,float16,8,32x64,1347.031,7,2
g128 lm_head,2816,131072,128,float16,8,192x128x2,1349.011,7,2
g128 lm_head,2816,131072,128,float16,8,128x64,1349.016,7,2
g128 lm_head,2816,131072,128,float16,8,128x128,1352.739,7,2
g128 lm_head,2816,131072,128,float16,8,80x128,1386.163,7,2
g128 lm_head,2816,131072,128,float16,8,64x128,1438.861,7,2
g128 lm_head,2816,131072,128,float16,8,112x128,1519.888,6,2
g128 lm_head,2816,131072,128,float16,8,128x32,1552.359,6,2
g128 lm_head,2816,131072,128,float16,8,256x128,1700.908,6,2
g128 lm_head,2816,131072,128,float16,8,192x128,1741.365,5,2
g128 lm_head,2816,131072,128,float16,8,16x64,1801.222,5,2
g128 lm_head,2816,131072,128,float16,8,256x128x2,1932.420,5,2
g128 lm_head,2816,131072,128,float16,8,32x128,2026.929,5,2
g128 lm_head,2816,131072,128,float16,8,256x64,2096.710,4,2
g128 lm_head,2816,131072,128,float16,8,128x256,2248.057,4,2
g128 lm_head,2816,131072,128,float16,8,256x32,2381.894,4,2
g128 lm_head,2816,131072,128,float16,8,256x192,2438.800,4,2
g128 lm_head,2816,131072,128,float16,8,16x128,3093.397,3,2
g128 lm_head,2816,131072,128,float16,17,32x64x4,511.497,20,2
g128 lm_head,2816,131072,128,float16,17,32x128x4,613.154,15,2
g128 lm_head,2816,131072,128,float16,17,64x128x4,665.479,15,2
g128 lm_head,2816,131072,128,float16,17,32x64x2,694.018,14,2
g128 lm_head,2816,131072,128,float16,17,64x64x2,727.508,14,2
g128 lm_head,2816,131072,128,float16,17,64x128x2,785.953,12,2
g128 lm_head,2816,131072,128,float16,17,96x128x2,790.895,12,2
g128 lm_head,2816,131072,128,float16,17,128x128x2,902.937,11,2
g128 lm_head,2816,131072,128,float16,17,64x64,978.624,10,2
g128 lm_head,2816,131072,128,float16,17,32x32,987.938,9,2
g128 lm_head,2816,131072,128,float16,17,64x32,1001.339,9,2
g128 lm_head,2816,131072,128,float16,17,128x128x4,1023.457,9,2
g128 lm_head,2816,131072,128,float16,17,128x64x2,1069.213,9,2
g128 lm_head,2816,131072,128,float16,17,96x128,1335.165,7,2
g128 lm_head,2816,131072,128,float16,17,128x64,1347.211,7,2
g128 lm_head,2816,131072,128,float16,17,192x128x2,1361.765,7,2
g128 lm_head,2816,131072,128,float16,17,128x128,1381.651,7,2
g128 lm_head,2816,131072,128,float16,17,80x128,1405.049,7,2
g128 lm_head,2816,131072,128,float16,17,32x64,1411.674,7,2
g128 lm_head,2816,131072,128,float16,17,64x128,1511.530,7,2
g128 lm_head,2816,131072,128,float16,17,112x128,1534.589,6,2
g128 lm_head,2816,131072,128,float16,17,128x32,1643.603,6,2
g128 lm_head,2816,131072,128,float16,17,256x128,1716.894,6,2
g128 lm_head,2816,131072,128,float16,17,192x128,1717.964,6,2
g128 lm_head,2816,131072,128,float16,17,256x128x2,1937.900,5,2
g128 lm_head,2816,131072,128,float16,17,32x128,2080.870,5,2
g128 lm_head,2816,131072,128,float16,17,256x64,2146.250,4,2
g128 lm_head,2816,131072,128,float16,17,128x256,2262.787,4,2
g128 lm_head,2816,131072,128,float16,17,256x32,2430.865,4,2
g128 lm_head,2816,131072,128,float16,17,256x192,2469.415,4,2
g128 lm_head,2816,131072,128,float16,17,16x64,3129.031,3,2
g128 lm_head,2816,131072,128,float16,17,16x128,6013.976,2,2
g128 lm_head,2816,131072,128,float16,24,32x64x4,522.053,20,2
g128 lm_head,2816,131072,128,float16,24,32x128x4,623.170,15,2
g128 lm_head,2816,131072,128,float16,24,64x128x4,674.311,15,2
g128 lm_head,2816,131072,128,float16,24,32x64x2,711.821,13,2
g128 lm_head,2816,131072,128,float16,24,64x64x2,737.283,14,2
g128 lm_head,2816,131072,128,float16,24,64x128x2,793.073,12,2
g128 lm_head,2816,131072,128,float16,24,96x128x2,795.945,12,2
g128 lm_head,2816,131072,128,float16,24,128x128x2,909.462,11,2
g128 lm_head,2816,131072,128,float16,24,64x64,1003.323,9,2
g128 lm_head,2816,131072,128,float16,24,128x128x4,1032.950,9,2
g128 lm_head,2816,131072,128,float16,24,64x32,1042.435,8,2
g128 lm_head,2816,131072,128,float16,24,128x64x2,1139.045,9,2
g128 lm_head,2816,131072,128,float16,24,32x32,1272.861,8,2
g128 lm_head,2816,131072,128,float16,24,96x128,1351.974,7,2
g128 lm_head,2816,131072,128,float16,24,192x128x2,1360.728,7,2
g128 lm_head,2816,131072,128,float16,24,128x128,1381.997,7,2
g128 lm_head,2816,131072,128,float16,24,128x64,1396.826,7,2
g128 lm_head,2816,131072,128,float16,24,80x128,1423.040,7,2
g128 lm_head,2816,131072,128,float16,24,32x64,1506.542,6,2
g128 lm_head,2816,131072,128,float16,24,64x128,1522.312,6,2
g128 lm_head,2816,131072,128,float16,24,112x128,1548.879,6,2
g128 lm_head,2816,131072,128,float16,24,128x32,1649.850,6,2
g128 lm_head,2816,131072,128,float16,24,256x128,1725.065,6,2
g128 lm_head,2816,131072,128,float16,24,192x128,1770.093,5,2
g128 lm_head,2816,131072,128,float16,24,256x128x2,1944.228,5,2
g128 lm_head,2816,131072,128,float16,24,32x128,2099.845,4,2
g128 lm_head,2816,131072,128,float16,24,256x64,2150.765,4,2
g128 lm_head,2816,131072,128,float16,24,128x256,2281.238,4,2
g128 lm_head,2816,131072,128,float16,24,256x32,2456.500,4,2
g128 lm_head,2816,131072,128,float16,24,256x192,2502.575,4,2
g128 lm_head,2816,131072,128,float16,24,16x64,3272.940,3,2
g128 lm_head,2816,131072,128,float16,24,16x128,7599.728,2,2
g128 lm_head,2816,131072,128,float16,32,32x64x4,538.749,19,2
g128 lm_head,2816,131072,128,float16,32,32x128x4,636.828,15,2
g128 lm_head,2816,131072,128,float16,32,64x128x4,685.255,15,2
g128 lm_head,2816,131072,128,float16,32,32x64x2,743.217,13,2
g128 lm_head,2816,131072,128,float16,32,64x64x2,750.032,13,2
g128 lm_head,2816,131072,128,float16,32,96x128x2,803.268,12,2
g128 lm_head,2816,131072,128,float16,32,64x128x2,805.030,12,2
g128 lm_head,2816,131072,128,float16,32,128x128x2,923.257,11,2
g128 lm_head,2816,131072,128,float16,32,128x128x4,1049.384,9,2
g128 lm_head,2816,131072,128,float16,32,128x64x2,1204.559,9,2
g128 lm_head,2816,131072,128,float16,32,64x64,1255.778,8,2
g128 lm_head,2816,131072,128,float16,32,64x32,1273.211,8,2
g128 lm_head,2816,131072,128,float16,32,32x32,1366.642,7,2
g128 lm_head,2816,131072,128,float16,32,192x128x2,1379.723,7,2
g128 lm_head,2816,131072,128,float16,32,96x128,1385.848,7,2
g128 lm_head,2816,131072,128,float16,32,128x128,1408.871,7,2
g128 lm_head,2816,131072,128,float16,32,128x64,1416.306,7,2
g128 lm_head,2816,131072,128,float16,32,80x128,1475.567,7,2
g128 lm_head,2816,131072,128,float16,32,64x128,1554.652,6,2
g128 lm_head,2816,131072,128,float16,32,112x128,1572.922,6,2
g128 lm_head,2816,131072,128,float16,32,32x64,1598.243,6,2
g128 lm_head,2816,131072,128,float16,32,128x32,1685.577,6,2
g128 lm_head,2816,131072,128,float16,32,256x128,1737.658,6,2
g128 lm_head,2816,131072,128,float16,32,192x128,1796.242,5,2
g128 lm_head,2816,131072,128,float16,32,256x128x2,1951.864,5,2
g128 lm_head,2816,131072,128,float16,32,32x128,2139.355,4,2
g128 lm_head,2816,131072,128,float16,32,256x64,2164.516,4,2
g128 lm_head,2816,131072,128,float16,32,128x256,2292.798,4,2
g128 lm_head,2816,131072,128,float16,32,256x32,2487.675,4,2
g128 lm_head,2816,131072,128,float16,32,256x192,2508.141,4,2
g128 lm_head,2816,131072,128,float16,32,16x64,3477.609,2,2
g128 lm_head,2816,131072,128,float16,32,16x128,7776.171,2,2
g128 lm_head,2816,131072,128,float16,48,64x128x4,706.739,14,2
g128 lm_head,2816,131072,128,float16,48,64x64x2,784.913,13,2
g128 lm_head,2816,131072,128,float16,48,64x128x2,829.735,11,2
g128 lm_head,2816,131072,128,float16,48,96x128x2,832.072,12,2
g128 lm_head,2816,131072,128,float16,48,128x128x2,946.087,10,2
g128 lm_head,2816,131072,128,float16,48,32x64x4,971.068,10,2
g128 lm_head,2816,131072,128,float16,48,128x128x4,1072.524,9,2
g128 lm_head,2816,131072,128,float16,48,32x128x4,1235.069,7,2
g128 lm_head,2816,131072,128,float16,48,128x64x2,1325.754,9,2
g128 lm_head,2816,131072,128,float16,48,64x64,1330.499,7,2
g128 lm_head,2816,131072,128,float16,48,64x32,1368.479,7,2
g128 lm_head,2816,131072,128,float16,48,192x128x2,1383.865,7,2
g128 lm_head,2816,131072,128,float16,48,96x128,1403.234,7,2
g128 lm_head,2816,131072,128,float16,48,128x128,1437.289,7,2
g128 lm_head,2816,131072,128,float16,48,128x64,1505.590,7,2
g128 lm_head,2816,131072,128,float16,48,32x64x2,1512.082,7,2
g128 lm_head,2816,131072,128,float16,48,80x128,1549.525,6,2
g128 lm_head,2816,131072,128,float16,48,112x128,1598.783,6,2
g128 lm_head,2816,131072,128,float16,48,64x128,1618.483,6,2
g128 lm_head,2816,131072,128,float16,48,128x32,1744.425,5,2
g128 lm_head,2816,131072,128,float16,48,256x128,1754.285,5,2
g128 lm_head,2816,131072,128,float16,48,192x128,1824.546,5,2
g128 lm_head,2816,131072,128,float16,48,256x128x2,1990.824,5,2
g128 lm_head,2816,131072,128,float16,48,32x32,2033.105,5,2
g128 lm_head,2816,131072,128,float16,48,256x64,2213.032,4,2
g128 lm_head,2816,131072,128,float16,48,128x256,2324.888,4,2
g128 lm_head,2816,131072,128,float16,48,32x64,2445.180,4,2
g128 lm_head,2816,131072,128,float16,48,256x32,2547.492,4,2
g128 lm_head,2816,131072,128,float16,48,256x192,2563.843,3,2
g128 lm_head,2816,131072,128,float16,48,32x128,3492.990,2,2
g128 lm_head,2816,131072,128,float16,48,16x64,4803.058,2,2
g128 lm_head,2816,131072,128,float16,48,16x128,11954.600,2,2
g128 lm_head,2816,131072,128,float16,63,64x128x4,729.927,14,2
g128 lm_head,2816,131072,128,float16,63,64x64x2,812.852,12,2
g128 lm_head,2816,131072,128,float16,63,96x128x2,859.547,11,2
g128 lm_head,2816,131072,128,float16,63,64x128x2,864.640,11,2
g128 lm_head,2816,131072,128,float16,63,128x128x2,966.658,10,2
g128 lm_head,2816,131072,128,float16,63,32x64x4,1001.710,10,2
g128 lm_head,2816,131072,128,float16,63,128x128x4,1166.006,9,2
g128 lm_head,2816,131072,128,float16,63,128x64x2,1318.317,9,2
g128 lm_head,2816,131072,128,float16,63,32x128x4,1333.162,7,2
g128 lm_head,2816,131072,128,float16,63,192x128x2,1423.920,8,2
g128 lm_head,2816,131072,128,float16,63,96x128,1436.155,7,2
g128 lm_head,2816,131072,128,float16,63,64x64,1512.145,6,2
g128 lm_head,2816,131072,128,float16,63,128x128,1513.605,6,2
g128 lm_head,2816,131072,128,float16,63,64x32,1514.042,7,2
g128 lm_head,2816,131072,128,float16,63,128x64,1555.726,6,2
g128 lm_head,2816,131072,128,float16,63,32x64x2,1570.396,6,2
g128 lm_head,2816,131072,128,float16,63,80x128,1601.056,6,2
g128 lm_head,2816,131072,128,float16,63,112x128,1627.960,6,2
g128 lm_head,2816,131072,128,float16,63,64x128,1706.501,6,2
g128 lm_head,2816,131072,128,float16,63,256x128,1776.057,5,2
g128 lm_head,2816,131072,128,float16,63,192x128,1780.069,5,2
g128 lm_head,2816,131072,128,float16,63,128x32,1818.834,5,2
g128 lm_head,2816,131072,128,float16,63,256x128x2,2009.173,5,2
g128 lm_head,2816,131072,128,float16,63,256x64,2240.072,4,2
g128 lm_head,2816,131072,128,float16,63,32x32,2318.268,4,2
g128 lm_head,2816,131072,128,float16,63,128x256,2353.478,4,2
g128 lm_head,2816,131072,128,float16,63,256x32,2605.757,3,2
g128 lm_head,2816,131072,128,float16,63,256x192,2640.271,3,2
g128 lm_head,2816,131072,128,float16,63,32x64,2746.452,3,2
g128 lm_head,2816,131072,128,float16,63,32x128,3741.413,2,2
g128 lm_head,2816,131072,128,float16,63,16x64,6673.515,2,2
g128 lm_head,2816,131072,128,float16,63,16x128,16736.588,2,2
g128 lm_head,2816,131072,128,float16,64,64x128x4,727.195,14,2
g128 lm_head,2816,131072,128,float16,64,64x64x2,815.478,12,2
g128 lm_head,2816,131072,128,float16,64,96x128x2,858.714,11,2
g128 lm_head,2816,131072,128,float16,64,64x128x2,865.192,11,2
g128 lm_head,2816,131072,128,float16,64,128x128x2,971.592,10,2
g128 lm_head,2816,131072,128,float16,64,32x64x4,1005.874,10,2
g128 lm_head,2816,131072,128,float16,64,128x128x4,1195.399,9,2
g128 lm_head,2816,131072,128,float16,64,32x128x4,1333.605,7,2
g128 lm_head,2816,131072,128,float16,64,128x64x2,1335.828,7,2
g128 lm_head,2816,131072,128,float16,64,192x128x2,1415.006,7,2
g128 lm_head,2816,131072,128,float16,64,96x128,1445.826,7,2
g128 lm_head,2816,131072,128,float16,64,64x32,1476.315,7,2
g128 lm_head,2816,131072,128,float16,64,128x128,1483.378,6,2
g128 lm_head,2816,131072,128,float16,64,64x64,1505.848,6,2
g128 lm_head,2816,131072,128,float16,64,80x128,1516.958,6,2
g128 lm_head,2816,131072,128,float16,64,128x64,1546.635,6,2
g128 lm_head,2816,131072,128,float16,64,32x64x2,1573.889,6,2
g128 lm_head,2816,131072,128,float16,64,112x128,1654.334,6,2
g128 lm_head,2816,131072,128,float16,64,64x128,1714.171,6,2
g128 lm_head,2816,131072,128,float16,64,256x128,1776.585,5,2
g128 lm_head,2816,131072,128,float16,64,128x32,1817.322,5,2
g128 lm_head,2816,131072,128,float16,64,192x128,1878.383,5,2
g128 lm_head,2816,131072,128,float16,64,256x128x2,2009.521,5,2
g128 lm_head,2816,131072,128,float16,64,256x64,2253.982,4,2
g128 lm_head,2816,131072,128,float16,64,32x32,2314.343,4,2
g128 lm_head,2816,131072,128,float16,64,128x256,2366.674,4,2
g128 lm_head,2816,131072,128,float16,64,256x32,2601.577,3,2
g128 lm_head,2816,131072,128,float16,64,256x192,2638.591,3,2
g128 lm_head,2816,131072,128,float16,64,32x64,2749.232,3,2
g128 lm_head,2816,131072,128,float16,64,32x128,3746.853,2,2
g128 lm_head,2816,131072,128,float16,64,16x64,6710.425,2,2
g128 lm_head,2816,131072,128,float16,64,16x128,16566.557,2,2
g128 lm_head,2816,131072,128,float16,96,96x128x2,907.169,11,2
g128 lm_head,2816,131072,128,float16,96,128x128x2,1045.805,10,2
g128 lm_head,2816,131072,128,float16,96,128x128x4,1326.416,7,2
g128 lm_head,2816,131072,128,float16,96,128x64x2,1395.794,7,2
g128 lm_head,2816,131072,128,float16,96,192x128x2,1493.458,7,2
g128 lm_head,2816,131072,128,float16,96,64x128x4,1532.519,6,2
g128 lm_head,2816,131072,128,float16,96,96x128,1577.319,6,2
g128 lm_head,2816,131072,128,float16,96,128x128,1590.563,6,2
g128 lm_head,2816,131072,128,float16,96,32x64x4,1640.853,6,2
g128 lm_head,2816,131072,128,float16,96,128x64,1663.304,6,2
g128 lm_head,2816,131072,128,float16,96,64x64x2,1686.667,6,2
g128 lm_head,2816,131072,128,float16,96,112x128,1725.421,5,2
g128 lm_head,2816,131072,128,float16,96,64x128x2,1749.017,5,2
g128 lm_head,2816,131072,128,float16,96,256x128,1850.058,5,2
g128 lm_head,2816,131072,128,float16,96,32x128x4,1868.731,5,2
g128 lm_head,2816,131072,128,float16,96,192x128,1868.747,5,2
g128 lm_head,2816,131072,128,float16,96,128x32,1984.840,5,2
g128 lm_head,2816,131072,128,float16,96,256x128x2,2080.520,4,2
g128 lm_head,2816,131072,128,float16,96,64x64,2166.641,4,2
g128 lm_head,2816,131072,128,float16,96,32x64x2,2166.896,4,2
g128 lm_head,2816,131072,128,float16,96,256x64,2349.628,4,2
g128 lm_head,2816,131072,128,float16,96,64x32,2376.619,4,2
g128 lm_head,2816,131072,128,float16,96,80x128,2522.416,3,2
g128 lm_head,2816,131072,128,float16,96,128x256,2564.187,4,2
g128 lm_head,2816,131072,128,float16,96,256x32,2732.579,3,2
g128 lm_head,2816,131072,128,float16,96,64x128,2792.340,3,2
g128 lm_head,2816,131072,128,float16,96,256x192,2822.153,3,2
g128 lm_head,2816,131072,128,float16,96,32x32,3168.445,3,2
g128 lm_head,2816,131072,128,float16,96,32x64,3868.675,2,2
g128 lm_head,2816,131072,128,float16,96,32x128,5427.968,2,2
g128 lm_head,2816,131072,128,float16,96,16x64,9613.797,2,2
g128 lm_head,2816,131072,128,float16,96,16x128,23463.974,2,2
g128 lm_head,2816,131072,128,float16,128,128x128x2,1213.195,9,2
g128 lm_head,2816,131072,128,float16,128,128x128x4,1365.977,7,2
g128 lm_head,2816,131072,128,float16,128,128x64x2,1454.237,6,2
g128 lm_head,2816,131072,128,float16,128,192x128x2,1550.399,6,2
g128 lm_head,2816,131072,128,float16,128,64x128x4,1552.939,6,2
g128 lm_head,2816,131072,128,float16,128,128x128,1733.181,5,2
g128 lm_head,2816,131072,128,float16,128,64x64x2,1740.468,6,2
g128 lm_head,2816,131072,128,float16,128,96x128x2,1800.926,5,2
g128 lm_head,2816,131072,128,float16,128,256x128,1831.830,5,2
g128 lm_head,2816,131072,128,float16,128,64x128x2,1842.642,5,2
g128 lm_head,2816,131072,128,float16,128,128x64,1884.423,5,2
g128 lm_head,2816,131072,128,float16,128,192x128,2031.905,5,2
g128 lm_head,2816,131072,128,float16,128,32x64x4,2078.725,4,2
g128 lm_head,2816,131072,128,float16,128,128x32,2131.325,4,2
g128 lm_head,2816,131072,128,float16,128,256x128x2,2184.511,4,2
g128 lm_head,2816,131072,128,float16,128,32x128x4,2399.689,4,2
g128 lm_head,2816,131072,128,float16,128,256x64,2461.350,4,2
g128 lm_head,2816,131072,128,float16,128,96x128,2474.590,4,2
g128 lm_head,2816,131072,128,float16,128,64x64,2525.996,3,2
g128 lm_head,2816,131072,128,float16,128,64x32,2554.190,3,2
g128 lm_head,2816,131072,128,float16,128,80x128,2652.618,3,2
g128 lm_head,2816,131072,128,float16,128,128x256,2711.212,3,2
g128 lm_head,2816,131072,128,float16,128,32x64x2,2756.126,3,2
g128 lm_head,2816,131072,128,float16,128,112x128,2823.380,3,2
g128 lm_head,2816,131072,128,float16,128,256x192,2846.447,3,2
g128 lm_head,2816,131072,128,float16,128,256x32,2863.707,3,2
g128 lm_head,2816,131072,128,float16,128,64x128,3098.704,3,2
g128 lm_head,2816,131072,128,float16,128,32x32,4025.687,2,2
g128 lm_head,2816,131072,128,float16,128,32x64,5480.598,2,2
g128 lm_head,2816,131072,128,float16,128,32x128,7807.631,2,2
g128 lm_head,2816,131072,128,float16,128,16x64,13746.176,2,2
g128 lm_head,2816,131072,128,float16,128,16x128,25503.815,2,2
g128 lm_head,2816,131072,128,float16,192,192x128x2,1637.190,6,2
g128 lm_head,2816,131072,128,float16,192,96x128x2,1912.823,5,2
g128 lm_head,2816,131072,128,float16,192,256x128,2040.977,5,2
g128 lm_head,2816,131072,128,float16,192,128x128x2,2151.000,4,2
g128 lm_head,2816,131072,128,float16,192,64x128x4,2233.737,4,2
g128 lm_head,2816,131072,128,float16,192,192x128,2281.238,4,2
g128 lm_head,2816,131072,128,float16,192,128x128x4,2388.344,4,2
g128 lm_head,2816,131072,128,float16,192,256x128x2,2423.949,4,2
g128 lm_head,2816,131072,128,float16,192,64x64x2,2533.351,4,2
g128 lm_head,2816,131072,128,float16,192,64x128x2,2562.043,3,2
g128 lm_head,2816,131072,128,float16,192,128x64x2,2580.122,4,2
g128 lm_head,2816,131072,128,float16,192,96x128,2667.518,3,2
g128 lm_head,2816,131072,128,float16,192,256x64,2674.591,3,2
g128 lm_head,2816,131072,128,float16,192,128x128,2714.752,3,2
g128 lm_head,2816,131072,128,float16,192,128x64,2946.015,3,2
g128 lm_head,2816,131072,128,float16,192,112x128,3022.516,3,2
g128 lm_head,2816,131072,128,float16,192,32x64x4,3041.103,3,2
g128 lm_head,2816,131072,128,float16,192,256x192,3122.105,3,2
g128 lm_head,2816,131072,128,float16,192,256x32,3137.938,3,2
g128 lm_head,2816,131072,128,float16,192,64x64,3331.717,2,2
g128 lm_head,2816,131072,128,float16,192,32x128x4,3388.689,2,2
g128 lm_head,2816,131072,128,float16,192,80x128,3619.162,2,2
g128 lm_head,2816,131072,128,float16,192,64x32,3646.142,2,2
g128 lm_head,2816,131072,128,float16,192,128x32,3656.082,2,2
g128 lm_head,2816,131072,128,float16,192,32x64x2,3984.687,2,2
g128 lm_head,2816,131072,128,float16,192,64x128,4238.560,2,2
g128 lm_head,2816,131072,128,float16,192,128x256,4414.113,2,2
g128 lm_head,2816,131072,128,float16,192,32x32,5800.793,2,2
g128 lm_head,2816,131072,128,float16,192,32x64,6893.758,2,2
g128 lm_head,2816,131072,128,float16,192,32x128,10614.801,2,2
g128 lm_head,2816,131072,128,float16,192,16x64,18900.539,2,2
g128 lm_head,2816,131072,128,float16,192,16x128,60792.828,2,2
g128 lm_head,2816,131072,128,float16,256,256x128,2263.302,4,2
g128 lm_head,2816,131072,128,float16,256,128x128x2,2305.518,4,2
g128 lm_head,2816,131072,128,float16,256,128x128x4,2497.976,3,2
g128 lm_head,2816,131072,128,float16,256,256x128x2,2703.045,3,2
g128 lm_head,2816,131072,128,float16,256,128x64x2,2728.839,3,2
g128 lm_head,2816,131072,128,float16,256,96x128x2,2740.006,3,2
g128 lm_head,2816,131072,128,float16,256,192x128x2,2825.893,3,2
g128 lm_head,2816,131072,128,float16,256,64x128x4,2953.709,3,2
g128 lm_head,2816,131072,128,float16,256,128x128,3114.631,3,2
g128 lm_head,2816,131072,128,float16,256,256x64,3198.745,3,2
g128 lm_head,2816,131072,128,float16,256,128x64,3305.627,3,2
g128 lm_head,2816,131072,128,float16,256,64x64x2,3367.001,3,2
g128 lm_head,2816,131072,128,float16,256,64x128x2,3409.395,3,2
g128 lm_head,2816,131072,128,float16,256,256x192,3494.410,2,2
g128 lm_head,2816,131072,128,float16,256,256x32,3495.320,2,2
g128 lm_head,2816,131072,128,float16,256,192x128,3701.273,2,2
g128 lm_head,2816,131072,128,float16,256,96x128,3705.603,2,2
g128 lm_head,2816,131072,128,float16,256,128x32,4081.098,2,2
g128 lm_head,2816,131072,128,float16,256,32x64x4,4148.099,2,2
g128 lm_head,2816,131072,128,float16,256,112x128,4285.301,2,2
g128 lm_head,2816,131072,128,float16,256,64x64,4414.853,2,2
g128 lm_head,2816,131072,128,float16,256,32x128x4,4598.986,2,2
g128 lm_head,2816,131072,128,float16,256,80x128,4849.939,2,2
g128 lm_head,2816,131072,128,float16,256,64x32,4968.161,2,2
g128 lm_head,2816,131072,128,float16,256,128x256,5182.184,2,2
g128 lm_head,2816,131072,128,float16,256,32x64x2,5367.726,2,2
g128 lm_head,2816,131072,128,float16,256,64x128,6336.470,2,2
g128 lm_head,2816,131072,128,float16,256,32x32,7877.032,2,2
g128 lm_head,2816,131072,128,float16,256,32x64,9191.091,2,2
g128 lm_head,2816,131072,128,float16,256,32x128,14451.926,2,2
g128 lm_head,2816,131072,128,float16,256,16x64,28918.512,2,2
g128 lm_head,2816,131072,128,float16,256,16x128,65325.958,2,2
g128 lm_head,2816,131072,128,float16,512,256x128,4099.488,2,2
g128 lm_head,2816,131072,128,float16,512,192x128x2,4301.851,2,2
g128 lm_head,2816,131072,128,float16,512,128x128x2,4356.072,2,2
g128 lm_head,2816,131072,128,float16,512,128x128x4,4740.437,2,2
g128 lm_head,2816,131072,128,float16,512,256x128x2,4764.098,2,2
g128 lm_head,2816,131072,128,float16,512,128x64x2,5177.544,2,2
g128 lm_head,2816,131072,128,float16,512,96x128x2,5178.204,2,2
g128 lm_head,2816,131072,128,float16,512,256x64,5523.828,2,2
g128 lm_head,2816,131072,128,float16,512,192x128,5567.910,2,2
g128 lm_head,2816,131072,128,float16,512,128x128,5644.200,2,2
g128 lm_head,2816,131072,128,float16,512,64x128x4,5668.591,2,2
g128 lm_head,2816,131072,128,float16,512,128x64,6102.257,2,2
g128 lm_head,2816,131072,128,float16,512,256x192,6335.650,2,2
g128 lm_head,2816,131072,128,float16,512,64x64x2,6374.501,2,2
g128 lm_head,2816,131072,128,float16,512,64x128x2,6535.033,2,2
g128 lm_head,2816,131072,128,float16,512,256x32,6694.705,2,2
g128 lm_head,2816,131072,128,float16,512,96x128,6969.349,2,2
g128 lm_head,2816,131072,128,float16,512,112x128,7038.620,2,2
g128 lm_head,2816,131072,128,float16,512,128x32,7827.251,2,2
g128 lm_head,2816,131072,128,float16,512,32x64x4,7962.003,2,2
g128 lm_head,2816,131072,128,float16,512,80x128,8343.739,2,2
g128 lm_head,2816,131072,128,float16,512,64x64,8550.952,2,2
g128 lm_head,2816,131072,128,float16,512,32x128x4,8831.436,2,2
g128 lm_head,2816,131072,128,float16,512,128x256,9554.726,2,2
g128 lm_head,2816,131072,128,float16,512,64x32,9581.966,2,2
g128 lm_head,2816,131072,128,float16,512,32x64x2,10537.760,2,2
g128 lm_head,2816,131072,128,float16,512,64x128,11233.660,2,2
g128 lm_head,2816,131072,128,float16,512,32x32,15153.026,2,2
g128 lm_head,2816,131072,128,float16,512,32x64,17788.692,2,2
g128 lm_head,2816,131072,128,float16,512,32x128,28376.265,2,2
g128 lm_head,2816,131072,128,float16,512,16x64,56348.152,2,2
g128 lm_head,2816,131072,128,float16,512,16x128,161900.192,2,2
g128 lm_head,2816,131072,128,float16,1024,256x128,7959.413,2,2
g128 lm_head,2816,131072,128,float16,1024,128x128x2,8473.360,2,2
g128 lm_head,2816,131072,128,float16,1024,192x128x2,8478.190,2,2
g128 lm_head,2816,131072,128,float16,1024,256x128x2,9239.752,2,2
g128 lm_head,2816,131072,128,float16,1024,128x128x4,9380.653,2,2
g128 lm_head,2816,131072,128,float16,1024,96x128x2,9424.164,2,2
g128 lm_head,2816,131072,128,float16,1024,128x64x2,10319.497,2,2
g128 lm_head,2816,131072,128,float16,1024,192x128,10651.392,2,2
g128 lm_head,2816,131072,128,float16,1024,256x64,10938.626,2,2
g128 lm_head,2816,131072,128,float16,1024,128x128,10976.616,2,2
g128 lm_head,2816,131072,128,float16,1024,64x128x4,11238.690,2,2
g128 lm_head,2816,131072,128,float16,1024,256x192,11946.020,2,2
g128 lm_head,2816,131072,128,float16,1024,128x64,12046.681,2,2
g128 lm_head,2816,131072,128,float16,1024,64x64x2,12742.901,2,2
g128 lm_head,2816,131072,128,float16,1024,96x128,12799.052,2,2
g128 lm_head,2816,131072,128,float16,1024,64x128x2,12990.515,2,2
g128 lm_head,2816,131072,128,float16,1024,112x128,13526.512,2,2
g128 lm_head,2816,131072,128,float16,1024,256x32,13635.684,2,2
g128 lm_head,2816,131072,128,float16,1024,128x32,15756.694,2,2
g128 lm_head,2816,131072,128,float16,1024,32x64x4,16018.707,2,2
g128 lm_head,2816,131072,128,float16,1024,80x128,16105.049,2,2
g128 lm_head,2816,131072,128,float16,1024,64x64,17048.822,2,2
g128 lm_head,2816,131072,128,float16,1024,32x128x4,18552.855,2,2
g128 lm_head,2816,131072,128,float16,1024,128x256,18567.804,2,2
g128 lm_head,2816,131072,128,float16,1024,64x32,19434.286,2,2
g128 lm_head,2816,131072,128,float16,1024,32x64x2,21170.233,2,2
g128 lm_head,2816,131072,128,float16,1024,64x128,22798.904,2,2
g128 lm_head,2816,131072,128,float16,1024,32x32,30926.870,2,2
g128 lm_head,2816,131072,128,float16,1024,32x64,35937.519,2,2
g128 lm_head,2816,131072,128,float16,1024,32x128,61246.674,2,2
g128 lm_head,2816,131072,128,float16,1024,16x64,96961.586,2,2
g128 lm_head,2816,131072,128,float16,1024,16x128,303979.462,2,2
g128 lm_head,2816,131072,128,float16,2048,192x128x2,16051.937,2,2
g128 lm_head,2816,131072,128,float16,2048,256x128,16110.809,2,2
g128 lm_head,2816,131072,128,float16,2048,128x128x2,17511.229,2,2
g128 lm_head,2816,131072,128,float16,2048,96x128x2,18639.896,2,2
g128 lm_head,2816,131072,128,float16,2048,256x128x2,19026.489,2,2
g128 lm_head,2816,131072,128,float16,2048,128x128x4,19157.042,2,2
g128 lm_head,2816,131072,128,float16,2048,192x128,20620.653,2,2
g128 lm_head,2816,131072,128,float16,2048,128x64x2,21155.640,2,2
g128 lm_head,2816,131072,128,float16,2048,128x128,22471.630,2,2
g128 lm_head,2816,131072,128,float16,2048,256x64,23054.379,2,2
g128 lm_head,2816,131072,128,float16,2048,256x192,24393.270,2,2
g128 lm_head,2816,131072,128,float16,2048,64x128x4,25059.807,2,2
g128 lm_head,2816,131072,128,float16,2048,128x64,25135.298,2,2
g128 lm_head,2816,131072,128,float16,2048,96x128,25431.622,2,2
g128 lm_head,2816,131072,128,float16,2048,112x128,25665.997,2,2
g128 lm_head,2816,131072,128,float16,2048,64x64x2,26136.751,2,2
g128 lm_head,2816,131072,128,float16,2048,64x128x2,26821.026,2,2
g128 lm_head,2816,131072,128,float16,2048,32x64x4,31862.764,2,2
g128 lm_head,2816,131072,128,float16,2048,80x128,33162.411,2,2
g128 lm_head,2816,131072,128,float16,2048,64x64,34992.134,2,2
g128 lm_head,2816,131072,128,float16,2048,32x128x4,35579.655,2,2
g128 lm_head,2816,131072,128,float16,2048,256x32,36342.049,2,2
g128 lm_head,2816,131072,128,float16,2048,128x256,37128.326,2,2
g128 lm_head,2816,131072,128,float16,2048,128x32,39853.489,2,2
g128 lm_head,2816,131072,128,float16,2048,32x64x2,40950.871,2,2
g128 lm_head,2816,131072,128,float16,2048,64x32,44507.683,2,2
g128 lm_head,2816,131072,128,float16,2048,64x128,46349.068,2,2
g128 lm_head,2816,131072,128,float16,2048,32x32,64006.897,2,2
g128 lm_head,2816,131072,128,float16,2048,32x64,66613.731,2,2
g128 lm_head,2816,131072,128,float16,2048,32x128,98462.303,2,2
g128 lm_head,2816,131072,128,float16,2048,16x64,306401.703,2,2
g128 lm_head,2816,131072,128,float16,2048,16x128,463990.265,2,2
