name,K,N,g,dtype,M,cand,us,reps,R,dev,cu,card,lease,exclusive
g4.q_proj    tp2,2816,2048,32,float16,1,128x64x2,46.361,7,53,AMD Radeon RX 9070 XT,64,0,0,0
g4.q_proj    tp2,2816,2048,32,float16,1,256x32,48.954,7,53,AMD Radeon RX 9070 XT,64,0,0,0
g4.q_proj    tp2,2816,2048,32,float16,1,128x32,50.991,7,53,AMD Radeon RX 9070 XT,64,0,0,0
g4.q_proj    tp2,2816,2048,32,float16,1,128x128x4,52.047,6,53,AMD Radeon RX 9070 XT,64,0,0,0
g4.q_proj    tp2,2816,2048,32,float16,1,auto,52.549,6,53,AMD Radeon RX 9070 XT,64,0,0,0
g4.q_proj    tp2,2816,2048,32,float16,1,256x64,57.949,6,53,AMD Radeon RX 9070 XT,64,0,0,0
g4.q_proj    tp2,2816,2048,32,float16,1,32x64x4,59.144,6,53,AMD Radeon RX 9070 XT,64,0,0,0
g4.q_proj    tp2,2816,2048,32,float16,1,64x64x2,61.655,6,53,AMD Radeon RX 9070 XT,64,0,0,0
g4.q_proj    tp2,2816,2048,32,float16,1,64x128x4,63.951,5,53,AMD Radeon RX 9070 XT,64,0,0,0
g4.q_proj    tp2,2816,2048,32,float16,1,256x128x2,65.313,5,53,AMD Radeon RX 9070 XT,64,0,0,0
g4.q_proj    tp2,2816,2048,32,float16,1,64x32,67.536,5,53,AMD Radeon RX 9070 XT,64,0,0,0
g4.q_proj    tp2,2816,2048,32,float16,1,128x64,69.952,5,53,AMD Radeon RX 9070 XT,64,0,0,0
g4.q_proj    tp2,2816,2048,32,float16,1,192x128x2,71.251,5,53,AMD Radeon RX 9070 XT,64,0,0,0
g4.q_proj    tp2,2816,2048,32,float16,1,128x128x2,72.186,5,53,AMD Radeon RX 9070 XT,64,0,0,0
g4.q_proj    tp2,2816,2048,32,float16,1,256x128,90.317,4,53,AMD Radeon RX 9070 XT,64,0,0,0
g4.q_proj    tp2,2816,2048,32,float16,1,96x128x2,92.883,3,53,AMD Radeon RX 9070 XT,64,0,0,0
g4.q_proj    tp2,2816,2048,32,float16,1,32x128x4,104.295,3,53,AMD Radeon RX 9070 XT,64,0,0,0
g4.q_proj    tp2,2816,2048,32,float16,1,32x64x2,105.056,3,53,AMD Radeon RX 9070 XT,64,0,0,0
g4.q_proj    tp2,2816,2048,32,float16,1,prefill_wmma_ashuffle,106.985,3,53,AMD Radeon RX 9070 XT,64,0,0,0
g4.q_proj    tp2,2816,2048,32,float16,1,192x128,109.174,3,53,AMD Radeon RX 9070 XT,64,0,0,0
g4.q_proj    tp2,2816,2048,32,float16,1,64x64,109.499,3,53,AMD Radeon RX 9070 XT,64,0,0,0
g4.q_proj    tp2,2816,2048,32,float16,1,64x128x2,109.691,3,53,AMD Radeon RX 9070 XT,64,0,0,0
g4.q_proj    tp2,2816,2048,32,float16,1,prefill_wmma,111.288,3,53,AMD Radeon RX 9070 XT,64,0,0,0
g4.q_proj    tp2,2816,2048,32,float16,1,32x32,111.669,3,53,AMD Radeon RX 9070 XT,64,0,0,0
g4.q_proj    tp2,2816,2048,32,float16,1,128x128,119.772,3,53,AMD Radeon RX 9070 XT,64,0,0,0
g4.q_proj    tp2,2816,2048,32,float16,1,112x128,138.350,2,53,AMD Radeon RX 9070 XT,64,0,0,0
g4.q_proj    tp2,2816,2048,32,float16,1,prefill_wmma:smallm_off,142.980,2,53,AMD Radeon RX 9070 XT,64,0,0,0
g4.q_proj    tp2,2816,2048,32,float16,1,96x128,152.189,2,53,AMD Radeon RX 9070 XT,64,0,0,0
g4.q_proj    tp2,2816,2048,32,float16,1,80x128,165.004,2,53,AMD Radeon RX 9070 XT,64,0,0,0
g4.q_proj    tp2,2816,2048,32,float16,1,64x128,198.677,2,53,AMD Radeon RX 9070 XT,64,0,0,0
g4.q_proj    tp2,2816,2048,32,float16,1,32x64,201.147,2,53,AMD Radeon RX 9070 XT,64,0,0,0
g4.q_proj    tp2,2816,2048,32,float16,1,128x256,218.813,2,53,AMD Radeon RX 9070 XT,64,0,0,0
g4.q_proj    tp2,2816,2048,32,float16,1,16x64,526.680,2,53,AMD Radeon RX 9070 XT,64,0,0,0
g4.q_proj    tp2,2816,2048,32,float16,1,32x128,636.037,2,53,AMD Radeon RX 9070 XT,64,0,0,0
g4.q_proj    tp2,2816,2048,32,float16,1,16x128,2506.426,2,53,AMD Radeon RX 9070 XT,64,0,0,0
g4.q_proj    tp2,2816,2048,32,float16,8,auto,45.374,8,53,AMD Radeon RX 9070 XT,64,0,0,0
g4.q_proj    tp2,2816,2048,32,float16,8,128x64x2,49.019,7,53,AMD Radeon RX 9070 XT,64,0,0,0
g4.q_proj    tp2,2816,2048,32,float16,8,256x32,50.033,7,53,AMD Radeon RX 9070 XT,64,0,0,0
g4.q_proj    tp2,2816,2048,32,float16,8,128x32,51.628,7,53,AMD Radeon RX 9070 XT,64,0,0,0
g4.q_proj    tp2,2816,2048,32,float16,8,128x128x4,52.873,7,53,AMD Radeon RX 9070 XT,64,0,0,0
g4.q_proj    tp2,2816,2048,32,float16,8,32x64x4,60.329,6,53,AMD Radeon RX 9070 XT,64,0,0,0
g4.q_proj    tp2,2816,2048,32,float16,8,256x64,61.443,6,53,AMD Radeon RX 9070 XT,64,0,0,0
g4.q_proj    tp2,2816,2048,32,float16,8,64x64x2,63.658,5,53,AMD Radeon RX 9070 XT,64,0,0,0
g4.q_proj    tp2,2816,2048,32,float16,8,64x128x4,64.243,5,53,AMD Radeon RX 9070 XT,64,0,0,0
g4.q_proj    tp2,2816,2048,32,float16,8,256x128x2,67.577,5,53,AMD Radeon RX 9070 XT,64,0,0,0
g4.q_proj    tp2,2816,2048,32,float16,8,64x32,71.542,5,53,AMD Radeon RX 9070 XT,64,0,0,0
g4.q_proj    tp2,2816,2048,32,float16,8,192x128x2,72.788,5,53,AMD Radeon RX 9070 XT,64,0,0,0
g4.q_proj    tp2,2816,2048,32,float16,8,128x64,72.878,5,53,AMD Radeon RX 9070 XT,64,0,0,0
g4.q_proj    tp2,2816,2048,32,float16,8,128x128x2,73.564,5,53,AMD Radeon RX 9070 XT,64,0,0,0
g4.q_proj    tp2,2816,2048,32,float16,8,256x128,92.838,4,53,AMD Radeon RX 9070 XT,64,0,0,0
g4.q_proj    tp2,2816,2048,32,float16,8,96x128x2,94.846,3,53,AMD Radeon RX 9070 XT,64,0,0,0
g4.q_proj    tp2,2816,2048,32,float16,8,prefill_wmma_ashuffle,102.190,3,53,AMD Radeon RX 9070 XT,64,0,0,0
g4.q_proj    tp2,2816,2048,32,float16,8,32x128x4,104.966,3,53,AMD Radeon RX 9070 XT,64,0,0,0
g4.q_proj    tp2,2816,2048,32,float16,8,prefill_wmma,106.702,3,53,AMD Radeon RX 9070 XT,64,0,0,0
g4.q_proj    tp2,2816,2048,32,float16,8,32x64x2,107.166,3,53,AMD Radeon RX 9070 XT,64,0,0,0
g4.q_proj    tp2,2816,2048,32,float16,8,64x128x2,111.143,3,53,AMD Radeon RX 9070 XT,64,0,0,0
g4.q_proj    tp2,2816,2048,32,float16,8,192x128,112.569,3,53,AMD Radeon RX 9070 XT,64,0,0,0
g4.q_proj    tp2,2816,2048,32,float16,8,64x64,115.170,3,53,AMD Radeon RX 9070 XT,64,0,0,0
g4.q_proj    tp2,2816,2048,32,float16,8,32x32,116.466,3,53,AMD Radeon RX 9070 XT,64,0,0,0
g4.q_proj    tp2,2816,2048,32,float16,8,128x128,123.205,3,53,AMD Radeon RX 9070 XT,64,0,0,0
g4.q_proj    tp2,2816,2048,32,float16,8,prefill_wmma:smallm_off,136.588,2,53,AMD Radeon RX 9070 XT,64,0,0,0
g4.q_proj    tp2,2816,2048,32,float16,8,112x128,140.736,2,53,AMD Radeon RX 9070 XT,64,0,0,0
g4.q_proj    tp2,2816,2048,32,float16,8,96x128,154.079,2,53,AMD Radeon RX 9070 XT,64,0,0,0
g4.q_proj    tp2,2816,2048,32,float16,8,80x128,166.795,2,53,AMD Radeon RX 9070 XT,64,0,0,0
g4.q_proj    tp2,2816,2048,32,float16,8,64x128,200.985,2,53,AMD Radeon RX 9070 XT,64,0,0,0
g4.q_proj    tp2,2816,2048,32,float16,8,32x64,204.082,2,53,AMD Radeon RX 9070 XT,64,0,0,0
g4.q_proj    tp2,2816,2048,32,float16,8,128x256,224.381,2,53,AMD Radeon RX 9070 XT,64,0,0,0
g4.q_proj    tp2,2816,2048,32,float16,8,32x128,604.240,2,53,AMD Radeon RX 9070 XT,64,0,0,0
g4.q_proj    tp2,2816,2048,32,float16,8,16x64,635.236,2,53,AMD Radeon RX 9070 XT,64,0,0,0
g4.q_proj    tp2,2816,2048,32,float16,8,16x128,2241.525,2,53,AMD Radeon RX 9070 XT,64,0,0,0
g4.q_proj    tp2,2816,2048,32,float16,17,auto,46.004,7,53,AMD Radeon RX 9070 XT,64,0,0,0
g4.q_proj    tp2,2816,2048,32,float16,17,128x64x2,49.082,7,53,AMD Radeon RX 9070 XT,64,0,0,0
g4.q_proj    tp2,2816,2048,32,float16,17,256x32,51.266,7,53,AMD Radeon RX 9070 XT,64,0,0,0
g4.q_proj    tp2,2816,2048,32,float16,17,128x128x4,54.261,6,53,AMD Radeon RX 9070 XT,64,0,0,0
g4.q_proj    tp2,2816,2048,32,float16,17,128x32,57.043,6,53,AMD Radeon RX 9070 XT,64,0,0,0
g4.q_proj    tp2,2816,2048,32,float16,17,256x64,61.468,6,53,AMD Radeon RX 9070 XT,64,0,0,0
g4.q_proj    tp2,2816,2048,32,float16,17,32x64x4,62.386,5,53,AMD Radeon RX 9070 XT,64,0,0,0
g4.q_proj    tp2,2816,2048,32,float16,17,64x128x4,65.602,5,53,AMD Radeon RX 9070 XT,64,0,0,0
g4.q_proj    tp2,2816,2048,32,float16,17,64x64x2,65.689,5,53,AMD Radeon RX 9070 XT,64,0,0,0
g4.q_proj    tp2,2816,2048,32,float16,17,256x128x2,68.503,5,53,AMD Radeon RX 9070 XT,64,0,0,0
g4.q_proj    tp2,2816,2048,32,float16,17,192x128x2,74.222,5,53,AMD Radeon RX 9070 XT,64,0,0,0
g4.q_proj    tp2,2816,2048,32,float16,17,128x64,75.023,4,53,AMD Radeon RX 9070 XT,64,0,0,0
g4.q_proj    tp2,2816,2048,32,float16,17,128x128x2,75.069,4,53,AMD Radeon RX 9070 XT,64,0,0,0
g4.q_proj    tp2,2816,2048,32,float16,17,64x32,77.329,4,53,AMD Radeon RX 9070 XT,64,0,0,0
g4.q_proj    tp2,2816,2048,32,float16,17,256x128,94.373,3,53,AMD Radeon RX 9070 XT,64,0,0,0
g4.q_proj    tp2,2816,2048,32,float16,17,96x128x2,96.609,3,53,AMD Radeon RX 9070 XT,64,0,0,0
g4.q_proj    tp2,2816,2048,32,float16,17,32x128x4,106.739,3,53,AMD Radeon RX 9070 XT,64,0,0,0
g4.q_proj    tp2,2816,2048,32,float16,17,32x64x2,111.270,3,53,AMD Radeon RX 9070 XT,64,0,0,0
g4.q_proj    tp2,2816,2048,32,float16,17,prefill_wmma_ashuffle,112.058,3,53,AMD Radeon RX 9070 XT,64,0,0,0
g4.q_proj    tp2,2816,2048,32,float16,17,64x128x2,113.052,3,53,AMD Radeon RX 9070 XT,64,0,0,0
g4.q_proj    tp2,2816,2048,32,float16,17,192x128,114.432,3,53,AMD Radeon RX 9070 XT,64,0,0,0
g4.q_proj    tp2,2816,2048,32,float16,17,64x64,119.465,3,53,AMD Radeon RX 9070 XT,64,0,0,0
g4.q_proj    tp2,2816,2048,32,float16,17,prefill_wmma,121.313,3,53,AMD Radeon RX 9070 XT,64,0,0,0
g4.q_proj    tp2,2816,2048,32,float16,17,128x128,125.111,2,53,AMD Radeon RX 9070 XT,64,0,0,0
g4.q_proj    tp2,2816,2048,32,float16,17,32x32,126.936,2,53,AMD Radeon RX 9070 XT,64,0,0,0
g4.q_proj    tp2,2816,2048,32,float16,17,112x128,142.512,2,53,AMD Radeon RX 9070 XT,64,0,0,0
g4.q_proj    tp2,2816,2048,32,float16,17,prefill_wmma:smallm_off,144.100,2,53,AMD Radeon RX 9070 XT,64,0,0,0
g4.q_proj    tp2,2816,2048,32,float16,17,96x128,157.751,2,53,AMD Radeon RX 9070 XT,64,0,0,0
g4.q_proj    tp2,2816,2048,32,float16,17,80x128,170.576,2,53,AMD Radeon RX 9070 XT,64,0,0,0
g4.q_proj    tp2,2816,2048,32,float16,17,64x128,204.943,2,53,AMD Radeon RX 9070 XT,64,0,0,0
g4.q_proj    tp2,2816,2048,32,float16,17,32x64,213.058,2,53,AMD Radeon RX 9070 XT,64,0,0,0
g4.q_proj    tp2,2816,2048,32,float16,17,128x256,226.210,2,53,AMD Radeon RX 9070 XT,64,0,0,0
g4.q_proj    tp2,2816,2048,32,float16,17,16x64,479.118,2,53,AMD Radeon RX 9070 XT,64,0,0,0
g4.q_proj    tp2,2816,2048,32,float16,17,32x128,634.510,2,53,AMD Radeon RX 9070 XT,64,0,0,0
g4.q_proj    tp2,2816,2048,32,float16,17,16x128,2078.179,2,53,AMD Radeon RX 9070 XT,64,0,0,0
g4.q_proj    tp2,2816,2048,32,float16,24,auto,47.879,7,53,AMD Radeon RX 9070 XT,64,0,0,0
g4.q_proj    tp2,2816,2048,32,float16,24,128x64x2,51.197,7,53,AMD Radeon RX 9070 XT,64,0,0,0
g4.q_proj    tp2,2816,2048,32,float16,24,256x32,51.587,7,53,AMD Radeon RX 9070 XT,64,0,0,0
g4.q_proj    tp2,2816,2048,32,float16,24,128x128x4,54.149,6,53,AMD Radeon RX 9070 XT,64,0,0,0
g4.q_proj    tp2,2816,2048,32,float16,24,128x32,56.839,6,53,AMD Radeon RX 9070 XT,64,0,0,0
g4.q_proj    tp2,2816,2048,32,float16,24,256x64,63.657,5,53,AMD Radeon RX 9070 XT,64,0,0,0
g4.q_proj    tp2,2816,2048,32,float16,24,32x64x4,64.623,5,53,AMD Radeon RX 9070 XT,64,0,0,0
g4.q_proj    tp2,2816,2048,32,float16,24,64x128x4,66.334,5,53,AMD Radeon RX 9070 XT,64,0,0,0
g4.q_proj    tp2,2816,2048,32,float16,24,64x64x2,67.954,5,53,AMD Radeon RX 9070 XT,64,0,0,0
g4.q_proj    tp2,2816,2048,32,float16,24,256x128x2,68.583,5,53,AMD Radeon RX 9070 XT,64,0,0,0
g4.q_proj    tp2,2816,2048,32,float16,24,192x128x2,74.089,5,53,AMD Radeon RX 9070 XT,64,0,0,0
g4.q_proj    tp2,2816,2048,32,float16,24,128x128x2,75.710,4,53,AMD Radeon RX 9070 XT,64,0,0,0
g4.q_proj    tp2,2816,2048,32,float16,24,128x64,77.113,4,53,AMD Radeon RX 9070 XT,64,0,0,0
g4.q_proj    tp2,2816,2048,32,float16,24,64x32,80.457,4,53,AMD Radeon RX 9070 XT,64,0,0,0
g4.q_proj    tp2,2816,2048,32,float16,24,256x128,94.908,3,53,AMD Radeon RX 9070 XT,64,0,0,0
g4.q_proj    tp2,2816,2048,32,float16,24,96x128x2,96.512,3,53,AMD Radeon RX 9070 XT,64,0,0,0
g4.q_proj    tp2,2816,2048,32,float16,24,32x128x4,109.087,3,53,AMD Radeon RX 9070 XT,64,0,0,0
g4.q_proj    tp2,2816,2048,32,float16,24,prefill_wmma_ashuffle,110.593,3,53,AMD Radeon RX 9070 XT,64,0,0,0
g4.q_proj    tp2,2816,2048,32,float16,24,192x128,114.324,3,53,AMD Radeon RX 9070 XT,64,0,0,0
g4.q_proj    tp2,2816,2048,32,float16,24,64x128x2,115.251,3,53,AMD Radeon RX 9070 XT,64,0,0,0
g4.q_proj    tp2,2816,2048,32,float16,24,32x64x2,115.661,3,53,AMD Radeon RX 9070 XT,64,0,0,0
g4.q_proj    tp2,2816,2048,32,float16,24,prefill_wmma,121.930,3,53,AMD Radeon RX 9070 XT,64,0,0,0
g4.q_proj    tp2,2816,2048,32,float16,24,64x64,123.865,2,53,AMD Radeon RX 9070 XT,64,0,0,0
g4.q_proj    tp2,2816,2048,32,float16,24,128x128,127.299,2,53,AMD Radeon RX 9070 XT,64,0,0,0
g4.q_proj    tp2,2816,2048,32,float16,24,32x32,133.953,2,53,AMD Radeon RX 9070 XT,64,0,0,0
g4.q_proj    tp2,2816,2048,32,float16,24,112x128,144.114,2,53,AMD Radeon RX 9070 XT,64,0,0,0
g4.q_proj    tp2,2816,2048,32,float16,24,prefill_wmma:smallm_off,144.704,2,53,AMD Radeon RX 9070 XT,64,0,0,0
g4.q_proj    tp2,2816,2048,32,float16,24,96x128,159.637,2,53,AMD Radeon RX 9070 XT,64,0,0,0
g4.q_proj    tp2,2816,2048,32,float16,24,80x128,173.851,2,53,AMD Radeon RX 9070 XT,64,0,0,0
g4.q_proj    tp2,2816,2048,32,float16,24,64x128,208.952,2,53,AMD Radeon RX 9070 XT,64,0,0,0
g4.q_proj    tp2,2816,2048,32,float16,24,32x64,221.424,2,53,AMD Radeon RX 9070 XT,64,0,0,0
g4.q_proj    tp2,2816,2048,32,float16,24,128x256,227.972,2,53,AMD Radeon RX 9070 XT,64,0,0,0
g4.q_proj    tp2,2816,2048,32,float16,24,16x64,639.992,2,53,AMD Radeon RX 9070 XT,64,0,0,0
g4.q_proj    tp2,2816,2048,32,float16,24,32x128,658.120,2,53,AMD Radeon RX 9070 XT,64,0,0,0
g4.q_proj    tp2,2816,2048,32,float16,24,16x128,2158.592,2,53,AMD Radeon RX 9070 XT,64,0,0,0
g4.q_proj    tp2,2816,2048,32,float16,32,auto,48.784,7,53,AMD Radeon RX 9070 XT,64,0,0,0
g4.q_proj    tp2,2816,2048,32,float16,32,128x64x2,51.146,7,53,AMD Radeon RX 9070 XT,64,0,0,0
g4.q_proj    tp2,2816,2048,32,float16,32,256x32,51.570,7,53,AMD Radeon RX 9070 XT,64,0,0,0
g4.q_proj    tp2,2816,2048,32,float16,32,128x128x4,54.146,6,53,AMD Radeon RX 9070 XT,64,0,0,0
g4.q_proj    tp2,2816,2048,32,float16,32,128x32,59.235,6,53,AMD Radeon RX 9070 XT,64,0,0,0
g4.q_proj    tp2,2816,2048,32,float16,32,256x64,63.536,5,53,AMD Radeon RX 9070 XT,64,0,0,0
g4.q_proj    tp2,2816,2048,32,float16,32,32x64x4,66.778,5,53,AMD Radeon RX 9070 XT,64,0,0,0
g4.q_proj    tp2,2816,2048,32,float16,32,64x128x4,67.707,5,53,AMD Radeon RX 9070 XT,64,0,0,0
g4.q_proj    tp2,2816,2048,32,float16,32,256x128x2,68.669,5,53,AMD Radeon RX 9070 XT,64,0,0,0
g4.q_proj    tp2,2816,2048,32,float16,32,64x64x2,71.350,5,53,AMD Radeon RX 9070 XT,64,0,0,0
g4.q_proj    tp2,2816,2048,32,float16,32,192x128x2,75.179,4,53,AMD Radeon RX 9070 XT,64,0,0,0
g4.q_proj    tp2,2816,2048,32,float16,32,128x128x2,77.182,4,53,AMD Radeon RX 9070 XT,64,0,0,0
g4.q_proj    tp2,2816,2048,32,float16,32,128x64,79.379,4,53,AMD Radeon RX 9070 XT,64,0,0,0
g4.q_proj    tp2,2816,2048,32,float16,32,64x32,85.022,4,53,AMD Radeon RX 9070 XT,64,0,0,0
g4.q_proj    tp2,2816,2048,32,float16,32,256x128,96.449,3,53,AMD Radeon RX 9070 XT,64,0,0,0
g4.q_proj    tp2,2816,2048,32,float16,32,96x128x2,98.506,3,53,AMD Radeon RX 9070 XT,64,0,0,0
g4.q_proj    tp2,2816,2048,32,float16,32,prefill_wmma_ashuffle,110.879,3,53,AMD Radeon RX 9070 XT,64,0,0,0
g4.q_proj    tp2,2816,2048,32,float16,32,32x128x4,111.102,3,53,AMD Radeon RX 9070 XT,64,0,0,0
g4.q_proj    tp2,2816,2048,32,float16,32,192x128,116.514,3,53,AMD Radeon RX 9070 XT,64,0,0,0
g4.q_proj    tp2,2816,2048,32,float16,32,64x128x2,117.402,3,53,AMD Radeon RX 9070 XT,64,0,0,0
g4.q_proj    tp2,2816,2048,32,float16,32,32x64x2,120.101,3,53,AMD Radeon RX 9070 XT,64,0,0,0
g4.q_proj    tp2,2816,2048,32,float16,32,64x64,128.356,2,53,AMD Radeon RX 9070 XT,64,0,0,0
g4.q_proj    tp2,2816,2048,32,float16,32,128x128,129.278,2,53,AMD Radeon RX 9070 XT,64,0,0,0
g4.q_proj    tp2,2816,2048,32,float16,32,prefill_wmma,129.501,2,53,AMD Radeon RX 9070 XT,64,0,0,0
g4.q_proj    tp2,2816,2048,32,float16,32,32x32,142.264,2,53,AMD Radeon RX 9070 XT,64,0,0,0
g4.q_proj    tp2,2816,2048,32,float16,32,prefill_wmma:smallm_off,145.228,2,53,AMD Radeon RX 9070 XT,64,0,0,0
g4.q_proj    tp2,2816,2048,32,float16,32,112x128,145.942,2,53,AMD Radeon RX 9070 XT,64,0,0,0
g4.q_proj    tp2,2816,2048,32,float16,32,96x128,161.897,2,53,AMD Radeon RX 9070 XT,64,0,0,0
g4.q_proj    tp2,2816,2048,32,float16,32,80x128,176.834,2,53,AMD Radeon RX 9070 XT,64,0,0,0
g4.q_proj    tp2,2816,2048,32,float16,32,64x128,217.778,2,53,AMD Radeon RX 9070 XT,64,0,0,0
g4.q_proj    tp2,2816,2048,32,float16,32,128x256,229.955,2,53,AMD Radeon RX 9070 XT,64,0,0,0
g4.q_proj    tp2,2816,2048,32,float16,32,32x64,230.352,2,53,AMD Radeon RX 9070 XT,64,0,0,0
g4.q_proj    tp2,2816,2048,32,float16,32,32x128,656.143,2,53,AMD Radeon RX 9070 XT,64,0,0,0
g4.q_proj    tp2,2816,2048,32,float16,32,16x64,673.949,2,53,AMD Radeon RX 9070 XT,64,0,0,0
g4.q_proj    tp2,2816,2048,32,float16,32,16x128,1953.758,2,53,AMD Radeon RX 9070 XT,64,0,0,0
g4.q_proj    tp2,2816,2048,32,float16,48,auto,51.758,7,53,AMD Radeon RX 9070 XT,64,0,0,0
g4.q_proj    tp2,2816,2048,32,float16,48,256x32,52.818,6,53,AMD Radeon RX 9070 XT,64,0,0,0
g4.q_proj    tp2,2816,2048,32,float16,48,128x64x2,53.419,6,53,AMD Radeon RX 9070 XT,64,0,0,0
g4.q_proj    tp2,2816,2048,32,float16,48,128x128x4,56.588,6,53,AMD Radeon RX 9070 XT,64,0,0,0
g4.q_proj    tp2,2816,2048,32,float16,48,32x64x4,63.258,5,53,AMD Radeon RX 9070 XT,64,0,0,0
g4.q_proj    tp2,2816,2048,32,float16,48,128x32,64.164,5,53,AMD Radeon RX 9070 XT,64,0,0,0
g4.q_proj    tp2,2816,2048,32,float16,48,256x64,65.724,5,53,AMD Radeon RX 9070 XT,64,0,0,0
g4.q_proj    tp2,2816,2048,32,float16,48,256x128x2,70.698,5,53,AMD Radeon RX 9070 XT,64,0,0,0
g4.q_proj    tp2,2816,2048,32,float16,48,64x128x4,71.246,5,53,AMD Radeon RX 9070 XT,64,0,0,0
g4.q_proj    tp2,2816,2048,32,float16,48,64x64x2,75.918,4,53,AMD Radeon RX 9070 XT,64,0,0,0
g4.q_proj    tp2,2816,2048,32,float16,48,192x128x2,76.521,4,53,AMD Radeon RX 9070 XT,64,0,0,0
g4.q_proj    tp2,2816,2048,32,float16,48,128x128x2,79.463,4,53,AMD Radeon RX 9070 XT,64,0,0,0
g4.q_proj    tp2,2816,2048,32,float16,48,128x64,83.771,4,53,AMD Radeon RX 9070 XT,64,0,0,0
g4.q_proj    tp2,2816,2048,32,float16,48,64x32,93.777,3,53,AMD Radeon RX 9070 XT,64,0,0,0
g4.q_proj    tp2,2816,2048,32,float16,48,256x128,98.579,3,53,AMD Radeon RX 9070 XT,64,0,0,0
g4.q_proj    tp2,2816,2048,32,float16,48,96x128x2,100.706,3,53,AMD Radeon RX 9070 XT,64,0,0,0
g4.q_proj    tp2,2816,2048,32,float16,48,32x128x4,107.241,3,53,AMD Radeon RX 9070 XT,64,0,0,0
g4.q_proj    tp2,2816,2048,32,float16,48,32x64x2,113.877,3,53,AMD Radeon RX 9070 XT,64,0,0,0
g4.q_proj    tp2,2816,2048,32,float16,48,192x128,119.105,3,53,AMD Radeon RX 9070 XT,64,0,0,0
g4.q_proj    tp2,2816,2048,32,float16,48,prefill_wmma_ashuffle,120.320,3,53,AMD Radeon RX 9070 XT,64,0,0,0
g4.q_proj    tp2,2816,2048,32,float16,48,64x128x2,121.780,3,53,AMD Radeon RX 9070 XT,64,0,0,0
g4.q_proj    tp2,2816,2048,32,float16,48,32x32,128.993,2,53,AMD Radeon RX 9070 XT,64,0,0,0
g4.q_proj    tp2,2816,2048,32,float16,48,128x128,133.774,2,53,AMD Radeon RX 9070 XT,64,0,0,0
g4.q_proj    tp2,2816,2048,32,float16,48,64x64,137.002,2,53,AMD Radeon RX 9070 XT,64,0,0,0
g4.q_proj    tp2,2816,2048,32,float16,48,112x128,150.746,2,53,AMD Radeon RX 9070 XT,64,0,0,0
g4.q_proj    tp2,2816,2048,32,float16,48,prefill_wmma,151.661,2,53,AMD Radeon RX 9070 XT,64,0,0,0
g4.q_proj    tp2,2816,2048,32,float16,48,prefill_wmma:smallm_off,152.389,2,53,AMD Radeon RX 9070 XT,64,0,0,0
g4.q_proj    tp2,2816,2048,32,float16,48,96x128,168.358,2,53,AMD Radeon RX 9070 XT,64,0,0,0
g4.q_proj    tp2,2816,2048,32,float16,48,80x128,186.819,2,53,AMD Radeon RX 9070 XT,64,0,0,0
g4.q_proj    tp2,2816,2048,32,float16,48,32x64,213.907,2,53,AMD Radeon RX 9070 XT,64,0,0,0
g4.q_proj    tp2,2816,2048,32,float16,48,64x128,226.553,2,53,AMD Radeon RX 9070 XT,64,0,0,0
g4.q_proj    tp2,2816,2048,32,float16,48,128x256,234.452,2,53,AMD Radeon RX 9070 XT,64,0,0,0
g4.q_proj    tp2,2816,2048,32,float16,48,32x128,673.226,2,53,AMD Radeon RX 9070 XT,64,0,0,0
g4.q_proj    tp2,2816,2048,32,float16,48,16x64,687.531,2,53,AMD Radeon RX 9070 XT,64,0,0,0
g4.q_proj    tp2,2816,2048,32,float16,48,16x128,2056.324,2,53,AMD Radeon RX 9070 XT,64,0,0,0
g4.q_proj    tp2,2816,2048,32,float16,63,256x32,53.651,6,53,AMD Radeon RX 9070 XT,64,0,0,0
g4.q_proj    tp2,2816,2048,32,float16,63,128x64x2,55.384,6,53,AMD Radeon RX 9070 XT,64,0,0,0
g4.q_proj    tp2,2816,2048,32,float16,63,auto,56.248,6,53,AMD Radeon RX 9070 XT,64,0,0,0
g4.q_proj    tp2,2816,2048,32,float16,63,128x128x4,56.370,6,53,AMD Radeon RX 9070 XT,64,0,0,0
g4.q_proj    tp2,2816,2048,32,float16,63,32x64x4,66.889,5,53,AMD Radeon RX 9070 XT,64,0,0,0
g4.q_proj    tp2,2816,2048,32,float16,63,256x64,67.809,5,53,AMD Radeon RX 9070 XT,64,0,0,0
g4.q_proj    tp2,2816,2048,32,float16,63,128x32,69.832,5,53,AMD Radeon RX 9070 XT,64,0,0,0
g4.q_proj    tp2,2816,2048,32,float16,63,256x128x2,70.954,5,53,AMD Radeon RX 9070 XT,64,0,0,0
g4.q_proj    tp2,2816,2048,32,float16,63,64x128x4,72.670,5,53,AMD Radeon RX 9070 XT,64,0,0,0
g4.q_proj    tp2,2816,2048,32,float16,63,192x128x2,77.980,4,53,AMD Radeon RX 9070 XT,64,0,0,0
g4.q_proj    tp2,2816,2048,32,float16,63,64x64x2,79.691,4,53,AMD Radeon RX 9070 XT,64,0,0,0
g4.q_proj    tp2,2816,2048,32,float16,63,128x128x2,80.789,4,53,AMD Radeon RX 9070 XT,64,0,0,0
g4.q_proj    tp2,2816,2048,32,float16,63,128x64,88.839,4,53,AMD Radeon RX 9070 XT,64,0,0,0
g4.q_proj    tp2,2816,2048,32,float16,63,256x128,100.069,3,53,AMD Radeon RX 9070 XT,64,0,0,0
g4.q_proj    tp2,2816,2048,32,float16,63,64x32,102.276,3,53,AMD Radeon RX 9070 XT,64,0,0,0
g4.q_proj    tp2,2816,2048,32,float16,63,96x128x2,103.415,3,53,AMD Radeon RX 9070 XT,64,0,0,0
g4.q_proj    tp2,2816,2048,32,float16,63,32x128x4,110.520,3,53,AMD Radeon RX 9070 XT,64,0,0,0
g4.q_proj    tp2,2816,2048,32,float16,63,32x64x2,121.533,3,53,AMD Radeon RX 9070 XT,64,0,0,0
g4.q_proj    tp2,2816,2048,32,float16,63,192x128,121.656,3,53,AMD Radeon RX 9070 XT,64,0,0,0
g4.q_proj    tp2,2816,2048,32,float16,63,64x128x2,125.343,2,53,AMD Radeon RX 9070 XT,64,0,0,0
g4.q_proj    tp2,2816,2048,32,float16,63,prefill_wmma_ashuffle,129.384,2,53,AMD Radeon RX 9070 XT,64,0,0,0
g4.q_proj    tp2,2816,2048,32,float16,63,128x128,137.175,2,53,AMD Radeon RX 9070 XT,64,0,0,0
g4.q_proj    tp2,2816,2048,32,float16,63,32x32,144.004,2,53,AMD Radeon RX 9070 XT,64,0,0,0
g4.q_proj    tp2,2816,2048,32,float16,63,64x64,145.071,2,53,AMD Radeon RX 9070 XT,64,0,0,0
g4.q_proj    tp2,2816,2048,32,float16,63,112x128,155.392,2,53,AMD Radeon RX 9070 XT,64,0,0,0
g4.q_proj    tp2,2816,2048,32,float16,63,prefill_wmma:smallm_off,159.595,2,53,AMD Radeon RX 9070 XT,64,0,0,0
g4.q_proj    tp2,2816,2048,32,float16,63,prefill_wmma,167.494,2,53,AMD Radeon RX 9070 XT,64,0,0,0
g4.q_proj    tp2,2816,2048,32,float16,63,96x128,173.109,2,53,AMD Radeon RX 9070 XT,64,0,0,0
g4.q_proj    tp2,2816,2048,32,float16,63,80x128,193.390,2,53,AMD Radeon RX 9070 XT,64,0,0,0
g4.q_proj    tp2,2816,2048,32,float16,63,32x64,228.926,2,53,AMD Radeon RX 9070 XT,64,0,0,0
g4.q_proj    tp2,2816,2048,32,float16,63,64x128,234.150,2,53,AMD Radeon RX 9070 XT,64,0,0,0
g4.q_proj    tp2,2816,2048,32,float16,63,128x256,237.450,2,53,AMD Radeon RX 9070 XT,64,0,0,0
g4.q_proj    tp2,2816,2048,32,float16,63,32x128,690.320,2,53,AMD Radeon RX 9070 XT,64,0,0,0
g4.q_proj    tp2,2816,2048,32,float16,63,16x64,700.357,2,53,AMD Radeon RX 9070 XT,64,0,0,0
g4.q_proj    tp2,2816,2048,32,float16,63,16x128,2166.289,2,53,AMD Radeon RX 9070 XT,64,0,0,0
g4.q_proj    tp2,2816,2048,32,float16,64,256x32,53.645,6,53,AMD Radeon RX 9070 XT,64,0,0,0
g4.q_proj    tp2,2816,2048,32,float16,64,128x64x2,55.503,6,53,AMD Radeon RX 9070 XT,64,0,0,0
g4.q_proj    tp2,2816,2048,32,float16,64,auto,56.141,6,53,AMD Radeon RX 9070 XT,64,0,0,0
g4.q_proj    tp2,2816,2048,32,float16,64,128x128x4,56.450,6,53,AMD Radeon RX 9070 XT,64,0,0,0
g4.q_proj    tp2,2816,2048,32,float16,64,32x64x4,67.292,5,53,AMD Radeon RX 9070 XT,64,0,0,0
g4.q_proj    tp2,2816,2048,32,float16,64,256x64,67.927,5,53,AMD Radeon RX 9070 XT,64,0,0,0
g4.q_proj    tp2,2816,2048,32,float16,64,128x32,68.749,5,53,AMD Radeon RX 9070 XT,64,0,0,0
g4.q_proj    tp2,2816,2048,32,float16,64,256x128x2,71.020,5,53,AMD Radeon RX 9070 XT,64,0,0,0
g4.q_proj    tp2,2816,2048,32,float16,64,64x128x4,73.262,4,53,AMD Radeon RX 9070 XT,64,0,0,0
g4.q_proj    tp2,2816,2048,32,float16,64,192x128x2,78.843,4,53,AMD Radeon RX 9070 XT,64,0,0,0
g4.q_proj    tp2,2816,2048,32,float16,64,64x64x2,80.153,4,53,AMD Radeon RX 9070 XT,64,0,0,0
g4.q_proj    tp2,2816,2048,32,float16,64,128x128x2,81.576,4,53,AMD Radeon RX 9070 XT,64,0,0,0
g4.q_proj    tp2,2816,2048,32,float16,64,128x64,88.122,4,53,AMD Radeon RX 9070 XT,64,0,0,0
g4.q_proj    tp2,2816,2048,32,float16,64,256x128,100.881,3,53,AMD Radeon RX 9070 XT,64,0,0,0
g4.q_proj    tp2,2816,2048,32,float16,64,64x32,102.483,3,53,AMD Radeon RX 9070 XT,64,0,0,0
g4.q_proj    tp2,2816,2048,32,float16,64,96x128x2,105.110,3,53,AMD Radeon RX 9070 XT,64,0,0,0
g4.q_proj    tp2,2816,2048,32,float16,64,32x128x4,111.068,3,53,AMD Radeon RX 9070 XT,64,0,0,0
g4.q_proj    tp2,2816,2048,32,float16,64,32x64x2,121.961,3,53,AMD Radeon RX 9070 XT,64,0,0,0
g4.q_proj    tp2,2816,2048,32,float16,64,192x128,123.241,3,53,AMD Radeon RX 9070 XT,64,0,0,0
g4.q_proj    tp2,2816,2048,32,float16,64,64x128x2,126.005,2,53,AMD Radeon RX 9070 XT,64,0,0,0
g4.q_proj    tp2,2816,2048,32,float16,64,prefill_wmma_ashuffle,129.314,2,53,AMD Radeon RX 9070 XT,64,0,0,0
g4.q_proj    tp2,2816,2048,32,float16,64,128x128,138.050,2,53,AMD Radeon RX 9070 XT,64,0,0,0
g4.q_proj    tp2,2816,2048,32,float16,64,32x32,144.695,2,53,AMD Radeon RX 9070 XT,64,0,0,0
g4.q_proj    tp2,2816,2048,32,float16,64,64x64,145.674,2,53,AMD Radeon RX 9070 XT,64,0,0,0
g4.q_proj    tp2,2816,2048,32,float16,64,112x128,156.717,2,53,AMD Radeon RX 9070 XT,64,0,0,0
g4.q_proj    tp2,2816,2048,32,float16,64,prefill_wmma:smallm_off,159.520,2,53,AMD Radeon RX 9070 XT,64,0,0,0
g4.q_proj    tp2,2816,2048,32,float16,64,prefill_wmma,167.649,2,53,AMD Radeon RX 9070 XT,64,0,0,0
g4.q_proj    tp2,2816,2048,32,float16,64,96x128,175.055,2,53,AMD Radeon RX 9070 XT,64,0,0,0
g4.q_proj    tp2,2816,2048,32,float16,64,80x128,194.275,2,53,AMD Radeon RX 9070 XT,64,0,0,0
g4.q_proj    tp2,2816,2048,32,float16,64,32x64,230.096,2,53,AMD Radeon RX 9070 XT,64,0,0,0
g4.q_proj    tp2,2816,2048,32,float16,64,64x128,235.063,2,53,AMD Radeon RX 9070 XT,64,0,0,0
g4.q_proj    tp2,2816,2048,32,float16,64,128x256,238.013,2,53,AMD Radeon RX 9070 XT,64,0,0,0
g4.q_proj    tp2,2816,2048,32,float16,64,32x128,684.837,2,53,AMD Radeon RX 9070 XT,64,0,0,0
g4.q_proj    tp2,2816,2048,32,float16,64,16x64,714.005,2,53,AMD Radeon RX 9070 XT,64,0,0,0
g4.q_proj    tp2,2816,2048,32,float16,64,16x128,2087.586,2,53,AMD Radeon RX 9070 XT,64,0,0,0
g4.q_proj    tp2,2816,2048,32,float16,96,256x32,58.572,6,53,AMD Radeon RX 9070 XT,64,0,0,0
g4.q_proj    tp2,2816,2048,32,float16,96,128x128x4,58.590,6,53,AMD Radeon RX 9070 XT,64,0,0,0
g4.q_proj    tp2,2816,2048,32,float16,96,128x64x2,59.897,6,53,AMD Radeon RX 9070 XT,64,0,0,0
g4.q_proj    tp2,2816,2048,32,float16,96,auto,65.598,5,53,AMD Radeon RX 9070 XT,64,0,0,0
g4.q_proj    tp2,2816,2048,32,float16,96,32x64x4,68.119,5,53,AMD Radeon RX 9070 XT,64,0,0,0
g4.q_proj    tp2,2816,2048,32,float16,96,64x128x4,69.216,5,53,AMD Radeon RX 9070 XT,64,0,0,0
g4.q_proj    tp2,2816,2048,32,float16,96,256x64,72.406,5,53,AMD Radeon RX 9070 XT,64,0,0,0
g4.q_proj    tp2,2816,2048,32,float16,96,256x128x2,73.376,4,53,AMD Radeon RX 9070 XT,64,0,0,0
g4.q_proj    tp2,2816,2048,32,float16,96,64x64x2,74.303,4,53,AMD Radeon RX 9070 XT,64,0,0,0
g4.q_proj    tp2,2816,2048,32,float16,96,128x32,79.028,4,53,AMD Radeon RX 9070 XT,64,0,0,0
g4.q_proj    tp2,2816,2048,32,float16,96,192x128x2,80.782,4,53,AMD Radeon RX 9070 XT,64,0,0,0
g4.q_proj    tp2,2816,2048,32,float16,96,128x128x2,85.946,4,53,AMD Radeon RX 9070 XT,64,0,0,0
g4.q_proj    tp2,2816,2048,32,float16,96,64x32,93.022,3,53,AMD Radeon RX 9070 XT,64,0,0,0
g4.q_proj    tp2,2816,2048,32,float16,96,128x64,98.068,3,53,AMD Radeon RX 9070 XT,64,0,0,0
g4.q_proj    tp2,2816,2048,32,float16,96,256x128,105.165,3,53,AMD Radeon RX 9070 XT,64,0,0,0
g4.q_proj    tp2,2816,2048,32,float16,96,96x128x2,109.623,3,53,AMD Radeon RX 9070 XT,64,0,0,0
g4.q_proj    tp2,2816,2048,32,float16,96,32x128x4,111.773,3,53,AMD Radeon RX 9070 XT,64,0,0,0
g4.q_proj    tp2,2816,2048,32,float16,96,64x128x2,117.966,3,53,AMD Radeon RX 9070 XT,64,0,0,0
g4.q_proj    tp2,2816,2048,32,float16,96,32x64x2,122.284,3,53,AMD Radeon RX 9070 XT,64,0,0,0
g4.q_proj    tp2,2816,2048,32,float16,96,192x128,127.555,2,53,AMD Radeon RX 9070 XT,64,0,0,0
g4.q_proj    tp2,2816,2048,32,float16,96,64x64,132.371,2,53,AMD Radeon RX 9070 XT,64,0,0,0
g4.q_proj    tp2,2816,2048,32,float16,96,prefill_wmma_ashuffle,141.892,2,53,AMD Radeon RX 9070 XT,64,0,0,0
g4.q_proj    tp2,2816,2048,32,float16,96,32x32,144.641,2,53,AMD Radeon RX 9070 XT,64,0,0,0
g4.q_proj    tp2,2816,2048,32,float16,96,128x128,146.947,2,53,AMD Radeon RX 9070 XT,64,0,0,0
g4.q_proj    tp2,2816,2048,32,float16,96,112x128,165.815,2,53,AMD Radeon RX 9070 XT,64,0,0,0
g4.q_proj    tp2,2816,2048,32,float16,96,80x128,175.220,2,53,AMD Radeon RX 9070 XT,64,0,0,0
g4.q_proj    tp2,2816,2048,32,float16,96,prefill_wmma,177.370,2,53,AMD Radeon RX 9070 XT,64,0,0,0
g4.q_proj    tp2,2816,2048,32,float16,96,prefill_wmma:smallm_off,183.159,2,53,AMD Radeon RX 9070 XT,64,0,0,0
g4.q_proj    tp2,2816,2048,32,float16,96,96x128,186.057,2,53,AMD Radeon RX 9070 XT,64,0,0,0
g4.q_proj    tp2,2816,2048,32,float16,96,64x128,218.772,2,53,AMD Radeon RX 9070 XT,64,0,0,0
g4.q_proj    tp2,2816,2048,32,float16,96,32x64,230.738,2,53,AMD Radeon RX 9070 XT,64,0,0,0
g4.q_proj    tp2,2816,2048,32,float16,96,128x256,246.983,2,53,AMD Radeon RX 9070 XT,64,0,0,0
g4.q_proj    tp2,2816,2048,32,float16,96,32x128,707.363,2,53,AMD Radeon RX 9070 XT,64,0,0,0
g4.q_proj    tp2,2816,2048,32,float16,96,16x64,758.524,2,53,AMD Radeon RX 9070 XT,64,0,0,0
g4.q_proj    tp2,2816,2048,32,float16,96,16x128,2175.873,2,53,AMD Radeon RX 9070 XT,64,0,0,0
g4.q_proj    tp2,2816,2048,32,float16,128,128x128x4,60.819,5,53,AMD Radeon RX 9070 XT,64,0,0,0
g4.q_proj    tp2,2816,2048,32,float16,128,256x32,64.093,5,53,AMD Radeon RX 9070 XT,64,0,0,0
g4.q_proj    tp2,2816,2048,32,float16,128,128x64x2,64.379,5,53,AMD Radeon RX 9070 XT,64,0,0,0
g4.q_proj    tp2,2816,2048,32,float16,128,32x64x4,73.202,5,53,AMD Radeon RX 9070 XT,64,0,0,0
g4.q_proj    tp2,2816,2048,32,float16,128,64x128x4,73.653,4,53,AMD Radeon RX 9070 XT,64,0,0,0
g4.q_proj    tp2,2816,2048,32,float16,128,auto,75.377,4,53,AMD Radeon RX 9070 XT,64,0,0,0
g4.q_proj    tp2,2816,2048,32,float16,128,256x128x2,75.655,4,53,AMD Radeon RX 9070 XT,64,0,0,0
g4.q_proj    tp2,2816,2048,32,float16,128,256x64,76.750,4,53,AMD Radeon RX 9070 XT,64,0,0,0
g4.q_proj    tp2,2816,2048,32,float16,128,64x64x2,82.757,4,53,AMD Radeon RX 9070 XT,64,0,0,0
g4.q_proj    tp2,2816,2048,32,float16,128,192x128x2,84.434,4,53,AMD Radeon RX 9070 XT,64,0,0,0
g4.q_proj    tp2,2816,2048,32,float16,128,128x32,88.029,4,53,AMD Radeon RX 9070 XT,64,0,0,0
g4.q_proj    tp2,2816,2048,32,float16,128,128x128x2,91.732,4,53,AMD Radeon RX 9070 XT,64,0,0,0
g4.q_proj    tp2,2816,2048,32,float16,128,96x128x2,99.628,3,53,AMD Radeon RX 9070 XT,64,0,0,0
g4.q_proj    tp2,2816,2048,32,float16,128,64x32,104.376,3,53,AMD Radeon RX 9070 XT,64,0,0,0
g4.q_proj    tp2,2816,2048,32,float16,128,128x64,106.755,3,53,AMD Radeon RX 9070 XT,64,0,0,0
g4.q_proj    tp2,2816,2048,32,float16,128,256x128,109.615,3,53,AMD Radeon RX 9070 XT,64,0,0,0
g4.q_proj    tp2,2816,2048,32,float16,128,32x128x4,113.546,3,53,AMD Radeon RX 9070 XT,64,0,0,0
g4.q_proj    tp2,2816,2048,32,float16,128,32x64x2,124.877,2,53,AMD Radeon RX 9070 XT,64,0,0,0
g4.q_proj    tp2,2816,2048,32,float16,128,64x128x2,126.133,2,53,AMD Radeon RX 9070 XT,64,0,0,0
g4.q_proj    tp2,2816,2048,32,float16,128,192x128,133.831,2,53,AMD Radeon RX 9070 XT,64,0,0,0
g4.q_proj    tp2,2816,2048,32,float16,128,32x32,147.372,2,53,AMD Radeon RX 9070 XT,64,0,0,0
g4.q_proj    tp2,2816,2048,32,float16,128,64x64,147.944,2,53,AMD Radeon RX 9070 XT,64,0,0,0
g4.q_proj    tp2,2816,2048,32,float16,128,112x128,152.213,2,53,AMD Radeon RX 9070 XT,64,0,0,0
g4.q_proj    tp2,2816,2048,32,float16,128,128x128,155.760,2,53,AMD Radeon RX 9070 XT,64,0,0,0
g4.q_proj    tp2,2816,2048,32,float16,128,prefill_wmma_ashuffle,156.294,2,53,AMD Radeon RX 9070 XT,64,0,0,0
g4.q_proj    tp2,2816,2048,32,float16,128,96x128,164.676,2,53,AMD Radeon RX 9070 XT,64,0,0,0
g4.q_proj    tp2,2816,2048,32,float16,128,80x128,188.892,2,53,AMD Radeon RX 9070 XT,64,0,0,0
g4.q_proj    tp2,2816,2048,32,float16,128,prefill_wmma,195.223,2,53,AMD Radeon RX 9070 XT,64,0,0,0
g4.q_proj    tp2,2816,2048,32,float16,128,prefill_wmma:smallm_off,197.568,2,53,AMD Radeon RX 9070 XT,64,0,0,0
g4.q_proj    tp2,2816,2048,32,float16,128,64x128,235.054,2,53,AMD Radeon RX 9070 XT,64,0,0,0
g4.q_proj    tp2,2816,2048,32,float16,128,32x64,235.643,2,53,AMD Radeon RX 9070 XT,64,0,0,0
g4.q_proj    tp2,2816,2048,32,float16,128,128x256,256.120,2,53,AMD Radeon RX 9070 XT,64,0,0,0
g4.q_proj    tp2,2816,2048,32,float16,128,16x64,821.235,2,53,AMD Radeon RX 9070 XT,64,0,0,0
g4.q_proj    tp2,2816,2048,32,float16,128,32x128,843.832,2,53,AMD Radeon RX 9070 XT,64,0,0,0
g4.q_proj    tp2,2816,2048,32,float16,128,16x128,2149.090,2,53,AMD Radeon RX 9070 XT,64,0,0,0
g4.q_proj    tp2,2816,2048,32,float16,192,128x128x4,57.158,6,53,AMD Radeon RX 9070 XT,64,0,0,0
g4.q_proj    tp2,2816,2048,32,float16,192,128x64x2,60.959,6,53,AMD Radeon RX 9070 XT,64,0,0,0
g4.q_proj    tp2,2816,2048,32,float16,192,auto,74.505,4,53,AMD Radeon RX 9070 XT,64,0,0,0
g4.q_proj    tp2,2816,2048,32,float16,192,256x32,75.694,4,53,AMD Radeon RX 9070 XT,64,0,0,0
g4.q_proj    tp2,2816,2048,32,float16,192,64x128x4,79.209,4,53,AMD Radeon RX 9070 XT,64,0,0,0
g4.q_proj    tp2,2816,2048,32,float16,192,256x128x2,81.551,4,53,AMD Radeon RX 9070 XT,64,0,0,0
g4.q_proj    tp2,2816,2048,32,float16,192,128x128x2,83.106,4,53,AMD Radeon RX 9070 XT,64,0,0,0
g4.q_proj    tp2,2816,2048,32,float16,192,128x32,83.396,4,53,AMD Radeon RX 9070 XT,64,0,0,0
g4.q_proj    tp2,2816,2048,32,float16,192,64x64x2,83.694,4,53,AMD Radeon RX 9070 XT,64,0,0,0
g4.q_proj    tp2,2816,2048,32,float16,192,32x64x4,85.093,4,53,AMD Radeon RX 9070 XT,64,0,0,0
g4.q_proj    tp2,2816,2048,32,float16,192,256x64,86.706,4,53,AMD Radeon RX 9070 XT,64,0,0,0
g4.q_proj    tp2,2816,2048,32,float16,192,192x128x2,89.658,4,53,AMD Radeon RX 9070 XT,64,0,0,0
g4.q_proj    tp2,2816,2048,32,float16,192,128x64,99.101,3,53,AMD Radeon RX 9070 XT,64,0,0,0
g4.q_proj    tp2,2816,2048,32,float16,192,64x32,105.291,3,53,AMD Radeon RX 9070 XT,64,0,0,0
g4.q_proj    tp2,2816,2048,32,float16,192,96x128x2,110.198,3,53,AMD Radeon RX 9070 XT,64,0,0,0
g4.q_proj    tp2,2816,2048,32,float16,192,32x128x4,114.853,3,53,AMD Radeon RX 9070 XT,64,0,0,0
g4.q_proj    tp2,2816,2048,32,float16,192,256x128,119.602,3,53,AMD Radeon RX 9070 XT,64,0,0,0
g4.q_proj    tp2,2816,2048,32,float16,192,32x64x2,124.725,2,53,AMD Radeon RX 9070 XT,64,0,0,0
g4.q_proj    tp2,2816,2048,32,float16,192,64x128x2,127.211,2,53,AMD Radeon RX 9070 XT,64,0,0,0
g4.q_proj    tp2,2816,2048,32,float16,192,128x128,140.658,2,53,AMD Radeon RX 9070 XT,64,0,0,0
g4.q_proj    tp2,2816,2048,32,float16,192,192x128,145.155,2,53,AMD Radeon RX 9070 XT,64,0,0,0
g4.q_proj    tp2,2816,2048,32,float16,192,32x32,147.118,2,53,AMD Radeon RX 9070 XT,64,0,0,0
g4.q_proj    tp2,2816,2048,32,float16,192,64x64,149.594,2,53,AMD Radeon RX 9070 XT,64,0,0,0
g4.q_proj    tp2,2816,2048,32,float16,192,112x128,163.109,2,53,AMD Radeon RX 9070 XT,64,0,0,0
g4.q_proj    tp2,2816,2048,32,float16,192,80x128,185.716,2,53,AMD Radeon RX 9070 XT,64,0,0,0
g4.q_proj    tp2,2816,2048,32,float16,192,96x128,185.782,2,53,AMD Radeon RX 9070 XT,64,0,0,0
g4.q_proj    tp2,2816,2048,32,float16,192,prefill_wmma_ashuffle,186.544,2,53,AMD Radeon RX 9070 XT,64,0,0,0
g4.q_proj    tp2,2816,2048,32,float16,192,prefill_wmma,232.725,2,53,AMD Radeon RX 9070 XT,64,0,0,0
g4.q_proj    tp2,2816,2048,32,float16,192,32x64,234.553,2,53,AMD Radeon RX 9070 XT,64,0,0,0
g4.q_proj    tp2,2816,2048,32,float16,192,prefill_wmma:smallm_off,235.118,2,53,AMD Radeon RX 9070 XT,64,0,0,0
g4.q_proj    tp2,2816,2048,32,float16,192,64x128,236.577,2,53,AMD Radeon RX 9070 XT,64,0,0,0
g4.q_proj    tp2,2816,2048,32,float16,192,128x256,240.196,2,53,AMD Radeon RX 9070 XT,64,0,0,0
g4.q_proj    tp2,2816,2048,32,float16,192,32x128,780.268,2,53,AMD Radeon RX 9070 XT,64,0,0,0
g4.q_proj    tp2,2816,2048,32,float16,192,16x64,3007.189,2,53,AMD Radeon RX 9070 XT,64,0,0,0
g4.q_proj    tp2,2816,2048,32,float16,192,16x128,4366.159,2,53,AMD Radeon RX 9070 XT,64,0,0,0
g4.q_proj    tp2,2816,2048,32,float16,256,128x128x4,70.806,5,53,AMD Radeon RX 9070 XT,64,0,0,0
g4.q_proj    tp2,2816,2048,32,float16,256,128x64x2,77.542,4,53,AMD Radeon RX 9070 XT,64,0,0,0
g4.q_proj    tp2,2816,2048,32,float16,256,64x128x4,88.593,4,53,AMD Radeon RX 9070 XT,64,0,0,0
g4.q_proj    tp2,2816,2048,32,float16,256,192x128x2,89.512,4,53,AMD Radeon RX 9070 XT,64,0,0,0
g4.q_proj    tp2,2816,2048,32,float16,256,256x32,94.040,3,53,AMD Radeon RX 9070 XT,64,0,0,0
g4.q_proj    tp2,2816,2048,32,float16,256,256x128x2,94.168,3,53,AMD Radeon RX 9070 XT,64,0,0,0
g4.q_proj    tp2,2816,2048,32,float16,256,auto,94.344,3,53,AMD Radeon RX 9070 XT,64,0,0,0
g4.q_proj    tp2,2816,2048,32,float16,256,64x64x2,95.024,3,53,AMD Radeon RX 9070 XT,64,0,0,0
g4.q_proj    tp2,2816,2048,32,float16,256,128x32,100.367,3,53,AMD Radeon RX 9070 XT,64,0,0,0
g4.q_proj    tp2,2816,2048,32,float16,256,128x128x2,100.830,3,53,AMD Radeon RX 9070 XT,64,0,0,0
g4.q_proj    tp2,2816,2048,32,float16,256,256x64,103.766,3,53,AMD Radeon RX 9070 XT,64,0,0,0
g4.q_proj    tp2,2816,2048,32,float16,256,32x64x4,113.398,3,53,AMD Radeon RX 9070 XT,64,0,0,0
g4.q_proj    tp2,2816,2048,32,float16,256,64x32,116.930,3,53,AMD Radeon RX 9070 XT,64,0,0,0
g4.q_proj    tp2,2816,2048,32,float16,256,128x64,119.966,3,53,AMD Radeon RX 9070 XT,64,0,0,0
g4.q_proj    tp2,2816,2048,32,float16,256,96x128x2,120.569,3,53,AMD Radeon RX 9070 XT,64,0,0,0
g4.q_proj    tp2,2816,2048,32,float16,256,32x128x4,131.992,2,53,AMD Radeon RX 9070 XT,64,0,0,0
g4.q_proj    tp2,2816,2048,32,float16,256,256x128,136.503,2,53,AMD Radeon RX 9070 XT,64,0,0,0
g4.q_proj    tp2,2816,2048,32,float16,256,32x64x2,136.608,2,53,AMD Radeon RX 9070 XT,64,0,0,0
g4.q_proj    tp2,2816,2048,32,float16,256,192x128,136.962,2,53,AMD Radeon RX 9070 XT,64,0,0,0
g4.q_proj    tp2,2816,2048,32,float16,256,64x128x2,140.208,2,53,AMD Radeon RX 9070 XT,64,0,0,0
g4.q_proj    tp2,2816,2048,32,float16,256,64x64,162.422,2,53,AMD Radeon RX 9070 XT,64,0,0,0
g4.q_proj    tp2,2816,2048,32,float16,256,128x128,167.878,2,53,AMD Radeon RX 9070 XT,64,0,0,0
g4.q_proj    tp2,2816,2048,32,float16,256,112x128,168.306,2,53,AMD Radeon RX 9070 XT,64,0,0,0
g4.q_proj    tp2,2816,2048,32,float16,256,96x128,189.487,2,53,AMD Radeon RX 9070 XT,64,0,0,0
g4.q_proj    tp2,2816,2048,32,float16,256,80x128,192.695,2,53,AMD Radeon RX 9070 XT,64,0,0,0
g4.q_proj    tp2,2816,2048,32,float16,256,prefill_wmma_ashuffle,217.693,2,53,AMD Radeon RX 9070 XT,64,0,0,0
g4.q_proj    tp2,2816,2048,32,float16,256,32x64,249.797,2,53,AMD Radeon RX 9070 XT,64,0,0,0
g4.q_proj    tp2,2816,2048,32,float16,256,64x128,253.230,2,53,AMD Radeon RX 9070 XT,64,0,0,0
g4.q_proj    tp2,2816,2048,32,float16,256,128x256,265.591,2,53,AMD Radeon RX 9070 XT,64,0,0,0
g4.q_proj    tp2,2816,2048,32,float16,256,prefill_wmma,273.113,2,53,AMD Radeon RX 9070 XT,64,0,0,0
g4.q_proj    tp2,2816,2048,32,float16,256,prefill_wmma:smallm_off,274.048,2,53,AMD Radeon RX 9070 XT,64,0,0,0
g4.q_proj    tp2,2816,2048,32,float16,256,32x32,282.766,2,53,AMD Radeon RX 9070 XT,64,0,0,0
g4.q_proj    tp2,2816,2048,32,float16,256,32x128,841.207,2,53,AMD Radeon RX 9070 XT,64,0,0,0
g4.q_proj    tp2,2816,2048,32,float16,256,16x64,3056.849,2,53,AMD Radeon RX 9070 XT,64,0,0,0
g4.q_proj    tp2,2816,2048,32,float16,256,16x128,4406.065,2,53,AMD Radeon RX 9070 XT,64,0,0,0
g4.q_proj    tp2,2816,2048,32,float16,512,256x128x2,99.879,3,53,AMD Radeon RX 9070 XT,64,0,0,0
g4.q_proj    tp2,2816,2048,32,float16,512,128x128x4,100.605,3,53,AMD Radeon RX 9070 XT,64,0,0,0
g4.q_proj    tp2,2816,2048,32,float16,512,auto,111.680,3,53,AMD Radeon RX 9070 XT,64,0,0,0
g4.q_proj    tp2,2816,2048,32,float16,512,256x64,112.356,3,53,AMD Radeon RX 9070 XT,64,0,0,0
g4.q_proj    tp2,2816,2048,32,float16,512,128x64x2,112.382,3,53,AMD Radeon RX 9070 XT,64,0,0,0
g4.q_proj    tp2,2816,2048,32,float16,512,128x128x2,115.658,3,53,AMD Radeon RX 9070 XT,64,0,0,0
g4.q_proj    tp2,2816,2048,32,float16,512,128x64,127.718,2,53,AMD Radeon RX 9070 XT,64,0,0,0
g4.q_proj    tp2,2816,2048,32,float16,512,64x128x4,131.052,2,53,AMD Radeon RX 9070 XT,64,0,0,0
g4.q_proj    tp2,2816,2048,32,float16,512,96x128x2,135.298,2,53,AMD Radeon RX 9070 XT,64,0,0,0
g4.q_proj    tp2,2816,2048,32,float16,512,256x128,142.902,2,53,AMD Radeon RX 9070 XT,64,0,0,0
g4.q_proj    tp2,2816,2048,32,float16,512,256x32,158.609,2,53,AMD Radeon RX 9070 XT,64,0,0,0
g4.q_proj    tp2,2816,2048,32,float16,512,64x128x2,159.563,2,53,AMD Radeon RX 9070 XT,64,0,0,0
g4.q_proj    tp2,2816,2048,32,float16,512,192x128,164.115,2,53,AMD Radeon RX 9070 XT,64,0,0,0
g4.q_proj    tp2,2816,2048,32,float16,512,192x128x2,169.438,2,53,AMD Radeon RX 9070 XT,64,0,0,0
g4.q_proj    tp2,2816,2048,32,float16,512,64x64x2,169.624,2,53,AMD Radeon RX 9070 XT,64,0,0,0
g4.q_proj    tp2,2816,2048,32,float16,512,128x32,171.850,2,53,AMD Radeon RX 9070 XT,64,0,0,0
g4.q_proj    tp2,2816,2048,32,float16,512,128x128,186.176,2,53,AMD Radeon RX 9070 XT,64,0,0,0
g4.q_proj    tp2,2816,2048,32,float16,512,112x128,191.671,2,53,AMD Radeon RX 9070 XT,64,0,0,0
g4.q_proj    tp2,2816,2048,32,float16,512,96x128,196.956,2,53,AMD Radeon RX 9070 XT,64,0,0,0
g4.q_proj    tp2,2816,2048,32,float16,512,64x32,206.733,2,53,AMD Radeon RX 9070 XT,64,0,0,0
g4.q_proj    tp2,2816,2048,32,float16,512,32x64x4,215.129,2,53,AMD Radeon RX 9070 XT,64,0,0,0
g4.q_proj    tp2,2816,2048,32,float16,512,prefill_wmma_ashuffle,216.868,2,53,AMD Radeon RX 9070 XT,64,0,0,0
g4.q_proj    tp2,2816,2048,32,float16,512,80x128,220.995,2,53,AMD Radeon RX 9070 XT,64,0,0,0
g4.q_proj    tp2,2816,2048,32,float16,512,32x128x4,245.334,2,53,AMD Radeon RX 9070 XT,64,0,0,0
g4.q_proj    tp2,2816,2048,32,float16,512,32x64x2,259.505,2,53,AMD Radeon RX 9070 XT,64,0,0,0
g4.q_proj    tp2,2816,2048,32,float16,512,64x128,266.145,2,53,AMD Radeon RX 9070 XT,64,0,0,0
g4.q_proj    tp2,2816,2048,32,float16,512,128x256,288.470,2,53,AMD Radeon RX 9070 XT,64,0,0,0
g4.q_proj    tp2,2816,2048,32,float16,512,64x64,296.370,2,53,AMD Radeon RX 9070 XT,64,0,0,0
g4.q_proj    tp2,2816,2048,32,float16,512,prefill_wmma:smallm_off,300.316,2,53,AMD Radeon RX 9070 XT,64,0,0,0
g4.q_proj    tp2,2816,2048,32,float16,512,prefill_wmma,310.433,2,53,AMD Radeon RX 9070 XT,64,0,0,0
g4.q_proj    tp2,2816,2048,32,float16,512,32x32,412.424,2,53,AMD Radeon RX 9070 XT,64,0,0,0
g4.q_proj    tp2,2816,2048,32,float16,512,32x64,471.325,2,53,AMD Radeon RX 9070 XT,64,0,0,0
g4.q_proj    tp2,2816,2048,32,float16,512,32x128,2107.229,2,53,AMD Radeon RX 9070 XT,64,0,0,0
g4.q_proj    tp2,2816,2048,32,float16,512,16x64,3732.734,2,53,AMD Radeon RX 9070 XT,64,0,0,0
g4.q_proj    tp2,2816,2048,32,float16,512,16x128,8814.780,2,53,AMD Radeon RX 9070 XT,64,0,0,0
g4.q_proj    tp2,2816,2048,32,float16,1024,auto,176.820,2,53,AMD Radeon RX 9070 XT,64,0,0,0
g4.q_proj    tp2,2816,2048,32,float16,1024,256x128,177.032,2,53,AMD Radeon RX 9070 XT,64,0,0,0
g4.q_proj    tp2,2816,2048,32,float16,1024,256x128x2,184.039,2,53,AMD Radeon RX 9070 XT,64,0,0,0
g4.q_proj    tp2,2816,2048,32,float16,1024,128x128x4,185.292,2,53,AMD Radeon RX 9070 XT,64,0,0,0
g4.q_proj    tp2,2816,2048,32,float16,1024,128x64x2,203.077,2,53,AMD Radeon RX 9070 XT,64,0,0,0
g4.q_proj    tp2,2816,2048,32,float16,1024,256x64,212.589,2,53,AMD Radeon RX 9070 XT,64,0,0,0
g4.q_proj    tp2,2816,2048,32,float16,1024,128x128x2,219.498,2,53,AMD Radeon RX 9070 XT,64,0,0,0
g4.q_proj    tp2,2816,2048,32,float16,1024,64x128x4,240.852,2,53,AMD Radeon RX 9070 XT,64,0,0,0
g4.q_proj    tp2,2816,2048,32,float16,1024,256x32,242.810,2,53,AMD Radeon RX 9070 XT,64,0,0,0
g4.q_proj    tp2,2816,2048,32,float16,1024,128x64,245.553,2,53,AMD Radeon RX 9070 XT,64,0,0,0
g4.q_proj    tp2,2816,2048,32,float16,1024,192x128x2,247.016,2,53,AMD Radeon RX 9070 XT,64,0,0,0
g4.q_proj    tp2,2816,2048,32,float16,1024,96x128x2,254.531,2,53,AMD Radeon RX 9070 XT,64,0,0,0
g4.q_proj    tp2,2816,2048,32,float16,1024,prefill_wmma_ashuffle,276.732,2,53,AMD Radeon RX 9070 XT,64,0,0,0
g4.q_proj    tp2,2816,2048,32,float16,1024,64x64x2,277.667,2,53,AMD Radeon RX 9070 XT,64,0,0,0
g4.q_proj    tp2,2816,2048,32,float16,1024,192x128,284.944,2,53,AMD Radeon RX 9070 XT,64,0,0,0
g4.q_proj    tp2,2816,2048,32,float16,1024,64x128x2,303.518,2,53,AMD Radeon RX 9070 XT,64,0,0,0
g4.q_proj    tp2,2816,2048,32,float16,1024,128x256,309.728,2,53,AMD Radeon RX 9070 XT,64,0,0,0
g4.q_proj    tp2,2816,2048,32,float16,1024,128x32,317.588,2,53,AMD Radeon RX 9070 XT,64,0,0,0
g4.q_proj    tp2,2816,2048,32,float16,1024,128x128,327.692,2,53,AMD Radeon RX 9070 XT,64,0,0,0
g4.q_proj    tp2,2816,2048,32,float16,1024,112x128,347.401,2,53,AMD Radeon RX 9070 XT,64,0,0,0
g4.q_proj    tp2,2816,2048,32,float16,1024,64x32,382.962,2,53,AMD Radeon RX 9070 XT,64,0,0,0
g4.q_proj    tp2,2816,2048,32,float16,1024,32x64x4,383.209,2,53,AMD Radeon RX 9070 XT,64,0,0,0
g4.q_proj    tp2,2816,2048,32,float16,1024,96x128,384.281,2,53,AMD Radeon RX 9070 XT,64,0,0,0
g4.q_proj    tp2,2816,2048,32,float16,1024,80x128,419.365,2,53,AMD Radeon RX 9070 XT,64,0,0,0
g4.q_proj    tp2,2816,2048,32,float16,1024,64x64,444.684,2,53,AMD Radeon RX 9070 XT,64,0,0,0
g4.q_proj    tp2,2816,2048,32,float16,1024,32x128x4,477.038,2,53,AMD Radeon RX 9070 XT,64,0,0,0
g4.q_proj    tp2,2816,2048,32,float16,1024,32x64x2,498.271,2,53,AMD Radeon RX 9070 XT,64,0,0,0
g4.q_proj    tp2,2816,2048,32,float16,1024,64x128,518.623,2,53,AMD Radeon RX 9070 XT,64,0,0,0
g4.q_proj    tp2,2816,2048,32,float16,1024,prefill_wmma,617.192,2,53,AMD Radeon RX 9070 XT,64,0,0,0
g4.q_proj    tp2,2816,2048,32,float16,1024,prefill_wmma:smallm_off,618.761,2,53,AMD Radeon RX 9070 XT,64,0,0,0
g4.q_proj    tp2,2816,2048,32,float16,1024,32x32,814.154,2,53,AMD Radeon RX 9070 XT,64,0,0,0
g4.q_proj    tp2,2816,2048,32,float16,1024,32x64,946.109,2,53,AMD Radeon RX 9070 XT,64,0,0,0
g4.q_proj    tp2,2816,2048,32,float16,1024,32x128,3178.267,2,53,AMD Radeon RX 9070 XT,64,0,0,0
g4.q_proj    tp2,2816,2048,32,float16,1024,16x64,3356.791,2,53,AMD Radeon RX 9070 XT,64,0,0,0
g4.q_proj    tp2,2816,2048,32,float16,1024,16x128,6705.709,2,53,AMD Radeon RX 9070 XT,64,0,0,0
g4.q_proj    tp2,2816,2048,32,float16,2048,auto,338.707,2,53,AMD Radeon RX 9070 XT,64,0,0,0
g4.q_proj    tp2,2816,2048,32,float16,2048,256x128,339.001,2,53,AMD Radeon RX 9070 XT,64,0,0,0
g4.q_proj    tp2,2816,2048,32,float16,2048,128x128x4,354.053,2,53,AMD Radeon RX 9070 XT,64,0,0,0
g4.q_proj    tp2,2816,2048,32,float16,2048,256x128x2,356.186,2,53,AMD Radeon RX 9070 XT,64,0,0,0
g4.q_proj    tp2,2816,2048,32,float16,2048,128x64x2,381.089,2,53,AMD Radeon RX 9070 XT,64,0,0,0
g4.q_proj    tp2,2816,2048,32,float16,2048,256x64,410.372,2,53,AMD Radeon RX 9070 XT,64,0,0,0
g4.q_proj    tp2,2816,2048,32,float16,2048,128x128x2,430.306,2,53,AMD Radeon RX 9070 XT,64,0,0,0
g4.q_proj    tp2,2816,2048,32,float16,2048,64x128x4,454.842,2,53,AMD Radeon RX 9070 XT,64,0,0,0
g4.q_proj    tp2,2816,2048,32,float16,2048,256x32,458.750,2,53,AMD Radeon RX 9070 XT,64,0,0,0
g4.q_proj    tp2,2816,2048,32,float16,2048,192x128,466.231,2,53,AMD Radeon RX 9070 XT,64,0,0,0
g4.q_proj    tp2,2816,2048,32,float16,2048,96x128x2,467.937,2,53,AMD Radeon RX 9070 XT,64,0,0,0
g4.q_proj    tp2,2816,2048,32,float16,2048,128x64,480.194,2,53,AMD Radeon RX 9070 XT,64,0,0,0
g4.q_proj    tp2,2816,2048,32,float16,2048,192x128x2,491.081,2,53,AMD Radeon RX 9070 XT,64,0,0,0
g4.q_proj    tp2,2816,2048,32,float16,2048,128x128,521.672,2,53,AMD Radeon RX 9070 XT,64,0,0,0
g4.q_proj    tp2,2816,2048,32,float16,2048,prefill_wmma_ashuffle,539.216,2,53,AMD Radeon RX 9070 XT,64,0,0,0
g4.q_proj    tp2,2816,2048,32,float16,2048,64x64x2,546.128,2,53,AMD Radeon RX 9070 XT,64,0,0,0
g4.q_proj    tp2,2816,2048,32,float16,2048,128x32,556.573,2,53,AMD Radeon RX 9070 XT,64,0,0,0
g4.q_proj    tp2,2816,2048,32,float16,2048,64x128x2,588.844,2,53,AMD Radeon RX 9070 XT,64,0,0,0
g4.q_proj    tp2,2816,2048,32,float16,2048,128x256,621.661,2,53,AMD Radeon RX 9070 XT,64,0,0,0
g4.q_proj    tp2,2816,2048,32,float16,2048,112x128,672.399,2,53,AMD Radeon RX 9070 XT,64,0,0,0
g4.q_proj    tp2,2816,2048,32,float16,2048,32x64x4,725.545,2,53,AMD Radeon RX 9070 XT,64,0,0,0
g4.q_proj    tp2,2816,2048,32,float16,2048,96x128,737.085,2,53,AMD Radeon RX 9070 XT,64,0,0,0
g4.q_proj    tp2,2816,2048,32,float16,2048,64x32,747.547,2,53,AMD Radeon RX 9070 XT,64,0,0,0
g4.q_proj    tp2,2816,2048,32,float16,2048,80x128,810.910,2,53,AMD Radeon RX 9070 XT,64,0,0,0
g4.q_proj    tp2,2816,2048,32,float16,2048,64x64,883.111,2,53,AMD Radeon RX 9070 XT,64,0,0,0
g4.q_proj    tp2,2816,2048,32,float16,2048,32x128x4,952.370,2,53,AMD Radeon RX 9070 XT,64,0,0,0
g4.q_proj    tp2,2816,2048,32,float16,2048,32x64x2,986.197,2,53,AMD Radeon RX 9070 XT,64,0,0,0
g4.q_proj    tp2,2816,2048,32,float16,2048,64x128,1028.808,2,53,AMD Radeon RX 9070 XT,64,0,0,0
g4.q_proj    tp2,2816,2048,32,float16,2048,prefill_wmma:smallm_off,1185.890,2,53,AMD Radeon RX 9070 XT,64,0,0,0
g4.q_proj    tp2,2816,2048,32,float16,2048,prefill_wmma,1188.269,2,53,AMD Radeon RX 9070 XT,64,0,0,0
g4.q_proj    tp2,2816,2048,32,float16,2048,32x32,1663.409,2,53,AMD Radeon RX 9070 XT,64,0,0,0
g4.q_proj    tp2,2816,2048,32,float16,2048,32x64,2066.914,2,53,AMD Radeon RX 9070 XT,64,0,0,0
g4.q_proj    tp2,2816,2048,32,float16,2048,16x64,5178.391,2,53,AMD Radeon RX 9070 XT,64,0,0,0
g4.q_proj    tp2,2816,2048,32,float16,2048,32x128,5676.723,2,53,AMD Radeon RX 9070 XT,64,0,0,0
g4.q_proj    tp2,2816,2048,32,float16,2048,16x128,8887.546,2,53,AMD Radeon RX 9070 XT,64,0,0,0
g4.o_proj    tp2,2048,2816,32,float16,1,128x64x2,41.906,8,53,AMD Radeon RX 9070 XT,64,0,0,0
g4.o_proj    tp2,2048,2816,32,float16,1,128x32,43.883,8,53,AMD Radeon RX 9070 XT,64,0,0,0
g4.o_proj    tp2,2048,2816,32,float16,1,128x128x4,44.525,8,53,AMD Radeon RX 9070 XT,64,0,0,0
g4.o_proj    tp2,2048,2816,32,float16,1,auto,44.747,8,53,AMD Radeon RX 9070 XT,64,0,0,0
g4.o_proj    tp2,2048,2816,32,float16,1,32x64x4,45.939,7,53,AMD Radeon RX 9070 XT,64,0,0,0
g4.o_proj    tp2,2048,2816,32,float16,1,64x64x2,48.111,7,53,AMD Radeon RX 9070 XT,64,0,0,0
g4.o_proj    tp2,2048,2816,32,float16,1,256x32,48.284,7,53,AMD Radeon RX 9070 XT,64,0,0,0
g4.o_proj    tp2,2048,2816,32,float16,1,64x128x4,48.490,7,53,AMD Radeon RX 9070 XT,64,0,0,0
g4.o_proj    tp2,2048,2816,32,float16,1,64x32,51.370,7,53,AMD Radeon RX 9070 XT,64,0,0,0
g4.o_proj    tp2,2048,2816,32,float16,1,256x128x2,54.291,6,53,AMD Radeon RX 9070 XT,64,0,0,0
g4.o_proj    tp2,2048,2816,32,float16,1,128x128x2,54.677,6,53,AMD Radeon RX 9070 XT,64,0,0,0
g4.o_proj    tp2,2048,2816,32,float16,1,256x64,54.865,6,53,AMD Radeon RX 9070 XT,64,0,0,0
g4.o_proj    tp2,2048,2816,32,float16,1,192x128x2,55.447,6,53,AMD Radeon RX 9070 XT,64,0,0,0
g4.o_proj    tp2,2048,2816,32,float16,1,128x64,55.893,6,53,AMD Radeon RX 9070 XT,64,0,0,0
g4.o_proj    tp2,2048,2816,32,float16,1,96x128x2,65.671,5,53,AMD Radeon RX 9070 XT,64,0,0,0
g4.o_proj    tp2,2048,2816,32,float16,1,256x128,67.953,5,53,AMD Radeon RX 9070 XT,64,0,0,0
g4.o_proj    tp2,2048,2816,32,float16,1,32x128x4,73.830,5,53,AMD Radeon RX 9070 XT,64,0,0,0
g4.o_proj    tp2,2048,2816,32,float16,1,32x64x2,74.807,4,53,AMD Radeon RX 9070 XT,64,0,0,0
g4.o_proj    tp2,2048,2816,32,float16,1,64x128x2,76.524,4,53,AMD Radeon RX 9070 XT,64,0,0,0
g4.o_proj    tp2,2048,2816,32,float16,1,192x128,77.885,4,53,AMD Radeon RX 9070 XT,64,0,0,0
g4.o_proj    tp2,2048,2816,32,float16,1,64x64,79.145,4,53,AMD Radeon RX 9070 XT,64,0,0,0
g4.o_proj    tp2,2048,2816,32,float16,1,32x32,79.302,4,53,AMD Radeon RX 9070 XT,64,0,0,0
g4.o_proj    tp2,2048,2816,32,float16,1,prefill_wmma_ashuffle,81.449,4,53,AMD Radeon RX 9070 XT,64,0,0,0
g4.o_proj    tp2,2048,2816,32,float16,1,prefill_wmma,84.481,4,53,AMD Radeon RX 9070 XT,64,0,0,0
g4.o_proj    tp2,2048,2816,32,float16,1,128x128,85.646,4,53,AMD Radeon RX 9070 XT,64,0,0,0
g4.o_proj    tp2,2048,2816,32,float16,1,112x128,97.065,3,53,AMD Radeon RX 9070 XT,64,0,0,0
g4.o_proj    tp2,2048,2816,32,float16,1,96x128,105.548,3,53,AMD Radeon RX 9070 XT,64,0,0,0
g4.o_proj    tp2,2048,2816,32,float16,1,prefill_wmma:smallm_off,114.969,3,53,AMD Radeon RX 9070 XT,64,0,0,0
g4.o_proj    tp2,2048,2816,32,float16,1,80x128,116.180,3,53,AMD Radeon RX 9070 XT,64,0,0,0
g4.o_proj    tp2,2048,2816,32,float16,1,64x128,139.036,2,53,AMD Radeon RX 9070 XT,64,0,0,0
g4.o_proj    tp2,2048,2816,32,float16,1,32x64,139.691,2,53,AMD Radeon RX 9070 XT,64,0,0,0
g4.o_proj    tp2,2048,2816,32,float16,1,128x256,154.460,2,53,AMD Radeon RX 9070 XT,64,0,0,0
g4.o_proj    tp2,2048,2816,32,float16,1,16x64,253.880,2,53,AMD Radeon RX 9070 XT,64,0,0,0
g4.o_proj    tp2,2048,2816,32,float16,1,32x128,288.874,2,53,AMD Radeon RX 9070 XT,64,0,0,0
g4.o_proj    tp2,2048,2816,32,float16,1,16x128,1293.544,2,53,AMD Radeon RX 9070 XT,64,0,0,0
g4.o_proj    tp2,2048,2816,32,float16,8,128x64x2,43.446,8,53,AMD Radeon RX 9070 XT,64,0,0,0
g4.o_proj    tp2,2048,2816,32,float16,8,128x128x4,45.338,8,53,AMD Radeon RX 9070 XT,64,0,0,0
g4.o_proj    tp2,2048,2816,32,float16,8,128x32,45.874,8,53,AMD Radeon RX 9070 XT,64,0,0,0
g4.o_proj    tp2,2048,2816,32,float16,8,auto,46.052,7,53,AMD Radeon RX 9070 XT,64,0,0,0
g4.o_proj    tp2,2048,2816,32,float16,8,32x64x4,46.832,7,53,AMD Radeon RX 9070 XT,64,0,0,0
g4.o_proj    tp2,2048,2816,32,float16,8,64x128x4,48.927,7,53,AMD Radeon RX 9070 XT,64,0,0,0
g4.o_proj    tp2,2048,2816,32,float16,8,64x64x2,49.456,7,53,AMD Radeon RX 9070 XT,64,0,0,0
g4.o_proj    tp2,2048,2816,32,float16,8,256x32,49.731,7,53,AMD Radeon RX 9070 XT,64,0,0,0
g4.o_proj    tp2,2048,2816,32,float16,8,64x32,53.161,6,53,AMD Radeon RX 9070 XT,64,0,0,0
g4.o_proj    tp2,2048,2816,32,float16,8,128x128x2,55.943,6,53,AMD Radeon RX 9070 XT,64,0,0,0
g4.o_proj    tp2,2048,2816,32,float16,8,256x128x2,56.143,6,53,AMD Radeon RX 9070 XT,64,0,0,0
g4.o_proj    tp2,2048,2816,32,float16,8,256x64,56.938,6,53,AMD Radeon RX 9070 XT,64,0,0,0
g4.o_proj    tp2,2048,2816,32,float16,8,192x128x2,57.073,6,53,AMD Radeon RX 9070 XT,64,0,0,0
g4.o_proj    tp2,2048,2816,32,float16,8,128x64,57.733,6,53,AMD Radeon RX 9070 XT,64,0,0,0
g4.o_proj    tp2,2048,2816,32,float16,8,96x128x2,67.263,5,53,AMD Radeon RX 9070 XT,64,0,0,0
g4.o_proj    tp2,2048,2816,32,float16,8,256x128,70.301,5,53,AMD Radeon RX 9070 XT,64,0,0,0
g4.o_proj    tp2,2048,2816,32,float16,8,32x128x4,73.105,5,53,AMD Radeon RX 9070 XT,64,0,0,0
g4.o_proj    tp2,2048,2816,32,float16,8,32x64x2,76.369,4,53,AMD Radeon RX 9070 XT,64,0,0,0
g4.o_proj    tp2,2048,2816,32,float16,8,64x128x2,77.722,4,53,AMD Radeon RX 9070 XT,64,0,0,0
g4.o_proj    tp2,2048,2816,32,float16,8,prefill_wmma_ashuffle,80.282,4,53,AMD Radeon RX 9070 XT,64,0,0,0
g4.o_proj    tp2,2048,2816,32,float16,8,192x128,80.482,4,53,AMD Radeon RX 9070 XT,64,0,0,0
g4.o_proj    tp2,2048,2816,32,float16,8,64x64,81.492,4,53,AMD Radeon RX 9070 XT,64,0,0,0
g4.o_proj    tp2,2048,2816,32,float16,8,32x32,82.145,4,53,AMD Radeon RX 9070 XT,64,0,0,0
g4.o_proj    tp2,2048,2816,32,float16,8,prefill_wmma,84.528,4,53,AMD Radeon RX 9070 XT,64,0,0,0
g4.o_proj    tp2,2048,2816,32,float16,8,128x128,88.284,4,53,AMD Radeon RX 9070 XT,64,0,0,0
g4.o_proj    tp2,2048,2816,32,float16,8,112x128,98.920,3,53,AMD Radeon RX 9070 XT,64,0,0,0
g4.o_proj    tp2,2048,2816,32,float16,8,96x128,107.334,3,53,AMD Radeon RX 9070 XT,64,0,0,0
g4.o_proj    tp2,2048,2816,32,float16,8,prefill_wmma:smallm_off,111.372,3,53,AMD Radeon RX 9070 XT,64,0,0,0
g4.o_proj    tp2,2048,2816,32,float16,8,80x128,117.604,3,53,AMD Radeon RX 9070 XT,64,0,0,0
g4.o_proj    tp2,2048,2816,32,float16,8,64x128,140.813,2,53,AMD Radeon RX 9070 XT,64,0,0,0
g4.o_proj    tp2,2048,2816,32,float16,8,32x64,142.066,2,53,AMD Radeon RX 9070 XT,64,0,0,0
g4.o_proj    tp2,2048,2816,32,float16,8,128x256,158.182,2,53,AMD Radeon RX 9070 XT,64,0,0,0
g4.o_proj    tp2,2048,2816,32,float16,8,32x128,298.698,2,53,AMD Radeon RX 9070 XT,64,0,0,0
g4.o_proj    tp2,2048,2816,32,float16,8,16x64,373.883,2,53,AMD Radeon RX 9070 XT,64,0,0,0
g4.o_proj    tp2,2048,2816,32,float16,8,16x128,1248.409,2,53,AMD Radeon RX 9070 XT,64,0,0,0
g4.o_proj    tp2,2048,2816,32,float16,17,128x64x2,43.608,8,53,AMD Radeon RX 9070 XT,64,0,0,0
g4.o_proj    tp2,2048,2816,32,float16,17,128x128x4,46.179,8,53,AMD Radeon RX 9070 XT,64,0,0,0
g4.o_proj    tp2,2048,2816,32,float16,17,128x32,47.948,7,53,AMD Radeon RX 9070 XT,64,0,0,0
g4.o_proj    tp2,2048,2816,32,float16,17,32x64x4,48.064,7,53,AMD Radeon RX 9070 XT,64,0,0,0
g4.o_proj    tp2,2048,2816,32,float16,17,auto,48.177,7,53,AMD Radeon RX 9070 XT,64,0,0,0
g4.o_proj    tp2,2048,2816,32,float16,17,64x128x4,49.941,7,53,AMD Radeon RX 9070 XT,64,0,0,0
g4.o_proj    tp2,2048,2816,32,float16,17,256x32,50.290,7,53,AMD Radeon RX 9070 XT,64,0,0,0
g4.o_proj    tp2,2048,2816,32,float16,17,64x64x2,50.657,7,53,AMD Radeon RX 9070 XT,64,0,0,0
g4.o_proj    tp2,2048,2816,32,float16,17,256x128x2,56.663,6,53,AMD Radeon RX 9070 XT,64,0,0,0
g4.o_proj    tp2,2048,2816,32,float16,17,128x128x2,57.023,6,53,AMD Radeon RX 9070 XT,64,0,0,0
g4.o_proj    tp2,2048,2816,32,float16,17,64x32,57.145,6,53,AMD Radeon RX 9070 XT,64,0,0,0
g4.o_proj    tp2,2048,2816,32,float16,17,256x64,57.183,6,53,AMD Radeon RX 9070 XT,64,0,0,0
g4.o_proj    tp2,2048,2816,32,float16,17,192x128x2,57.831,6,53,AMD Radeon RX 9070 XT,64,0,0,0
g4.o_proj    tp2,2048,2816,32,float16,17,128x64,59.008,6,53,AMD Radeon RX 9070 XT,64,0,0,0
g4.o_proj    tp2,2048,2816,32,float16,17,96x128x2,71.072,5,53,AMD Radeon RX 9070 XT,64,0,0,0
g4.o_proj    tp2,2048,2816,32,float16,17,256x128,71.234,5,53,AMD Radeon RX 9070 XT,64,0,0,0
g4.o_proj    tp2,2048,2816,32,float16,17,32x128x4,75.610,4,53,AMD Radeon RX 9070 XT,64,0,0,0
g4.o_proj    tp2,2048,2816,32,float16,17,32x64x2,78.884,4,53,AMD Radeon RX 9070 XT,64,0,0,0
g4.o_proj    tp2,2048,2816,32,float16,17,64x128x2,78.948,4,53,AMD Radeon RX 9070 XT,64,0,0,0
g4.o_proj    tp2,2048,2816,32,float16,17,192x128,81.887,4,53,AMD Radeon RX 9070 XT,64,0,0,0
g4.o_proj    tp2,2048,2816,32,float16,17,64x64,84.010,4,53,AMD Radeon RX 9070 XT,64,0,0,0
g4.o_proj    tp2,2048,2816,32,float16,17,prefill_wmma_ashuffle,86.239,4,53,AMD Radeon RX 9070 XT,64,0,0,0
g4.o_proj    tp2,2048,2816,32,float16,17,128x128,89.464,4,53,AMD Radeon RX 9070 XT,64,0,0,0
g4.o_proj    tp2,2048,2816,32,float16,17,32x32,89.514,4,53,AMD Radeon RX 9070 XT,64,0,0,0
g4.o_proj    tp2,2048,2816,32,float16,17,prefill_wmma,95.565,3,53,AMD Radeon RX 9070 XT,64,0,0,0
g4.o_proj    tp2,2048,2816,32,float16,17,112x128,101.049,3,53,AMD Radeon RX 9070 XT,64,0,0,0
g4.o_proj    tp2,2048,2816,32,float16,17,96x128,109.733,3,53,AMD Radeon RX 9070 XT,64,0,0,0
g4.o_proj    tp2,2048,2816,32,float16,17,80x128,120.007,3,53,AMD Radeon RX 9070 XT,64,0,0,0
g4.o_proj    tp2,2048,2816,32,float16,17,prefill_wmma:smallm_off,120.523,3,53,AMD Radeon RX 9070 XT,64,0,0,0
g4.o_proj    tp2,2048,2816,32,float16,17,64x128,143.437,2,53,AMD Radeon RX 9070 XT,64,0,0,0
g4.o_proj    tp2,2048,2816,32,float16,17,32x64,148.084,2,53,AMD Radeon RX 9070 XT,64,0,0,0
g4.o_proj    tp2,2048,2816,32,float16,17,128x256,159.302,2,53,AMD Radeon RX 9070 XT,64,0,0,0
g4.o_proj    tp2,2048,2816,32,float16,17,16x64,243.517,2,53,AMD Radeon RX 9070 XT,64,0,0,0
g4.o_proj    tp2,2048,2816,32,float16,17,32x128,315.156,2,53,AMD Radeon RX 9070 XT,64,0,0,0
g4.o_proj    tp2,2048,2816,32,float16,17,16x128,903.269,2,53,AMD Radeon RX 9070 XT,64,0,0,0
g4.o_proj    tp2,2048,2816,32,float16,24,128x64x2,45.038,8,53,AMD Radeon RX 9070 XT,64,0,0,0
g4.o_proj    tp2,2048,2816,32,float16,24,128x128x4,46.294,8,53,AMD Radeon RX 9070 XT,64,0,0,0
g4.o_proj    tp2,2048,2816,32,float16,24,auto,48.717,7,53,AMD Radeon RX 9070 XT,64,0,0,0
g4.o_proj    tp2,2048,2816,32,float16,24,128x32,48.968,7,53,AMD Radeon RX 9070 XT,64,0,0,0
g4.o_proj    tp2,2048,2816,32,float16,24,32x64x4,49.097,7,53,AMD Radeon RX 9070 XT,64,0,0,0
g4.o_proj    tp2,2048,2816,32,float16,24,256x32,50.374,7,53,AMD Radeon RX 9070 XT,64,0,0,0
g4.o_proj    tp2,2048,2816,32,float16,24,64x128x4,50.524,7,53,AMD Radeon RX 9070 XT,64,0,0,0
g4.o_proj    tp2,2048,2816,32,float16,24,64x64x2,51.960,7,53,AMD Radeon RX 9070 XT,64,0,0,0
g4.o_proj    tp2,2048,2816,32,float16,24,256x128x2,56.840,6,53,AMD Radeon RX 9070 XT,64,0,0,0
g4.o_proj    tp2,2048,2816,32,float16,24,128x128x2,57.591,6,53,AMD Radeon RX 9070 XT,64,0,0,0
g4.o_proj    tp2,2048,2816,32,float16,24,192x128x2,58.010,6,53,AMD Radeon RX 9070 XT,64,0,0,0
g4.o_proj    tp2,2048,2816,32,float16,24,256x64,58.591,6,53,AMD Radeon RX 9070 XT,64,0,0,0
g4.o_proj    tp2,2048,2816,32,float16,24,64x32,59.322,6,53,AMD Radeon RX 9070 XT,64,0,0,0
g4.o_proj    tp2,2048,2816,32,float16,24,128x64,60.176,6,53,AMD Radeon RX 9070 XT,64,0,0,0
g4.o_proj    tp2,2048,2816,32,float16,24,96x128x2,71.244,5,53,AMD Radeon RX 9070 XT,64,0,0,0
g4.o_proj    tp2,2048,2816,32,float16,24,256x128,71.992,5,53,AMD Radeon RX 9070 XT,64,0,0,0
g4.o_proj    tp2,2048,2816,32,float16,24,32x128x4,76.958,4,53,AMD Radeon RX 9070 XT,64,0,0,0
g4.o_proj    tp2,2048,2816,32,float16,24,64x128x2,80.363,4,53,AMD Radeon RX 9070 XT,64,0,0,0
g4.o_proj    tp2,2048,2816,32,float16,24,32x64x2,81.850,4,53,AMD Radeon RX 9070 XT,64,0,0,0
g4.o_proj    tp2,2048,2816,32,float16,24,192x128,83.143,4,53,AMD Radeon RX 9070 XT,64,0,0,0
g4.o_proj    tp2,2048,2816,32,float16,24,prefill_wmma_ashuffle,86.451,4,53,AMD Radeon RX 9070 XT,64,0,0,0
g4.o_proj    tp2,2048,2816,32,float16,24,64x64,86.770,4,53,AMD Radeon RX 9070 XT,64,0,0,0
g4.o_proj    tp2,2048,2816,32,float16,24,128x128,90.989,4,53,AMD Radeon RX 9070 XT,64,0,0,0
g4.o_proj    tp2,2048,2816,32,float16,24,32x32,94.795,3,53,AMD Radeon RX 9070 XT,64,0,0,0
g4.o_proj    tp2,2048,2816,32,float16,24,prefill_wmma,96.091,3,53,AMD Radeon RX 9070 XT,64,0,0,0
g4.o_proj    tp2,2048,2816,32,float16,24,112x128,102.404,3,53,AMD Radeon RX 9070 XT,64,0,0,0
g4.o_proj    tp2,2048,2816,32,float16,24,96x128,111.027,3,53,AMD Radeon RX 9070 XT,64,0,0,0
g4.o_proj    tp2,2048,2816,32,float16,24,prefill_wmma:smallm_off,121.010,3,53,AMD Radeon RX 9070 XT,64,0,0,0
g4.o_proj    tp2,2048,2816,32,float16,24,80x128,122.166,3,53,AMD Radeon RX 9070 XT,64,0,0,0
g4.o_proj    tp2,2048,2816,32,float16,24,64x128,146.293,2,53,AMD Radeon RX 9070 XT,64,0,0,0
g4.o_proj    tp2,2048,2816,32,float16,24,32x64,154.319,2,53,AMD Radeon RX 9070 XT,64,0,0,0
g4.o_proj    tp2,2048,2816,32,float16,24,128x256,160.613,2,53,AMD Radeon RX 9070 XT,64,0,0,0
g4.o_proj    tp2,2048,2816,32,float16,24,16x64,375.264,2,53,AMD Radeon RX 9070 XT,64,0,0,0
g4.o_proj    tp2,2048,2816,32,float16,24,32x128,383.076,2,53,AMD Radeon RX 9070 XT,64,0,0,0
g4.o_proj    tp2,2048,2816,32,float16,24,16x128,1006.071,2,53,AMD Radeon RX 9070 XT,64,0,0,0
g4.o_proj    tp2,2048,2816,32,float16,32,128x64x2,45.251,8,53,AMD Radeon RX 9070 XT,64,0,0,0
g4.o_proj    tp2,2048,2816,32,float16,32,128x128x4,46.334,7,53,AMD Radeon RX 9070 XT,64,0,0,0
g4.o_proj    tp2,2048,2816,32,float16,32,128x32,50.386,7,53,AMD Radeon RX 9070 XT,64,0,0,0
g4.o_proj    tp2,2048,2816,32,float16,32,auto,50.476,7,53,AMD Radeon RX 9070 XT,64,0,0,0
g4.o_proj    tp2,2048,2816,32,float16,32,32x64x4,50.478,7,53,AMD Radeon RX 9070 XT,64,0,0,0
g4.o_proj    tp2,2048,2816,32,float16,32,256x32,50.869,7,53,AMD Radeon RX 9070 XT,64,0,0,0
g4.o_proj    tp2,2048,2816,32,float16,32,64x128x4,51.644,7,53,AMD Radeon RX 9070 XT,64,0,0,0
g4.o_proj    tp2,2048,2816,32,float16,32,64x64x2,53.414,6,53,AMD Radeon RX 9070 XT,64,0,0,0
g4.o_proj    tp2,2048,2816,32,float16,32,256x128x2,57.083,6,53,AMD Radeon RX 9070 XT,64,0,0,0
g4.o_proj    tp2,2048,2816,32,float16,32,192x128x2,58.545,5,53,AMD Radeon RX 9070 XT,64,0,0,0
g4.o_proj    tp2,2048,2816,32,float16,32,256x64,58.593,6,53,AMD Radeon RX 9070 XT,64,0,0,0
g4.o_proj    tp2,2048,2816,32,float16,32,128x128x2,58.726,6,53,AMD Radeon RX 9070 XT,64,0,0,0
g4.o_proj    tp2,2048,2816,32,float16,32,128x64,61.297,6,53,AMD Radeon RX 9070 XT,64,0,0,0
g4.o_proj    tp2,2048,2816,32,float16,32,64x32,62.578,5,53,AMD Radeon RX 9070 XT,64,0,0,0
g4.o_proj    tp2,2048,2816,32,float16,32,96x128x2,70.035,5,53,AMD Radeon RX 9070 XT,64,0,0,0
g4.o_proj    tp2,2048,2816,32,float16,32,256x128,73.021,5,53,AMD Radeon RX 9070 XT,64,0,0,0
g4.o_proj    tp2,2048,2816,32,float16,32,32x128x4,78.474,4,53,AMD Radeon RX 9070 XT,64,0,0,0
g4.o_proj    tp2,2048,2816,32,float16,32,64x128x2,81.870,4,53,AMD Radeon RX 9070 XT,64,0,0,0
g4.o_proj    tp2,2048,2816,32,float16,32,192x128,84.832,4,53,AMD Radeon RX 9070 XT,64,0,0,0
g4.o_proj    tp2,2048,2816,32,float16,32,32x64x2,84.953,4,53,AMD Radeon RX 9070 XT,64,0,0,0
g4.o_proj    tp2,2048,2816,32,float16,32,prefill_wmma_ashuffle,86.520,4,53,AMD Radeon RX 9070 XT,64,0,0,0
g4.o_proj    tp2,2048,2816,32,float16,32,64x64,89.967,4,53,AMD Radeon RX 9070 XT,64,0,0,0
g4.o_proj    tp2,2048,2816,32,float16,32,128x128,92.591,3,53,AMD Radeon RX 9070 XT,64,0,0,0
g4.o_proj    tp2,2048,2816,32,float16,32,32x32,101.224,3,53,AMD Radeon RX 9070 XT,64,0,0,0
g4.o_proj    tp2,2048,2816,32,float16,32,prefill_wmma,101.457,3,53,AMD Radeon RX 9070 XT,64,0,0,0
g4.o_proj    tp2,2048,2816,32,float16,32,112x128,102.769,3,53,AMD Radeon RX 9070 XT,64,0,0,0
g4.o_proj    tp2,2048,2816,32,float16,32,96x128,112.570,3,53,AMD Radeon RX 9070 XT,64,0,0,0
g4.o_proj    tp2,2048,2816,32,float16,32,prefill_wmma:smallm_off,121.423,2,53,AMD Radeon RX 9070 XT,64,0,0,0
g4.o_proj    tp2,2048,2816,32,float16,32,80x128,124.620,2,53,AMD Radeon RX 9070 XT,64,0,0,0
g4.o_proj    tp2,2048,2816,32,float16,32,64x128,149.556,2,53,AMD Radeon RX 9070 XT,64,0,0,0
g4.o_proj    tp2,2048,2816,32,float16,32,32x64,160.574,2,53,AMD Radeon RX 9070 XT,64,0,0,0
g4.o_proj    tp2,2048,2816,32,float16,32,128x256,161.909,2,53,AMD Radeon RX 9070 XT,64,0,0,0
g4.o_proj    tp2,2048,2816,32,float16,32,32x128,433.072,2,53,AMD Radeon RX 9070 XT,64,0,0,0
g4.o_proj    tp2,2048,2816,32,float16,32,16x64,444.508,2,53,AMD Radeon RX 9070 XT,64,0,0,0
g4.o_proj    tp2,2048,2816,32,float16,32,16x128,843.045,2,53,AMD Radeon RX 9070 XT,64,0,0,0
g4.o_proj    tp2,2048,2816,32,float16,48,128x64x2,46.414,7,53,AMD Radeon RX 9070 XT,64,0,0,0
g4.o_proj    tp2,2048,2816,32,float16,48,128x128x4,47.755,7,53,AMD Radeon RX 9070 XT,64,0,0,0
g4.o_proj    tp2,2048,2816,32,float16,48,32x64x4,49.653,7,53,AMD Radeon RX 9070 XT,64,0,0,0
g4.o_proj    tp2,2048,2816,32,float16,48,256x32,52.448,6,53,AMD Radeon RX 9070 XT,64,0,0,0
g4.o_proj    tp2,2048,2816,32,float16,48,auto,52.982,7,53,AMD Radeon RX 9070 XT,64,0,0,0
g4.o_proj    tp2,2048,2816,32,float16,48,64x128x4,53.304,6,53,AMD Radeon RX 9070 XT,64,0,0,0
g4.o_proj    tp2,2048,2816,32,float16,48,128x32,53.497,6,53,AMD Radeon RX 9070 XT,64,0,0,0
g4.o_proj    tp2,2048,2816,32,float16,48,64x64x2,56.437,6,53,AMD Radeon RX 9070 XT,64,0,0,0
g4.o_proj    tp2,2048,2816,32,float16,48,256x128x2,58.329,6,53,AMD Radeon RX 9070 XT,64,0,0,0
g4.o_proj    tp2,2048,2816,32,float16,48,192x128x2,59.703,6,53,AMD Radeon RX 9070 XT,64,0,0,0
g4.o_proj    tp2,2048,2816,32,float16,48,256x64,59.806,5,53,AMD Radeon RX 9070 XT,64,0,0,0
g4.o_proj    tp2,2048,2816,32,float16,48,128x128x2,60.372,5,53,AMD Radeon RX 9070 XT,64,0,0,0
g4.o_proj    tp2,2048,2816,32,float16,48,128x64,63.466,5,53,AMD Radeon RX 9070 XT,64,0,0,0
g4.o_proj    tp2,2048,2816,32,float16,48,64x32,72.415,4,53,AMD Radeon RX 9070 XT,64,0,0,0
g4.o_proj    tp2,2048,2816,32,float16,48,96x128x2,74.325,5,53,AMD Radeon RX 9070 XT,64,0,0,0
g4.o_proj    tp2,2048,2816,32,float16,48,256x128,74.584,4,53,AMD Radeon RX 9070 XT,64,0,0,0
g4.o_proj    tp2,2048,2816,32,float16,48,32x128x4,77.729,4,53,AMD Radeon RX 9070 XT,64,0,0,0
g4.o_proj    tp2,2048,2816,32,float16,48,32x64x2,79.956,4,53,AMD Radeon RX 9070 XT,64,0,0,0
g4.o_proj    tp2,2048,2816,32,float16,48,64x128x2,86.156,4,53,AMD Radeon RX 9070 XT,64,0,0,0
g4.o_proj    tp2,2048,2816,32,float16,48,192x128,86.587,4,53,AMD Radeon RX 9070 XT,64,0,0,0
g4.o_proj    tp2,2048,2816,32,float16,48,prefill_wmma_ashuffle,91.759,4,53,AMD Radeon RX 9070 XT,64,0,0,0
g4.o_proj    tp2,2048,2816,32,float16,48,32x32,92.735,3,53,AMD Radeon RX 9070 XT,64,0,0,0
g4.o_proj    tp2,2048,2816,32,float16,48,128x128,95.652,3,53,AMD Radeon RX 9070 XT,64,0,0,0
g4.o_proj    tp2,2048,2816,32,float16,48,64x64,97.731,3,53,AMD Radeon RX 9070 XT,64,0,0,0
g4.o_proj    tp2,2048,2816,32,float16,48,112x128,106.898,3,53,AMD Radeon RX 9070 XT,64,0,0,0
g4.o_proj    tp2,2048,2816,32,float16,48,prefill_wmma,116.704,3,53,AMD Radeon RX 9070 XT,64,0,0,0
g4.o_proj    tp2,2048,2816,32,float16,48,96x128,118.725,3,53,AMD Radeon RX 9070 XT,64,0,0,0
g4.o_proj    tp2,2048,2816,32,float16,48,prefill_wmma:smallm_off,127.500,2,53,AMD Radeon RX 9070 XT,64,0,0,0
g4.o_proj    tp2,2048,2816,32,float16,48,80x128,129.346,2,53,AMD Radeon RX 9070 XT,64,0,0,0
g4.o_proj    tp2,2048,2816,32,float16,48,32x64,148.620,2,53,AMD Radeon RX 9070 XT,64,0,0,0
g4.o_proj    tp2,2048,2816,32,float16,48,64x128,155.885,2,53,AMD Radeon RX 9070 XT,64,0,0,0
g4.o_proj    tp2,2048,2816,32,float16,48,128x256,164.832,2,53,AMD Radeon RX 9070 XT,64,0,0,0
g4.o_proj    tp2,2048,2816,32,float16,48,32x128,323.402,2,53,AMD Radeon RX 9070 XT,64,0,0,0
g4.o_proj    tp2,2048,2816,32,float16,48,16x64,481.630,2,53,AMD Radeon RX 9070 XT,64,0,0,0
g4.o_proj    tp2,2048,2816,32,float16,48,16x128,904.126,2,53,AMD Radeon RX 9070 XT,64,0,0,0
g4.o_proj    tp2,2048,2816,32,float16,63,128x64x2,47.815,7,53,AMD Radeon RX 9070 XT,64,0,0,0
g4.o_proj    tp2,2048,2816,32,float16,63,128x128x4,47.955,6,53,AMD Radeon RX 9070 XT,64,0,0,0
g4.o_proj    tp2,2048,2816,32,float16,63,32x64x4,51.959,6,53,AMD Radeon RX 9070 XT,64,0,0,0
g4.o_proj    tp2,2048,2816,32,float16,63,64x128x4,54.236,6,53,AMD Radeon RX 9070 XT,64,0,0,0
g4.o_proj    tp2,2048,2816,32,float16,63,256x32,54.472,6,53,AMD Radeon RX 9070 XT,64,0,0,0
g4.o_proj    tp2,2048,2816,32,float16,63,auto,55.273,6,53,AMD Radeon RX 9070 XT,64,0,0,0
g4.o_proj    tp2,2048,2816,32,float16,63,128x32,55.804,6,53,AMD Radeon RX 9070 XT,64,0,0,0
g4.o_proj    tp2,2048,2816,32,float16,63,256x128x2,58.759,6,53,AMD Radeon RX 9070 XT,64,0,0,0
g4.o_proj    tp2,2048,2816,32,float16,63,64x64x2,59.144,6,53,AMD Radeon RX 9070 XT,64,0,0,0
g4.o_proj    tp2,2048,2816,32,float16,63,192x128x2,60.566,5,53,AMD Radeon RX 9070 XT,64,0,0,0
g4.o_proj    tp2,2048,2816,32,float16,63,256x64,60.664,5,53,AMD Radeon RX 9070 XT,64,0,0,0
g4.o_proj    tp2,2048,2816,32,float16,63,128x128x2,61.330,5,53,AMD Radeon RX 9070 XT,64,0,0,0
g4.o_proj    tp2,2048,2816,32,float16,63,128x64,66.192,5,53,AMD Radeon RX 9070 XT,64,0,0,0
g4.o_proj    tp2,2048,2816,32,float16,63,256x128,75.734,4,53,AMD Radeon RX 9070 XT,64,0,0,0
g4.o_proj    tp2,2048,2816,32,float16,63,96x128x2,76.371,4,53,AMD Radeon RX 9070 XT,64,0,0,0
g4.o_proj    tp2,2048,2816,32,float16,63,64x32,78.233,4,53,AMD Radeon RX 9070 XT,64,0,0,0
g4.o_proj    tp2,2048,2816,32,float16,63,32x128x4,78.634,4,53,AMD Radeon RX 9070 XT,64,0,0,0
g4.o_proj    tp2,2048,2816,32,float16,63,32x64x2,86.027,4,53,AMD Radeon RX 9070 XT,64,0,0,0
g4.o_proj    tp2,2048,2816,32,float16,63,64x128x2,89.018,4,53,AMD Radeon RX 9070 XT,64,0,0,0
g4.o_proj    tp2,2048,2816,32,float16,63,192x128,89.484,4,53,AMD Radeon RX 9070 XT,64,0,0,0
g4.o_proj    tp2,2048,2816,32,float16,63,prefill_wmma_ashuffle,97.246,3,53,AMD Radeon RX 9070 XT,64,0,0,0
g4.o_proj    tp2,2048,2816,32,float16,63,128x128,98.227,3,53,AMD Radeon RX 9070 XT,64,0,0,0
g4.o_proj    tp2,2048,2816,32,float16,63,32x32,102.222,3,53,AMD Radeon RX 9070 XT,64,0,0,0
g4.o_proj    tp2,2048,2816,32,float16,63,64x64,103.424,3,53,AMD Radeon RX 9070 XT,64,0,0,0
g4.o_proj    tp2,2048,2816,32,float16,63,112x128,110.091,3,53,AMD Radeon RX 9070 XT,64,0,0,0
g4.o_proj    tp2,2048,2816,32,float16,63,96x128,122.438,3,53,AMD Radeon RX 9070 XT,64,0,0,0
g4.o_proj    tp2,2048,2816,32,float16,63,prefill_wmma,129.106,2,53,AMD Radeon RX 9070 XT,64,0,0,0
g4.o_proj    tp2,2048,2816,32,float16,63,prefill_wmma:smallm_off,133.033,2,53,AMD Radeon RX 9070 XT,64,0,0,0
g4.o_proj    tp2,2048,2816,32,float16,63,80x128,134.156,2,53,AMD Radeon RX 9070 XT,64,0,0,0
g4.o_proj    tp2,2048,2816,32,float16,63,32x64,159.994,2,53,AMD Radeon RX 9070 XT,64,0,0,0
g4.o_proj    tp2,2048,2816,32,float16,63,64x128,160.993,2,53,AMD Radeon RX 9070 XT,64,0,0,0
g4.o_proj    tp2,2048,2816,32,float16,63,128x256,167.341,2,53,AMD Radeon RX 9070 XT,64,0,0,0
g4.o_proj    tp2,2048,2816,32,float16,63,32x128,453.054,2,53,AMD Radeon RX 9070 XT,64,0,0,0
g4.o_proj    tp2,2048,2816,32,float16,63,16x64,490.723,2,53,AMD Radeon RX 9070 XT,64,0,0,0
g4.o_proj    tp2,2048,2816,32,float16,63,16x128,900.136,2,53,AMD Radeon RX 9070 XT,64,0,0,0
g4.o_proj    tp2,2048,2816,32,float16,64,128x128x4,47.897,7,53,AMD Radeon RX 9070 XT,64,0,0,0
g4.o_proj    tp2,2048,2816,32,float16,64,128x64x2,48.020,7,53,AMD Radeon RX 9070 XT,64,0,0,0
g4.o_proj    tp2,2048,2816,32,float16,64,32x64x4,52.194,7,53,AMD Radeon RX 9070 XT,64,0,0,0
g4.o_proj    tp2,2048,2816,32,float16,64,64x128x4,54.826,6,53,AMD Radeon RX 9070 XT,64,0,0,0
g4.o_proj    tp2,2048,2816,32,float16,64,256x32,55.283,6,53,AMD Radeon RX 9070 XT,64,0,0,0
g4.o_proj    tp2,2048,2816,32,float16,64,auto,55.730,6,53,AMD Radeon RX 9070 XT,64,0,0,0
g4.o_proj    tp2,2048,2816,32,float16,64,128x32,56.784,6,53,AMD Radeon RX 9070 XT,64,0,0,0
g4.o_proj    tp2,2048,2816,32,float16,64,256x128x2,58.686,6,53,AMD Radeon RX 9070 XT,64,0,0,0
g4.o_proj    tp2,2048,2816,32,float16,64,64x64x2,59.408,6,53,AMD Radeon RX 9070 XT,64,0,0,0
g4.o_proj    tp2,2048,2816,32,float16,64,256x64,60.712,5,53,AMD Radeon RX 9070 XT,64,0,0,0
g4.o_proj    tp2,2048,2816,32,float16,64,192x128x2,61.166,5,53,AMD Radeon RX 9070 XT,64,0,0,0
g4.o_proj    tp2,2048,2816,32,float16,64,128x128x2,61.989,5,53,AMD Radeon RX 9070 XT,64,0,0,0
g4.o_proj    tp2,2048,2816,32,float16,64,128x64,66.549,5,53,AMD Radeon RX 9070 XT,64,0,0,0
g4.o_proj    tp2,2048,2816,32,float16,64,96x128x2,75.139,4,53,AMD Radeon RX 9070 XT,64,0,0,0
g4.o_proj    tp2,2048,2816,32,float16,64,256x128,76.243,4,53,AMD Radeon RX 9070 XT,64,0,0,0
g4.o_proj    tp2,2048,2816,32,float16,64,64x32,78.760,4,53,AMD Radeon RX 9070 XT,64,0,0,0
g4.o_proj    tp2,2048,2816,32,float16,64,32x128x4,79.156,4,53,AMD Radeon RX 9070 XT,64,0,0,0
g4.o_proj    tp2,2048,2816,32,float16,64,32x64x2,86.490,4,53,AMD Radeon RX 9070 XT,64,0,0,0
g4.o_proj    tp2,2048,2816,32,float16,64,64x128x2,89.401,4,53,AMD Radeon RX 9070 XT,64,0,0,0
g4.o_proj    tp2,2048,2816,32,float16,64,192x128,90.244,4,53,AMD Radeon RX 9070 XT,64,0,0,0
g4.o_proj    tp2,2048,2816,32,float16,64,prefill_wmma_ashuffle,97.293,3,53,AMD Radeon RX 9070 XT,64,0,0,0
g4.o_proj    tp2,2048,2816,32,float16,64,128x128,98.739,3,53,AMD Radeon RX 9070 XT,64,0,0,0
g4.o_proj    tp2,2048,2816,32,float16,64,32x32,102.666,3,53,AMD Radeon RX 9070 XT,64,0,0,0
g4.o_proj    tp2,2048,2816,32,float16,64,64x64,104.012,3,53,AMD Radeon RX 9070 XT,64,0,0,0
g4.o_proj    tp2,2048,2816,32,float16,64,112x128,110.008,3,53,AMD Radeon RX 9070 XT,64,0,0,0
g4.o_proj    tp2,2048,2816,32,float16,64,96x128,121.823,2,53,AMD Radeon RX 9070 XT,64,0,0,0
g4.o_proj    tp2,2048,2816,32,float16,64,prefill_wmma,129.143,2,53,AMD Radeon RX 9070 XT,64,0,0,0
g4.o_proj    tp2,2048,2816,32,float16,64,prefill_wmma:smallm_off,133.058,2,53,AMD Radeon RX 9070 XT,64,0,0,0
g4.o_proj    tp2,2048,2816,32,float16,64,80x128,134.670,2,53,AMD Radeon RX 9070 XT,64,0,0,0
g4.o_proj    tp2,2048,2816,32,float16,64,32x64,160.930,2,53,AMD Radeon RX 9070 XT,64,0,0,0
g4.o_proj    tp2,2048,2816,32,float16,64,64x128,162.267,2,53,AMD Radeon RX 9070 XT,64,0,0,0
g4.o_proj    tp2,2048,2816,32,float16,64,128x256,167.990,2,53,AMD Radeon RX 9070 XT,64,0,0,0
g4.o_proj    tp2,2048,2816,32,float16,64,32x128,485.921,2,53,AMD Radeon RX 9070 XT,64,0,0,0
g4.o_proj    tp2,2048,2816,32,float16,64,16x64,490.172,2,53,AMD Radeon RX 9070 XT,64,0,0,0
g4.o_proj    tp2,2048,2816,32,float16,64,16x128,978.221,2,53,AMD Radeon RX 9070 XT,64,0,0,0
g4.o_proj    tp2,2048,2816,32,float16,96,128x128x4,49.583,7,53,AMD Radeon RX 9070 XT,64,0,0,0
g4.o_proj    tp2,2048,2816,32,float16,96,128x64x2,51.218,6,53,AMD Radeon RX 9070 XT,64,0,0,0
g4.o_proj    tp2,2048,2816,32,float16,96,64x128x4,56.194,6,53,AMD Radeon RX 9070 XT,64,0,0,0
g4.o_proj    tp2,2048,2816,32,float16,96,64x64x2,56.460,6,53,AMD Radeon RX 9070 XT,64,0,0,0
g4.o_proj    tp2,2048,2816,32,float16,96,32x64x4,57.442,6,53,AMD Radeon RX 9070 XT,64,0,0,0
g4.o_proj    tp2,2048,2816,32,float16,96,256x32,58.645,6,53,AMD Radeon RX 9070 XT,64,0,0,0
g4.o_proj    tp2,2048,2816,32,float16,96,256x128x2,60.457,6,53,AMD Radeon RX 9070 XT,64,0,0,0
g4.o_proj    tp2,2048,2816,32,float16,96,auto,61.543,6,53,AMD Radeon RX 9070 XT,64,0,0,0
g4.o_proj    tp2,2048,2816,32,float16,96,192x128x2,63.154,5,53,AMD Radeon RX 9070 XT,64,0,0,0
g4.o_proj    tp2,2048,2816,32,float16,96,128x32,63.227,5,53,AMD Radeon RX 9070 XT,64,0,0,0
g4.o_proj    tp2,2048,2816,32,float16,96,256x64,63.560,5,53,AMD Radeon RX 9070 XT,64,0,0,0
g4.o_proj    tp2,2048,2816,32,float16,96,128x128x2,65.361,5,53,AMD Radeon RX 9070 XT,64,0,0,0
g4.o_proj    tp2,2048,2816,32,float16,96,128x64,72.653,5,53,AMD Radeon RX 9070 XT,64,0,0,0
g4.o_proj    tp2,2048,2816,32,float16,96,64x32,72.747,5,53,AMD Radeon RX 9070 XT,64,0,0,0
g4.o_proj    tp2,2048,2816,32,float16,96,256x128,79.465,4,53,AMD Radeon RX 9070 XT,64,0,0,0
g4.o_proj    tp2,2048,2816,32,float16,96,32x128x4,79.745,4,53,AMD Radeon RX 9070 XT,64,0,0,0
g4.o_proj    tp2,2048,2816,32,float16,96,96x128x2,80.488,4,53,AMD Radeon RX 9070 XT,64,0,0,0
g4.o_proj    tp2,2048,2816,32,float16,96,64x128x2,84.570,4,53,AMD Radeon RX 9070 XT,64,0,0,0
g4.o_proj    tp2,2048,2816,32,float16,96,32x64x2,86.924,4,53,AMD Radeon RX 9070 XT,64,0,0,0
g4.o_proj    tp2,2048,2816,32,float16,96,192x128,93.131,3,53,AMD Radeon RX 9070 XT,64,0,0,0
g4.o_proj    tp2,2048,2816,32,float16,96,64x64,96.074,3,53,AMD Radeon RX 9070 XT,64,0,0,0
g4.o_proj    tp2,2048,2816,32,float16,96,32x32,103.316,3,53,AMD Radeon RX 9070 XT,64,0,0,0
g4.o_proj    tp2,2048,2816,32,float16,96,128x128,105.074,3,53,AMD Radeon RX 9070 XT,64,0,0,0
g4.o_proj    tp2,2048,2816,32,float16,96,prefill_wmma_ashuffle,108.244,3,53,AMD Radeon RX 9070 XT,64,0,0,0
g4.o_proj    tp2,2048,2816,32,float16,96,112x128,118.015,3,53,AMD Radeon RX 9070 XT,64,0,0,0
g4.o_proj    tp2,2048,2816,32,float16,96,80x128,131.559,2,53,AMD Radeon RX 9070 XT,64,0,0,0
g4.o_proj    tp2,2048,2816,32,float16,96,96x128,132.000,2,53,AMD Radeon RX 9070 XT,64,0,0,0
g4.o_proj    tp2,2048,2816,32,float16,96,prefill_wmma,145.390,2,53,AMD Radeon RX 9070 XT,64,0,0,0
g4.o_proj    tp2,2048,2816,32,float16,96,64x128,151.024,2,53,AMD Radeon RX 9070 XT,64,0,0,0
g4.o_proj    tp2,2048,2816,32,float16,96,prefill_wmma:smallm_off,151.321,2,53,AMD Radeon RX 9070 XT,64,0,0,0
g4.o_proj    tp2,2048,2816,32,float16,96,32x64,162.389,2,53,AMD Radeon RX 9070 XT,64,0,0,0
g4.o_proj    tp2,2048,2816,32,float16,96,128x256,174.329,2,53,AMD Radeon RX 9070 XT,64,0,0,0
g4.o_proj    tp2,2048,2816,32,float16,96,32x128,481.030,2,53,AMD Radeon RX 9070 XT,64,0,0,0
g4.o_proj    tp2,2048,2816,32,float16,96,16x64,489.454,2,53,AMD Radeon RX 9070 XT,64,0,0,0
g4.o_proj    tp2,2048,2816,32,float16,96,16x128,948.868,2,53,AMD Radeon RX 9070 XT,64,0,0,0
g4.o_proj    tp2,2048,2816,32,float16,128,128x128x4,51.098,7,53,AMD Radeon RX 9070 XT,64,0,0,0
g4.o_proj    tp2,2048,2816,32,float16,128,128x64x2,54.235,6,53,AMD Radeon RX 9070 XT,64,0,0,0
g4.o_proj    tp2,2048,2816,32,float16,128,64x128x4,58.368,6,53,AMD Radeon RX 9070 XT,64,0,0,0
g4.o_proj    tp2,2048,2816,32,float16,128,256x32,61.207,5,53,AMD Radeon RX 9070 XT,64,0,0,0
g4.o_proj    tp2,2048,2816,32,float16,128,64x64x2,61.688,5,53,AMD Radeon RX 9070 XT,64,0,0,0
g4.o_proj    tp2,2048,2816,32,float16,128,256x128x2,62.068,5,53,AMD Radeon RX 9070 XT,64,0,0,0
g4.o_proj    tp2,2048,2816,32,float16,128,32x64x4,63.579,5,53,AMD Radeon RX 9070 XT,64,0,0,0
g4.o_proj    tp2,2048,2816,32,float16,128,192x128x2,65.350,5,53,AMD Radeon RX 9070 XT,64,0,0,0
g4.o_proj    tp2,2048,2816,32,float16,128,256x64,65.353,5,53,AMD Radeon RX 9070 XT,64,0,0,0
g4.o_proj    tp2,2048,2816,32,float16,128,auto,67.201,5,53,AMD Radeon RX 9070 XT,64,0,0,0
g4.o_proj    tp2,2048,2816,32,float16,128,128x128x2,68.178,5,53,AMD Radeon RX 9070 XT,64,0,0,0
g4.o_proj    tp2,2048,2816,32,float16,128,128x32,72.988,4,53,AMD Radeon RX 9070 XT,64,0,0,0
g4.o_proj    tp2,2048,2816,32,float16,128,96x128x2,77.819,4,53,AMD Radeon RX 9070 XT,64,0,0,0
g4.o_proj    tp2,2048,2816,32,float16,128,64x32,81.215,4,53,AMD Radeon RX 9070 XT,64,0,0,0
g4.o_proj    tp2,2048,2816,32,float16,128,128x64,82.047,4,53,AMD Radeon RX 9070 XT,64,0,0,0
g4.o_proj    tp2,2048,2816,32,float16,128,256x128,82.554,4,53,AMD Radeon RX 9070 XT,64,0,0,0
g4.o_proj    tp2,2048,2816,32,float16,128,32x128x4,82.906,4,53,AMD Radeon RX 9070 XT,64,0,0,0
g4.o_proj    tp2,2048,2816,32,float16,128,32x64x2,88.419,4,53,AMD Radeon RX 9070 XT,64,0,0,0
g4.o_proj    tp2,2048,2816,32,float16,128,64x128x2,90.683,4,53,AMD Radeon RX 9070 XT,64,0,0,0
g4.o_proj    tp2,2048,2816,32,float16,128,192x128,99.050,3,53,AMD Radeon RX 9070 XT,64,0,0,0
g4.o_proj    tp2,2048,2816,32,float16,128,32x32,105.010,3,53,AMD Radeon RX 9070 XT,64,0,0,0
g4.o_proj    tp2,2048,2816,32,float16,128,64x64,107.045,3,53,AMD Radeon RX 9070 XT,64,0,0,0
g4.o_proj    tp2,2048,2816,32,float16,128,128x128,111.422,3,53,AMD Radeon RX 9070 XT,64,0,0,0
g4.o_proj    tp2,2048,2816,32,float16,128,112x128,117.384,3,53,AMD Radeon RX 9070 XT,64,0,0,0
g4.o_proj    tp2,2048,2816,32,float16,128,prefill_wmma_ashuffle,122.258,3,53,AMD Radeon RX 9070 XT,64,0,0,0
g4.o_proj    tp2,2048,2816,32,float16,128,96x128,122.713,3,53,AMD Radeon RX 9070 XT,64,0,0,0
g4.o_proj    tp2,2048,2816,32,float16,128,80x128,133.757,2,53,AMD Radeon RX 9070 XT,64,0,0,0
g4.o_proj    tp2,2048,2816,32,float16,128,prefill_wmma,161.127,2,53,AMD Radeon RX 9070 XT,64,0,0,0
g4.o_proj    tp2,2048,2816,32,float16,128,prefill_wmma:smallm_off,163.367,2,53,AMD Radeon RX 9070 XT,64,0,0,0
g4.o_proj    tp2,2048,2816,32,float16,128,64x128,163.488,2,53,AMD Radeon RX 9070 XT,64,0,0,0
g4.o_proj    tp2,2048,2816,32,float16,128,32x64,164.952,2,53,AMD Radeon RX 9070 XT,64,0,0,0
g4.o_proj    tp2,2048,2816,32,float16,128,128x256,180.774,2,53,AMD Radeon RX 9070 XT,64,0,0,0
g4.o_proj    tp2,2048,2816,32,float16,128,32x128,486.186,2,53,AMD Radeon RX 9070 XT,64,0,0,0
g4.o_proj    tp2,2048,2816,32,float16,128,16x64,1213.830,2,53,AMD Radeon RX 9070 XT,64,0,0,0
g4.o_proj    tp2,2048,2816,32,float16,128,16x128,2534.965,2,53,AMD Radeon RX 9070 XT,64,0,0,0
g4.o_proj    tp2,2048,2816,32,float16,192,128x64x2,58.554,6,53,AMD Radeon RX 9070 XT,64,0,0,0
g4.o_proj    tp2,2048,2816,32,float16,192,128x128x4,61.589,5,53,AMD Radeon RX 9070 XT,64,0,0,0
g4.o_proj    tp2,2048,2816,32,float16,192,256x128x2,65.271,5,53,AMD Radeon RX 9070 XT,64,0,0,0
g4.o_proj    tp2,2048,2816,32,float16,192,64x128x4,67.832,5,53,AMD Radeon RX 9070 XT,64,0,0,0
g4.o_proj    tp2,2048,2816,32,float16,192,256x32,67.841,5,53,AMD Radeon RX 9070 XT,64,0,0,0
g4.o_proj    tp2,2048,2816,32,float16,192,64x64x2,69.123,5,53,AMD Radeon RX 9070 XT,64,0,0,0
g4.o_proj    tp2,2048,2816,32,float16,192,192x128x2,69.660,5,53,AMD Radeon RX 9070 XT,64,0,0,0
g4.o_proj    tp2,2048,2816,32,float16,192,256x64,71.180,5,53,AMD Radeon RX 9070 XT,64,0,0,0
g4.o_proj    tp2,2048,2816,32,float16,192,auto,71.220,5,53,AMD Radeon RX 9070 XT,64,0,0,0
g4.o_proj    tp2,2048,2816,32,float16,192,128x128x2,71.813,5,53,AMD Radeon RX 9070 XT,64,0,0,0
g4.o_proj    tp2,2048,2816,32,float16,192,128x64,75.425,4,53,AMD Radeon RX 9070 XT,64,0,0,0
g4.o_proj    tp2,2048,2816,32,float16,192,96x128x2,79.534,4,53,AMD Radeon RX 9070 XT,64,0,0,0
g4.o_proj    tp2,2048,2816,32,float16,192,64x32,82.430,4,53,AMD Radeon RX 9070 XT,64,0,0,0
g4.o_proj    tp2,2048,2816,32,float16,192,256x128,88.806,4,53,AMD Radeon RX 9070 XT,64,0,0,0
g4.o_proj    tp2,2048,2816,32,float16,192,64x128x2,92.111,4,53,AMD Radeon RX 9070 XT,64,0,0,0
g4.o_proj    tp2,2048,2816,32,float16,192,32x64x4,94.158,3,53,AMD Radeon RX 9070 XT,64,0,0,0
g4.o_proj    tp2,2048,2816,32,float16,192,192x128,103.886,3,53,AMD Radeon RX 9070 XT,64,0,0,0
g4.o_proj    tp2,2048,2816,32,float16,192,128x128,104.245,3,53,AMD Radeon RX 9070 XT,64,0,0,0
g4.o_proj    tp2,2048,2816,32,float16,192,64x64,107.619,3,53,AMD Radeon RX 9070 XT,64,0,0,0
g4.o_proj    tp2,2048,2816,32,float16,192,128x32,107.788,3,53,AMD Radeon RX 9070 XT,64,0,0,0
g4.o_proj    tp2,2048,2816,32,float16,192,112x128,119.843,3,53,AMD Radeon RX 9070 XT,64,0,0,0
g4.o_proj    tp2,2048,2816,32,float16,192,96x128,133.970,2,53,AMD Radeon RX 9070 XT,64,0,0,0
g4.o_proj    tp2,2048,2816,32,float16,192,80x128,138.428,2,53,AMD Radeon RX 9070 XT,64,0,0,0
g4.o_proj    tp2,2048,2816,32,float16,192,prefill_wmma_ashuffle,140.255,2,53,AMD Radeon RX 9070 XT,64,0,0,0
g4.o_proj    tp2,2048,2816,32,float16,192,32x128x4,161.342,2,53,AMD Radeon RX 9070 XT,64,0,0,0
g4.o_proj    tp2,2048,2816,32,float16,192,64x128,167.351,2,53,AMD Radeon RX 9070 XT,64,0,0,0
g4.o_proj    tp2,2048,2816,32,float16,192,128x256,170.409,2,53,AMD Radeon RX 9070 XT,64,0,0,0
g4.o_proj    tp2,2048,2816,32,float16,192,32x32,189.995,2,53,AMD Radeon RX 9070 XT,64,0,0,0
g4.o_proj    tp2,2048,2816,32,float16,192,prefill_wmma,191.638,2,53,AMD Radeon RX 9070 XT,64,0,0,0
g4.o_proj    tp2,2048,2816,32,float16,192,prefill_wmma:smallm_off,191.701,2,53,AMD Radeon RX 9070 XT,64,0,0,0
g4.o_proj    tp2,2048,2816,32,float16,192,32x64x2,266.309,2,53,AMD Radeon RX 9070 XT,64,0,0,0
g4.o_proj    tp2,2048,2816,32,float16,192,32x64,396.572,2,53,AMD Radeon RX 9070 XT,64,0,0,0
g4.o_proj    tp2,2048,2816,32,float16,192,32x128,741.200,2,53,AMD Radeon RX 9070 XT,64,0,0,0
g4.o_proj    tp2,2048,2816,32,float16,192,16x64,1054.871,2,53,AMD Radeon RX 9070 XT,64,0,0,0
g4.o_proj    tp2,2048,2816,32,float16,192,16x128,3153.422,2,53,AMD Radeon RX 9070 XT,64,0,0,0
g4.o_proj    tp2,2048,2816,32,float16,256,128x64x2,72.908,5,53,AMD Radeon RX 9070 XT,64,0,0,0
g4.o_proj    tp2,2048,2816,32,float16,256,128x128x4,73.024,5,53,AMD Radeon RX 9070 XT,64,0,0,0
g4.o_proj    tp2,2048,2816,32,float16,256,256x128x2,77.256,4,53,AMD Radeon RX 9070 XT,64,0,0,0
g4.o_proj    tp2,2048,2816,32,float16,256,64x128x4,79.101,4,53,AMD Radeon RX 9070 XT,64,0,0,0
g4.o_proj    tp2,2048,2816,32,float16,256,256x32,83.589,4,53,AMD Radeon RX 9070 XT,64,0,0,0
g4.o_proj    tp2,2048,2816,32,float16,256,128x128x2,84.774,4,53,AMD Radeon RX 9070 XT,64,0,0,0
g4.o_proj    tp2,2048,2816,32,float16,256,256x64,85.711,4,53,AMD Radeon RX 9070 XT,64,0,0,0
g4.o_proj    tp2,2048,2816,32,float16,256,auto,86.064,4,53,AMD Radeon RX 9070 XT,64,0,0,0
g4.o_proj    tp2,2048,2816,32,float16,256,64x64x2,87.486,4,53,AMD Radeon RX 9070 XT,64,0,0,0
g4.o_proj    tp2,2048,2816,32,float16,256,128x64,92.171,4,53,AMD Radeon RX 9070 XT,64,0,0,0
g4.o_proj    tp2,2048,2816,32,float16,256,96x128x2,96.677,3,53,AMD Radeon RX 9070 XT,64,0,0,0
g4.o_proj    tp2,2048,2816,32,float16,256,256x128,103.880,3,53,AMD Radeon RX 9070 XT,64,0,0,0
g4.o_proj    tp2,2048,2816,32,float16,256,64x128x2,104.528,3,53,AMD Radeon RX 9070 XT,64,0,0,0
g4.o_proj    tp2,2048,2816,32,float16,256,192x128,113.488,3,53,AMD Radeon RX 9070 XT,64,0,0,0
g4.o_proj    tp2,2048,2816,32,float16,256,32x64x4,114.315,3,53,AMD Radeon RX 9070 XT,64,0,0,0
g4.o_proj    tp2,2048,2816,32,float16,256,192x128x2,119.722,3,53,AMD Radeon RX 9070 XT,64,0,0,0
g4.o_proj    tp2,2048,2816,32,float16,256,64x64,120.706,3,53,AMD Radeon RX 9070 XT,64,0,0,0
g4.o_proj    tp2,2048,2816,32,float16,256,128x128,122.946,3,53,AMD Radeon RX 9070 XT,64,0,0,0
g4.o_proj    tp2,2048,2816,32,float16,256,128x32,127.587,2,53,AMD Radeon RX 9070 XT,64,0,0,0
g4.o_proj    tp2,2048,2816,32,float16,256,96x128,141.103,2,53,AMD Radeon RX 9070 XT,64,0,0,0
g4.o_proj    tp2,2048,2816,32,float16,256,112x128,141.110,2,53,AMD Radeon RX 9070 XT,64,0,0,0
g4.o_proj    tp2,2048,2816,32,float16,256,64x32,147.944,2,53,AMD Radeon RX 9070 XT,64,0,0,0
g4.o_proj    tp2,2048,2816,32,float16,256,80x128,151.497,2,53,AMD Radeon RX 9070 XT,64,0,0,0
g4.o_proj    tp2,2048,2816,32,float16,256,32x128x4,162.960,2,53,AMD Radeon RX 9070 XT,64,0,0,0
g4.o_proj    tp2,2048,2816,32,float16,256,prefill_wmma_ashuffle,166.090,2,53,AMD Radeon RX 9070 XT,64,0,0,0
g4.o_proj    tp2,2048,2816,32,float16,256,32x64x2,175.718,2,53,AMD Radeon RX 9070 XT,64,0,0,0
g4.o_proj    tp2,2048,2816,32,float16,256,64x128,180.362,2,53,AMD Radeon RX 9070 XT,64,0,0,0
g4.o_proj    tp2,2048,2816,32,float16,256,128x256,191.587,2,53,AMD Radeon RX 9070 XT,64,0,0,0
g4.o_proj    tp2,2048,2816,32,float16,256,32x32,210.607,2,53,AMD Radeon RX 9070 XT,64,0,0,0
g4.o_proj    tp2,2048,2816,32,float16,256,prefill_wmma,220.069,2,53,AMD Radeon RX 9070 XT,64,0,0,0
g4.o_proj    tp2,2048,2816,32,float16,256,prefill_wmma:smallm_off,222.696,2,53,AMD Radeon RX 9070 XT,64,0,0,0
g4.o_proj    tp2,2048,2816,32,float16,256,32x64,326.401,2,53,AMD Radeon RX 9070 XT,64,0,0,0
g4.o_proj    tp2,2048,2816,32,float16,256,32x128,1124.079,2,53,AMD Radeon RX 9070 XT,64,0,0,0
g4.o_proj    tp2,2048,2816,32,float16,256,16x64,2371.088,2,53,AMD Radeon RX 9070 XT,64,0,0,0
g4.o_proj    tp2,2048,2816,32,float16,256,16x128,4913.909,2,53,AMD Radeon RX 9070 XT,64,0,0,0
g4.o_proj    tp2,2048,2816,32,float16,512,128x128x4,106.885,3,53,AMD Radeon RX 9070 XT,64,0,0,0
g4.o_proj    tp2,2048,2816,32,float16,512,auto,107.251,3,53,AMD Radeon RX 9070 XT,64,0,0,0
g4.o_proj    tp2,2048,2816,32,float16,512,128x64x2,114.261,3,53,AMD Radeon RX 9070 XT,64,0,0,0
g4.o_proj    tp2,2048,2816,32,float16,512,256x128,123.651,2,53,AMD Radeon RX 9070 XT,64,0,0,0
g4.o_proj    tp2,2048,2816,32,float16,512,256x128x2,130.507,2,53,AMD Radeon RX 9070 XT,64,0,0,0
g4.o_proj    tp2,2048,2816,32,float16,512,256x32,133.093,2,53,AMD Radeon RX 9070 XT,64,0,0,0
g4.o_proj    tp2,2048,2816,32,float16,512,64x128x4,134.014,2,53,AMD Radeon RX 9070 XT,64,0,0,0
g4.o_proj    tp2,2048,2816,32,float16,512,128x128x2,138.946,2,53,AMD Radeon RX 9070 XT,64,0,0,0
g4.o_proj    tp2,2048,2816,32,float16,512,128x128,142.108,2,53,AMD Radeon RX 9070 XT,64,0,0,0
g4.o_proj    tp2,2048,2816,32,float16,512,256x64,144.297,2,53,AMD Radeon RX 9070 XT,64,0,0,0
g4.o_proj    tp2,2048,2816,32,float16,512,64x64x2,147.493,2,53,AMD Radeon RX 9070 XT,64,0,0,0
g4.o_proj    tp2,2048,2816,32,float16,512,128x64,159.091,2,53,AMD Radeon RX 9070 XT,64,0,0,0
g4.o_proj    tp2,2048,2816,32,float16,512,96x128x2,160.628,2,53,AMD Radeon RX 9070 XT,64,0,0,0
g4.o_proj    tp2,2048,2816,32,float16,512,128x32,175.397,2,53,AMD Radeon RX 9070 XT,64,0,0,0
g4.o_proj    tp2,2048,2816,32,float16,512,64x128x2,187.777,2,53,AMD Radeon RX 9070 XT,64,0,0,0
g4.o_proj    tp2,2048,2816,32,float16,512,prefill_wmma_ashuffle,188.474,2,53,AMD Radeon RX 9070 XT,64,0,0,0
g4.o_proj    tp2,2048,2816,32,float16,512,192x128x2,192.688,2,53,AMD Radeon RX 9070 XT,64,0,0,0
g4.o_proj    tp2,2048,2816,32,float16,512,32x64x4,197.392,2,53,AMD Radeon RX 9070 XT,64,0,0,0
g4.o_proj    tp2,2048,2816,32,float16,512,128x256,209.410,2,53,AMD Radeon RX 9070 XT,64,0,0,0
g4.o_proj    tp2,2048,2816,32,float16,512,192x128,211.726,2,53,AMD Radeon RX 9070 XT,64,0,0,0
g4.o_proj    tp2,2048,2816,32,float16,512,64x32,212.089,2,53,AMD Radeon RX 9070 XT,64,0,0,0
g4.o_proj    tp2,2048,2816,32,float16,512,64x64,220.778,2,53,AMD Radeon RX 9070 XT,64,0,0,0
g4.o_proj    tp2,2048,2816,32,float16,512,112x128,238.978,2,53,AMD Radeon RX 9070 XT,64,0,0,0
g4.o_proj    tp2,2048,2816,32,float16,512,32x128x4,247.206,2,53,AMD Radeon RX 9070 XT,64,0,0,0
g4.o_proj    tp2,2048,2816,32,float16,512,96x128,253.663,2,53,AMD Radeon RX 9070 XT,64,0,0,0
g4.o_proj    tp2,2048,2816,32,float16,512,32x64x2,263.871,2,53,AMD Radeon RX 9070 XT,64,0,0,0
g4.o_proj    tp2,2048,2816,32,float16,512,80x128,276.058,2,53,AMD Radeon RX 9070 XT,64,0,0,0
g4.o_proj    tp2,2048,2816,32,float16,512,64x128,347.770,2,53,AMD Radeon RX 9070 XT,64,0,0,0
g4.o_proj    tp2,2048,2816,32,float16,512,32x32,383.353,2,53,AMD Radeon RX 9070 XT,64,0,0,0
g4.o_proj    tp2,2048,2816,32,float16,512,prefill_wmma:smallm_off,399.376,2,53,AMD Radeon RX 9070 XT,64,0,0,0
g4.o_proj    tp2,2048,2816,32,float16,512,prefill_wmma,400.845,2,53,AMD Radeon RX 9070 XT,64,0,0,0
g4.o_proj    tp2,2048,2816,32,float16,512,32x64,481.189,2,53,AMD Radeon RX 9070 XT,64,0,0,0
g4.o_proj    tp2,2048,2816,32,float16,512,32x128,2124.619,2,53,AMD Radeon RX 9070 XT,64,0,0,0
g4.o_proj    tp2,2048,2816,32,float16,512,16x64,2193.753,2,53,AMD Radeon RX 9070 XT,64,0,0,0
g4.o_proj    tp2,2048,2816,32,float16,512,16x128,7806.821,2,53,AMD Radeon RX 9070 XT,64,0,0,0
g4.o_proj    tp2,2048,2816,32,float16,1024,128x128x4,184.263,2,53,AMD Radeon RX 9070 XT,64,0,0,0
g4.o_proj    tp2,2048,2816,32,float16,1024,auto,186.976,2,53,AMD Radeon RX 9070 XT,64,0,0,0
g4.o_proj    tp2,2048,2816,32,float16,1024,256x128x2,191.111,2,53,AMD Radeon RX 9070 XT,64,0,0,0
g4.o_proj    tp2,2048,2816,32,float16,1024,128x64x2,198.710,2,53,AMD Radeon RX 9070 XT,64,0,0,0
g4.o_proj    tp2,2048,2816,32,float16,1024,256x128,203.479,2,53,AMD Radeon RX 9070 XT,64,0,0,0
g4.o_proj    tp2,2048,2816,32,float16,1024,256x64,218.913,2,53,AMD Radeon RX 9070 XT,64,0,0,0
g4.o_proj    tp2,2048,2816,32,float16,1024,128x128x2,228.905,2,53,AMD Radeon RX 9070 XT,64,0,0,0
g4.o_proj    tp2,2048,2816,32,float16,1024,256x32,234.456,2,53,AMD Radeon RX 9070 XT,64,0,0,0
g4.o_proj    tp2,2048,2816,32,float16,1024,64x128x4,235.057,2,53,AMD Radeon RX 9070 XT,64,0,0,0
g4.o_proj    tp2,2048,2816,32,float16,1024,128x64,250.890,2,53,AMD Radeon RX 9070 XT,64,0,0,0
g4.o_proj    tp2,2048,2816,32,float16,1024,96x128x2,253.789,2,53,AMD Radeon RX 9070 XT,64,0,0,0
g4.o_proj    tp2,2048,2816,32,float16,1024,128x128,256.175,2,53,AMD Radeon RX 9070 XT,64,0,0,0
g4.o_proj    tp2,2048,2816,32,float16,1024,64x64x2,268.760,2,53,AMD Radeon RX 9070 XT,64,0,0,0
g4.o_proj    tp2,2048,2816,32,float16,1024,192x128x2,278.082,2,53,AMD Radeon RX 9070 XT,64,0,0,0
g4.o_proj    tp2,2048,2816,32,float16,1024,192x128,288.375,2,53,AMD Radeon RX 9070 XT,64,0,0,0
g4.o_proj    tp2,2048,2816,32,float16,1024,128x32,290.488,2,53,AMD Radeon RX 9070 XT,64,0,0,0
g4.o_proj    tp2,2048,2816,32,float16,1024,64x128x2,293.837,2,53,AMD Radeon RX 9070 XT,64,0,0,0
g4.o_proj    tp2,2048,2816,32,float16,1024,prefill_wmma_ashuffle,326.668,2,53,AMD Radeon RX 9070 XT,64,0,0,0
g4.o_proj    tp2,2048,2816,32,float16,1024,112x128,358.801,2,53,AMD Radeon RX 9070 XT,64,0,0,0
g4.o_proj    tp2,2048,2816,32,float16,1024,64x32,365.719,2,53,AMD Radeon RX 9070 XT,64,0,0,0
g4.o_proj    tp2,2048,2816,32,float16,1024,32x64x4,367.879,2,53,AMD Radeon RX 9070 XT,64,0,0,0
g4.o_proj    tp2,2048,2816,32,float16,1024,96x128,395.614,2,53,AMD Radeon RX 9070 XT,64,0,0,0
g4.o_proj    tp2,2048,2816,32,float16,1024,128x256,398.129,2,53,AMD Radeon RX 9070 XT,64,0,0,0
g4.o_proj    tp2,2048,2816,32,float16,1024,64x64,419.728,2,53,AMD Radeon RX 9070 XT,64,0,0,0
g4.o_proj    tp2,2048,2816,32,float16,1024,80x128,427.574,2,53,AMD Radeon RX 9070 XT,64,0,0,0
g4.o_proj    tp2,2048,2816,32,float16,1024,32x128x4,473.560,2,53,AMD Radeon RX 9070 XT,64,0,0,0
g4.o_proj    tp2,2048,2816,32,float16,1024,32x64x2,507.916,2,53,AMD Radeon RX 9070 XT,64,0,0,0
g4.o_proj    tp2,2048,2816,32,float16,1024,64x128,515.548,2,53,AMD Radeon RX 9070 XT,64,0,0,0
g4.o_proj    tp2,2048,2816,32,float16,1024,prefill_wmma,626.797,2,53,AMD Radeon RX 9070 XT,64,0,0,0
g4.o_proj    tp2,2048,2816,32,float16,1024,prefill_wmma:smallm_off,630.738,2,53,AMD Radeon RX 9070 XT,64,0,0,0
g4.o_proj    tp2,2048,2816,32,float16,1024,32x32,754.880,2,53,AMD Radeon RX 9070 XT,64,0,0,0
g4.o_proj    tp2,2048,2816,32,float16,1024,32x64,966.465,2,53,AMD Radeon RX 9070 XT,64,0,0,0
g4.o_proj    tp2,2048,2816,32,float16,1024,16x64,3150.422,2,53,AMD Radeon RX 9070 XT,64,0,0,0
g4.o_proj    tp2,2048,2816,32,float16,1024,32x128,3644.959,2,53,AMD Radeon RX 9070 XT,64,0,0,0
g4.o_proj    tp2,2048,2816,32,float16,1024,16x128,8929.013,2,53,AMD Radeon RX 9070 XT,64,0,0,0
g4.o_proj    tp2,2048,2816,32,float16,2048,auto,349.311,2,53,AMD Radeon RX 9070 XT,64,0,0,0
g4.o_proj    tp2,2048,2816,32,float16,2048,256x128,349.445,2,53,AMD Radeon RX 9070 XT,64,0,0,0
g4.o_proj    tp2,2048,2816,32,float16,2048,128x128x4,349.510,2,53,AMD Radeon RX 9070 XT,64,0,0,0
g4.o_proj    tp2,2048,2816,32,float16,2048,256x128x2,362.070,2,53,AMD Radeon RX 9070 XT,64,0,0,0
g4.o_proj    tp2,2048,2816,32,float16,2048,128x64x2,373.552,2,53,AMD Radeon RX 9070 XT,64,0,0,0
g4.o_proj    tp2,2048,2816,32,float16,2048,256x64,408.908,2,53,AMD Radeon RX 9070 XT,64,0,0,0
g4.o_proj    tp2,2048,2816,32,float16,2048,128x128x2,418.230,2,53,AMD Radeon RX 9070 XT,64,0,0,0
g4.o_proj    tp2,2048,2816,32,float16,2048,256x32,443.269,2,53,AMD Radeon RX 9070 XT,64,0,0,0
g4.o_proj    tp2,2048,2816,32,float16,2048,192x128,446.049,2,53,AMD Radeon RX 9070 XT,64,0,0,0
g4.o_proj    tp2,2048,2816,32,float16,2048,64x128x4,447.303,2,53,AMD Radeon RX 9070 XT,64,0,0,0
g4.o_proj    tp2,2048,2816,32,float16,2048,96x128x2,462.017,2,53,AMD Radeon RX 9070 XT,64,0,0,0
g4.o_proj    tp2,2048,2816,32,float16,2048,192x128x2,471.297,2,53,AMD Radeon RX 9070 XT,64,0,0,0
g4.o_proj    tp2,2048,2816,32,float16,2048,128x64,477.710,2,53,AMD Radeon RX 9070 XT,64,0,0,0
g4.o_proj    tp2,2048,2816,32,float16,2048,128x128,482.957,2,53,AMD Radeon RX 9070 XT,64,0,0,0
g4.o_proj    tp2,2048,2816,32,float16,2048,64x64x2,519.793,2,53,AMD Radeon RX 9070 XT,64,0,0,0
g4.o_proj    tp2,2048,2816,32,float16,2048,128x32,558.994,2,53,AMD Radeon RX 9070 XT,64,0,0,0
g4.o_proj    tp2,2048,2816,32,float16,2048,prefill_wmma_ashuffle,566.212,2,53,AMD Radeon RX 9070 XT,64,0,0,0
g4.o_proj    tp2,2048,2816,32,float16,2048,64x128x2,572.213,2,53,AMD Radeon RX 9070 XT,64,0,0,0
g4.o_proj    tp2,2048,2816,32,float16,2048,112x128,617.510,2,53,AMD Radeon RX 9070 XT,64,0,0,0
g4.o_proj    tp2,2048,2816,32,float16,2048,128x256,625.352,2,53,AMD Radeon RX 9070 XT,64,0,0,0
g4.o_proj    tp2,2048,2816,32,float16,2048,64x32,724.718,2,53,AMD Radeon RX 9070 XT,64,0,0,0
g4.o_proj    tp2,2048,2816,32,float16,2048,32x64x4,730.824,2,53,AMD Radeon RX 9070 XT,64,0,0,0
g4.o_proj    tp2,2048,2816,32,float16,2048,80x128,736.330,2,53,AMD Radeon RX 9070 XT,64,0,0,0
g4.o_proj    tp2,2048,2816,32,float16,2048,96x128,746.072,2,53,AMD Radeon RX 9070 XT,64,0,0,0
g4.o_proj    tp2,2048,2816,32,float16,2048,64x64,817.601,2,53,AMD Radeon RX 9070 XT,64,0,0,0
g4.o_proj    tp2,2048,2816,32,float16,2048,32x128x4,912.649,2,53,AMD Radeon RX 9070 XT,64,0,0,0
g4.o_proj    tp2,2048,2816,32,float16,2048,32x64x2,960.621,2,53,AMD Radeon RX 9070 XT,64,0,0,0
g4.o_proj    tp2,2048,2816,32,float16,2048,64x128,1035.190,2,53,AMD Radeon RX 9070 XT,64,0,0,0
g4.o_proj    tp2,2048,2816,32,float16,2048,prefill_wmma:smallm_off,1193.775,2,53,AMD Radeon RX 9070 XT,64,0,0,0
g4.o_proj    tp2,2048,2816,32,float16,2048,prefill_wmma,1193.863,2,53,AMD Radeon RX 9070 XT,64,0,0,0
g4.o_proj    tp2,2048,2816,32,float16,2048,32x32,1616.732,2,53,AMD Radeon RX 9070 XT,64,0,0,0
g4.o_proj    tp2,2048,2816,32,float16,2048,32x64,1980.262,2,53,AMD Radeon RX 9070 XT,64,0,0,0
g4.o_proj    tp2,2048,2816,32,float16,2048,32x128,4985.246,2,53,AMD Radeon RX 9070 XT,64,0,0,0
g4.o_proj    tp2,2048,2816,32,float16,2048,16x64,5041.293,2,53,AMD Radeon RX 9070 XT,64,0,0,0
g4.o_proj    tp2,2048,2816,32,float16,2048,16x128,9628.531,2,53,AMD Radeon RX 9070 XT,64,0,0,0
g4.gate_up   tp1,2816,4224,32,float16,1,auto,59.982,11,27,AMD Radeon RX 9070 XT,64,0,0,0
g4.gate_up   tp1,2816,4224,32,float16,1,32x64x4,63.825,11,27,AMD Radeon RX 9070 XT,64,0,0,0
g4.gate_up   tp1,2816,4224,32,float16,1,128x64x2,66.683,10,27,AMD Radeon RX 9070 XT,64,0,0,0
g4.gate_up   tp1,2816,4224,32,float16,1,128x32,67.102,10,27,AMD Radeon RX 9070 XT,64,0,0,0
g4.gate_up   tp1,2816,4224,32,float16,1,64x64x2,68.037,10,27,AMD Radeon RX 9070 XT,64,0,0,0
g4.gate_up   tp1,2816,4224,32,float16,1,64x32,71.737,9,27,AMD Radeon RX 9070 XT,64,0,0,0
g4.gate_up   tp1,2816,4224,32,float16,1,64x128x4,72.431,10,27,AMD Radeon RX 9070 XT,64,0,0,0
g4.gate_up   tp1,2816,4224,32,float16,1,128x128x4,77.722,9,27,AMD Radeon RX 9070 XT,64,0,0,0
g4.gate_up   tp1,2816,4224,32,float16,1,128x64,83.711,8,27,AMD Radeon RX 9070 XT,64,0,0,0
g4.gate_up   tp1,2816,4224,32,float16,1,128x128x2,89.181,8,27,AMD Radeon RX 9070 XT,64,0,0,0
g4.gate_up   tp1,2816,4224,32,float16,1,256x32,95.944,7,27,AMD Radeon RX 9070 XT,64,0,0,0
g4.gate_up   tp1,2816,4224,32,float16,1,96x128x2,101.595,7,27,AMD Radeon RX 9070 XT,64,0,0,0
g4.gate_up   tp1,2816,4224,32,float16,1,32x128x4,105.343,7,27,AMD Radeon RX 9070 XT,64,0,0,0
g4.gate_up   tp1,2816,4224,32,float16,1,32x64x2,105.743,6,27,AMD Radeon RX 9070 XT,64,0,0,0
g4.gate_up   tp1,2816,4224,32,float16,1,64x128x2,111.422,6,27,AMD Radeon RX 9070 XT,64,0,0,0
g4.gate_up   tp1,2816,4224,32,float16,1,64x64,112.417,6,27,AMD Radeon RX 9070 XT,64,0,0,0
g4.gate_up   tp1,2816,4224,32,float16,1,32x32,112.502,6,27,AMD Radeon RX 9070 XT,64,0,0,0
g4.gate_up   tp1,2816,4224,32,float16,1,256x64,116.043,6,27,AMD Radeon RX 9070 XT,64,0,0,0
g4.gate_up   tp1,2816,4224,32,float16,1,prefill_wmma,117.554,6,27,AMD Radeon RX 9070 XT,64,0,0,0
g4.gate_up   tp1,2816,4224,32,float16,1,256x128,123.556,5,27,AMD Radeon RX 9070 XT,64,0,0,0
g4.gate_up   tp1,2816,4224,32,float16,1,256x128x2,124.849,5,27,AMD Radeon RX 9070 XT,64,0,0,0
g4.gate_up   tp1,2816,4224,32,float16,1,192x128,126.267,5,27,AMD Radeon RX 9070 XT,64,0,0,0
g4.gate_up   tp1,2816,4224,32,float16,1,prefill_wmma_ashuffle,127.210,5,27,AMD Radeon RX 9070 XT,64,0,0,0
g4.gate_up   tp1,2816,4224,32,float16,1,128x128,131.654,5,27,AMD Radeon RX 9070 XT,64,0,0,0
g4.gate_up   tp1,2816,4224,32,float16,1,192x128x2,134.214,5,27,AMD Radeon RX 9070 XT,64,0,0,0
g4.gate_up   tp1,2816,4224,32,float16,1,112x128,147.892,4,27,AMD Radeon RX 9070 XT,64,0,0,0
g4.gate_up   tp1,2816,4224,32,float16,1,96x128,153.813,4,27,AMD Radeon RX 9070 XT,64,0,0,0
g4.gate_up   tp1,2816,4224,32,float16,1,80x128,170.163,4,27,AMD Radeon RX 9070 XT,64,0,0,0
g4.gate_up   tp1,2816,4224,32,float16,1,64x128,197.553,3,27,AMD Radeon RX 9070 XT,64,0,0,0
g4.gate_up   tp1,2816,4224,32,float16,1,32x64,198.244,3,27,AMD Radeon RX 9070 XT,64,0,0,0
g4.gate_up   tp1,2816,4224,32,float16,1,128x256,216.797,3,27,AMD Radeon RX 9070 XT,64,0,0,0
g4.gate_up   tp1,2816,4224,32,float16,1,prefill_wmma:smallm_off,280.482,2,27,AMD Radeon RX 9070 XT,64,0,0,0
g4.gate_up   tp1,2816,4224,32,float16,1,16x64,370.454,2,27,AMD Radeon RX 9070 XT,64,0,0,0
g4.gate_up   tp1,2816,4224,32,float16,1,32x128,376.707,2,27,AMD Radeon RX 9070 XT,64,0,0,0
g4.gate_up   tp1,2816,4224,32,float16,1,16x128,1000.352,2,27,AMD Radeon RX 9070 XT,64,0,0,0
g4.gate_up   tp1,2816,4224,32,float16,8,auto,60.135,12,27,AMD Radeon RX 9070 XT,64,0,0,0
g4.gate_up   tp1,2816,4224,32,float16,8,32x64x4,63.710,11,27,AMD Radeon RX 9070 XT,64,0,0,0
g4.gate_up   tp1,2816,4224,32,float16,8,128x64x2,67.069,10,27,AMD Radeon RX 9070 XT,64,0,0,0
g4.gate_up   tp1,2816,4224,32,float16,8,128x32,67.406,10,27,AMD Radeon RX 9070 XT,64,0,0,0
g4.gate_up   tp1,2816,4224,32,float16,8,64x64x2,68.486,10,27,AMD Radeon RX 9070 XT,64,0,0,0
g4.gate_up   tp1,2816,4224,32,float16,8,64x128x4,71.915,10,27,AMD Radeon RX 9070 XT,64,0,0,0
g4.gate_up   tp1,2816,4224,32,float16,8,64x32,72.364,10,27,AMD Radeon RX 9070 XT,64,0,0,0
g4.gate_up   tp1,2816,4224,32,float16,8,128x128x4,77.156,9,27,AMD Radeon RX 9070 XT,64,0,0,0
g4.gate_up   tp1,2816,4224,32,float16,8,128x64,84.564,8,27,AMD Radeon RX 9070 XT,64,0,0,0
g4.gate_up   tp1,2816,4224,32,float16,8,128x128x2,88.818,8,27,AMD Radeon RX 9070 XT,64,0,0,0
g4.gate_up   tp1,2816,4224,32,float16,8,256x32,96.768,7,27,AMD Radeon RX 9070 XT,64,0,0,0
g4.gate_up   tp1,2816,4224,32,float16,8,96x128x2,102.469,7,27,AMD Radeon RX 9070 XT,64,0,0,0
g4.gate_up   tp1,2816,4224,32,float16,8,32x128x4,104.670,7,27,AMD Radeon RX 9070 XT,64,0,0,0
g4.gate_up   tp1,2816,4224,32,float16,8,32x64x2,106.229,6,27,AMD Radeon RX 9070 XT,64,0,0,0
g4.gate_up   tp1,2816,4224,32,float16,8,64x128x2,111.471,6,27,AMD Radeon RX 9070 XT,64,0,0,0
g4.gate_up   tp1,2816,4224,32,float16,8,64x64,112.992,6,27,AMD Radeon RX 9070 XT,64,0,0,0
g4.gate_up   tp1,2816,4224,32,float16,8,prefill_wmma,114.477,6,27,AMD Radeon RX 9070 XT,64,0,0,0
g4.gate_up   tp1,2816,4224,32,float16,8,32x32,116.246,6,27,AMD Radeon RX 9070 XT,64,0,0,0
g4.gate_up   tp1,2816,4224,32,float16,8,256x64,119.778,6,27,AMD Radeon RX 9070 XT,64,0,0,0
g4.gate_up   tp1,2816,4224,32,float16,8,prefill_wmma_ashuffle,124.113,5,27,AMD Radeon RX 9070 XT,64,0,0,0
g4.gate_up   tp1,2816,4224,32,float16,8,256x128,124.132,5,27,AMD Radeon RX 9070 XT,64,0,0,0
g4.gate_up   tp1,2816,4224,32,float16,8,256x128x2,125.700,5,27,AMD Radeon RX 9070 XT,64,0,0,0
g4.gate_up   tp1,2816,4224,32,float16,8,192x128,127.572,5,27,AMD Radeon RX 9070 XT,64,0,0,0
g4.gate_up   tp1,2816,4224,32,float16,8,128x128,132.621,5,27,AMD Radeon RX 9070 XT,64,0,0,0
g4.gate_up   tp1,2816,4224,32,float16,8,192x128x2,133.800,5,27,AMD Radeon RX 9070 XT,64,0,0,0
g4.gate_up   tp1,2816,4224,32,float16,8,112x128,148.130,4,27,AMD Radeon RX 9070 XT,64,0,0,0
g4.gate_up   tp1,2816,4224,32,float16,8,96x128,154.468,4,27,AMD Radeon RX 9070 XT,64,0,0,0
g4.gate_up   tp1,2816,4224,32,float16,8,80x128,170.915,4,27,AMD Radeon RX 9070 XT,64,0,0,0
g4.gate_up   tp1,2816,4224,32,float16,8,64x128,197.792,3,27,AMD Radeon RX 9070 XT,64,0,0,0
g4.gate_up   tp1,2816,4224,32,float16,8,32x64,199.782,3,27,AMD Radeon RX 9070 XT,64,0,0,0
g4.gate_up   tp1,2816,4224,32,float16,8,128x256,218.904,3,27,AMD Radeon RX 9070 XT,64,0,0,0
g4.gate_up   tp1,2816,4224,32,float16,8,prefill_wmma:smallm_off,273.191,2,27,AMD Radeon RX 9070 XT,64,0,0,0
g4.gate_up   tp1,2816,4224,32,float16,8,32x128,376.017,2,27,AMD Radeon RX 9070 XT,64,0,0,0
g4.gate_up   tp1,2816,4224,32,float16,8,16x64,434.409,2,27,AMD Radeon RX 9070 XT,64,0,0,0
g4.gate_up   tp1,2816,4224,32,float16,8,16x128,879.859,2,27,AMD Radeon RX 9070 XT,64,0,0,0
g4.gate_up   tp1,2816,4224,32,float16,17,auto,64.181,10,27,AMD Radeon RX 9070 XT,64,0,0,0
g4.gate_up   tp1,2816,4224,32,float16,17,32x64x4,64.999,11,27,AMD Radeon RX 9070 XT,64,0,0,0
g4.gate_up   tp1,2816,4224,32,float16,17,128x64x2,67.475,10,27,AMD Radeon RX 9070 XT,64,0,0,0
g4.gate_up   tp1,2816,4224,32,float16,17,128x32,69.199,10,27,AMD Radeon RX 9070 XT,64,0,0,0
g4.gate_up   tp1,2816,4224,32,float16,17,64x64x2,69.856,10,27,AMD Radeon RX 9070 XT,64,0,0,0
g4.gate_up   tp1,2816,4224,32,float16,17,64x128x4,72.710,10,27,AMD Radeon RX 9070 XT,64,0,0,0
g4.gate_up   tp1,2816,4224,32,float16,17,128x128x4,76.497,9,27,AMD Radeon RX 9070 XT,64,0,0,0
g4.gate_up   tp1,2816,4224,32,float16,17,64x32,77.764,9,27,AMD Radeon RX 9070 XT,64,0,0,0
g4.gate_up   tp1,2816,4224,32,float16,17,128x64,85.902,8,27,AMD Radeon RX 9070 XT,64,0,0,0
g4.gate_up   tp1,2816,4224,32,float16,17,128x128x2,90.678,8,27,AMD Radeon RX 9070 XT,64,0,0,0
g4.gate_up   tp1,2816,4224,32,float16,17,256x32,98.319,7,27,AMD Radeon RX 9070 XT,64,0,0,0
g4.gate_up   tp1,2816,4224,32,float16,17,96x128x2,103.914,7,27,AMD Radeon RX 9070 XT,64,0,0,0
g4.gate_up   tp1,2816,4224,32,float16,17,32x128x4,106.211,7,27,AMD Radeon RX 9070 XT,64,0,0,0
g4.gate_up   tp1,2816,4224,32,float16,17,32x64x2,110.603,6,27,AMD Radeon RX 9070 XT,64,0,0,0
g4.gate_up   tp1,2816,4224,32,float16,17,64x128x2,113.036,6,27,AMD Radeon RX 9070 XT,64,0,0,0
g4.gate_up   tp1,2816,4224,32,float16,17,64x64,119.519,6,27,AMD Radeon RX 9070 XT,64,0,0,0
g4.gate_up   tp1,2816,4224,32,float16,17,256x64,119.832,6,27,AMD Radeon RX 9070 XT,64,0,0,0
g4.gate_up   tp1,2816,4224,32,float16,17,256x128,125.300,5,27,AMD Radeon RX 9070 XT,64,0,0,0
g4.gate_up   tp1,2816,4224,32,float16,17,32x32,126.370,5,27,AMD Radeon RX 9070 XT,64,0,0,0
g4.gate_up   tp1,2816,4224,32,float16,17,256x128x2,127.302,5,27,AMD Radeon RX 9070 XT,64,0,0,0
g4.gate_up   tp1,2816,4224,32,float16,17,192x128,129.688,5,27,AMD Radeon RX 9070 XT,64,0,0,0
g4.gate_up   tp1,2816,4224,32,float16,17,prefill_wmma,130.473,5,27,AMD Radeon RX 9070 XT,64,0,0,0
g4.gate_up   tp1,2816,4224,32,float16,17,prefill_wmma_ashuffle,130.762,5,27,AMD Radeon RX 9070 XT,64,0,0,0
g4.gate_up   tp1,2816,4224,32,float16,17,128x128,134.477,5,27,AMD Radeon RX 9070 XT,64,0,0,0
g4.gate_up   tp1,2816,4224,32,float16,17,192x128x2,136.240,5,27,AMD Radeon RX 9070 XT,64,0,0,0
g4.gate_up   tp1,2816,4224,32,float16,17,112x128,149.459,4,27,AMD Radeon RX 9070 XT,64,0,0,0
g4.gate_up   tp1,2816,4224,32,float16,17,96x128,156.845,4,27,AMD Radeon RX 9070 XT,64,0,0,0
g4.gate_up   tp1,2816,4224,32,float16,17,80x128,173.272,4,27,AMD Radeon RX 9070 XT,64,0,0,0
g4.gate_up   tp1,2816,4224,32,float16,17,64x128,200.869,3,27,AMD Radeon RX 9070 XT,64,0,0,0
g4.gate_up   tp1,2816,4224,32,float16,17,32x64,208.178,3,27,AMD Radeon RX 9070 XT,64,0,0,0
g4.gate_up   tp1,2816,4224,32,float16,17,128x256,220.271,3,27,AMD Radeon RX 9070 XT,64,0,0,0
g4.gate_up   tp1,2816,4224,32,float16,17,prefill_wmma:smallm_off,285.393,2,27,AMD Radeon RX 9070 XT,64,0,0,0
g4.gate_up   tp1,2816,4224,32,float16,17,16x64,353.820,2,27,AMD Radeon RX 9070 XT,64,0,0,0
g4.gate_up   tp1,2816,4224,32,float16,17,32x128,384.758,2,27,AMD Radeon RX 9070 XT,64,0,0,0
g4.gate_up   tp1,2816,4224,32,float16,17,16x128,909.536,2,27,AMD Radeon RX 9070 XT,64,0,0,0
g4.gate_up   tp1,2816,4224,32,float16,24,32x64x4,64.607,11,27,AMD Radeon RX 9070 XT,64,0,0,0
g4.gate_up   tp1,2816,4224,32,float16,24,auto,65.886,11,27,AMD Radeon RX 9070 XT,64,0,0,0
g4.gate_up   tp1,2816,4224,32,float16,24,128x64x2,67.906,10,27,AMD Radeon RX 9070 XT,64,0,0,0
g4.gate_up   tp1,2816,4224,32,float16,24,128x32,69.898,10,27,AMD Radeon RX 9070 XT,64,0,0,0
g4.gate_up   tp1,2816,4224,32,float16,24,64x64x2,71.555,10,27,AMD Radeon RX 9070 XT,64,0,0,0
g4.gate_up   tp1,2816,4224,32,float16,24,64x128x4,73.374,9,27,AMD Radeon RX 9070 XT,64,0,0,0
g4.gate_up   tp1,2816,4224,32,float16,24,128x128x4,76.668,9,27,AMD Radeon RX 9070 XT,64,0,0,0
g4.gate_up   tp1,2816,4224,32,float16,24,64x32,80.709,8,27,AMD Radeon RX 9070 XT,64,0,0,0
g4.gate_up   tp1,2816,4224,32,float16,24,128x64,87.420,8,27,AMD Radeon RX 9070 XT,64,0,0,0
g4.gate_up   tp1,2816,4224,32,float16,24,128x128x2,90.822,8,27,AMD Radeon RX 9070 XT,64,0,0,0
g4.gate_up   tp1,2816,4224,32,float16,24,256x32,98.811,7,27,AMD Radeon RX 9070 XT,64,0,0,0
g4.gate_up   tp1,2816,4224,32,float16,24,96x128x2,104.190,7,27,AMD Radeon RX 9070 XT,64,0,0,0
g4.gate_up   tp1,2816,4224,32,float16,24,32x128x4,107.682,6,27,AMD Radeon RX 9070 XT,64,0,0,0
g4.gate_up   tp1,2816,4224,32,float16,24,64x128x2,114.606,6,27,AMD Radeon RX 9070 XT,64,0,0,0
g4.gate_up   tp1,2816,4224,32,float16,24,32x64x2,114.965,6,27,AMD Radeon RX 9070 XT,64,0,0,0
g4.gate_up   tp1,2816,4224,32,float16,24,256x64,122.973,5,27,AMD Radeon RX 9070 XT,64,0,0,0
g4.gate_up   tp1,2816,4224,32,float16,24,64x64,123.902,5,27,AMD Radeon RX 9070 XT,64,0,0,0
g4.gate_up   tp1,2816,4224,32,float16,24,256x128,125.664,5,27,AMD Radeon RX 9070 XT,64,0,0,0
g4.gate_up   tp1,2816,4224,32,float16,24,256x128x2,127.520,5,27,AMD Radeon RX 9070 XT,64,0,0,0
g4.gate_up   tp1,2816,4224,32,float16,24,192x128,129.457,5,27,AMD Radeon RX 9070 XT,64,0,0,0
g4.gate_up   tp1,2816,4224,32,float16,24,prefill_wmma_ashuffle,131.196,5,27,AMD Radeon RX 9070 XT,64,0,0,0
g4.gate_up   tp1,2816,4224,32,float16,24,prefill_wmma,131.455,5,27,AMD Radeon RX 9070 XT,64,0,0,0
g4.gate_up   tp1,2816,4224,32,float16,24,32x32,133.553,5,27,AMD Radeon RX 9070 XT,64,0,0,0
g4.gate_up   tp1,2816,4224,32,float16,24,128x128,136.000,5,27,AMD Radeon RX 9070 XT,64,0,0,0
g4.gate_up   tp1,2816,4224,32,float16,24,192x128x2,136.071,5,27,AMD Radeon RX 9070 XT,64,0,0,0
g4.gate_up   tp1,2816,4224,32,float16,24,112x128,151.599,4,27,AMD Radeon RX 9070 XT,64,0,0,0
g4.gate_up   tp1,2816,4224,32,float16,24,96x128,158.784,4,27,AMD Radeon RX 9070 XT,64,0,0,0
g4.gate_up   tp1,2816,4224,32,float16,24,80x128,175.991,4,27,AMD Radeon RX 9070 XT,64,0,0,0
g4.gate_up   tp1,2816,4224,32,float16,24,64x128,205.338,3,27,AMD Radeon RX 9070 XT,64,0,0,0
g4.gate_up   tp1,2816,4224,32,float16,24,32x64,216.380,3,27,AMD Radeon RX 9070 XT,64,0,0,0
g4.gate_up   tp1,2816,4224,32,float16,24,128x256,221.893,3,27,AMD Radeon RX 9070 XT,64,0,0,0
g4.gate_up   tp1,2816,4224,32,float16,24,prefill_wmma:smallm_off,286.478,2,27,AMD Radeon RX 9070 XT,64,0,0,0
g4.gate_up   tp1,2816,4224,32,float16,24,32x128,389.887,2,27,AMD Radeon RX 9070 XT,64,0,0,0
g4.gate_up   tp1,2816,4224,32,float16,24,16x64,406.768,2,27,AMD Radeon RX 9070 XT,64,0,0,0
g4.gate_up   tp1,2816,4224,32,float16,24,16x128,932.814,2,27,AMD Radeon RX 9070 XT,64,0,0,0
g4.gate_up   tp1,2816,4224,32,float16,32,32x64x4,66.150,10,27,AMD Radeon RX 9070 XT,64,0,0,0
g4.gate_up   tp1,2816,4224,32,float16,32,128x64x2,68.359,10,27,AMD Radeon RX 9070 XT,64,0,0,0
g4.gate_up   tp1,2816,4224,32,float16,32,auto,70.115,10,27,AMD Radeon RX 9070 XT,64,0,0,0
g4.gate_up   tp1,2816,4224,32,float16,32,128x32,71.314,10,27,AMD Radeon RX 9070 XT,64,0,0,0
g4.gate_up   tp1,2816,4224,32,float16,32,64x64x2,71.870,10,27,AMD Radeon RX 9070 XT,64,0,0,0
g4.gate_up   tp1,2816,4224,32,float16,32,64x128x4,74.390,9,27,AMD Radeon RX 9070 XT,64,0,0,0
g4.gate_up   tp1,2816,4224,32,float16,32,128x128x4,78.045,9,27,AMD Radeon RX 9070 XT,64,0,0,0
g4.gate_up   tp1,2816,4224,32,float16,32,64x32,85.307,8,27,AMD Radeon RX 9070 XT,64,0,0,0
g4.gate_up   tp1,2816,4224,32,float16,32,128x64,88.984,8,27,AMD Radeon RX 9070 XT,64,0,0,0
g4.gate_up   tp1,2816,4224,32,float16,32,128x128x2,92.075,7,27,AMD Radeon RX 9070 XT,64,0,0,0
g4.gate_up   tp1,2816,4224,32,float16,32,256x32,99.513,7,27,AMD Radeon RX 9070 XT,64,0,0,0
g4.gate_up   tp1,2816,4224,32,float16,32,96x128x2,105.747,7,27,AMD Radeon RX 9070 XT,64,0,0,0
g4.gate_up   tp1,2816,4224,32,float16,32,32x128x4,110.071,6,27,AMD Radeon RX 9070 XT,64,0,0,0
g4.gate_up   tp1,2816,4224,32,float16,32,64x128x2,115.087,6,27,AMD Radeon RX 9070 XT,64,0,0,0
g4.gate_up   tp1,2816,4224,32,float16,32,32x64x2,119.398,6,27,AMD Radeon RX 9070 XT,64,0,0,0
g4.gate_up   tp1,2816,4224,32,float16,32,256x64,123.186,5,27,AMD Radeon RX 9070 XT,64,0,0,0
g4.gate_up   tp1,2816,4224,32,float16,32,256x128,127.001,5,27,AMD Radeon RX 9070 XT,64,0,0,0
g4.gate_up   tp1,2816,4224,32,float16,32,256x128x2,127.670,5,27,AMD Radeon RX 9070 XT,64,0,0,0
g4.gate_up   tp1,2816,4224,32,float16,32,64x64,128.238,5,27,AMD Radeon RX 9070 XT,64,0,0,0
g4.gate_up   tp1,2816,4224,32,float16,32,192x128,131.256,5,27,AMD Radeon RX 9070 XT,64,0,0,0
g4.gate_up   tp1,2816,4224,32,float16,32,prefill_wmma_ashuffle,131.285,5,27,AMD Radeon RX 9070 XT,64,0,0,0
g4.gate_up   tp1,2816,4224,32,float16,32,128x128,137.461,5,27,AMD Radeon RX 9070 XT,64,0,0,0
g4.gate_up   tp1,2816,4224,32,float16,32,192x128x2,137.523,5,27,AMD Radeon RX 9070 XT,64,0,0,0
g4.gate_up   tp1,2816,4224,32,float16,32,prefill_wmma,139.020,5,27,AMD Radeon RX 9070 XT,64,0,0,0
g4.gate_up   tp1,2816,4224,32,float16,32,32x32,142.053,5,27,AMD Radeon RX 9070 XT,64,0,0,0
g4.gate_up   tp1,2816,4224,32,float16,32,112x128,153.248,4,27,AMD Radeon RX 9070 XT,64,0,0,0
g4.gate_up   tp1,2816,4224,32,float16,32,96x128,161.408,4,27,AMD Radeon RX 9070 XT,64,0,0,0
g4.gate_up   tp1,2816,4224,32,float16,32,80x128,178.057,4,27,AMD Radeon RX 9070 XT,64,0,0,0
g4.gate_up   tp1,2816,4224,32,float16,32,64x128,208.912,3,27,AMD Radeon RX 9070 XT,64,0,0,0
g4.gate_up   tp1,2816,4224,32,float16,32,128x256,223.634,3,27,AMD Radeon RX 9070 XT,64,0,0,0
g4.gate_up   tp1,2816,4224,32,float16,32,32x64,225.112,3,27,AMD Radeon RX 9070 XT,64,0,0,0
g4.gate_up   tp1,2816,4224,32,float16,32,prefill_wmma:smallm_off,287.136,2,27,AMD Radeon RX 9070 XT,64,0,0,0
g4.gate_up   tp1,2816,4224,32,float16,32,32x128,443.956,2,27,AMD Radeon RX 9070 XT,64,0,0,0
g4.gate_up   tp1,2816,4224,32,float16,32,16x64,525.570,2,27,AMD Radeon RX 9070 XT,64,0,0,0
g4.gate_up   tp1,2816,4224,32,float16,32,16x128,956.593,2,27,AMD Radeon RX 9070 XT,64,0,0,0
g4.gate_up   tp1,2816,4224,32,float16,48,128x64x2,69.560,10,27,AMD Radeon RX 9070 XT,64,0,0,0
g4.gate_up   tp1,2816,4224,32,float16,48,128x32,74.821,9,27,AMD Radeon RX 9070 XT,64,0,0,0
g4.gate_up   tp1,2816,4224,32,float16,48,32x64x4,74.832,9,27,AMD Radeon RX 9070 XT,64,0,0,0
g4.gate_up   tp1,2816,4224,32,float16,48,64x64x2,75.110,9,27,AMD Radeon RX 9070 XT,64,0,0,0
g4.gate_up   tp1,2816,4224,32,float16,48,64x128x4,75.987,9,27,AMD Radeon RX 9070 XT,64,0,0,0
g4.gate_up   tp1,2816,4224,32,float16,48,auto,77.188,9,27,AMD Radeon RX 9070 XT,64,0,0,0
g4.gate_up   tp1,2816,4224,32,float16,48,128x128x4,77.666,9,27,AMD Radeon RX 9070 XT,64,0,0,0
g4.gate_up   tp1,2816,4224,32,float16,48,128x64,92.726,7,27,AMD Radeon RX 9070 XT,64,0,0,0
g4.gate_up   tp1,2816,4224,32,float16,48,128x128x2,93.326,7,27,AMD Radeon RX 9070 XT,64,0,0,0
g4.gate_up   tp1,2816,4224,32,float16,48,64x32,94.745,7,27,AMD Radeon RX 9070 XT,64,0,0,0
g4.gate_up   tp1,2816,4224,32,float16,48,256x32,101.977,7,27,AMD Radeon RX 9070 XT,64,0,0,0
g4.gate_up   tp1,2816,4224,32,float16,48,96x128x2,106.502,7,27,AMD Radeon RX 9070 XT,64,0,0,0
g4.gate_up   tp1,2816,4224,32,float16,48,32x128x4,110.772,6,27,AMD Radeon RX 9070 XT,64,0,0,0
g4.gate_up   tp1,2816,4224,32,float16,48,32x64x2,111.892,6,27,AMD Radeon RX 9070 XT,64,0,0,0
g4.gate_up   tp1,2816,4224,32,float16,48,64x128x2,117.224,6,27,AMD Radeon RX 9070 XT,64,0,0,0
g4.gate_up   tp1,2816,4224,32,float16,48,256x64,126.083,5,27,AMD Radeon RX 9070 XT,64,0,0,0
g4.gate_up   tp1,2816,4224,32,float16,48,32x32,126.827,5,27,AMD Radeon RX 9070 XT,64,0,0,0
g4.gate_up   tp1,2816,4224,32,float16,48,256x128,128.710,5,27,AMD Radeon RX 9070 XT,64,0,0,0
g4.gate_up   tp1,2816,4224,32,float16,48,256x128x2,131.452,5,27,AMD Radeon RX 9070 XT,64,0,0,0
g4.gate_up   tp1,2816,4224,32,float16,48,192x128,133.152,5,27,AMD Radeon RX 9070 XT,64,0,0,0
g4.gate_up   tp1,2816,4224,32,float16,48,64x64,137.323,5,27,AMD Radeon RX 9070 XT,64,0,0,0
g4.gate_up   tp1,2816,4224,32,float16,48,prefill_wmma_ashuffle,138.697,5,27,AMD Radeon RX 9070 XT,64,0,0,0
g4.gate_up   tp1,2816,4224,32,float16,48,192x128x2,139.958,5,27,AMD Radeon RX 9070 XT,64,0,0,0
g4.gate_up   tp1,2816,4224,32,float16,48,128x128,140.241,5,27,AMD Radeon RX 9070 XT,64,0,0,0
g4.gate_up   tp1,2816,4224,32,float16,48,112x128,156.236,4,27,AMD Radeon RX 9070 XT,64,0,0,0
g4.gate_up   tp1,2816,4224,32,float16,48,prefill_wmma,160.031,4,27,AMD Radeon RX 9070 XT,64,0,0,0
g4.gate_up   tp1,2816,4224,32,float16,48,96x128,164.924,4,27,AMD Radeon RX 9070 XT,64,0,0,0
g4.gate_up   tp1,2816,4224,32,float16,48,80x128,182.593,4,27,AMD Radeon RX 9070 XT,64,0,0,0
g4.gate_up   tp1,2816,4224,32,float16,48,32x64,211.470,3,27,AMD Radeon RX 9070 XT,64,0,0,0
g4.gate_up   tp1,2816,4224,32,float16,48,64x128,216.233,3,27,AMD Radeon RX 9070 XT,64,0,0,0
g4.gate_up   tp1,2816,4224,32,float16,48,128x256,227.045,3,27,AMD Radeon RX 9070 XT,64,0,0,0
g4.gate_up   tp1,2816,4224,32,float16,48,prefill_wmma:smallm_off,300.911,2,27,AMD Radeon RX 9070 XT,64,0,0,0
g4.gate_up   tp1,2816,4224,32,float16,48,32x128,383.421,2,27,AMD Radeon RX 9070 XT,64,0,0,0
g4.gate_up   tp1,2816,4224,32,float16,48,16x64,473.975,2,27,AMD Radeon RX 9070 XT,64,0,0,0
g4.gate_up   tp1,2816,4224,32,float16,48,16x128,946.200,2,27,AMD Radeon RX 9070 XT,64,0,0,0
g4.gate_up   tp1,2816,4224,32,float16,63,128x64x2,70.835,10,27,AMD Radeon RX 9070 XT,64,0,0,0
g4.gate_up   tp1,2816,4224,32,float16,63,64x128x4,76.770,9,27,AMD Radeon RX 9070 XT,64,0,0,0
g4.gate_up   tp1,2816,4224,32,float16,63,32x64x4,77.541,9,27,AMD Radeon RX 9070 XT,64,0,0,0
g4.gate_up   tp1,2816,4224,32,float16,63,128x32,77.895,9,27,AMD Radeon RX 9070 XT,64,0,0,0
g4.gate_up   tp1,2816,4224,32,float16,63,128x128x4,78.158,9,27,AMD Radeon RX 9070 XT,64,0,0,0
g4.gate_up   tp1,2816,4224,32,float16,63,64x64x2,80.458,8,27,AMD Radeon RX 9070 XT,64,0,0,0
g4.gate_up   tp1,2816,4224,32,float16,63,auto,85.000,8,27,AMD Radeon RX 9070 XT,64,0,0,0
g4.gate_up   tp1,2816,4224,32,float16,63,128x64,92.837,7,27,AMD Radeon RX 9070 XT,64,0,0,0
g4.gate_up   tp1,2816,4224,32,float16,63,128x128x2,93.497,7,27,AMD Radeon RX 9070 XT,64,0,0,0
g4.gate_up   tp1,2816,4224,32,float16,63,256x32,103.383,7,27,AMD Radeon RX 9070 XT,64,0,0,0
g4.gate_up   tp1,2816,4224,32,float16,63,64x32,103.914,7,27,AMD Radeon RX 9070 XT,64,0,0,0
g4.gate_up   tp1,2816,4224,32,float16,63,96x128x2,109.470,6,27,AMD Radeon RX 9070 XT,64,0,0,0
g4.gate_up   tp1,2816,4224,32,float16,63,32x128x4,113.668,6,27,AMD Radeon RX 9070 XT,64,0,0,0
g4.gate_up   tp1,2816,4224,32,float16,63,32x64x2,120.374,6,27,AMD Radeon RX 9070 XT,64,0,0,0
g4.gate_up   tp1,2816,4224,32,float16,63,64x128x2,120.393,6,27,AMD Radeon RX 9070 XT,64,0,0,0
g4.gate_up   tp1,2816,4224,32,float16,63,256x128,129.351,5,27,AMD Radeon RX 9070 XT,64,0,0,0
g4.gate_up   tp1,2816,4224,32,float16,63,256x64,130.075,5,27,AMD Radeon RX 9070 XT,64,0,0,0
g4.gate_up   tp1,2816,4224,32,float16,63,256x128x2,131.813,5,27,AMD Radeon RX 9070 XT,64,0,0,0
g4.gate_up   tp1,2816,4224,32,float16,63,192x128,133.927,5,27,AMD Radeon RX 9070 XT,64,0,0,0
g4.gate_up   tp1,2816,4224,32,float16,63,128x128,138.352,5,27,AMD Radeon RX 9070 XT,64,0,0,0
g4.gate_up   tp1,2816,4224,32,float16,63,192x128x2,142.501,5,27,AMD Radeon RX 9070 XT,64,0,0,0
g4.gate_up   tp1,2816,4224,32,float16,63,32x32,143.325,5,27,AMD Radeon RX 9070 XT,64,0,0,0
g4.gate_up   tp1,2816,4224,32,float16,63,64x64,145.338,5,27,AMD Radeon RX 9070 XT,64,0,0,0
g4.gate_up   tp1,2816,4224,32,float16,63,prefill_wmma_ashuffle,148.686,4,27,AMD Radeon RX 9070 XT,64,0,0,0
g4.gate_up   tp1,2816,4224,32,float16,63,112x128,160.844,4,27,AMD Radeon RX 9070 XT,64,0,0,0
g4.gate_up   tp1,2816,4224,32,float16,63,96x128,169.567,4,27,AMD Radeon RX 9070 XT,64,0,0,0
g4.gate_up   tp1,2816,4224,32,float16,63,prefill_wmma,181.525,4,27,AMD Radeon RX 9070 XT,64,0,0,0
g4.gate_up   tp1,2816,4224,32,float16,63,80x128,187.251,3,27,AMD Radeon RX 9070 XT,64,0,0,0
g4.gate_up   tp1,2816,4224,32,float16,63,64x128,223.029,3,27,AMD Radeon RX 9070 XT,64,0,0,0
g4.gate_up   tp1,2816,4224,32,float16,63,32x64,227.343,3,27,AMD Radeon RX 9070 XT,64,0,0,0
g4.gate_up   tp1,2816,4224,32,float16,63,128x256,229.368,3,27,AMD Radeon RX 9070 XT,64,0,0,0
g4.gate_up   tp1,2816,4224,32,float16,63,prefill_wmma:smallm_off,333.741,2,27,AMD Radeon RX 9070 XT,64,0,0,0
g4.gate_up   tp1,2816,4224,32,float16,63,32x128,465.778,2,27,AMD Radeon RX 9070 XT,64,0,0,0
g4.gate_up   tp1,2816,4224,32,float16,63,16x64,495.609,2,27,AMD Radeon RX 9070 XT,64,0,0,0
g4.gate_up   tp1,2816,4224,32,float16,63,16x128,936.806,2,27,AMD Radeon RX 9070 XT,64,0,0,0
g4.gate_up   tp1,2816,4224,32,float16,64,128x64x2,70.838,10,27,AMD Radeon RX 9070 XT,64,0,0,0
g4.gate_up   tp1,2816,4224,32,float16,64,64x128x4,77.401,9,27,AMD Radeon RX 9070 XT,64,0,0,0
g4.gate_up   tp1,2816,4224,32,float16,64,32x64x4,77.941,9,27,AMD Radeon RX 9070 XT,64,0,0,0
g4.gate_up   tp1,2816,4224,32,float16,64,128x128x4,78.411,9,27,AMD Radeon RX 9070 XT,64,0,0,0
g4.gate_up   tp1,2816,4224,32,float16,64,128x32,78.480,9,27,AMD Radeon RX 9070 XT,64,0,0,0
g4.gate_up   tp1,2816,4224,32,float16,64,64x64x2,81.823,8,27,AMD Radeon RX 9070 XT,64,0,0,0
g4.gate_up   tp1,2816,4224,32,float16,64,auto,85.104,8,27,AMD Radeon RX 9070 XT,64,0,0,0
g4.gate_up   tp1,2816,4224,32,float16,64,128x64,93.272,7,27,AMD Radeon RX 9070 XT,64,0,0,0
g4.gate_up   tp1,2816,4224,32,float16,64,128x128x2,94.545,7,27,AMD Radeon RX 9070 XT,64,0,0,0
g4.gate_up   tp1,2816,4224,32,float16,64,256x32,103.514,7,27,AMD Radeon RX 9070 XT,64,0,0,0
g4.gate_up   tp1,2816,4224,32,float16,64,64x32,104.301,7,27,AMD Radeon RX 9070 XT,64,0,0,0
g4.gate_up   tp1,2816,4224,32,float16,64,96x128x2,108.558,6,27,AMD Radeon RX 9070 XT,64,0,0,0
g4.gate_up   tp1,2816,4224,32,float16,64,32x128x4,113.605,6,27,AMD Radeon RX 9070 XT,64,0,0,0
g4.gate_up   tp1,2816,4224,32,float16,64,32x64x2,120.795,6,27,AMD Radeon RX 9070 XT,64,0,0,0
g4.gate_up   tp1,2816,4224,32,float16,64,64x128x2,124.161,5,27,AMD Radeon RX 9070 XT,64,0,0,0
g4.gate_up   tp1,2816,4224,32,float16,64,256x64,129.914,5,27,AMD Radeon RX 9070 XT,64,0,0,0
g4.gate_up   tp1,2816,4224,32,float16,64,256x128,130.214,5,27,AMD Radeon RX 9070 XT,64,0,0,0
g4.gate_up   tp1,2816,4224,32,float16,64,256x128x2,131.802,5,27,AMD Radeon RX 9070 XT,64,0,0,0
g4.gate_up   tp1,2816,4224,32,float16,64,192x128,136.202,5,27,AMD Radeon RX 9070 XT,64,0,0,0
g4.gate_up   tp1,2816,4224,32,float16,64,128x128,141.634,5,27,AMD Radeon RX 9070 XT,64,0,0,0
g4.gate_up   tp1,2816,4224,32,float16,64,32x32,143.942,5,27,AMD Radeon RX 9070 XT,64,0,0,0
g4.gate_up   tp1,2816,4224,32,float16,64,192x128x2,144.292,4,27,AMD Radeon RX 9070 XT,64,0,0,0
g4.gate_up   tp1,2816,4224,32,float16,64,64x64,146.100,5,27,AMD Radeon RX 9070 XT,64,0,0,0
g4.gate_up   tp1,2816,4224,32,float16,64,prefill_wmma_ashuffle,148.755,4,27,AMD Radeon RX 9070 XT,64,0,0,0
g4.gate_up   tp1,2816,4224,32,float16,64,112x128,160.918,4,27,AMD Radeon RX 9070 XT,64,0,0,0
g4.gate_up   tp1,2816,4224,32,float16,64,96x128,169.684,4,27,AMD Radeon RX 9070 XT,64,0,0,0
g4.gate_up   tp1,2816,4224,32,float16,64,prefill_wmma,181.762,4,27,AMD Radeon RX 9070 XT,64,0,0,0
g4.gate_up   tp1,2816,4224,32,float16,64,80x128,188.230,3,27,AMD Radeon RX 9070 XT,64,0,0,0
g4.gate_up   tp1,2816,4224,32,float16,64,32x64,228.658,3,27,AMD Radeon RX 9070 XT,64,0,0,0
g4.gate_up   tp1,2816,4224,32,float16,64,128x256,230.148,3,27,AMD Radeon RX 9070 XT,64,0,0,0
g4.gate_up   tp1,2816,4224,32,float16,64,64x128,230.254,3,27,AMD Radeon RX 9070 XT,64,0,0,0
g4.gate_up   tp1,2816,4224,32,float16,64,prefill_wmma:smallm_off,334.241,2,27,AMD Radeon RX 9070 XT,64,0,0,0
g4.gate_up   tp1,2816,4224,32,float16,64,32x128,462.321,2,27,AMD Radeon RX 9070 XT,64,0,0,0
g4.gate_up   tp1,2816,4224,32,float16,64,16x64,544.368,2,27,AMD Radeon RX 9070 XT,64,0,0,0
g4.gate_up   tp1,2816,4224,32,float16,64,16x128,939.505,2,27,AMD Radeon RX 9070 XT,64,0,0,0
g4.gate_up   tp1,2816,4224,32,float16,96,128x64x2,74.600,9,27,AMD Radeon RX 9070 XT,64,0,0,0
g4.gate_up   tp1,2816,4224,32,float16,96,128x128x4,79.357,9,27,AMD Radeon RX 9070 XT,64,0,0,0
g4.gate_up   tp1,2816,4224,32,float16,96,128x32,87.245,8,27,AMD Radeon RX 9070 XT,64,0,0,0
g4.gate_up   tp1,2816,4224,32,float16,96,64x64x2,88.284,8,27,AMD Radeon RX 9070 XT,64,0,0,0
g4.gate_up   tp1,2816,4224,32,float16,96,64x128x4,90.450,8,27,AMD Radeon RX 9070 XT,64,0,0,0
g4.gate_up   tp1,2816,4224,32,float16,96,32x64x4,92.725,7,27,AMD Radeon RX 9070 XT,64,0,0,0
g4.gate_up   tp1,2816,4224,32,float16,96,128x128x2,97.982,7,27,AMD Radeon RX 9070 XT,64,0,0,0
g4.gate_up   tp1,2816,4224,32,float16,96,128x64,101.374,7,27,AMD Radeon RX 9070 XT,64,0,0,0
g4.gate_up   tp1,2816,4224,32,float16,96,64x32,102.738,7,27,AMD Radeon RX 9070 XT,64,0,0,0
g4.gate_up   tp1,2816,4224,32,float16,96,96x128x2,108.984,6,27,AMD Radeon RX 9070 XT,64,0,0,0
g4.gate_up   tp1,2816,4224,32,float16,96,256x32,111.125,6,27,AMD Radeon RX 9070 XT,64,0,0,0
g4.gate_up   tp1,2816,4224,32,float16,96,auto,114.418,6,27,AMD Radeon RX 9070 XT,64,0,0,0
g4.gate_up   tp1,2816,4224,32,float16,96,32x128x4,119.671,6,27,AMD Radeon RX 9070 XT,64,0,0,0
g4.gate_up   tp1,2816,4224,32,float16,96,32x64x2,121.951,6,27,AMD Radeon RX 9070 XT,64,0,0,0
g4.gate_up   tp1,2816,4224,32,float16,96,64x128x2,127.078,5,27,AMD Radeon RX 9070 XT,64,0,0,0
g4.gate_up   tp1,2816,4224,32,float16,96,64x64,132.832,5,27,AMD Radeon RX 9070 XT,64,0,0,0
g4.gate_up   tp1,2816,4224,32,float16,96,256x128,133.161,5,27,AMD Radeon RX 9070 XT,64,0,0,0
g4.gate_up   tp1,2816,4224,32,float16,96,256x64,136.312,5,27,AMD Radeon RX 9070 XT,64,0,0,0
g4.gate_up   tp1,2816,4224,32,float16,96,256x128x2,137.464,5,27,AMD Radeon RX 9070 XT,64,0,0,0
g4.gate_up   tp1,2816,4224,32,float16,96,192x128,139.484,5,27,AMD Radeon RX 9070 XT,64,0,0,0
g4.gate_up   tp1,2816,4224,32,float16,96,128x128,144.816,5,27,AMD Radeon RX 9070 XT,64,0,0,0
g4.gate_up   tp1,2816,4224,32,float16,96,192x128x2,148.219,4,27,AMD Radeon RX 9070 XT,64,0,0,0
g4.gate_up   tp1,2816,4224,32,float16,96,prefill_wmma_ashuffle,164.626,4,27,AMD Radeon RX 9070 XT,64,0,0,0
g4.gate_up   tp1,2816,4224,32,float16,96,112x128,166.706,4,27,AMD Radeon RX 9070 XT,64,0,0,0
g4.gate_up   tp1,2816,4224,32,float16,96,prefill_wmma,175.828,4,27,AMD Radeon RX 9070 XT,64,0,0,0
g4.gate_up   tp1,2816,4224,32,float16,96,96x128,183.795,3,27,AMD Radeon RX 9070 XT,64,0,0,0
g4.gate_up   tp1,2816,4224,32,float16,96,80x128,187.443,3,27,AMD Radeon RX 9070 XT,64,0,0,0
g4.gate_up   tp1,2816,4224,32,float16,96,64x128,218.878,3,27,AMD Radeon RX 9070 XT,64,0,0,0
g4.gate_up   tp1,2816,4224,32,float16,96,32x64,233.835,3,27,AMD Radeon RX 9070 XT,64,0,0,0
g4.gate_up   tp1,2816,4224,32,float16,96,128x256,236.542,3,27,AMD Radeon RX 9070 XT,64,0,0,0
g4.gate_up   tp1,2816,4224,32,float16,96,32x32,269.510,2,27,AMD Radeon RX 9070 XT,64,0,0,0
g4.gate_up   tp1,2816,4224,32,float16,96,prefill_wmma:smallm_off,377.741,2,27,AMD Radeon RX 9070 XT,64,0,0,0
g4.gate_up   tp1,2816,4224,32,float16,96,32x128,440.241,2,27,AMD Radeon RX 9070 XT,64,0,0,0
g4.gate_up   tp1,2816,4224,32,float16,96,16x64,1417.307,2,27,AMD Radeon RX 9070 XT,64,0,0,0
g4.gate_up   tp1,2816,4224,32,float16,96,16x128,2444.659,2,27,AMD Radeon RX 9070 XT,64,0,0,0
g4.gate_up   tp1,2816,4224,32,float16,128,128x64x2,79.279,9,27,AMD Radeon RX 9070 XT,64,0,0,0
g4.gate_up   tp1,2816,4224,32,float16,128,128x128x4,81.702,8,27,AMD Radeon RX 9070 XT,64,0,0,0
g4.gate_up   tp1,2816,4224,32,float16,128,64x128x4,94.223,7,27,AMD Radeon RX 9070 XT,64,0,0,0
g4.gate_up   tp1,2816,4224,32,float16,128,128x32,94.961,7,27,AMD Radeon RX 9070 XT,64,0,0,0
g4.gate_up   tp1,2816,4224,32,float16,128,64x64x2,96.683,7,27,AMD Radeon RX 9070 XT,64,0,0,0
g4.gate_up   tp1,2816,4224,32,float16,128,128x128x2,101.706,7,27,AMD Radeon RX 9070 XT,64,0,0,0
g4.gate_up   tp1,2816,4224,32,float16,128,128x64,111.846,6,27,AMD Radeon RX 9070 XT,64,0,0,0
g4.gate_up   tp1,2816,4224,32,float16,128,64x32,115.538,6,27,AMD Radeon RX 9070 XT,64,0,0,0
g4.gate_up   tp1,2816,4224,32,float16,128,96x128x2,118.535,6,27,AMD Radeon RX 9070 XT,64,0,0,0
g4.gate_up   tp1,2816,4224,32,float16,128,256x32,118.903,6,27,AMD Radeon RX 9070 XT,64,0,0,0
g4.gate_up   tp1,2816,4224,32,float16,128,auto,128.820,5,27,AMD Radeon RX 9070 XT,64,0,0,0
g4.gate_up   tp1,2816,4224,32,float16,128,64x128x2,131.542,5,27,AMD Radeon RX 9070 XT,64,0,0,0
g4.gate_up   tp1,2816,4224,32,float16,128,32x64x4,132.130,5,27,AMD Radeon RX 9070 XT,64,0,0,0
g4.gate_up   tp1,2816,4224,32,float16,128,256x128,136.587,5,27,AMD Radeon RX 9070 XT,64,0,0,0
g4.gate_up   tp1,2816,4224,32,float16,128,256x128x2,142.175,5,27,AMD Radeon RX 9070 XT,64,0,0,0
g4.gate_up   tp1,2816,4224,32,float16,128,256x64,143.381,5,27,AMD Radeon RX 9070 XT,64,0,0,0
g4.gate_up   tp1,2816,4224,32,float16,128,192x128,144.582,5,27,AMD Radeon RX 9070 XT,64,0,0,0
g4.gate_up   tp1,2816,4224,32,float16,128,64x64,151.769,4,27,AMD Radeon RX 9070 XT,64,0,0,0
g4.gate_up   tp1,2816,4224,32,float16,128,128x128,154.742,4,27,AMD Radeon RX 9070 XT,64,0,0,0
g4.gate_up   tp1,2816,4224,32,float16,128,192x128x2,154.781,4,27,AMD Radeon RX 9070 XT,64,0,0,0
g4.gate_up   tp1,2816,4224,32,float16,128,112x128,168.406,4,27,AMD Radeon RX 9070 XT,64,0,0,0
g4.gate_up   tp1,2816,4224,32,float16,128,prefill_wmma_ashuffle,179.416,4,27,AMD Radeon RX 9070 XT,64,0,0,0
g4.gate_up   tp1,2816,4224,32,float16,128,96x128,179.745,4,27,AMD Radeon RX 9070 XT,64,0,0,0
g4.gate_up   tp1,2816,4224,32,float16,128,80x128,198.768,3,27,AMD Radeon RX 9070 XT,64,0,0,0
g4.gate_up   tp1,2816,4224,32,float16,128,32x128x4,219.647,3,27,AMD Radeon RX 9070 XT,64,0,0,0
g4.gate_up   tp1,2816,4224,32,float16,128,32x64x2,237.731,3,27,AMD Radeon RX 9070 XT,64,0,0,0
g4.gate_up   tp1,2816,4224,32,float16,128,64x128,239.798,3,27,AMD Radeon RX 9070 XT,64,0,0,0
g4.gate_up   tp1,2816,4224,32,float16,128,128x256,245.237,3,27,AMD Radeon RX 9070 XT,64,0,0,0
g4.gate_up   tp1,2816,4224,32,float16,128,32x32,270.944,2,27,AMD Radeon RX 9070 XT,64,0,0,0
g4.gate_up   tp1,2816,4224,32,float16,128,prefill_wmma:smallm_off,405.349,2,27,AMD Radeon RX 9070 XT,64,0,0,0
g4.gate_up   tp1,2816,4224,32,float16,128,prefill_wmma,406.667,2,27,AMD Radeon RX 9070 XT,64,0,0,0
g4.gate_up   tp1,2816,4224,32,float16,128,32x64,460.699,2,27,AMD Radeon RX 9070 XT,64,0,0,0
g4.gate_up   tp1,2816,4224,32,float16,128,16x64,1374.371,2,27,AMD Radeon RX 9070 XT,64,0,0,0
g4.gate_up   tp1,2816,4224,32,float16,128,32x128,1498.654,2,27,AMD Radeon RX 9070 XT,64,0,0,0
g4.gate_up   tp1,2816,4224,32,float16,128,16x128,2689.667,2,27,AMD Radeon RX 9070 XT,64,0,0,0
g4.gate_up   tp1,2816,4224,32,float16,192,64x128x4,113.027,6,27,AMD Radeon RX 9070 XT,64,0,0,0
g4.gate_up   tp1,2816,4224,32,float16,192,auto,116.827,6,27,AMD Radeon RX 9070 XT,64,0,0,0
g4.gate_up   tp1,2816,4224,32,float16,192,128x64x2,116.860,6,27,AMD Radeon RX 9070 XT,64,0,0,0
g4.gate_up   tp1,2816,4224,32,float16,192,128x128x4,117.509,6,27,AMD Radeon RX 9070 XT,64,0,0,0
g4.gate_up   tp1,2816,4224,32,float16,192,96x128x2,126.959,5,27,AMD Radeon RX 9070 XT,64,0,0,0
g4.gate_up   tp1,2816,4224,32,float16,192,256x32,133.398,5,27,AMD Radeon RX 9070 XT,64,0,0,0
g4.gate_up   tp1,2816,4224,32,float16,192,256x128,143.758,4,27,AMD Radeon RX 9070 XT,64,0,0,0
g4.gate_up   tp1,2816,4224,32,float16,192,64x128x2,144.370,5,27,AMD Radeon RX 9070 XT,64,0,0,0
g4.gate_up   tp1,2816,4224,32,float16,192,128x32,147.835,4,27,AMD Radeon RX 9070 XT,64,0,0,0
g4.gate_up   tp1,2816,4224,32,float16,192,64x64x2,149.753,4,27,AMD Radeon RX 9070 XT,64,0,0,0
g4.gate_up   tp1,2816,4224,32,float16,192,192x128,150.243,4,27,AMD Radeon RX 9070 XT,64,0,0,0
g4.gate_up   tp1,2816,4224,32,float16,192,256x128x2,151.564,4,27,AMD Radeon RX 9070 XT,64,0,0,0
g4.gate_up   tp1,2816,4224,32,float16,192,32x64x4,156.832,4,27,AMD Radeon RX 9070 XT,64,0,0,0
g4.gate_up   tp1,2816,4224,32,float16,192,256x64,159.578,4,27,AMD Radeon RX 9070 XT,64,0,0,0
g4.gate_up   tp1,2816,4224,32,float16,192,128x128x2,160.332,4,27,AMD Radeon RX 9070 XT,64,0,0,0
g4.gate_up   tp1,2816,4224,32,float16,192,128x128,162.848,4,27,AMD Radeon RX 9070 XT,64,0,0,0
g4.gate_up   tp1,2816,4224,32,float16,192,192x128x2,165.892,4,27,AMD Radeon RX 9070 XT,64,0,0,0
g4.gate_up   tp1,2816,4224,32,float16,192,112x128,176.988,4,27,AMD Radeon RX 9070 XT,64,0,0,0
g4.gate_up   tp1,2816,4224,32,float16,192,128x64,181.103,3,27,AMD Radeon RX 9070 XT,64,0,0,0
g4.gate_up   tp1,2816,4224,32,float16,192,64x32,187.356,3,27,AMD Radeon RX 9070 XT,64,0,0,0
g4.gate_up   tp1,2816,4224,32,float16,192,96x128,192.956,3,27,AMD Radeon RX 9070 XT,64,0,0,0
g4.gate_up   tp1,2816,4224,32,float16,192,80x128,202.540,3,27,AMD Radeon RX 9070 XT,64,0,0,0
g4.gate_up   tp1,2816,4224,32,float16,192,prefill_wmma_ashuffle,213.091,3,27,AMD Radeon RX 9070 XT,64,0,0,0
g4.gate_up   tp1,2816,4224,32,float16,192,32x128x4,216.184,3,27,AMD Radeon RX 9070 XT,64,0,0,0
g4.gate_up   tp1,2816,4224,32,float16,192,32x64x2,236.288,3,27,AMD Radeon RX 9070 XT,64,0,0,0
g4.gate_up   tp1,2816,4224,32,float16,192,128x256,246.209,2,27,AMD Radeon RX 9070 XT,64,0,0,0
g4.gate_up   tp1,2816,4224,32,float16,192,64x128,249.256,2,27,AMD Radeon RX 9070 XT,64,0,0,0
g4.gate_up   tp1,2816,4224,32,float16,192,64x64,275.858,2,27,AMD Radeon RX 9070 XT,64,0,0,0
g4.gate_up   tp1,2816,4224,32,float16,192,32x32,395.085,2,27,AMD Radeon RX 9070 XT,64,0,0,0
g4.gate_up   tp1,2816,4224,32,float16,192,32x64,452.411,2,27,AMD Radeon RX 9070 XT,64,0,0,0
g4.gate_up   tp1,2816,4224,32,float16,192,prefill_wmma,455.687,2,27,AMD Radeon RX 9070 XT,64,0,0,0
g4.gate_up   tp1,2816,4224,32,float16,192,prefill_wmma:smallm_off,455.999,2,27,AMD Radeon RX 9070 XT,64,0,0,0
g4.gate_up   tp1,2816,4224,32,float16,192,32x128,1291.486,2,27,AMD Radeon RX 9070 XT,64,0,0,0
g4.gate_up   tp1,2816,4224,32,float16,192,16x64,2173.249,2,27,AMD Radeon RX 9070 XT,64,0,0,0
g4.gate_up   tp1,2816,4224,32,float16,192,16x128,4029.189,2,27,AMD Radeon RX 9070 XT,64,0,0,0
g4.gate_up   tp1,2816,4224,32,float16,256,128x128x4,132.113,5,27,AMD Radeon RX 9070 XT,64,0,0,0
g4.gate_up   tp1,2816,4224,32,float16,256,auto,134.534,5,27,AMD Radeon RX 9070 XT,64,0,0,0
g4.gate_up   tp1,2816,4224,32,float16,256,128x64x2,134.656,5,27,AMD Radeon RX 9070 XT,64,0,0,0
g4.gate_up   tp1,2816,4224,32,float16,256,64x128x4,157.751,4,27,AMD Radeon RX 9070 XT,64,0,0,0
g4.gate_up   tp1,2816,4224,32,float16,256,256x32,158.591,4,27,AMD Radeon RX 9070 XT,64,0,0,0
g4.gate_up   tp1,2816,4224,32,float16,256,256x128,159.804,4,27,AMD Radeon RX 9070 XT,64,0,0,0
g4.gate_up   tp1,2816,4224,32,float16,256,64x64x2,163.360,4,27,AMD Radeon RX 9070 XT,64,0,0,0
g4.gate_up   tp1,2816,4224,32,float16,256,128x32,169.367,4,27,AMD Radeon RX 9070 XT,64,0,0,0
g4.gate_up   tp1,2816,4224,32,float16,256,256x128x2,170.492,4,27,AMD Radeon RX 9070 XT,64,0,0,0
g4.gate_up   tp1,2816,4224,32,float16,256,128x128,181.439,4,27,AMD Radeon RX 9070 XT,64,0,0,0
g4.gate_up   tp1,2816,4224,32,float16,256,128x128x2,183.156,4,27,AMD Radeon RX 9070 XT,64,0,0,0
g4.gate_up   tp1,2816,4224,32,float16,256,256x64,188.642,3,27,AMD Radeon RX 9070 XT,64,0,0,0
g4.gate_up   tp1,2816,4224,32,float16,256,64x32,206.252,3,27,AMD Radeon RX 9070 XT,64,0,0,0
g4.gate_up   tp1,2816,4224,32,float16,256,128x64,209.840,3,27,AMD Radeon RX 9070 XT,64,0,0,0
g4.gate_up   tp1,2816,4224,32,float16,256,32x64x4,210.629,3,27,AMD Radeon RX 9070 XT,64,0,0,0
g4.gate_up   tp1,2816,4224,32,float16,256,96x128x2,214.415,3,27,AMD Radeon RX 9070 XT,64,0,0,0
g4.gate_up   tp1,2816,4224,32,float16,256,192x128x2,222.013,3,27,AMD Radeon RX 9070 XT,64,0,0,0
g4.gate_up   tp1,2816,4224,32,float16,256,prefill_wmma_ashuffle,251.914,2,27,AMD Radeon RX 9070 XT,64,0,0,0
g4.gate_up   tp1,2816,4224,32,float16,256,64x128x2,252.512,2,27,AMD Radeon RX 9070 XT,64,0,0,0
g4.gate_up   tp1,2816,4224,32,float16,256,192x128,253.311,2,27,AMD Radeon RX 9070 XT,64,0,0,0
g4.gate_up   tp1,2816,4224,32,float16,256,128x256,267.798,2,27,AMD Radeon RX 9070 XT,64,0,0,0
g4.gate_up   tp1,2816,4224,32,float16,256,64x64,293.702,2,27,AMD Radeon RX 9070 XT,64,0,0,0
g4.gate_up   tp1,2816,4224,32,float16,256,112x128,302.794,2,27,AMD Radeon RX 9070 XT,64,0,0,0
g4.gate_up   tp1,2816,4224,32,float16,256,32x128x4,329.957,2,27,AMD Radeon RX 9070 XT,64,0,0,0
g4.gate_up   tp1,2816,4224,32,float16,256,32x64x2,356.216,2,27,AMD Radeon RX 9070 XT,64,0,0,0
g4.gate_up   tp1,2816,4224,32,float16,256,96x128,357.817,2,27,AMD Radeon RX 9070 XT,64,0,0,0
g4.gate_up   tp1,2816,4224,32,float16,256,80x128,361.133,2,27,AMD Radeon RX 9070 XT,64,0,0,0
g4.gate_up   tp1,2816,4224,32,float16,256,32x32,413.854,2,27,AMD Radeon RX 9070 XT,64,0,0,0
g4.gate_up   tp1,2816,4224,32,float16,256,64x128,472.161,2,27,AMD Radeon RX 9070 XT,64,0,0,0
g4.gate_up   tp1,2816,4224,32,float16,256,prefill_wmma,528.765,2,27,AMD Radeon RX 9070 XT,64,0,0,0
g4.gate_up   tp1,2816,4224,32,float16,256,prefill_wmma:smallm_off,533.675,2,27,AMD Radeon RX 9070 XT,64,0,0,0
g4.gate_up   tp1,2816,4224,32,float16,256,32x64,692.935,2,27,AMD Radeon RX 9070 XT,64,0,0,0
g4.gate_up   tp1,2816,4224,32,float16,256,32x128,2043.450,2,27,AMD Radeon RX 9070 XT,64,0,0,0
g4.gate_up   tp1,2816,4224,32,float16,256,16x64,2984.390,2,27,AMD Radeon RX 9070 XT,64,0,0,0
g4.gate_up   tp1,2816,4224,32,float16,256,16x128,8996.645,2,27,AMD Radeon RX 9070 XT,64,0,0,0
g4.gate_up   tp1,2816,4224,32,float16,512,128x128x4,207.988,3,27,AMD Radeon RX 9070 XT,64,0,0,0
g4.gate_up   tp1,2816,4224,32,float16,512,128x64x2,212.369,3,27,AMD Radeon RX 9070 XT,64,0,0,0
g4.gate_up   tp1,2816,4224,32,float16,512,auto,226.680,3,27,AMD Radeon RX 9070 XT,64,0,0,0
g4.gate_up   tp1,2816,4224,32,float16,512,256x128x2,240.308,3,27,AMD Radeon RX 9070 XT,64,0,0,0
g4.gate_up   tp1,2816,4224,32,float16,512,256x32,241.274,3,27,AMD Radeon RX 9070 XT,64,0,0,0
g4.gate_up   tp1,2816,4224,32,float16,512,64x128x4,251.358,2,27,AMD Radeon RX 9070 XT,64,0,0,0
g4.gate_up   tp1,2816,4224,32,float16,512,256x64,266.126,2,27,AMD Radeon RX 9070 XT,64,0,0,0
g4.gate_up   tp1,2816,4224,32,float16,512,256x128,266.852,2,27,AMD Radeon RX 9070 XT,64,0,0,0
g4.gate_up   tp1,2816,4224,32,float16,512,128x128x2,271.430,2,27,AMD Radeon RX 9070 XT,64,0,0,0
g4.gate_up   tp1,2816,4224,32,float16,512,64x64x2,282.702,2,27,AMD Radeon RX 9070 XT,64,0,0,0
g4.gate_up   tp1,2816,4224,32,float16,512,192x128,289.577,2,27,AMD Radeon RX 9070 XT,64,0,0,0
g4.gate_up   tp1,2816,4224,32,float16,512,192x128x2,302.216,2,27,AMD Radeon RX 9070 XT,64,0,0,0
g4.gate_up   tp1,2816,4224,32,float16,512,128x64,305.368,2,27,AMD Radeon RX 9070 XT,64,0,0,0
g4.gate_up   tp1,2816,4224,32,float16,512,128x32,306.730,2,27,AMD Radeon RX 9070 XT,64,0,0,0
g4.gate_up   tp1,2816,4224,32,float16,512,96x128x2,309.496,2,27,AMD Radeon RX 9070 XT,64,0,0,0
g4.gate_up   tp1,2816,4224,32,float16,512,128x128,328.210,2,27,AMD Radeon RX 9070 XT,64,0,0,0
g4.gate_up   tp1,2816,4224,32,float16,512,112x128,355.157,2,27,AMD Radeon RX 9070 XT,64,0,0,0
g4.gate_up   tp1,2816,4224,32,float16,512,32x64x4,373.457,2,27,AMD Radeon RX 9070 XT,64,0,0,0
g4.gate_up   tp1,2816,4224,32,float16,512,64x32,384.174,2,27,AMD Radeon RX 9070 XT,64,0,0,0
g4.gate_up   tp1,2816,4224,32,float16,512,64x128x2,385.181,2,27,AMD Radeon RX 9070 XT,64,0,0,0
g4.gate_up   tp1,2816,4224,32,float16,512,80x128,411.262,2,27,AMD Radeon RX 9070 XT,64,0,0,0
g4.gate_up   tp1,2816,4224,32,float16,512,64x64,432.315,2,27,AMD Radeon RX 9070 XT,64,0,0,0
g4.gate_up   tp1,2816,4224,32,float16,512,prefill_wmma_ashuffle,435.274,2,27,AMD Radeon RX 9070 XT,64,0,0,0
g4.gate_up   tp1,2816,4224,32,float16,512,128x256,473.558,2,27,AMD Radeon RX 9070 XT,64,0,0,0
g4.gate_up   tp1,2816,4224,32,float16,512,96x128,502.804,2,27,AMD Radeon RX 9070 XT,64,0,0,0
g4.gate_up   tp1,2816,4224,32,float16,512,32x128x4,549.132,2,27,AMD Radeon RX 9070 XT,64,0,0,0
g4.gate_up   tp1,2816,4224,32,float16,512,32x64x2,597.908,2,27,AMD Radeon RX 9070 XT,64,0,0,0
g4.gate_up   tp1,2816,4224,32,float16,512,64x128,716.857,2,27,AMD Radeon RX 9070 XT,64,0,0,0
g4.gate_up   tp1,2816,4224,32,float16,512,prefill_wmma:smallm_off,796.118,2,27,AMD Radeon RX 9070 XT,64,0,0,0
g4.gate_up   tp1,2816,4224,32,float16,512,prefill_wmma,798.128,2,27,AMD Radeon RX 9070 XT,64,0,0,0
g4.gate_up   tp1,2816,4224,32,float16,512,32x32,804.530,2,27,AMD Radeon RX 9070 XT,64,0,0,0
g4.gate_up   tp1,2816,4224,32,float16,512,32x64,1396.273,2,27,AMD Radeon RX 9070 XT,64,0,0,0
g4.gate_up   tp1,2816,4224,32,float16,512,32x128,3151.526,2,27,AMD Radeon RX 9070 XT,64,0,0,0
g4.gate_up   tp1,2816,4224,32,float16,512,16x64,4511.775,2,27,AMD Radeon RX 9070 XT,64,0,0,0
g4.gate_up   tp1,2816,4224,32,float16,512,16x128,15518.864,2,27,AMD Radeon RX 9070 XT,64,0,0,0
g4.gate_up   tp1,2816,4224,32,float16,1024,auto,366.094,2,27,AMD Radeon RX 9070 XT,64,0,0,0
g4.gate_up   tp1,2816,4224,32,float16,1024,128x128x4,366.651,2,27,AMD Radeon RX 9070 XT,64,0,0,0
g4.gate_up   tp1,2816,4224,32,float16,1024,128x64x2,383.472,2,27,AMD Radeon RX 9070 XT,64,0,0,0
g4.gate_up   tp1,2816,4224,32,float16,1024,256x128x2,393.502,2,27,AMD Radeon RX 9070 XT,64,0,0,0
g4.gate_up   tp1,2816,4224,32,float16,1024,256x128,401.869,2,27,AMD Radeon RX 9070 XT,64,0,0,0
g4.gate_up   tp1,2816,4224,32,float16,1024,256x64,438.626,2,27,AMD Radeon RX 9070 XT,64,0,0,0
g4.gate_up   tp1,2816,4224,32,float16,1024,256x32,448.352,2,27,AMD Radeon RX 9070 XT,64,0,0,0
g4.gate_up   tp1,2816,4224,32,float16,1024,64x128x4,450.996,2,27,AMD Radeon RX 9070 XT,64,0,0,0
g4.gate_up   tp1,2816,4224,32,float16,1024,128x128x2,458.592,2,27,AMD Radeon RX 9070 XT,64,0,0,0
g4.gate_up   tp1,2816,4224,32,float16,1024,96x128x2,467.120,2,27,AMD Radeon RX 9070 XT,64,0,0,0
g4.gate_up   tp1,2816,4224,32,float16,1024,128x128,499.798,2,27,AMD Radeon RX 9070 XT,64,0,0,0
g4.gate_up   tp1,2816,4224,32,float16,1024,128x64,508.778,2,27,AMD Radeon RX 9070 XT,64,0,0,0
g4.gate_up   tp1,2816,4224,32,float16,1024,192x128x2,509.618,2,27,AMD Radeon RX 9070 XT,64,0,0,0
g4.gate_up   tp1,2816,4224,32,float16,1024,192x128,519.640,2,27,AMD Radeon RX 9070 XT,64,0,0,0
g4.gate_up   tp1,2816,4224,32,float16,1024,64x64x2,544.781,2,27,AMD Radeon RX 9070 XT,64,0,0,0
g4.gate_up   tp1,2816,4224,32,float16,1024,128x32,571.286,2,27,AMD Radeon RX 9070 XT,64,0,0,0
g4.gate_up   tp1,2816,4224,32,float16,1024,112x128,646.712,2,27,AMD Radeon RX 9070 XT,64,0,0,0
g4.gate_up   tp1,2816,4224,32,float16,1024,64x128x2,647.906,2,27,AMD Radeon RX 9070 XT,64,0,0,0
g4.gate_up   tp1,2816,4224,32,float16,1024,prefill_wmma_ashuffle,655.344,2,27,AMD Radeon RX 9070 XT,64,0,0,0
g4.gate_up   tp1,2816,4224,32,float16,1024,32x64x4,730.114,2,27,AMD Radeon RX 9070 XT,64,0,0,0
g4.gate_up   tp1,2816,4224,32,float16,1024,64x32,744.300,2,27,AMD Radeon RX 9070 XT,64,0,0,0
g4.gate_up   tp1,2816,4224,32,float16,1024,96x128,749.437,2,27,AMD Radeon RX 9070 XT,64,0,0,0
g4.gate_up   tp1,2816,4224,32,float16,1024,128x256,781.304,2,27,AMD Radeon RX 9070 XT,64,0,0,0
g4.gate_up   tp1,2816,4224,32,float16,1024,80x128,803.504,2,27,AMD Radeon RX 9070 XT,64,0,0,0
g4.gate_up   tp1,2816,4224,32,float16,1024,64x64,883.525,2,27,AMD Radeon RX 9070 XT,64,0,0,0
g4.gate_up   tp1,2816,4224,32,float16,1024,32x128x4,1007.853,2,27,AMD Radeon RX 9070 XT,64,0,0,0
g4.gate_up   tp1,2816,4224,32,float16,1024,32x64x2,1295.899,2,27,AMD Radeon RX 9070 XT,64,0,0,0
g4.gate_up   tp1,2816,4224,32,float16,1024,prefill_wmma,1354.399,2,27,AMD Radeon RX 9070 XT,64,0,0,0
g4.gate_up   tp1,2816,4224,32,float16,1024,prefill_wmma:smallm_off,1360.074,2,27,AMD Radeon RX 9070 XT,64,0,0,0
g4.gate_up   tp1,2816,4224,32,float16,1024,64x128,1460.540,2,27,AMD Radeon RX 9070 XT,64,0,0,0
g4.gate_up   tp1,2816,4224,32,float16,1024,32x32,1721.521,2,27,AMD Radeon RX 9070 XT,64,0,0,0
g4.gate_up   tp1,2816,4224,32,float16,1024,32x64,2293.235,2,27,AMD Radeon RX 9070 XT,64,0,0,0
g4.gate_up   tp1,2816,4224,32,float16,1024,16x64,6264.824,2,27,AMD Radeon RX 9070 XT,64,0,0,0
g4.gate_up   tp1,2816,4224,32,float16,1024,32x128,7411.168,2,27,AMD Radeon RX 9070 XT,64,0,0,0
g4.gate_up   tp1,2816,4224,32,float16,1024,16x128,12188.280,2,27,AMD Radeon RX 9070 XT,64,0,0,0
g4.gate_up   tp1,2816,4224,32,float16,2048,128x128x4,691.031,2,27,AMD Radeon RX 9070 XT,64,0,0,0
g4.gate_up   tp1,2816,4224,32,float16,2048,auto,708.303,2,27,AMD Radeon RX 9070 XT,64,0,0,0
g4.gate_up   tp1,2816,4224,32,float16,2048,256x128,708.801,2,27,AMD Radeon RX 9070 XT,64,0,0,0
g4.gate_up   tp1,2816,4224,32,float16,2048,128x64x2,728.684,2,27,AMD Radeon RX 9070 XT,64,0,0,0
g4.gate_up   tp1,2816,4224,32,float16,2048,256x128x2,734.134,2,27,AMD Radeon RX 9070 XT,64,0,0,0
g4.gate_up   tp1,2816,4224,32,float16,2048,256x64,810.363,2,27,AMD Radeon RX 9070 XT,64,0,0,0
g4.gate_up   tp1,2816,4224,32,float16,2048,128x128x2,853.842,2,27,AMD Radeon RX 9070 XT,64,0,0,0
g4.gate_up   tp1,2816,4224,32,float16,2048,192x128,875.089,2,27,AMD Radeon RX 9070 XT,64,0,0,0
g4.gate_up   tp1,2816,4224,32,float16,2048,64x128x4,883.346,2,27,AMD Radeon RX 9070 XT,64,0,0,0
g4.gate_up   tp1,2816,4224,32,float16,2048,256x32,886.013,2,27,AMD Radeon RX 9070 XT,64,0,0,0
g4.gate_up   tp1,2816,4224,32,float16,2048,96x128x2,890.132,2,27,AMD Radeon RX 9070 XT,64,0,0,0
g4.gate_up   tp1,2816,4224,32,float16,2048,192x128x2,926.679,2,27,AMD Radeon RX 9070 XT,64,0,0,0
g4.gate_up   tp1,2816,4224,32,float16,2048,128x64,946.069,2,27,AMD Radeon RX 9070 XT,64,0,0,0
g4.gate_up   tp1,2816,4224,32,float16,2048,128x128,993.480,2,27,AMD Radeon RX 9070 XT,64,0,0,0
g4.gate_up   tp1,2816,4224,32,float16,2048,64x64x2,1039.212,2,27,AMD Radeon RX 9070 XT,64,0,0,0
g4.gate_up   tp1,2816,4224,32,float16,2048,128x32,1157.046,2,27,AMD Radeon RX 9070 XT,64,0,0,0
g4.gate_up   tp1,2816,4224,32,float16,2048,prefill_wmma_ashuffle,1171.301,2,27,AMD Radeon RX 9070 XT,64,0,0,0
g4.gate_up   tp1,2816,4224,32,float16,2048,64x128x2,1334.078,2,27,AMD Radeon RX 9070 XT,64,0,0,0
g4.gate_up   tp1,2816,4224,32,float16,2048,112x128,1394.088,2,27,AMD Radeon RX 9070 XT,64,0,0,0
g4.gate_up   tp1,2816,4224,32,float16,2048,32x64x4,1579.255,2,27,AMD Radeon RX 9070 XT,64,0,0,0
g4.gate_up   tp1,2816,4224,32,float16,2048,128x256,1598.017,2,27,AMD Radeon RX 9070 XT,64,0,0,0
g4.gate_up   tp1,2816,4224,32,float16,2048,64x32,1620.978,2,27,AMD Radeon RX 9070 XT,64,0,0,0
g4.gate_up   tp1,2816,4224,32,float16,2048,96x128,1632.070,2,27,AMD Radeon RX 9070 XT,64,0,0,0
g4.gate_up   tp1,2816,4224,32,float16,2048,80x128,1664.201,2,27,AMD Radeon RX 9070 XT,64,0,0,0
g4.gate_up   tp1,2816,4224,32,float16,2048,64x64,1842.556,2,27,AMD Radeon RX 9070 XT,64,0,0,0
g4.gate_up   tp1,2816,4224,32,float16,2048,32x128x4,2147.262,2,27,AMD Radeon RX 9070 XT,64,0,0,0
g4.gate_up   tp1,2816,4224,32,float16,2048,32x64x2,2292.193,2,27,AMD Radeon RX 9070 XT,64,0,0,0
g4.gate_up   tp1,2816,4224,32,float16,2048,64x128,2424.556,2,27,AMD Radeon RX 9070 XT,64,0,0,0
g4.gate_up   tp1,2816,4224,32,float16,2048,prefill_wmma:smallm_off,2451.024,2,27,AMD Radeon RX 9070 XT,64,0,0,0
g4.gate_up   tp1,2816,4224,32,float16,2048,prefill_wmma,2465.147,2,27,AMD Radeon RX 9070 XT,64,0,0,0
g4.gate_up   tp1,2816,4224,32,float16,2048,32x32,3066.567,2,27,AMD Radeon RX 9070 XT,64,0,0,0
g4.gate_up   tp1,2816,4224,32,float16,2048,32x64,4069.841,2,27,AMD Radeon RX 9070 XT,64,0,0,0
g4.gate_up   tp1,2816,4224,32,float16,2048,16x64,10512.338,2,27,AMD Radeon RX 9070 XT,64,0,0,0
g4.gate_up   tp1,2816,4224,32,float16,2048,32x128,13228.405,2,27,AMD Radeon RX 9070 XT,64,0,0,0
g4.gate_up   tp1,2816,4224,32,float16,2048,16x128,18853.404,2,27,AMD Radeon RX 9070 XT,64,0,0,0
grid N=11264,2816,11264,32,bfloat16,1,32x64x4,85.531,20,11,AMD Radeon RX 9070 XT,64,0,0,0
grid N=11264,2816,11264,32,bfloat16,1,64x128x4,93.127,19,11,AMD Radeon RX 9070 XT,64,0,0,0
grid N=11264,2816,11264,32,bfloat16,1,64x64x2,98.278,18,11,AMD Radeon RX 9070 XT,64,0,0,0
grid N=11264,2816,11264,32,bfloat16,1,32x128x4,114.007,15,11,AMD Radeon RX 9070 XT,64,0,0,0
grid N=11264,2816,11264,32,bfloat16,1,32x64x2,115.421,15,11,AMD Radeon RX 9070 XT,64,0,0,0
grid N=11264,2816,11264,32,bfloat16,1,128x128x4,115.807,15,11,AMD Radeon RX 9070 XT,64,0,0,0
grid N=11264,2816,11264,32,bfloat16,1,96x128x2,118.328,14,11,AMD Radeon RX 9070 XT,64,0,0,0
grid N=11264,2816,11264,32,bfloat16,1,128x64x2,118.658,15,11,AMD Radeon RX 9070 XT,64,0,0,0
grid N=11264,2816,11264,32,bfloat16,1,32x32,122.553,14,11,AMD Radeon RX 9070 XT,64,0,0,0
grid N=11264,2816,11264,32,bfloat16,1,64x128x2,125.924,14,11,AMD Radeon RX 9070 XT,64,0,0,0
grid N=11264,2816,11264,32,bfloat16,1,64x64,130.079,13,11,AMD Radeon RX 9070 XT,64,0,0,0
grid N=11264,2816,11264,32,bfloat16,1,64x32,135.860,13,11,AMD Radeon RX 9070 XT,64,0,0,0
grid N=11264,2816,11264,32,bfloat16,1,auto,136.351,12,11,AMD Radeon RX 9070 XT,64,0,0,0
grid N=11264,2816,11264,32,bfloat16,1,128x32,149.024,12,11,AMD Radeon RX 9070 XT,64,0,0,0
grid N=11264,2816,11264,32,bfloat16,1,128x128x2,149.087,12,11,AMD Radeon RX 9070 XT,64,0,0,0
grid N=11264,2816,11264,32,bfloat16,1,128x128,153.292,11,11,AMD Radeon RX 9070 XT,64,0,0,0
grid N=11264,2816,11264,32,bfloat16,1,128x64,154.480,11,11,AMD Radeon RX 9070 XT,64,0,0,0
grid N=11264,2816,11264,32,bfloat16,1,prefill_wmma,154.693,11,11,AMD Radeon RX 9070 XT,64,0,0,0
grid N=11264,2816,11264,32,bfloat16,1,112x128,168.956,10,11,AMD Radeon RX 9070 XT,64,0,0,0
grid N=11264,2816,11264,32,bfloat16,1,96x128,172.534,10,11,AMD Radeon RX 9070 XT,64,0,0,0
grid N=11264,2816,11264,32,bfloat16,1,256x128x2,183.488,9,11,AMD Radeon RX 9070 XT,64,0,0,0
grid N=11264,2816,11264,32,bfloat16,1,80x128,190.368,9,11,AMD Radeon RX 9070 XT,64,0,0,0
grid N=11264,2816,11264,32,bfloat16,1,256x32,190.968,9,11,AMD Radeon RX 9070 XT,64,0,0,0
grid N=11264,2816,11264,32,bfloat16,1,256x128,194.857,9,11,AMD Radeon RX 9070 XT,64,0,0,0
grid N=11264,2816,11264,32,bfloat16,1,192x128x2,197.060,9,11,AMD Radeon RX 9070 XT,64,0,0,0
grid N=11264,2816,11264,32,bfloat16,1,256x64,199.144,9,11,AMD Radeon RX 9070 XT,64,0,0,0
grid N=11264,2816,11264,32,bfloat16,1,32x64,203.427,8,11,AMD Radeon RX 9070 XT,64,0,0,0
grid N=11264,2816,11264,32,bfloat16,1,64x128,212.205,8,11,AMD Radeon RX 9070 XT,64,0,0,0
grid N=11264,2816,11264,32,bfloat16,1,prefill_wmma_ashuffle,217.130,8,11,AMD Radeon RX 9070 XT,64,0,0,0
grid N=11264,2816,11264,32,bfloat16,1,192x128,219.897,8,11,AMD Radeon RX 9070 XT,64,0,0,0
grid N=11264,2816,11264,32,bfloat16,1,128x256,247.168,7,11,AMD Radeon RX 9070 XT,64,0,0,0
grid N=11264,2816,11264,32,bfloat16,1,16x64,360.592,4,11,AMD Radeon RX 9070 XT,64,0,0,0
grid N=11264,2816,11264,32,bfloat16,1,32x128,369.919,4,11,AMD Radeon RX 9070 XT,64,0,0,0
grid N=11264,2816,11264,32,bfloat16,1,prefill_wmma:smallm_off,451.195,3,11,AMD Radeon RX 9070 XT,64,0,0,0
grid N=11264,2816,11264,32,bfloat16,1,16x128,884.788,2,11,AMD Radeon RX 9070 XT,64,0,0,0
grid N=11264,2816,11264,32,bfloat16,8,32x64x4,84.869,20,11,AMD Radeon RX 9070 XT,64,0,0,0
grid N=11264,2816,11264,32,bfloat16,8,64x128x4,91.721,19,11,AMD Radeon RX 9070 XT,64,0,0,0
grid N=11264,2816,11264,32,bfloat16,8,64x64x2,97.265,18,11,AMD Radeon RX 9070 XT,64,0,0,0
grid N=11264,2816,11264,32,bfloat16,8,32x128x4,113.564,15,11,AMD Radeon RX 9070 XT,64,0,0,0
grid N=11264,2816,11264,32,bfloat16,8,128x128x4,115.837,15,11,AMD Radeon RX 9070 XT,64,0,0,0
grid N=11264,2816,11264,32,bfloat16,8,32x64x2,116.383,15,11,AMD Radeon RX 9070 XT,64,0,0,0
grid N=11264,2816,11264,32,bfloat16,8,96x128x2,117.739,15,11,AMD Radeon RX 9070 XT,64,0,0,0
grid N=11264,2816,11264,32,bfloat16,8,128x64x2,119.909,15,11,AMD Radeon RX 9070 XT,64,0,0,0
grid N=11264,2816,11264,32,bfloat16,8,64x128x2,125.353,14,11,AMD Radeon RX 9070 XT,64,0,0,0
grid N=11264,2816,11264,32,bfloat16,8,32x32,126.458,12,11,AMD Radeon RX 9070 XT,64,0,0,0
grid N=11264,2816,11264,32,bfloat16,8,64x64,130.926,13,11,AMD Radeon RX 9070 XT,64,0,0,0
grid N=11264,2816,11264,32,bfloat16,8,64x32,138.325,13,11,AMD Radeon RX 9070 XT,64,0,0,0
grid N=11264,2816,11264,32,bfloat16,8,auto,139.688,12,11,AMD Radeon RX 9070 XT,64,0,0,0
grid N=11264,2816,11264,32,bfloat16,8,128x128x2,148.581,12,11,AMD Radeon RX 9070 XT,64,0,0,0
grid N=11264,2816,11264,32,bfloat16,8,128x32,149.126,12,11,AMD Radeon RX 9070 XT,64,0,0,0
grid N=11264,2816,11264,32,bfloat16,8,prefill_wmma,152.610,11,11,AMD Radeon RX 9070 XT,64,0,0,0
grid N=11264,2816,11264,32,bfloat16,8,128x128,153.458,11,11,AMD Radeon RX 9070 XT,64,0,0,0
grid N=11264,2816,11264,32,bfloat16,8,128x64,155.566,11,11,AMD Radeon RX 9070 XT,64,0,0,0
grid N=11264,2816,11264,32,bfloat16,8,112x128,167.596,10,11,AMD Radeon RX 9070 XT,64,0,0,0
grid N=11264,2816,11264,32,bfloat16,8,96x128,172.363,10,11,AMD Radeon RX 9070 XT,64,0,0,0
grid N=11264,2816,11264,32,bfloat16,8,256x128x2,186.008,9,11,AMD Radeon RX 9070 XT,64,0,0,0
grid N=11264,2816,11264,32,bfloat16,8,80x128,188.999,9,11,AMD Radeon RX 9070 XT,64,0,0,0
grid N=11264,2816,11264,32,bfloat16,8,192x128x2,194.015,9,11,AMD Radeon RX 9070 XT,64,0,0,0
grid N=11264,2816,11264,32,bfloat16,8,256x32,194.601,9,11,AMD Radeon RX 9070 XT,64,0,0,0
grid N=11264,2816,11264,32,bfloat16,8,256x128,196.195,9,11,AMD Radeon RX 9070 XT,64,0,0,0
grid N=11264,2816,11264,32,bfloat16,8,256x64,202.922,8,11,AMD Radeon RX 9070 XT,64,0,0,0
grid N=11264,2816,11264,32,bfloat16,8,32x64,205.760,8,11,AMD Radeon RX 9070 XT,64,0,0,0
grid N=11264,2816,11264,32,bfloat16,8,64x128,212.325,8,11,AMD Radeon RX 9070 XT,64,0,0,0
grid N=11264,2816,11264,32,bfloat16,8,prefill_wmma_ashuffle,216.842,8,11,AMD Radeon RX 9070 XT,64,0,0,0
grid N=11264,2816,11264,32,bfloat16,8,192x128,221.894,8,11,AMD Radeon RX 9070 XT,64,0,0,0
grid N=11264,2816,11264,32,bfloat16,8,128x256,246.367,7,11,AMD Radeon RX 9070 XT,64,0,0,0
grid N=11264,2816,11264,32,bfloat16,8,32x128,368.852,4,11,AMD Radeon RX 9070 XT,64,0,0,0
grid N=11264,2816,11264,32,bfloat16,8,16x64,395.413,4,11,AMD Radeon RX 9070 XT,64,0,0,0
grid N=11264,2816,11264,32,bfloat16,8,prefill_wmma:smallm_off,444.659,4,11,AMD Radeon RX 9070 XT,64,0,0,0
grid N=11264,2816,11264,32,bfloat16,8,16x128,848.757,2,11,AMD Radeon RX 9070 XT,64,0,0,0
grid N=11264,2816,11264,32,bfloat16,17,32x64x4,85.446,20,11,AMD Radeon RX 9070 XT,64,0,0,0
grid N=11264,2816,11264,32,bfloat16,17,64x128x4,92.000,19,11,AMD Radeon RX 9070 XT,64,0,0,0
grid N=11264,2816,11264,32,bfloat16,17,64x64x2,97.190,18,11,AMD Radeon RX 9070 XT,64,0,0,0
grid N=11264,2816,11264,32,bfloat16,17,32x128x4,113.298,15,11,AMD Radeon RX 9070 XT,64,0,0,0
grid N=11264,2816,11264,32,bfloat16,17,32x64x2,116.812,15,11,AMD Radeon RX 9070 XT,64,0,0,0
grid N=11264,2816,11264,32,bfloat16,17,96x128x2,117.837,15,11,AMD Radeon RX 9070 XT,64,0,0,0
grid N=11264,2816,11264,32,bfloat16,17,128x128x4,118.296,15,11,AMD Radeon RX 9070 XT,64,0,0,0
grid N=11264,2816,11264,32,bfloat16,17,128x64x2,122.602,15,11,AMD Radeon RX 9070 XT,64,0,0,0
grid N=11264,2816,11264,32,bfloat16,17,64x128x2,125.069,14,11,AMD Radeon RX 9070 XT,64,0,0,0
grid N=11264,2816,11264,32,bfloat16,17,32x32,130.237,13,11,AMD Radeon RX 9070 XT,64,0,0,0
grid N=11264,2816,11264,32,bfloat16,17,64x64,132.120,13,11,AMD Radeon RX 9070 XT,64,0,0,0
grid N=11264,2816,11264,32,bfloat16,17,64x32,145.873,12,11,AMD Radeon RX 9070 XT,64,0,0,0
grid N=11264,2816,11264,32,bfloat16,17,auto,147.328,12,11,AMD Radeon RX 9070 XT,64,0,0,0
grid N=11264,2816,11264,32,bfloat16,17,128x128x2,150.125,12,11,AMD Radeon RX 9070 XT,64,0,0,0
grid N=11264,2816,11264,32,bfloat16,17,128x128,154.152,11,11,AMD Radeon RX 9070 XT,64,0,0,0
grid N=11264,2816,11264,32,bfloat16,17,128x32,156.936,11,11,AMD Radeon RX 9070 XT,64,0,0,0
grid N=11264,2816,11264,32,bfloat16,17,128x64,157.135,11,11,AMD Radeon RX 9070 XT,64,0,0,0
grid N=11264,2816,11264,32,bfloat16,17,112x128,167.309,10,11,AMD Radeon RX 9070 XT,64,0,0,0
grid N=11264,2816,11264,32,bfloat16,17,96x128,171.778,10,11,AMD Radeon RX 9070 XT,64,0,0,0
grid N=11264,2816,11264,32,bfloat16,17,prefill_wmma,175.282,10,11,AMD Radeon RX 9070 XT,64,0,0,0
grid N=11264,2816,11264,32,bfloat16,17,80x128,188.451,9,11,AMD Radeon RX 9070 XT,64,0,0,0
grid N=11264,2816,11264,32,bfloat16,17,256x128x2,188.941,9,11,AMD Radeon RX 9070 XT,64,0,0,0
grid N=11264,2816,11264,32,bfloat16,17,192x128x2,195.926,9,11,AMD Radeon RX 9070 XT,64,0,0,0
grid N=11264,2816,11264,32,bfloat16,17,256x128,199.293,8,11,AMD Radeon RX 9070 XT,64,0,0,0
grid N=11264,2816,11264,32,bfloat16,17,256x32,200.946,9,11,AMD Radeon RX 9070 XT,64,0,0,0
grid N=11264,2816,11264,32,bfloat16,17,256x64,206.775,8,11,AMD Radeon RX 9070 XT,64,0,0,0
grid N=11264,2816,11264,32,bfloat16,17,32x64,208.412,8,11,AMD Radeon RX 9070 XT,64,0,0,0
grid N=11264,2816,11264,32,bfloat16,17,64x128,211.384,8,11,AMD Radeon RX 9070 XT,64,0,0,0
grid N=11264,2816,11264,32,bfloat16,17,192x128,222.987,8,11,AMD Radeon RX 9070 XT,64,0,0,0
grid N=11264,2816,11264,32,bfloat16,17,prefill_wmma_ashuffle,227.818,7,11,AMD Radeon RX 9070 XT,64,0,0,0
grid N=11264,2816,11264,32,bfloat16,17,128x256,244.945,7,11,AMD Radeon RX 9070 XT,64,0,0,0
grid N=11264,2816,11264,32,bfloat16,17,32x128,368.457,4,11,AMD Radeon RX 9070 XT,64,0,0,0
grid N=11264,2816,11264,32,bfloat16,17,prefill_wmma:smallm_off,464.135,3,11,AMD Radeon RX 9070 XT,64,0,0,0
grid N=11264,2816,11264,32,bfloat16,17,16x64,694.973,2,11,AMD Radeon RX 9070 XT,64,0,0,0
grid N=11264,2816,11264,32,bfloat16,17,16x128,1998.421,2,11,AMD Radeon RX 9070 XT,64,0,0,0
grid N=11264,2816,11264,32,bfloat16,24,32x64x4,87.358,19,11,AMD Radeon RX 9070 XT,64,0,0,0
grid N=11264,2816,11264,32,bfloat16,24,64x128x4,92.971,19,11,AMD Radeon RX 9070 XT,64,0,0,0
grid N=11264,2816,11264,32,bfloat16,24,64x64x2,98.840,17,11,AMD Radeon RX 9070 XT,64,0,0,0
grid N=11264,2816,11264,32,bfloat16,24,32x128x4,114.817,15,11,AMD Radeon RX 9070 XT,64,0,0,0
grid N=11264,2816,11264,32,bfloat16,24,96x128x2,117.850,14,11,AMD Radeon RX 9070 XT,64,0,0,0
grid N=11264,2816,11264,32,bfloat16,24,32x64x2,118.980,14,11,AMD Radeon RX 9070 XT,64,0,0,0
grid N=11264,2816,11264,32,bfloat16,24,128x128x4,119.423,15,11,AMD Radeon RX 9070 XT,64,0,0,0
grid N=11264,2816,11264,32,bfloat16,24,128x64x2,124.533,14,11,AMD Radeon RX 9070 XT,64,0,0,0
grid N=11264,2816,11264,32,bfloat16,24,64x128x2,126.589,14,11,AMD Radeon RX 9070 XT,64,0,0,0
grid N=11264,2816,11264,32,bfloat16,24,64x64,135.383,13,11,AMD Radeon RX 9070 XT,64,0,0,0
grid N=11264,2816,11264,32,bfloat16,24,32x32,135.679,12,11,AMD Radeon RX 9070 XT,64,0,0,0
grid N=11264,2816,11264,32,bfloat16,24,128x128x2,150.984,12,11,AMD Radeon RX 9070 XT,64,0,0,0
grid N=11264,2816,11264,32,bfloat16,24,auto,151.264,11,11,AMD Radeon RX 9070 XT,64,0,0,0
grid N=11264,2816,11264,32,bfloat16,24,64x32,151.505,11,11,AMD Radeon RX 9070 XT,64,0,0,0
grid N=11264,2816,11264,32,bfloat16,24,128x128,155.562,11,11,AMD Radeon RX 9070 XT,64,0,0,0
grid N=11264,2816,11264,32,bfloat16,24,128x32,159.136,11,11,AMD Radeon RX 9070 XT,64,0,0,0
grid N=11264,2816,11264,32,bfloat16,24,128x64,160.651,11,11,AMD Radeon RX 9070 XT,64,0,0,0
grid N=11264,2816,11264,32,bfloat16,24,112x128,168.403,10,11,AMD Radeon RX 9070 XT,64,0,0,0
grid N=11264,2816,11264,32,bfloat16,24,96x128,173.738,10,11,AMD Radeon RX 9070 XT,64,0,0,0
grid N=11264,2816,11264,32,bfloat16,24,prefill_wmma,178.910,10,11,AMD Radeon RX 9070 XT,64,0,0,0
grid N=11264,2816,11264,32,bfloat16,24,256x128x2,189.683,9,11,AMD Radeon RX 9070 XT,64,0,0,0
grid N=11264,2816,11264,32,bfloat16,24,80x128,190.109,9,11,AMD Radeon RX 9070 XT,64,0,0,0
grid N=11264,2816,11264,32,bfloat16,24,192x128x2,196.022,9,11,AMD Radeon RX 9070 XT,64,0,0,0
grid N=11264,2816,11264,32,bfloat16,24,256x128,201.608,8,11,AMD Radeon RX 9070 XT,64,0,0,0
grid N=11264,2816,11264,32,bfloat16,24,256x32,203.671,9,11,AMD Radeon RX 9070 XT,64,0,0,0
grid N=11264,2816,11264,32,bfloat16,24,256x64,210.781,8,11,AMD Radeon RX 9070 XT,64,0,0,0
grid N=11264,2816,11264,32,bfloat16,24,64x128,213.096,8,11,AMD Radeon RX 9070 XT,64,0,0,0
grid N=11264,2816,11264,32,bfloat16,24,32x64,216.554,8,11,AMD Radeon RX 9070 XT,64,0,0,0
grid N=11264,2816,11264,32,bfloat16,24,192x128,223.278,8,11,AMD Radeon RX 9070 XT,64,0,0,0
grid N=11264,2816,11264,32,bfloat16,24,prefill_wmma_ashuffle,230.395,7,11,AMD Radeon RX 9070 XT,64,0,0,0
grid N=11264,2816,11264,32,bfloat16,24,128x256,246.760,7,11,AMD Radeon RX 9070 XT,64,0,0,0
grid N=11264,2816,11264,32,bfloat16,24,32x128,374.980,4,11,AMD Radeon RX 9070 XT,64,0,0,0
grid N=11264,2816,11264,32,bfloat16,24,prefill_wmma:smallm_off,464.966,3,11,AMD Radeon RX 9070 XT,64,0,0,0
grid N=11264,2816,11264,32,bfloat16,24,16x64,1196.634,2,11,AMD Radeon RX 9070 XT,64,0,0,0
grid N=11264,2816,11264,32,bfloat16,24,16x128,2058.369,2,11,AMD Radeon RX 9070 XT,64,0,0,0
grid N=11264,2816,11264,32,bfloat16,32,32x64x4,88.876,19,11,AMD Radeon RX 9070 XT,64,0,0,0
grid N=11264,2816,11264,32,bfloat16,32,64x128x4,94.157,19,11,AMD Radeon RX 9070 XT,64,0,0,0
grid N=11264,2816,11264,32,bfloat16,32,64x64x2,100.586,17,11,AMD Radeon RX 9070 XT,64,0,0,0
grid N=11264,2816,11264,32,bfloat16,32,32x128x4,116.449,15,11,AMD Radeon RX 9070 XT,64,0,0,0
grid N=11264,2816,11264,32,bfloat16,32,96x128x2,119.926,15,11,AMD Radeon RX 9070 XT,64,0,0,0
grid N=11264,2816,11264,32,bfloat16,32,128x128x4,120.791,15,11,AMD Radeon RX 9070 XT,64,0,0,0
grid N=11264,2816,11264,32,bfloat16,32,32x64x2,121.763,14,11,AMD Radeon RX 9070 XT,64,0,0,0
grid N=11264,2816,11264,32,bfloat16,32,128x64x2,125.881,14,11,AMD Radeon RX 9070 XT,64,0,0,0
grid N=11264,2816,11264,32,bfloat16,32,64x128x2,128.245,13,11,AMD Radeon RX 9070 XT,64,0,0,0
grid N=11264,2816,11264,32,bfloat16,32,64x64,138.625,12,11,AMD Radeon RX 9070 XT,64,0,0,0
grid N=11264,2816,11264,32,bfloat16,32,32x32,144.512,12,11,AMD Radeon RX 9070 XT,64,0,0,0
grid N=11264,2816,11264,32,bfloat16,32,128x128x2,154.057,11,11,AMD Radeon RX 9070 XT,64,0,0,0
grid N=11264,2816,11264,32,bfloat16,32,128x128,158.097,10,11,AMD Radeon RX 9070 XT,64,0,0,0
grid N=11264,2816,11264,32,bfloat16,32,auto,159.942,11,11,AMD Radeon RX 9070 XT,64,0,0,0
grid N=11264,2816,11264,32,bfloat16,32,64x32,160.052,11,11,AMD Radeon RX 9070 XT,64,0,0,0
grid N=11264,2816,11264,32,bfloat16,32,128x64,163.546,10,11,AMD Radeon RX 9070 XT,64,0,0,0
grid N=11264,2816,11264,32,bfloat16,32,128x32,164.990,11,11,AMD Radeon RX 9070 XT,64,0,0,0
grid N=11264,2816,11264,32,bfloat16,32,112x128,169.745,10,11,AMD Radeon RX 9070 XT,64,0,0,0
grid N=11264,2816,11264,32,bfloat16,32,96x128,175.703,10,11,AMD Radeon RX 9070 XT,64,0,0,0
grid N=11264,2816,11264,32,bfloat16,32,prefill_wmma,187.207,9,11,AMD Radeon RX 9070 XT,64,0,0,0
grid N=11264,2816,11264,32,bfloat16,32,256x128x2,190.437,9,11,AMD Radeon RX 9070 XT,64,0,0,0
grid N=11264,2816,11264,32,bfloat16,32,80x128,193.088,9,11,AMD Radeon RX 9070 XT,64,0,0,0
grid N=11264,2816,11264,32,bfloat16,32,192x128x2,197.353,9,11,AMD Radeon RX 9070 XT,64,0,0,0
grid N=11264,2816,11264,32,bfloat16,32,256x128,203.302,8,11,AMD Radeon RX 9070 XT,64,0,0,0
grid N=11264,2816,11264,32,bfloat16,32,256x32,205.140,9,11,AMD Radeon RX 9070 XT,64,0,0,0
grid N=11264,2816,11264,32,bfloat16,32,256x64,211.911,8,11,AMD Radeon RX 9070 XT,64,0,0,0
grid N=11264,2816,11264,32,bfloat16,32,64x128,216.904,8,11,AMD Radeon RX 9070 XT,64,0,0,0
grid N=11264,2816,11264,32,bfloat16,32,32x64,225.782,8,11,AMD Radeon RX 9070 XT,64,0,0,0
grid N=11264,2816,11264,32,bfloat16,32,192x128,226.074,7,11,AMD Radeon RX 9070 XT,64,0,0,0
grid N=11264,2816,11264,32,bfloat16,32,prefill_wmma_ashuffle,231.844,7,11,AMD Radeon RX 9070 XT,64,0,0,0
grid N=11264,2816,11264,32,bfloat16,32,128x256,248.547,7,11,AMD Radeon RX 9070 XT,64,0,0,0
grid N=11264,2816,11264,32,bfloat16,32,32x128,382.673,4,11,AMD Radeon RX 9070 XT,64,0,0,0
grid N=11264,2816,11264,32,bfloat16,32,prefill_wmma:smallm_off,466.986,3,11,AMD Radeon RX 9070 XT,64,0,0,0
grid N=11264,2816,11264,32,bfloat16,32,16x64,1371.720,2,11,AMD Radeon RX 9070 XT,64,0,0,0
grid N=11264,2816,11264,32,bfloat16,32,16x128,2072.031,2,11,AMD Radeon RX 9070 XT,64,0,0,0
grid N=11264,2816,11264,32,bfloat16,48,64x128x4,96.736,17,11,AMD Radeon RX 9070 XT,64,0,0,0
grid N=11264,2816,11264,32,bfloat16,48,64x64x2,104.884,17,11,AMD Radeon RX 9070 XT,64,0,0,0
grid N=11264,2816,11264,32,bfloat16,48,96x128x2,122.054,14,11,AMD Radeon RX 9070 XT,64,0,0,0
grid N=11264,2816,11264,32,bfloat16,48,128x128x4,122.812,15,11,AMD Radeon RX 9070 XT,64,0,0,0
grid N=11264,2816,11264,32,bfloat16,48,128x64x2,129.060,14,11,AMD Radeon RX 9070 XT,64,0,0,0
grid N=11264,2816,11264,32,bfloat16,48,64x128x2,131.751,13,11,AMD Radeon RX 9070 XT,64,0,0,0
grid N=11264,2816,11264,32,bfloat16,48,32x64x4,139.428,12,11,AMD Radeon RX 9070 XT,64,0,0,0
grid N=11264,2816,11264,32,bfloat16,48,64x64,144.366,12,11,AMD Radeon RX 9070 XT,64,0,0,0
grid N=11264,2816,11264,32,bfloat16,48,128x128x2,158.532,11,11,AMD Radeon RX 9070 XT,64,0,0,0
grid N=11264,2816,11264,32,bfloat16,48,128x128,161.777,10,11,AMD Radeon RX 9070 XT,64,0,0,0
grid N=11264,2816,11264,32,bfloat16,48,128x64,169.079,10,11,AMD Radeon RX 9070 XT,64,0,0,0
grid N=11264,2816,11264,32,bfloat16,48,112x128,172.678,10,11,AMD Radeon RX 9070 XT,64,0,0,0
grid N=11264,2816,11264,32,bfloat16,48,128x32,177.947,10,11,AMD Radeon RX 9070 XT,64,0,0,0
grid N=11264,2816,11264,32,bfloat16,48,64x32,178.976,10,11,AMD Radeon RX 9070 XT,64,0,0,0
grid N=11264,2816,11264,32,bfloat16,48,auto,179.504,10,11,AMD Radeon RX 9070 XT,64,0,0,0
grid N=11264,2816,11264,32,bfloat16,48,96x128,179.836,9,11,AMD Radeon RX 9070 XT,64,0,0,0
grid N=11264,2816,11264,32,bfloat16,48,256x128x2,195.528,9,11,AMD Radeon RX 9070 XT,64,0,0,0
grid N=11264,2816,11264,32,bfloat16,48,80x128,198.100,9,11,AMD Radeon RX 9070 XT,64,0,0,0
grid N=11264,2816,11264,32,bfloat16,48,192x128x2,202.200,8,11,AMD Radeon RX 9070 XT,64,0,0,0
grid N=11264,2816,11264,32,bfloat16,48,32x128x4,206.136,8,11,AMD Radeon RX 9070 XT,64,0,0,0
grid N=11264,2816,11264,32,bfloat16,48,256x128,207.693,8,11,AMD Radeon RX 9070 XT,64,0,0,0
grid N=11264,2816,11264,32,bfloat16,48,256x32,210.471,8,11,AMD Radeon RX 9070 XT,64,0,0,0
grid N=11264,2816,11264,32,bfloat16,48,prefill_wmma,211.706,8,11,AMD Radeon RX 9070 XT,64,0,0,0
grid N=11264,2816,11264,32,bfloat16,48,32x64x2,216.862,8,11,AMD Radeon RX 9070 XT,64,0,0,0
grid N=11264,2816,11264,32,bfloat16,48,256x64,216.991,8,11,AMD Radeon RX 9070 XT,64,0,0,0
grid N=11264,2816,11264,32,bfloat16,48,64x128,224.452,7,11,AMD Radeon RX 9070 XT,64,0,0,0
grid N=11264,2816,11264,32,bfloat16,48,192x128,230.713,7,11,AMD Radeon RX 9070 XT,64,0,0,0
grid N=11264,2816,11264,32,bfloat16,48,prefill_wmma_ashuffle,245.944,7,11,AMD Radeon RX 9070 XT,64,0,0,0
grid N=11264,2816,11264,32,bfloat16,48,128x256,252.741,7,11,AMD Radeon RX 9070 XT,64,0,0,0
grid N=11264,2816,11264,32,bfloat16,48,32x32,266.571,6,11,AMD Radeon RX 9070 XT,64,0,0,0
grid N=11264,2816,11264,32,bfloat16,48,32x64,417.610,4,11,AMD Radeon RX 9070 XT,64,0,0,0
grid N=11264,2816,11264,32,bfloat16,48,prefill_wmma:smallm_off,488.998,3,11,AMD Radeon RX 9070 XT,64,0,0,0
grid N=11264,2816,11264,32,bfloat16,48,32x128,1002.271,2,11,AMD Radeon RX 9070 XT,64,0,0,0
grid N=11264,2816,11264,32,bfloat16,48,16x64,1296.099,2,11,AMD Radeon RX 9070 XT,64,0,0,0
grid N=11264,2816,11264,32,bfloat16,48,16x128,1947.040,2,11,AMD Radeon RX 9070 XT,64,0,0,0
grid N=11264,2816,11264,32,bfloat16,63,64x128x4,98.234,18,11,AMD Radeon RX 9070 XT,64,0,0,0
grid N=11264,2816,11264,32,bfloat16,63,64x64x2,108.527,16,11,AMD Radeon RX 9070 XT,64,0,0,0
grid N=11264,2816,11264,32,bfloat16,63,128x128x4,123.760,14,11,AMD Radeon RX 9070 XT,64,0,0,0
grid N=11264,2816,11264,32,bfloat16,63,96x128x2,125.083,14,11,AMD Radeon RX 9070 XT,64,0,0,0
grid N=11264,2816,11264,32,bfloat16,63,128x64x2,131.991,14,11,AMD Radeon RX 9070 XT,64,0,0,0
grid N=11264,2816,11264,32,bfloat16,63,64x128x2,135.905,13,11,AMD Radeon RX 9070 XT,64,0,0,0
grid N=11264,2816,11264,32,bfloat16,63,32x64x4,146.005,12,11,AMD Radeon RX 9070 XT,64,0,0,0
grid N=11264,2816,11264,32,bfloat16,63,64x64,150.238,11,11,AMD Radeon RX 9070 XT,64,0,0,0
grid N=11264,2816,11264,32,bfloat16,63,128x128x2,160.843,11,11,AMD Radeon RX 9070 XT,64,0,0,0
grid N=11264,2816,11264,32,bfloat16,63,128x128,164.824,10,11,AMD Radeon RX 9070 XT,64,0,0,0
grid N=11264,2816,11264,32,bfloat16,63,128x64,175.589,10,11,AMD Radeon RX 9070 XT,64,0,0,0
grid N=11264,2816,11264,32,bfloat16,63,112x128,176.757,10,11,AMD Radeon RX 9070 XT,64,0,0,0
grid N=11264,2816,11264,32,bfloat16,63,96x128,185.172,9,11,AMD Radeon RX 9070 XT,64,0,0,0
grid N=11264,2816,11264,32,bfloat16,63,128x32,188.541,9,11,AMD Radeon RX 9070 XT,64,0,0,0
grid N=11264,2816,11264,32,bfloat16,63,256x128x2,196.548,9,11,AMD Radeon RX 9070 XT,64,0,0,0
grid N=11264,2816,11264,32,bfloat16,63,64x32,196.938,9,11,AMD Radeon RX 9070 XT,64,0,0,0
grid N=11264,2816,11264,32,bfloat16,63,auto,197.729,9,11,AMD Radeon RX 9070 XT,64,0,0,0
grid N=11264,2816,11264,32,bfloat16,63,80x128,203.834,8,11,AMD Radeon RX 9070 XT,64,0,0,0
grid N=11264,2816,11264,32,bfloat16,63,192x128x2,206.688,8,11,AMD Radeon RX 9070 XT,64,0,0,0
grid N=11264,2816,11264,32,bfloat16,63,32x128x4,209.826,8,11,AMD Radeon RX 9070 XT,64,0,0,0
grid N=11264,2816,11264,32,bfloat16,63,256x128,210.074,8,11,AMD Radeon RX 9070 XT,64,0,0,0
grid N=11264,2816,11264,32,bfloat16,63,256x32,214.413,8,11,AMD Radeon RX 9070 XT,64,0,0,0
grid N=11264,2816,11264,32,bfloat16,63,256x64,220.959,7,11,AMD Radeon RX 9070 XT,64,0,0,0
grid N=11264,2816,11264,32,bfloat16,63,32x64x2,234.113,7,11,AMD Radeon RX 9070 XT,64,0,0,0
grid N=11264,2816,11264,32,bfloat16,63,64x128,234.673,7,11,AMD Radeon RX 9070 XT,64,0,0,0
grid N=11264,2816,11264,32,bfloat16,63,192x128,237.298,7,11,AMD Radeon RX 9070 XT,64,0,0,0
grid N=11264,2816,11264,32,bfloat16,63,prefill_wmma,239.545,7,11,AMD Radeon RX 9070 XT,64,0,0,0
grid N=11264,2816,11264,32,bfloat16,63,128x256,257.006,7,11,AMD Radeon RX 9070 XT,64,0,0,0
grid N=11264,2816,11264,32,bfloat16,63,prefill_wmma_ashuffle,259.930,6,11,AMD Radeon RX 9070 XT,64,0,0,0
grid N=11264,2816,11264,32,bfloat16,63,32x32,282.792,6,11,AMD Radeon RX 9070 XT,64,0,0,0
grid N=11264,2816,11264,32,bfloat16,63,32x64,449.429,4,11,AMD Radeon RX 9070 XT,64,0,0,0
grid N=11264,2816,11264,32,bfloat16,63,prefill_wmma:smallm_off,520.109,3,11,AMD Radeon RX 9070 XT,64,0,0,0
grid N=11264,2816,11264,32,bfloat16,63,32x128,1275.204,2,11,AMD Radeon RX 9070 XT,64,0,0,0
grid N=11264,2816,11264,32,bfloat16,63,16x64,1668.866,2,11,AMD Radeon RX 9070 XT,64,0,0,0
grid N=11264,2816,11264,32,bfloat16,63,16x128,2978.471,2,11,AMD Radeon RX 9070 XT,64,0,0,0
grid N=11264,2816,11264,32,bfloat16,64,64x128x4,98.446,18,11,AMD Radeon RX 9070 XT,64,0,0,0
grid N=11264,2816,11264,32,bfloat16,64,64x64x2,109.337,16,11,AMD Radeon RX 9070 XT,64,0,0,0
grid N=11264,2816,11264,32,bfloat16,64,128x128x4,124.090,14,11,AMD Radeon RX 9070 XT,64,0,0,0
grid N=11264,2816,11264,32,bfloat16,64,96x128x2,126.249,14,11,AMD Radeon RX 9070 XT,64,0,0,0
grid N=11264,2816,11264,32,bfloat16,64,128x64x2,132.147,14,11,AMD Radeon RX 9070 XT,64,0,0,0
grid N=11264,2816,11264,32,bfloat16,64,64x128x2,136.025,13,11,AMD Radeon RX 9070 XT,64,0,0,0
grid N=11264,2816,11264,32,bfloat16,64,32x64x4,145.899,12,11,AMD Radeon RX 9070 XT,64,0,0,0
grid N=11264,2816,11264,32,bfloat16,64,64x64,150.714,11,11,AMD Radeon RX 9070 XT,64,0,0,0
grid N=11264,2816,11264,32,bfloat16,64,128x128x2,162.794,11,11,AMD Radeon RX 9070 XT,64,0,0,0
grid N=11264,2816,11264,32,bfloat16,64,128x128,165.284,10,11,AMD Radeon RX 9070 XT,64,0,0,0
grid N=11264,2816,11264,32,bfloat16,64,128x64,175.585,10,11,AMD Radeon RX 9070 XT,64,0,0,0
grid N=11264,2816,11264,32,bfloat16,64,112x128,178.377,9,11,AMD Radeon RX 9070 XT,64,0,0,0
grid N=11264,2816,11264,32,bfloat16,64,96x128,185.868,9,11,AMD Radeon RX 9070 XT,64,0,0,0
grid N=11264,2816,11264,32,bfloat16,64,128x32,188.015,9,11,AMD Radeon RX 9070 XT,64,0,0,0
grid N=11264,2816,11264,32,bfloat16,64,64x32,197.846,9,11,AMD Radeon RX 9070 XT,64,0,0,0
grid N=11264,2816,11264,32,bfloat16,64,256x128x2,198.146,9,11,AMD Radeon RX 9070 XT,64,0,0,0
grid N=11264,2816,11264,32,bfloat16,64,auto,198.178,9,11,AMD Radeon RX 9070 XT,64,0,0,0
grid N=11264,2816,11264,32,bfloat16,64,80x128,204.136,8,11,AMD Radeon RX 9070 XT,64,0,0,0
grid N=11264,2816,11264,32,bfloat16,64,192x128x2,209.248,8,11,AMD Radeon RX 9070 XT,64,0,0,0
grid N=11264,2816,11264,32,bfloat16,64,256x128,211.330,8,11,AMD Radeon RX 9070 XT,64,0,0,0
grid N=11264,2816,11264,32,bfloat16,64,32x128x4,211.818,8,11,AMD Radeon RX 9070 XT,64,0,0,0
grid N=11264,2816,11264,32,bfloat16,64,256x32,215.660,8,11,AMD Radeon RX 9070 XT,64,0,0,0
grid N=11264,2816,11264,32,bfloat16,64,256x64,221.624,7,11,AMD Radeon RX 9070 XT,64,0,0,0
grid N=11264,2816,11264,32,bfloat16,64,64x128,235.873,7,11,AMD Radeon RX 9070 XT,64,0,0,0
grid N=11264,2816,11264,32,bfloat16,64,32x64x2,235.984,7,11,AMD Radeon RX 9070 XT,64,0,0,0
grid N=11264,2816,11264,32,bfloat16,64,prefill_wmma,237.816,7,11,AMD Radeon RX 9070 XT,64,0,0,0
grid N=11264,2816,11264,32,bfloat16,64,192x128,240.022,7,11,AMD Radeon RX 9070 XT,64,0,0,0
grid N=11264,2816,11264,32,bfloat16,64,128x256,257.546,6,11,AMD Radeon RX 9070 XT,64,0,0,0
grid N=11264,2816,11264,32,bfloat16,64,prefill_wmma_ashuffle,259.408,6,11,AMD Radeon RX 9070 XT,64,0,0,0
grid N=11264,2816,11264,32,bfloat16,64,32x32,286.201,6,11,AMD Radeon RX 9070 XT,64,0,0,0
grid N=11264,2816,11264,32,bfloat16,64,32x64,453.648,3,11,AMD Radeon RX 9070 XT,64,0,0,0
grid N=11264,2816,11264,32,bfloat16,64,prefill_wmma:smallm_off,523.514,3,11,AMD Radeon RX 9070 XT,64,0,0,0
grid N=11264,2816,11264,32,bfloat16,64,32x128,1311.177,2,11,AMD Radeon RX 9070 XT,64,0,0,0
grid N=11264,2816,11264,32,bfloat16,64,16x64,1655.089,2,11,AMD Radeon RX 9070 XT,64,0,0,0
grid N=11264,2816,11264,32,bfloat16,64,16x128,2935.771,2,11,AMD Radeon RX 9070 XT,64,0,0,0
grid N=11264,2816,11264,32,bfloat16,96,128x128x4,128.217,14,11,AMD Radeon RX 9070 XT,64,0,0,0
grid N=11264,2816,11264,32,bfloat16,96,96x128x2,133.171,13,11,AMD Radeon RX 9070 XT,64,0,0,0
grid N=11264,2816,11264,32,bfloat16,96,128x64x2,137.770,12,11,AMD Radeon RX 9070 XT,64,0,0,0
grid N=11264,2816,11264,32,bfloat16,96,64x128x4,165.841,11,11,AMD Radeon RX 9070 XT,64,0,0,0
grid N=11264,2816,11264,32,bfloat16,96,128x128x2,170.877,10,11,AMD Radeon RX 9070 XT,64,0,0,0
grid N=11264,2816,11264,32,bfloat16,96,128x128,172.574,10,11,AMD Radeon RX 9070 XT,64,0,0,0
grid N=11264,2816,11264,32,bfloat16,96,64x64x2,176.931,10,11,AMD Radeon RX 9070 XT,64,0,0,0
grid N=11264,2816,11264,32,bfloat16,96,112x128,186.516,9,11,AMD Radeon RX 9070 XT,64,0,0,0
grid N=11264,2816,11264,32,bfloat16,96,128x64,190.674,9,11,AMD Radeon RX 9070 XT,64,0,0,0
grid N=11264,2816,11264,32,bfloat16,96,auto,191.831,9,11,AMD Radeon RX 9070 XT,64,0,0,0
grid N=11264,2816,11264,32,bfloat16,96,96x128,196.622,9,11,AMD Radeon RX 9070 XT,64,0,0,0
grid N=11264,2816,11264,32,bfloat16,96,32x64x4,204.947,9,11,AMD Radeon RX 9070 XT,64,0,0,0
grid N=11264,2816,11264,32,bfloat16,96,256x128x2,206.873,8,11,AMD Radeon RX 9070 XT,64,0,0,0
grid N=11264,2816,11264,32,bfloat16,96,128x32,212.028,8,11,AMD Radeon RX 9070 XT,64,0,0,0
grid N=11264,2816,11264,32,bfloat16,96,192x128x2,215.628,8,11,AMD Radeon RX 9070 XT,64,0,0,0
grid N=11264,2816,11264,32,bfloat16,96,256x128,220.370,8,11,AMD Radeon RX 9070 XT,64,0,0,0
grid N=11264,2816,11264,32,bfloat16,96,256x32,227.820,8,11,AMD Radeon RX 9070 XT,64,0,0,0
grid N=11264,2816,11264,32,bfloat16,96,256x64,231.377,7,11,AMD Radeon RX 9070 XT,64,0,0,0
grid N=11264,2816,11264,32,bfloat16,96,64x128x2,233.071,7,11,AMD Radeon RX 9070 XT,64,0,0,0
grid N=11264,2816,11264,32,bfloat16,96,192x128,248.892,7,11,AMD Radeon RX 9070 XT,64,0,0,0
grid N=11264,2816,11264,32,bfloat16,96,64x32,252.923,7,11,AMD Radeon RX 9070 XT,64,0,0,0
grid N=11264,2816,11264,32,bfloat16,96,64x64,262.474,6,11,AMD Radeon RX 9070 XT,64,0,0,0
grid N=11264,2816,11264,32,bfloat16,96,128x256,266.059,6,11,AMD Radeon RX 9070 XT,64,0,0,0
grid N=11264,2816,11264,32,bfloat16,96,prefill_wmma_ashuffle,289.489,6,11,AMD Radeon RX 9070 XT,64,0,0,0
grid N=11264,2816,11264,32,bfloat16,96,32x128x4,314.037,5,11,AMD Radeon RX 9070 XT,64,0,0,0
grid N=11264,2816,11264,32,bfloat16,96,32x64x2,338.127,5,11,AMD Radeon RX 9070 XT,64,0,0,0
grid N=11264,2816,11264,32,bfloat16,96,80x128,354.469,5,11,AMD Radeon RX 9070 XT,64,0,0,0
grid N=11264,2816,11264,32,bfloat16,96,prefill_wmma,374.377,4,11,AMD Radeon RX 9070 XT,64,0,0,0
grid N=11264,2816,11264,32,bfloat16,96,32x32,403.487,4,11,AMD Radeon RX 9070 XT,64,0,0,0
grid N=11264,2816,11264,32,bfloat16,96,64x128,419.879,4,11,AMD Radeon RX 9070 XT,64,0,0,0
grid N=11264,2816,11264,32,bfloat16,96,prefill_wmma:smallm_off,602.453,3,11,AMD Radeon RX 9070 XT,64,0,0,0
grid N=11264,2816,11264,32,bfloat16,96,32x64,662.894,2,11,AMD Radeon RX 9070 XT,64,0,0,0
grid N=11264,2816,11264,32,bfloat16,96,32x128,1659.878,2,11,AMD Radeon RX 9070 XT,64,0,0,0
grid N=11264,2816,11264,32,bfloat16,96,16x64,2349.164,2,11,AMD Radeon RX 9070 XT,64,0,0,0
grid N=11264,2816,11264,32,bfloat16,96,16x128,3845.048,2,11,AMD Radeon RX 9070 XT,64,0,0,0
grid N=11264,2816,11264,32,bfloat16,128,128x128x4,133.448,13,11,AMD Radeon RX 9070 XT,64,0,0,0
grid N=11264,2816,11264,32,bfloat16,128,128x64x2,143.497,12,11,AMD Radeon RX 9070 XT,64,0,0,0
grid N=11264,2816,11264,32,bfloat16,128,64x128x4,169.879,10,11,AMD Radeon RX 9070 XT,64,0,0,0
grid N=11264,2816,11264,32,bfloat16,128,128x128x2,180.604,9,11,AMD Radeon RX 9070 XT,64,0,0,0
grid N=11264,2816,11264,32,bfloat16,128,128x128,182.301,9,11,AMD Radeon RX 9070 XT,64,0,0,0
grid N=11264,2816,11264,32,bfloat16,128,64x64x2,186.306,9,11,AMD Radeon RX 9070 XT,64,0,0,0
grid N=11264,2816,11264,32,bfloat16,128,128x64,209.739,8,11,AMD Radeon RX 9070 XT,64,0,0,0
grid N=11264,2816,11264,32,bfloat16,128,auto,209.806,8,11,AMD Radeon RX 9070 XT,64,0,0,0
grid N=11264,2816,11264,32,bfloat16,128,256x128x2,214.642,8,11,AMD Radeon RX 9070 XT,64,0,0,0
grid N=11264,2816,11264,32,bfloat16,128,96x128x2,226.069,7,11,AMD Radeon RX 9070 XT,64,0,0,0
grid N=11264,2816,11264,32,bfloat16,128,192x128x2,226.564,7,11,AMD Radeon RX 9070 XT,64,0,0,0
grid N=11264,2816,11264,32,bfloat16,128,256x128,228.724,7,11,AMD Radeon RX 9070 XT,64,0,0,0
grid N=11264,2816,11264,32,bfloat16,128,128x32,240.491,7,11,AMD Radeon RX 9070 XT,64,0,0,0
grid N=11264,2816,11264,32,bfloat16,128,256x32,240.793,7,11,AMD Radeon RX 9070 XT,64,0,0,0
grid N=11264,2816,11264,32,bfloat16,128,256x64,241.807,7,11,AMD Radeon RX 9070 XT,64,0,0,0
grid N=11264,2816,11264,32,bfloat16,128,64x128x2,247.358,7,11,AMD Radeon RX 9070 XT,64,0,0,0
grid N=11264,2816,11264,32,bfloat16,128,32x64x4,253.697,7,11,AMD Radeon RX 9070 XT,64,0,0,0
grid N=11264,2816,11264,32,bfloat16,128,192x128,261.596,6,11,AMD Radeon RX 9070 XT,64,0,0,0
grid N=11264,2816,11264,32,bfloat16,128,128x256,273.784,6,11,AMD Radeon RX 9070 XT,64,0,0,0
grid N=11264,2816,11264,32,bfloat16,128,64x32,291.537,6,11,AMD Radeon RX 9070 XT,64,0,0,0
grid N=11264,2816,11264,32,bfloat16,128,64x64,298.862,6,11,AMD Radeon RX 9070 XT,64,0,0,0
grid N=11264,2816,11264,32,bfloat16,128,prefill_wmma_ashuffle,315.678,5,11,AMD Radeon RX 9070 XT,64,0,0,0
grid N=11264,2816,11264,32,bfloat16,128,32x128x4,333.556,5,11,AMD Radeon RX 9070 XT,64,0,0,0
grid N=11264,2816,11264,32,bfloat16,128,112x128,336.575,5,11,AMD Radeon RX 9070 XT,64,0,0,0
grid N=11264,2816,11264,32,bfloat16,128,96x128,348.613,5,11,AMD Radeon RX 9070 XT,64,0,0,0
grid N=11264,2816,11264,32,bfloat16,128,32x64x2,349.981,5,11,AMD Radeon RX 9070 XT,64,0,0,0
grid N=11264,2816,11264,32,bfloat16,128,80x128,372.720,4,11,AMD Radeon RX 9070 XT,64,0,0,0
grid N=11264,2816,11264,32,bfloat16,128,64x128,464.217,3,11,AMD Radeon RX 9070 XT,64,0,0,0
grid N=11264,2816,11264,32,bfloat16,128,32x32,531.923,3,11,AMD Radeon RX 9070 XT,64,0,0,0
grid N=11264,2816,11264,32,bfloat16,128,prefill_wmma,633.758,2,11,AMD Radeon RX 9070 XT,64,0,0,0
grid N=11264,2816,11264,32,bfloat16,128,prefill_wmma:smallm_off,642.165,2,11,AMD Radeon RX 9070 XT,64,0,0,0
grid N=11264,2816,11264,32,bfloat16,128,32x64,688.735,2,11,AMD Radeon RX 9070 XT,64,0,0,0
grid N=11264,2816,11264,32,bfloat16,128,32x128,1866.010,2,11,AMD Radeon RX 9070 XT,64,0,0,0
grid N=11264,2816,11264,32,bfloat16,128,16x64,2901.300,2,11,AMD Radeon RX 9070 XT,64,0,0,0
grid N=11264,2816,11264,32,bfloat16,128,16x128,6109.390,2,11,AMD Radeon RX 9070 XT,64,0,0,0
grid N=11264,2816,11264,32,bfloat16,192,auto,227.394,8,11,AMD Radeon RX 9070 XT,64,0,0,0
grid N=11264,2816,11264,32,bfloat16,192,128x128x4,230.916,7,11,AMD Radeon RX 9070 XT,64,0,0,0
grid N=11264,2816,11264,32,bfloat16,192,256x128x2,231.761,7,11,AMD Radeon RX 9070 XT,64,0,0,0
grid N=11264,2816,11264,32,bfloat16,192,128x64x2,235.898,7,11,AMD Radeon RX 9070 XT,64,0,0,0
grid N=11264,2816,11264,32,bfloat16,192,64x128x4,242.154,7,11,AMD Radeon RX 9070 XT,64,0,0,0
grid N=11264,2816,11264,32,bfloat16,192,96x128x2,243.604,7,11,AMD Radeon RX 9070 XT,64,0,0,0
grid N=11264,2816,11264,32,bfloat16,192,192x128x2,245.469,7,11,AMD Radeon RX 9070 XT,64,0,0,0
grid N=11264,2816,11264,32,bfloat16,192,256x128,245.859,7,11,AMD Radeon RX 9070 XT,64,0,0,0
grid N=11264,2816,11264,32,bfloat16,192,256x64,255.686,6,11,AMD Radeon RX 9070 XT,64,0,0,0
grid N=11264,2816,11264,32,bfloat16,192,256x32,266.928,6,11,AMD Radeon RX 9070 XT,64,0,0,0
grid N=11264,2816,11264,32,bfloat16,192,64x64x2,271.404,6,11,AMD Radeon RX 9070 XT,64,0,0,0
grid N=11264,2816,11264,32,bfloat16,192,128x128x2,278.055,6,11,AMD Radeon RX 9070 XT,64,0,0,0
grid N=11264,2816,11264,32,bfloat16,192,192x128,285.448,6,11,AMD Radeon RX 9070 XT,64,0,0,0
grid N=11264,2816,11264,32,bfloat16,192,128x64,304.680,5,11,AMD Radeon RX 9070 XT,64,0,0,0
grid N=11264,2816,11264,32,bfloat16,192,128x128,318.239,5,11,AMD Radeon RX 9070 XT,64,0,0,0
grid N=11264,2816,11264,32,bfloat16,192,128x32,347.974,5,11,AMD Radeon RX 9070 XT,64,0,0,0
grid N=11264,2816,11264,32,bfloat16,192,112x128,348.811,5,11,AMD Radeon RX 9070 XT,64,0,0,0
grid N=11264,2816,11264,32,bfloat16,192,64x128x2,361.418,4,11,AMD Radeon RX 9070 XT,64,0,0,0
grid N=11264,2816,11264,32,bfloat16,192,32x64x4,363.247,5,11,AMD Radeon RX 9070 XT,64,0,0,0
grid N=11264,2816,11264,32,bfloat16,192,64x32,367.571,4,11,AMD Radeon RX 9070 XT,64,0,0,0
grid N=11264,2816,11264,32,bfloat16,192,prefill_wmma_ashuffle,378.671,4,11,AMD Radeon RX 9070 XT,64,0,0,0
grid N=11264,2816,11264,32,bfloat16,192,96x128,383.306,4,11,AMD Radeon RX 9070 XT,64,0,0,0
grid N=11264,2816,11264,32,bfloat16,192,64x64,433.898,4,11,AMD Radeon RX 9070 XT,64,0,0,0
grid N=11264,2816,11264,32,bfloat16,192,128x256,479.820,3,11,AMD Radeon RX 9070 XT,64,0,0,0
grid N=11264,2816,11264,32,bfloat16,192,32x128x4,512.726,3,11,AMD Radeon RX 9070 XT,64,0,0,0
grid N=11264,2816,11264,32,bfloat16,192,80x128,527.761,3,11,AMD Radeon RX 9070 XT,64,0,0,0
grid N=11264,2816,11264,32,bfloat16,192,32x64x2,562.662,3,11,AMD Radeon RX 9070 XT,64,0,0,0
grid N=11264,2816,11264,32,bfloat16,192,64x128,698.002,2,11,AMD Radeon RX 9070 XT,64,0,0,0
grid N=11264,2816,11264,32,bfloat16,192,prefill_wmma,751.425,2,11,AMD Radeon RX 9070 XT,64,0,0,0
grid N=11264,2816,11264,32,bfloat16,192,prefill_wmma:smallm_off,760.196,2,11,AMD Radeon RX 9070 XT,64,0,0,0
grid N=11264,2816,11264,32,bfloat16,192,32x32,786.230,2,11,AMD Radeon RX 9070 XT,64,0,0,0
grid N=11264,2816,11264,32,bfloat16,192,32x64,1245.513,2,11,AMD Radeon RX 9070 XT,64,0,0,0
grid N=11264,2816,11264,32,bfloat16,192,32x128,2397.610,2,11,AMD Radeon RX 9070 XT,64,0,0,0
grid N=11264,2816,11264,32,bfloat16,192,16x128,6139.731,2,11,AMD Radeon RX 9070 XT,64,0,0,0
grid N=11264,2816,11264,32,bfloat16,192,16x64,6607.150,2,11,AMD Radeon RX 9070 XT,64,0,0,0
grid N=11264,2816,11264,32,bfloat16,256,auto,243.791,7,11,AMD Radeon RX 9070 XT,64,0,0,0
grid N=11264,2816,11264,32,bfloat16,256,128x128x4,245.468,7,11,AMD Radeon RX 9070 XT,64,0,0,0
grid N=11264,2816,11264,32,bfloat16,256,128x64x2,253.703,7,11,AMD Radeon RX 9070 XT,64,0,0,0
grid N=11264,2816,11264,32,bfloat16,256,256x128x2,255.540,7,11,AMD Radeon RX 9070 XT,64,0,0,0
grid N=11264,2816,11264,32,bfloat16,256,256x128,271.741,6,11,AMD Radeon RX 9070 XT,64,0,0,0
grid N=11264,2816,11264,32,bfloat16,256,256x64,296.333,5,11,AMD Radeon RX 9070 XT,64,0,0,0
grid N=11264,2816,11264,32,bfloat16,256,64x128x4,299.139,5,11,AMD Radeon RX 9070 XT,64,0,0,0
grid N=11264,2816,11264,32,bfloat16,256,256x32,301.064,5,11,AMD Radeon RX 9070 XT,64,0,0,0
grid N=11264,2816,11264,32,bfloat16,256,128x128x2,301.331,6,11,AMD Radeon RX 9070 XT,64,0,0,0
grid N=11264,2816,11264,32,bfloat16,256,128x64,335.561,5,11,AMD Radeon RX 9070 XT,64,0,0,0
grid N=11264,2816,11264,32,bfloat16,256,128x128,349.554,4,11,AMD Radeon RX 9070 XT,64,0,0,0
grid N=11264,2816,11264,32,bfloat16,256,64x64x2,351.264,5,11,AMD Radeon RX 9070 XT,64,0,0,0
grid N=11264,2816,11264,32,bfloat16,256,96x128x2,358.776,4,11,AMD Radeon RX 9070 XT,64,0,0,0
grid N=11264,2816,11264,32,bfloat16,256,128x32,387.533,4,11,AMD Radeon RX 9070 XT,64,0,0,0
grid N=11264,2816,11264,32,bfloat16,256,64x128x2,403.822,4,11,AMD Radeon RX 9070 XT,64,0,0,0
grid N=11264,2816,11264,32,bfloat16,256,192x128,410.766,4,11,AMD Radeon RX 9070 XT,64,0,0,0
grid N=11264,2816,11264,32,bfloat16,256,192x128x2,430.311,4,11,AMD Radeon RX 9070 XT,64,0,0,0
grid N=11264,2816,11264,32,bfloat16,256,prefill_wmma_ashuffle,448.860,4,11,AMD Radeon RX 9070 XT,64,0,0,0
grid N=11264,2816,11264,32,bfloat16,256,32x64x4,478.931,3,11,AMD Radeon RX 9070 XT,64,0,0,0
grid N=11264,2816,11264,32,bfloat16,256,64x32,487.057,3,11,AMD Radeon RX 9070 XT,64,0,0,0
grid N=11264,2816,11264,32,bfloat16,256,112x128,499.883,3,11,AMD Radeon RX 9070 XT,64,0,0,0
grid N=11264,2816,11264,32,bfloat16,256,128x256,532.345,3,11,AMD Radeon RX 9070 XT,64,0,0,0
grid N=11264,2816,11264,32,bfloat16,256,96x128,550.838,3,11,AMD Radeon RX 9070 XT,64,0,0,0
grid N=11264,2816,11264,32,bfloat16,256,64x64,566.810,3,11,AMD Radeon RX 9070 XT,64,0,0,0
grid N=11264,2816,11264,32,bfloat16,256,80x128,588.290,3,11,AMD Radeon RX 9070 XT,64,0,0,0
grid N=11264,2816,11264,32,bfloat16,256,32x128x4,667.814,2,11,AMD Radeon RX 9070 XT,64,0,0,0
grid N=11264,2816,11264,32,bfloat16,256,32x64x2,712.248,2,11,AMD Radeon RX 9070 XT,64,0,0,0
grid N=11264,2816,11264,32,bfloat16,256,64x128,754.285,2,11,AMD Radeon RX 9070 XT,64,0,0,0
grid N=11264,2816,11264,32,bfloat16,256,prefill_wmma,865.832,2,11,AMD Radeon RX 9070 XT,64,0,0,0
grid N=11264,2816,11264,32,bfloat16,256,prefill_wmma:smallm_off,871.195,2,11,AMD Radeon RX 9070 XT,64,0,0,0
grid N=11264,2816,11264,32,bfloat16,256,32x32,1313.428,2,11,AMD Radeon RX 9070 XT,64,0,0,0
grid N=11264,2816,11264,32,bfloat16,256,32x64,1601.885,2,11,AMD Radeon RX 9070 XT,64,0,0,0
grid N=11264,2816,11264,32,bfloat16,256,32x128,3632.814,2,11,AMD Radeon RX 9070 XT,64,0,0,0
grid N=11264,2816,11264,32,bfloat16,256,16x64,9144.446,2,11,AMD Radeon RX 9070 XT,64,0,0,0
grid N=11264,2816,11264,32,bfloat16,256,16x128,18981.628,2,11,AMD Radeon RX 9070 XT,64,0,0,0
grid N=11264,2816,11264,32,bfloat16,512,128x128x4,442.765,4,11,AMD Radeon RX 9070 XT,64,0,0,0
grid N=11264,2816,11264,32,bfloat16,512,auto,455.492,3,11,AMD Radeon RX 9070 XT,64,0,0,0
grid N=11264,2816,11264,32,bfloat16,512,256x128,455.942,3,11,AMD Radeon RX 9070 XT,64,0,0,0
grid N=11264,2816,11264,32,bfloat16,512,256x128x2,468.951,3,11,AMD Radeon RX 9070 XT,64,0,0,0
grid N=11264,2816,11264,32,bfloat16,512,128x64x2,477.398,3,11,AMD Radeon RX 9070 XT,64,0,0,0
grid N=11264,2816,11264,32,bfloat16,512,256x64,533.439,3,11,AMD Radeon RX 9070 XT,64,0,0,0
grid N=11264,2816,11264,32,bfloat16,512,128x128x2,545.709,3,11,AMD Radeon RX 9070 XT,64,0,0,0
grid N=11264,2816,11264,32,bfloat16,512,64x128x4,565.894,3,11,AMD Radeon RX 9070 XT,64,0,0,0
grid N=11264,2816,11264,32,bfloat16,512,256x32,568.332,3,11,AMD Radeon RX 9070 XT,64,0,0,0
grid N=11264,2816,11264,32,bfloat16,512,128x64,631.216,2,11,AMD Radeon RX 9070 XT,64,0,0,0
grid N=11264,2816,11264,32,bfloat16,512,96x128x2,658.025,2,11,AMD Radeon RX 9070 XT,64,0,0,0
grid N=11264,2816,11264,32,bfloat16,512,128x128,660.501,2,11,AMD Radeon RX 9070 XT,64,0,0,0
grid N=11264,2816,11264,32,bfloat16,512,64x64x2,670.925,2,11,AMD Radeon RX 9070 XT,64,0,0,0
grid N=11264,2816,11264,32,bfloat16,512,192x128,681.378,2,11,AMD Radeon RX 9070 XT,64,0,0,0
grid N=11264,2816,11264,32,bfloat16,512,192x128x2,682.664,2,11,AMD Radeon RX 9070 XT,64,0,0,0
grid N=11264,2816,11264,32,bfloat16,512,128x32,716.917,2,11,AMD Radeon RX 9070 XT,64,0,0,0
grid N=11264,2816,11264,32,bfloat16,512,prefill_wmma_ashuffle,755.303,2,11,AMD Radeon RX 9070 XT,64,0,0,0
grid N=11264,2816,11264,32,bfloat16,512,64x128x2,775.419,2,11,AMD Radeon RX 9070 XT,64,0,0,0
grid N=11264,2816,11264,32,bfloat16,512,112x128,842.017,2,11,AMD Radeon RX 9070 XT,64,0,0,0
grid N=11264,2816,11264,32,bfloat16,512,128x256,844.573,2,11,AMD Radeon RX 9070 XT,64,0,0,0
grid N=11264,2816,11264,32,bfloat16,512,32x64x4,919.147,2,11,AMD Radeon RX 9070 XT,64,0,0,0
grid N=11264,2816,11264,32,bfloat16,512,64x32,942.907,2,11,AMD Radeon RX 9070 XT,64,0,0,0
grid N=11264,2816,11264,32,bfloat16,512,80x128,1002.773,2,11,AMD Radeon RX 9070 XT,64,0,0,0
grid N=11264,2816,11264,32,bfloat16,512,96x128,1029.110,2,11,AMD Radeon RX 9070 XT,64,0,0,0
grid N=11264,2816,11264,32,bfloat16,512,64x64,1356.385,2,11,AMD Radeon RX 9070 XT,64,0,0,0
grid N=11264,2816,11264,32,bfloat16,512,32x128x4,1518.295,2,11,AMD Radeon RX 9070 XT,64,0,0,0
grid N=11264,2816,11264,32,bfloat16,512,32x64x2,1573.983,2,11,AMD Radeon RX 9070 XT,64,0,0,0
grid N=11264,2816,11264,32,bfloat16,512,64x128,1651.007,2,11,AMD Radeon RX 9070 XT,64,0,0,0
grid N=11264,2816,11264,32,bfloat16,512,prefill_wmma,1652.319,2,11,AMD Radeon RX 9070 XT,64,0,0,0
grid N=11264,2816,11264,32,bfloat16,512,prefill_wmma:smallm_off,1663.658,2,11,AMD Radeon RX 9070 XT,64,0,0,0
grid N=11264,2816,11264,32,bfloat16,512,32x32,2162.844,2,11,AMD Radeon RX 9070 XT,64,0,0,0
grid N=11264,2816,11264,32,bfloat16,512,32x64,2694.791,2,11,AMD Radeon RX 9070 XT,64,0,0,0
grid N=11264,2816,11264,32,bfloat16,512,32x128,7414.785,2,11,AMD Radeon RX 9070 XT,64,0,0,0
grid N=11264,2816,11264,32,bfloat16,512,16x64,8743.344,2,11,AMD Radeon RX 9070 XT,64,0,0,0
grid N=11264,2816,11264,32,bfloat16,512,16x128,39462.735,2,11,AMD Radeon RX 9070 XT,64,0,0,0
grid N=11264,2816,11264,32,bfloat16,1024,auto,833.886,2,11,AMD Radeon RX 9070 XT,64,0,0,0
grid N=11264,2816,11264,32,bfloat16,1024,256x128,844.425,2,11,AMD Radeon RX 9070 XT,64,0,0,0
grid N=11264,2816,11264,32,bfloat16,1024,128x128x4,865.913,2,11,AMD Radeon RX 9070 XT,64,0,0,0
grid N=11264,2816,11264,32,bfloat16,1024,256x128x2,867.961,2,11,AMD Radeon RX 9070 XT,64,0,0,0
grid N=11264,2816,11264,32,bfloat16,1024,128x64x2,938.622,2,11,AMD Radeon RX 9070 XT,64,0,0,0
grid N=11264,2816,11264,32,bfloat16,1024,256x64,1012.919,2,11,AMD Radeon RX 9070 XT,64,0,0,0
grid N=11264,2816,11264,32,bfloat16,1024,64x128x4,1147.692,2,11,AMD Radeon RX 9070 XT,64,0,0,0
grid N=11264,2816,11264,32,bfloat16,1024,128x128x2,1173.472,2,11,AMD Radeon RX 9070 XT,64,0,0,0
grid N=11264,2816,11264,32,bfloat16,1024,256x32,1342.873,2,11,AMD Radeon RX 9070 XT,64,0,0,0
grid N=11264,2816,11264,32,bfloat16,1024,96x128x2,1413.573,2,11,AMD Radeon RX 9070 XT,64,0,0,0
grid N=11264,2816,11264,32,bfloat16,1024,192x128,1413.703,2,11,AMD Radeon RX 9070 XT,64,0,0,0
grid N=11264,2816,11264,32,bfloat16,1024,128x64,1422.174,2,11,AMD Radeon RX 9070 XT,64,0,0,0
grid N=11264,2816,11264,32,bfloat16,1024,prefill_wmma_ashuffle,1432.296,2,11,AMD Radeon RX 9070 XT,64,0,0,0
grid N=11264,2816,11264,32,bfloat16,1024,192x128x2,1466.298,2,11,AMD Radeon RX 9070 XT,64,0,0,0
grid N=11264,2816,11264,32,bfloat16,1024,128x128,1481.745,2,11,AMD Radeon RX 9070 XT,64,0,0,0
grid N=11264,2816,11264,32,bfloat16,1024,64x64x2,1531.666,2,11,AMD Radeon RX 9070 XT,64,0,0,0
grid N=11264,2816,11264,32,bfloat16,1024,128x32,1626.935,2,11,AMD Radeon RX 9070 XT,64,0,0,0
grid N=11264,2816,11264,32,bfloat16,1024,64x128x2,1703.048,2,11,AMD Radeon RX 9070 XT,64,0,0,0
grid N=11264,2816,11264,32,bfloat16,1024,112x128,1792.733,2,11,AMD Radeon RX 9070 XT,64,0,0,0
grid N=11264,2816,11264,32,bfloat16,1024,128x256,1908.319,2,11,AMD Radeon RX 9070 XT,64,0,0,0
grid N=11264,2816,11264,32,bfloat16,1024,32x64x4,2038.873,2,11,AMD Radeon RX 9070 XT,64,0,0,0
grid N=11264,2816,11264,32,bfloat16,1024,80x128,2070.269,2,11,AMD Radeon RX 9070 XT,64,0,0,0
grid N=11264,2816,11264,32,bfloat16,1024,64x32,2077.570,2,11,AMD Radeon RX 9070 XT,64,0,0,0
grid N=11264,2816,11264,32,bfloat16,1024,96x128,2115.279,2,11,AMD Radeon RX 9070 XT,64,0,0,0
grid N=11264,2816,11264,32,bfloat16,1024,64x64,2306.973,2,11,AMD Radeon RX 9070 XT,64,0,0,0
grid N=11264,2816,11264,32,bfloat16,1024,32x128x4,2703.059,2,11,AMD Radeon RX 9070 XT,64,0,0,0
grid N=11264,2816,11264,32,bfloat16,1024,64x128,2840.178,2,11,AMD Radeon RX 9070 XT,64,0,0,0
grid N=11264,2816,11264,32,bfloat16,1024,32x64x2,2852.942,2,11,AMD Radeon RX 9070 XT,64,0,0,0
grid N=11264,2816,11264,32,bfloat16,1024,prefill_wmma:smallm_off,3158.550,2,11,AMD Radeon RX 9070 XT,64,0,0,0
grid N=11264,2816,11264,32,bfloat16,1024,prefill_wmma,3182.824,2,11,AMD Radeon RX 9070 XT,64,0,0,0
grid N=11264,2816,11264,32,bfloat16,1024,32x32,4092.027,2,11,AMD Radeon RX 9070 XT,64,0,0,0
grid N=11264,2816,11264,32,bfloat16,1024,32x64,5147.995,2,11,AMD Radeon RX 9070 XT,64,0,0,0
grid N=11264,2816,11264,32,bfloat16,1024,16x64,16167.633,2,11,AMD Radeon RX 9070 XT,64,0,0,0
grid N=11264,2816,11264,32,bfloat16,1024,32x128,17539.046,2,11,AMD Radeon RX 9070 XT,64,0,0,0
grid N=11264,2816,11264,32,bfloat16,1024,16x128,39008.026,2,11,AMD Radeon RX 9070 XT,64,0,0,0
grid N=11264,2816,11264,32,bfloat16,2048,auto,1831.243,2,11,AMD Radeon RX 9070 XT,64,0,0,0
grid N=11264,2816,11264,32,bfloat16,2048,256x128,1831.294,2,11,AMD Radeon RX 9070 XT,64,0,0,0
grid N=11264,2816,11264,32,bfloat16,2048,128x128x4,1909.440,2,11,AMD Radeon RX 9070 XT,64,0,0,0
grid N=11264,2816,11264,32,bfloat16,2048,256x128x2,1952.441,2,11,AMD Radeon RX 9070 XT,64,0,0,0
grid N=11264,2816,11264,32,bfloat16,2048,128x64x2,2041.391,2,11,AMD Radeon RX 9070 XT,64,0,0,0
grid N=11264,2816,11264,32,bfloat16,2048,256x64,2222.784,2,11,AMD Radeon RX 9070 XT,64,0,0,0
grid N=11264,2816,11264,32,bfloat16,2048,128x128x2,2302.936,2,11,AMD Radeon RX 9070 XT,64,0,0,0
grid N=11264,2816,11264,32,bfloat16,2048,192x128,2371.323,2,11,AMD Radeon RX 9070 XT,64,0,0,0
grid N=11264,2816,11264,32,bfloat16,2048,256x32,2373.488,2,11,AMD Radeon RX 9070 XT,64,0,0,0
grid N=11264,2816,11264,32,bfloat16,2048,64x128x4,2417.790,2,11,AMD Radeon RX 9070 XT,64,0,0,0
grid N=11264,2816,11264,32,bfloat16,2048,96x128x2,2436.384,2,11,AMD Radeon RX 9070 XT,64,0,0,0
grid N=11264,2816,11264,32,bfloat16,2048,128x64,2554.538,2,11,AMD Radeon RX 9070 XT,64,0,0,0
grid N=11264,2816,11264,32,bfloat16,2048,192x128x2,2592.133,2,11,AMD Radeon RX 9070 XT,64,0,0,0
grid N=11264,2816,11264,32,bfloat16,2048,128x128,2638.607,2,11,AMD Radeon RX 9070 XT,64,0,0,0
grid N=11264,2816,11264,32,bfloat16,2048,prefill_wmma_ashuffle,2776.963,2,11,AMD Radeon RX 9070 XT,64,0,0,0
grid N=11264,2816,11264,32,bfloat16,2048,64x64x2,2791.592,2,11,AMD Radeon RX 9070 XT,64,0,0,0
grid N=11264,2816,11264,32,bfloat16,2048,128x32,2899.919,2,11,AMD Radeon RX 9070 XT,64,0,0,0
grid N=11264,2816,11264,32,bfloat16,2048,64x128x2,3076.479,2,11,AMD Radeon RX 9070 XT,64,0,0,0
grid N=11264,2816,11264,32,bfloat16,2048,112x128,3087.641,2,11,AMD Radeon RX 9070 XT,64,0,0,0
grid N=11264,2816,11264,32,bfloat16,2048,128x256,3302.061,2,11,AMD Radeon RX 9070 XT,64,0,0,0
grid N=11264,2816,11264,32,bfloat16,2048,96x128,3677.579,2,11,AMD Radeon RX 9070 XT,64,0,0,0
grid N=11264,2816,11264,32,bfloat16,2048,80x128,3777.511,2,11,AMD Radeon RX 9070 XT,64,0,0,0
grid N=11264,2816,11264,32,bfloat16,2048,64x32,3800.345,2,11,AMD Radeon RX 9070 XT,64,0,0,0
grid N=11264,2816,11264,32,bfloat16,2048,32x64x4,3842.834,2,11,AMD Radeon RX 9070 XT,64,0,0,0
grid N=11264,2816,11264,32,bfloat16,2048,64x64,4392.199,2,11,AMD Radeon RX 9070 XT,64,0,0,0
grid N=11264,2816,11264,32,bfloat16,2048,32x128x4,5028.178,2,11,AMD Radeon RX 9070 XT,64,0,0,0
grid N=11264,2816,11264,32,bfloat16,2048,32x64x2,5311.789,2,11,AMD Radeon RX 9070 XT,64,0,0,0
grid N=11264,2816,11264,32,bfloat16,2048,64x128,5435.971,2,11,AMD Radeon RX 9070 XT,64,0,0,0
grid N=11264,2816,11264,32,bfloat16,2048,prefill_wmma,6211.562,2,11,AMD Radeon RX 9070 XT,64,0,0,0
grid N=11264,2816,11264,32,bfloat16,2048,prefill_wmma:smallm_off,6227.004,2,11,AMD Radeon RX 9070 XT,64,0,0,0
grid N=11264,2816,11264,32,bfloat16,2048,32x32,7527.359,2,11,AMD Radeon RX 9070 XT,64,0,0,0
grid N=11264,2816,11264,32,bfloat16,2048,32x64,9906.032,2,11,AMD Radeon RX 9070 XT,64,0,0,0
grid N=11264,2816,11264,32,bfloat16,2048,16x64,25162.484,2,11,AMD Radeon RX 9070 XT,64,0,0,0
grid N=11264,2816,11264,32,bfloat16,2048,32x128,27371.368,2,11,AMD Radeon RX 9070 XT,64,0,0,0
grid N=11264,2816,11264,32,bfloat16,2048,16x128,42174.225,2,11,AMD Radeon RX 9070 XT,64,0,0,0
lm_head      tp2,2816,131072,32,float16,1,32x64x4,645.467,15,2,AMD Radeon RX 9070 XT,64,0,0,0
lm_head      tp2,2816,131072,32,float16,1,64x128x4,744.947,13,2,AMD Radeon RX 9070 XT,64,0,0,0
lm_head      tp2,2816,131072,32,float16,1,64x64x2,826.677,11,2,AMD Radeon RX 9070 XT,64,0,0,0
lm_head      tp2,2816,131072,32,float16,1,32x128x4,881.465,11,2,AMD Radeon RX 9070 XT,64,0,0,0
lm_head      tp2,2816,131072,32,float16,1,32x64x2,890.547,11,2,AMD Radeon RX 9070 XT,64,0,0,0
lm_head      tp2,2816,131072,32,float16,1,64x128x2,992.553,9,2,AMD Radeon RX 9070 XT,64,0,0,0
lm_head      tp2,2816,131072,32,float16,1,64x32,1022.089,9,2,AMD Radeon RX 9070 XT,64,0,0,0
lm_head      tp2,2816,131072,32,float16,1,128x64x2,1159.964,9,2,AMD Radeon RX 9070 XT,64,0,0,0
lm_head      tp2,2816,131072,32,float16,1,128x128x4,1162.098,9,2,AMD Radeon RX 9070 XT,64,0,0,0
lm_head      tp2,2816,131072,32,float16,1,auto,1181.334,9,2,AMD Radeon RX 9070 XT,64,0,0,0
lm_head      tp2,2816,131072,32,float16,1,96x128x2,1266.968,7,2,AMD Radeon RX 9070 XT,64,0,0,0
lm_head      tp2,2816,131072,32,float16,1,32x32,1386.853,7,2,AMD Radeon RX 9070 XT,64,0,0,0
lm_head      tp2,2816,131072,32,float16,1,64x64,1447.308,7,2,AMD Radeon RX 9070 XT,64,0,0,0
lm_head      tp2,2816,131072,32,float16,1,prefill_wmma,1459.906,6,2,AMD Radeon RX 9070 XT,64,0,0,0
lm_head      tp2,2816,131072,32,float16,1,128x128x2,1483.466,7,2,AMD Radeon RX 9070 XT,64,0,0,0
lm_head      tp2,2816,131072,32,float16,1,128x64,1528.527,6,2,AMD Radeon RX 9070 XT,64,0,0,0
lm_head      tp2,2816,131072,32,float16,1,128x32,1571.931,6,2,AMD Radeon RX 9070 XT,64,0,0,0
lm_head      tp2,2816,131072,32,float16,1,128x128,1699.430,6,2,AMD Radeon RX 9070 XT,64,0,0,0
lm_head      tp2,2816,131072,32,float16,1,80x128,1730.223,6,2,AMD Radeon RX 9070 XT,64,0,0,0
lm_head      tp2,2816,131072,32,float16,1,32x64,1822.116,5,2,AMD Radeon RX 9070 XT,64,0,0,0
lm_head      tp2,2816,131072,32,float16,1,112x128,1843.917,5,2,AMD Radeon RX 9070 XT,64,0,0,0
lm_head      tp2,2816,131072,32,float16,1,64x128,1894.534,5,2,AMD Radeon RX 9070 XT,64,0,0,0
lm_head      tp2,2816,131072,32,float16,1,96x128,1951.094,5,2,AMD Radeon RX 9070 XT,64,0,0,0
lm_head      tp2,2816,131072,32,float16,1,256x128,1977.015,5,2,AMD Radeon RX 9070 XT,64,0,0,0
lm_head      tp2,2816,131072,32,float16,1,prefill_wmma_ashuffle,2046.663,4,2,AMD Radeon RX 9070 XT,64,0,0,0
lm_head      tp2,2816,131072,32,float16,1,256x128x2,2063.888,4,2,AMD Radeon RX 9070 XT,64,0,0,0
lm_head      tp2,2816,131072,32,float16,1,192x128,2078.618,4,2,AMD Radeon RX 9070 XT,64,0,0,0
lm_head      tp2,2816,131072,32,float16,1,128x256,2103.153,4,2,AMD Radeon RX 9070 XT,64,0,0,0
lm_head      tp2,2816,131072,32,float16,1,256x64,2176.054,4,2,AMD Radeon RX 9070 XT,64,0,0,0
lm_head      tp2,2816,131072,32,float16,1,192x128x2,2228.715,4,2,AMD Radeon RX 9070 XT,64,0,0,0
lm_head      tp2,2816,131072,32,float16,1,256x32,2247.260,4,2,AMD Radeon RX 9070 XT,64,0,0,0
lm_head      tp2,2816,131072,32,float16,1,16x64,2950.193,3,2,AMD Radeon RX 9070 XT,64,0,0,0
lm_head      tp2,2816,131072,32,float16,1,32x128,3106.348,3,2,AMD Radeon RX 9070 XT,64,0,0,0
lm_head      tp2,2816,131072,32,float16,1,16x128,4792.805,2,2,AMD Radeon RX 9070 XT,64,0,0,0
lm_head      tp2,2816,131072,32,float16,1,prefill_wmma:smallm_off,4815.425,2,2,AMD Radeon RX 9070 XT,64,0,0,0
lm_head      tp2,2816,131072,32,float16,8,32x64x4,661.485,15,2,AMD Radeon RX 9070 XT,64,0,0,0
lm_head      tp2,2816,131072,32,float16,8,64x128x4,759.332,13,2,AMD Radeon RX 9070 XT,64,0,0,0
lm_head      tp2,2816,131072,32,float16,8,64x64x2,849.911,11,2,AMD Radeon RX 9070 XT,64,0,0,0
lm_head      tp2,2816,131072,32,float16,8,32x128x4,891.696,11,2,AMD Radeon RX 9070 XT,64,0,0,0
lm_head      tp2,2816,131072,32,float16,8,32x64x2,908.952,10,2,AMD Radeon RX 9070 XT,64,0,0,0
lm_head      tp2,2816,131072,32,float16,8,64x128x2,1000.545,9,2,AMD Radeon RX 9070 XT,64,0,0,0
lm_head      tp2,2816,131072,32,float16,8,128x128x4,1189.174,9,2,AMD Radeon RX 9070 XT,64,0,0,0
lm_head      tp2,2816,131072,32,float16,8,64x32,1247.652,9,2,AMD Radeon RX 9070 XT,64,0,0,0
lm_head      tp2,2816,131072,32,float16,8,auto,1252.050,9,2,AMD Radeon RX 9070 XT,64,0,0,0
lm_head      tp2,2816,131072,32,float16,8,96x128x2,1314.415,7,2,AMD Radeon RX 9070 XT,64,0,0,0
lm_head      tp2,2816,131072,32,float16,8,128x64x2,1324.118,9,2,AMD Radeon RX 9070 XT,64,0,0,0
lm_head      tp2,2816,131072,32,float16,8,32x32,1431.865,7,2,AMD Radeon RX 9070 XT,64,0,0,0
lm_head      tp2,2816,131072,32,float16,8,128x128x2,1500.549,7,2,AMD Radeon RX 9070 XT,64,0,0,0
lm_head      tp2,2816,131072,32,float16,8,prefill_wmma,1502.170,6,2,AMD Radeon RX 9070 XT,64,0,0,0
lm_head      tp2,2816,131072,32,float16,8,64x64,1512.627,6,2,AMD Radeon RX 9070 XT,64,0,0,0
lm_head      tp2,2816,131072,32,float16,8,128x64,1557.198,6,2,AMD Radeon RX 9070 XT,64,0,0,0
lm_head      tp2,2816,131072,32,float16,8,128x32,1598.105,6,2,AMD Radeon RX 9070 XT,64,0,0,0
lm_head      tp2,2816,131072,32,float16,8,128x128,1724.773,6,2,AMD Radeon RX 9070 XT,64,0,0,0
lm_head      tp2,2816,131072,32,float16,8,80x128,1741.863,5,2,AMD Radeon RX 9070 XT,64,0,0,0
lm_head      tp2,2816,131072,32,float16,8,32x64,1826.168,5,2,AMD Radeon RX 9070 XT,64,0,0,0
lm_head      tp2,2816,131072,32,float16,8,112x128,1868.353,5,2,AMD Radeon RX 9070 XT,64,0,0,0
lm_head      tp2,2816,131072,32,float16,8,64x128,1911.278,5,2,AMD Radeon RX 9070 XT,64,0,0,0
lm_head      tp2,2816,131072,32,float16,8,96x128,1975.638,5,2,AMD Radeon RX 9070 XT,64,0,0,0
lm_head      tp2,2816,131072,32,float16,8,256x128,2008.419,5,2,AMD Radeon RX 9070 XT,64,0,0,0
lm_head      tp2,2816,131072,32,float16,8,prefill_wmma_ashuffle,2071.743,4,2,AMD Radeon RX 9070 XT,64,0,0,0
lm_head      tp2,2816,131072,32,float16,8,256x128x2,2095.328,4,2,AMD Radeon RX 9070 XT,64,0,0,0
lm_head      tp2,2816,131072,32,float16,8,192x128,2117.484,4,2,AMD Radeon RX 9070 XT,64,0,0,0
lm_head      tp2,2816,131072,32,float16,8,128x256,2131.099,4,2,AMD Radeon RX 9070 XT,64,0,0,0
lm_head      tp2,2816,131072,32,float16,8,256x64,2202.199,4,2,AMD Radeon RX 9070 XT,64,0,0,0
lm_head      tp2,2816,131072,32,float16,8,192x128x2,2227.715,4,2,AMD Radeon RX 9070 XT,64,0,0,0
lm_head      tp2,2816,131072,32,float16,8,256x32,2289.621,4,2,AMD Radeon RX 9070 XT,64,0,0,0
lm_head      tp2,2816,131072,32,float16,8,16x64,2996.273,3,2,AMD Radeon RX 9070 XT,64,0,0,0
lm_head      tp2,2816,131072,32,float16,8,32x128,3075.721,3,2,AMD Radeon RX 9070 XT,64,0,0,0
lm_head      tp2,2816,131072,32,float16,8,prefill_wmma:smallm_off,4783.624,2,2,AMD Radeon RX 9070 XT,64,0,0,0
lm_head      tp2,2816,131072,32,float16,8,16x128,4828.955,2,2,AMD Radeon RX 9070 XT,64,0,0,0
lm_head      tp2,2816,131072,32,float16,17,32x64x4,680.564,15,2,AMD Radeon RX 9070 XT,64,0,0,0
lm_head      tp2,2816,131072,32,float16,17,64x128x4,771.635,13,2,AMD Radeon RX 9070 XT,64,0,0,0
lm_head      tp2,2816,131072,32,float16,17,64x64x2,868.284,11,2,AMD Radeon RX 9070 XT,64,0,0,0
lm_head      tp2,2816,131072,32,float16,17,32x128x4,901.374,10,2,AMD Radeon RX 9070 XT,64,0,0,0
lm_head      tp2,2816,131072,32,float16,17,32x64x2,931.509,10,2,AMD Radeon RX 9070 XT,64,0,0,0
lm_head      tp2,2816,131072,32,float16,17,64x128x2,1012.534,9,2,AMD Radeon RX 9070 XT,64,0,0,0
lm_head      tp2,2816,131072,32,float16,17,128x128x4,1253.437,9,2,AMD Radeon RX 9070 XT,64,0,0,0
lm_head      tp2,2816,131072,32,float16,17,96x128x2,1265.637,7,2,AMD Radeon RX 9070 XT,64,0,0,0
lm_head      tp2,2816,131072,32,float16,17,auto,1296.330,8,2,AMD Radeon RX 9070 XT,64,0,0,0
lm_head      tp2,2816,131072,32,float16,17,64x32,1302.080,8,2,AMD Radeon RX 9070 XT,64,0,0,0
lm_head      tp2,2816,131072,32,float16,17,128x64x2,1323.790,8,2,AMD Radeon RX 9070 XT,64,0,0,0
lm_head      tp2,2816,131072,32,float16,17,128x128x2,1485.007,6,2,AMD Radeon RX 9070 XT,64,0,0,0
lm_head      tp2,2816,131072,32,float16,17,64x64,1548.561,6,2,AMD Radeon RX 9070 XT,64,0,0,0
lm_head      tp2,2816,131072,32,float16,17,128x64,1551.561,6,2,AMD Radeon RX 9070 XT,64,0,0,0
lm_head      tp2,2816,131072,32,float16,17,32x32,1571.298,6,2,AMD Radeon RX 9070 XT,64,0,0,0
lm_head      tp2,2816,131072,32,float16,17,128x32,1648.415,6,2,AMD Radeon RX 9070 XT,64,0,0,0
lm_head      tp2,2816,131072,32,float16,17,prefill_wmma,1705.995,5,2,AMD Radeon RX 9070 XT,64,0,0,0
lm_head      tp2,2816,131072,32,float16,17,128x128,1732.939,5,2,AMD Radeon RX 9070 XT,64,0,0,0
lm_head      tp2,2816,131072,32,float16,17,80x128,1764.596,5,2,AMD Radeon RX 9070 XT,64,0,0,0
lm_head      tp2,2816,131072,32,float16,17,112x128,1888.413,5,2,AMD Radeon RX 9070 XT,64,0,0,0
lm_head      tp2,2816,131072,32,float16,17,32x64,1902.813,5,2,AMD Radeon RX 9070 XT,64,0,0,0
lm_head      tp2,2816,131072,32,float16,17,64x128,1940.138,5,2,AMD Radeon RX 9070 XT,64,0,0,0
lm_head      tp2,2816,131072,32,float16,17,96x128,1975.106,5,2,AMD Radeon RX 9070 XT,64,0,0,0
lm_head      tp2,2816,131072,32,float16,17,256x128,2025.317,4,2,AMD Radeon RX 9070 XT,64,0,0,0
lm_head      tp2,2816,131072,32,float16,17,256x128x2,2116.648,4,2,AMD Radeon RX 9070 XT,64,0,0,0
lm_head      tp2,2816,131072,32,float16,17,128x256,2141.224,4,2,AMD Radeon RX 9070 XT,64,0,0,0
lm_head      tp2,2816,131072,32,float16,17,192x128,2155.589,4,2,AMD Radeon RX 9070 XT,64,0,0,0
lm_head      tp2,2816,131072,32,float16,17,prefill_wmma_ashuffle,2182.959,4,2,AMD Radeon RX 9070 XT,64,0,0,0
lm_head      tp2,2816,131072,32,float16,17,256x64,2261.146,4,2,AMD Radeon RX 9070 XT,64,0,0,0
lm_head      tp2,2816,131072,32,float16,17,192x128x2,2267.190,4,2,AMD Radeon RX 9070 XT,64,0,0,0
lm_head      tp2,2816,131072,32,float16,17,256x32,2349.541,4,2,AMD Radeon RX 9070 XT,64,0,0,0
lm_head      tp2,2816,131072,32,float16,17,32x128,3166.129,3,2,AMD Radeon RX 9070 XT,64,0,0,0
lm_head      tp2,2816,131072,32,float16,17,prefill_wmma:smallm_off,5043.368,2,2,AMD Radeon RX 9070 XT,64,0,0,0
lm_head      tp2,2816,131072,32,float16,17,16x64,5369.492,2,2,AMD Radeon RX 9070 XT,64,0,0,0
lm_head      tp2,2816,131072,32,float16,17,16x128,11594.736,2,2,AMD Radeon RX 9070 XT,64,0,0,0
lm_head      tp2,2816,131072,32,float16,24,32x64x4,694.001,15,2,AMD Radeon RX 9070 XT,64,0,0,0
lm_head      tp2,2816,131072,32,float16,24,64x128x4,779.792,13,2,AMD Radeon RX 9070 XT,64,0,0,0
lm_head      tp2,2816,131072,32,float16,24,64x64x2,885.290,11,2,AMD Radeon RX 9070 XT,64,0,0,0
lm_head      tp2,2816,131072,32,float16,24,32x128x4,914.158,10,2,AMD Radeon RX 9070 XT,64,0,0,0
lm_head      tp2,2816,131072,32,float16,24,32x64x2,961.573,10,2,AMD Radeon RX 9070 XT,64,0,0,0
lm_head      tp2,2816,131072,32,float16,24,64x128x2,1028.720,9,2,AMD Radeon RX 9070 XT,64,0,0,0
lm_head      tp2,2816,131072,32,float16,24,128x64x2,1300.972,8,2,AMD Radeon RX 9070 XT,64,0,0,0
lm_head      tp2,2816,131072,32,float16,24,128x128x4,1324.991,9,2,AMD Radeon RX 9070 XT,64,0,0,0
lm_head      tp2,2816,131072,32,float16,24,64x32,1325.298,7,2,AMD Radeon RX 9070 XT,64,0,0,0
lm_head      tp2,2816,131072,32,float16,24,auto,1329.349,7,2,AMD Radeon RX 9070 XT,64,0,0,0
lm_head      tp2,2816,131072,32,float16,24,96x128x2,1331.561,7,2,AMD Radeon RX 9070 XT,64,0,0,0
lm_head      tp2,2816,131072,32,float16,24,128x128x2,1519.994,6,2,AMD Radeon RX 9070 XT,64,0,0,0
lm_head      tp2,2816,131072,32,float16,24,64x64,1591.545,6,2,AMD Radeon RX 9070 XT,64,0,0,0
lm_head      tp2,2816,131072,32,float16,24,32x32,1608.098,6,2,AMD Radeon RX 9070 XT,64,0,0,0
lm_head      tp2,2816,131072,32,float16,24,128x64,1611.442,6,2,AMD Radeon RX 9070 XT,64,0,0,0
lm_head      tp2,2816,131072,32,float16,24,128x32,1665.966,6,2,AMD Radeon RX 9070 XT,64,0,0,0
lm_head      tp2,2816,131072,32,float16,24,prefill_wmma,1744.195,5,2,AMD Radeon RX 9070 XT,64,0,0,0
lm_head      tp2,2816,131072,32,float16,24,128x128,1755.904,5,2,AMD Radeon RX 9070 XT,64,0,0,0
lm_head      tp2,2816,131072,32,float16,24,80x128,1782.796,5,2,AMD Radeon RX 9070 XT,64,0,0,0
lm_head      tp2,2816,131072,32,float16,24,112x128,1905.438,5,2,AMD Radeon RX 9070 XT,64,0,0,0
lm_head      tp2,2816,131072,32,float16,24,32x64,1965.746,5,2,AMD Radeon RX 9070 XT,64,0,0,0
lm_head      tp2,2816,131072,32,float16,24,64x128,1967.414,5,2,AMD Radeon RX 9070 XT,64,0,0,0
lm_head      tp2,2816,131072,32,float16,24,256x128,2010.539,5,2,AMD Radeon RX 9070 XT,64,0,0,0
lm_head      tp2,2816,131072,32,float16,24,96x128,2025.643,5,2,AMD Radeon RX 9070 XT,64,0,0,0
lm_head      tp2,2816,131072,32,float16,24,256x128x2,2125.928,4,2,AMD Radeon RX 9070 XT,64,0,0,0
lm_head      tp2,2816,131072,32,float16,24,192x128,2157.889,4,2,AMD Radeon RX 9070 XT,64,0,0,0
lm_head      tp2,2816,131072,32,float16,24,128x256,2165.844,4,2,AMD Radeon RX 9070 XT,64,0,0,0
lm_head      tp2,2816,131072,32,float16,24,prefill_wmma_ashuffle,2202.120,4,2,AMD Radeon RX 9070 XT,64,0,0,0
lm_head      tp2,2816,131072,32,float16,24,192x128x2,2271.535,4,2,AMD Radeon RX 9070 XT,64,0,0,0
lm_head      tp2,2816,131072,32,float16,24,256x64,2305.036,4,2,AMD Radeon RX 9070 XT,64,0,0,0
lm_head      tp2,2816,131072,32,float16,24,256x32,2349.401,4,2,AMD Radeon RX 9070 XT,64,0,0,0
lm_head      tp2,2816,131072,32,float16,24,32x128,3254.430,3,2,AMD Radeon RX 9070 XT,64,0,0,0
lm_head      tp2,2816,131072,32,float16,24,prefill_wmma:smallm_off,5083.228,2,2,AMD Radeon RX 9070 XT,64,0,0,0
lm_head      tp2,2816,131072,32,float16,24,16x64,6421.576,2,2,AMD Radeon RX 9070 XT,64,0,0,0
lm_head      tp2,2816,131072,32,float16,24,16x128,11811.478,2,2,AMD Radeon RX 9070 XT,64,0,0,0
lm_head      tp2,2816,131072,32,float16,32,32x64x4,710.021,14,2,AMD Radeon RX 9070 XT,64,0,0,0
lm_head      tp2,2816,131072,32,float16,32,64x128x4,790.486,13,2,AMD Radeon RX 9070 XT,64,0,0,0
lm_head      tp2,2816,131072,32,float16,32,64x64x2,899.396,11,2,AMD Radeon RX 9070 XT,64,0,0,0
lm_head      tp2,2816,131072,32,float16,32,32x128x4,930.313,10,2,AMD Radeon RX 9070 XT,64,0,0,0
lm_head      tp2,2816,131072,32,float16,32,32x64x2,991.927,9,2,AMD Radeon RX 9070 XT,64,0,0,0
lm_head      tp2,2816,131072,32,float16,32,64x128x2,1240.187,8,2,AMD Radeon RX 9070 XT,64,0,0,0
lm_head      tp2,2816,131072,32,float16,32,128x128x4,1314.291,9,2,AMD Radeon RX 9070 XT,64,0,0,0
lm_head      tp2,2816,131072,32,float16,32,128x64x2,1342.738,7,2,AMD Radeon RX 9070 XT,64,0,0,0
lm_head      tp2,2816,131072,32,float16,32,96x128x2,1352.270,7,2,AMD Radeon RX 9070 XT,64,0,0,0
lm_head      tp2,2816,131072,32,float16,32,64x32,1379.658,7,2,AMD Radeon RX 9070 XT,64,0,0,0
lm_head      tp2,2816,131072,32,float16,32,auto,1386.944,7,2,AMD Radeon RX 9070 XT,64,0,0,0
lm_head      tp2,2816,131072,32,float16,32,128x128x2,1517.564,6,2,AMD Radeon RX 9070 XT,64,0,0,0
lm_head      tp2,2816,131072,32,float16,32,64x64,1629.162,6,2,AMD Radeon RX 9070 XT,64,0,0,0
lm_head      tp2,2816,131072,32,float16,32,128x64,1631.805,6,2,AMD Radeon RX 9070 XT,64,0,0,0
lm_head      tp2,2816,131072,32,float16,32,128x32,1695.799,6,2,AMD Radeon RX 9070 XT,64,0,0,0
lm_head      tp2,2816,131072,32,float16,32,32x32,1712.295,5,2,AMD Radeon RX 9070 XT,64,0,0,0
lm_head      tp2,2816,131072,32,float16,32,128x128,1773.828,5,2,AMD Radeon RX 9070 XT,64,0,0,0
lm_head      tp2,2816,131072,32,float16,32,80x128,1806.416,5,2,AMD Radeon RX 9070 XT,64,0,0,0
lm_head      tp2,2816,131072,32,float16,32,prefill_wmma,1830.801,5,2,AMD Radeon RX 9070 XT,64,0,0,0
lm_head      tp2,2816,131072,32,float16,32,112x128,1928.234,5,2,AMD Radeon RX 9070 XT,64,0,0,0
lm_head      tp2,2816,131072,32,float16,32,64x128,2003.355,5,2,AMD Radeon RX 9070 XT,64,0,0,0
lm_head      tp2,2816,131072,32,float16,32,96x128,2013.339,5,2,AMD Radeon RX 9070 XT,64,0,0,0
lm_head      tp2,2816,131072,32,float16,32,32x64,2032.675,5,2,AMD Radeon RX 9070 XT,64,0,0,0
lm_head      tp2,2816,131072,32,float16,32,256x128,2061.632,5,2,AMD Radeon RX 9070 XT,64,0,0,0
lm_head      tp2,2816,131072,32,float16,32,256x128x2,2129.699,4,2,AMD Radeon RX 9070 XT,64,0,0,0
lm_head      tp2,2816,131072,32,float16,32,128x256,2177.494,4,2,AMD Radeon RX 9070 XT,64,0,0,0
lm_head      tp2,2816,131072,32,float16,32,192x128,2188.585,4,2,AMD Radeon RX 9070 XT,64,0,0,0
lm_head      tp2,2816,131072,32,float16,32,prefill_wmma_ashuffle,2222.425,4,2,AMD Radeon RX 9070 XT,64,0,0,0
lm_head      tp2,2816,131072,32,float16,32,192x128x2,2288.810,4,2,AMD Radeon RX 9070 XT,64,0,0,0
lm_head      tp2,2816,131072,32,float16,32,256x64,2308.901,4,2,AMD Radeon RX 9070 XT,64,0,0,0
lm_head      tp2,2816,131072,32,float16,32,256x32,2383.002,4,2,AMD Radeon RX 9070 XT,64,0,0,0
lm_head      tp2,2816,131072,32,float16,32,32x128,3316.311,3,2,AMD Radeon RX 9070 XT,64,0,0,0
lm_head      tp2,2816,131072,32,float16,32,prefill_wmma:smallm_off,5124.829,2,2,AMD Radeon RX 9070 XT,64,0,0,0
lm_head      tp2,2816,131072,32,float16,32,16x64,9006.730,2,2,AMD Radeon RX 9070 XT,64,0,0,0
lm_head      tp2,2816,131072,32,float16,32,16x128,11946.610,2,2,AMD Radeon RX 9070 XT,64,0,0,0
lm_head      tp2,2816,131072,32,float16,48,64x128x4,810.849,12,2,AMD Radeon RX 9070 XT,64,0,0,0
lm_head      tp2,2816,131072,32,float16,48,64x64x2,940.521,10,2,AMD Radeon RX 9070 XT,64,0,0,0
lm_head      tp2,2816,131072,32,float16,48,64x128x2,1263.527,8,2,AMD Radeon RX 9070 XT,64,0,0,0
lm_head      tp2,2816,131072,32,float16,48,128x128x4,1306.052,8,2,AMD Radeon RX 9070 XT,64,0,0,0
lm_head      tp2,2816,131072,32,float16,48,96x128x2,1360.761,7,2,AMD Radeon RX 9070 XT,64,0,0,0
lm_head      tp2,2816,131072,32,float16,48,128x64x2,1373.338,7,2,AMD Radeon RX 9070 XT,64,0,0,0
lm_head      tp2,2816,131072,32,float16,48,32x64x4,1486.970,6,2,AMD Radeon RX 9070 XT,64,0,0,0
lm_head      tp2,2816,131072,32,float16,48,64x32,1513.914,6,2,AMD Radeon RX 9070 XT,64,0,0,0
lm_head      tp2,2816,131072,32,float16,48,auto,1528.701,6,2,AMD Radeon RX 9070 XT,64,0,0,0
lm_head      tp2,2816,131072,32,float16,48,128x128x2,1567.904,6,2,AMD Radeon RX 9070 XT,64,0,0,0
lm_head      tp2,2816,131072,32,float16,48,128x64,1681.279,6,2,AMD Radeon RX 9070 XT,64,0,0,0
lm_head      tp2,2816,131072,32,float16,48,64x64,1699.263,6,2,AMD Radeon RX 9070 XT,64,0,0,0
lm_head      tp2,2816,131072,32,float16,48,128x32,1784.504,5,2,AMD Radeon RX 9070 XT,64,0,0,0
lm_head      tp2,2816,131072,32,float16,48,128x128,1802.432,5,2,AMD Radeon RX 9070 XT,64,0,0,0
lm_head      tp2,2816,131072,32,float16,48,80x128,1841.441,6,2,AMD Radeon RX 9070 XT,64,0,0,0
lm_head      tp2,2816,131072,32,float16,48,32x128x4,1939.766,5,2,AMD Radeon RX 9070 XT,64,0,0,0
lm_head      tp2,2816,131072,32,float16,48,112x128,1948.146,5,2,AMD Radeon RX 9070 XT,64,0,0,0
lm_head      tp2,2816,131072,32,float16,48,32x64x2,2007.503,5,2,AMD Radeon RX 9070 XT,64,0,0,0
lm_head      tp2,2816,131072,32,float16,48,256x128,2012.022,4,2,AMD Radeon RX 9070 XT,64,0,0,0
lm_head      tp2,2816,131072,32,float16,48,64x128,2040.455,5,2,AMD Radeon RX 9070 XT,64,0,0,0
lm_head      tp2,2816,131072,32,float16,48,prefill_wmma,2069.303,4,2,AMD Radeon RX 9070 XT,64,0,0,0
lm_head      tp2,2816,131072,32,float16,48,96x128,2071.323,4,2,AMD Radeon RX 9070 XT,64,0,0,0
lm_head      tp2,2816,131072,32,float16,48,256x128x2,2189.290,4,2,AMD Radeon RX 9070 XT,64,0,0,0
lm_head      tp2,2816,131072,32,float16,48,128x256,2203.660,4,2,AMD Radeon RX 9070 XT,64,0,0,0
lm_head      tp2,2816,131072,32,float16,48,192x128,2206.919,4,2,AMD Radeon RX 9070 XT,64,0,0,0
lm_head      tp2,2816,131072,32,float16,48,192x128x2,2315.771,4,2,AMD Radeon RX 9070 XT,64,0,0,0
lm_head      tp2,2816,131072,32,float16,48,prefill_wmma_ashuffle,2354.506,4,2,AMD Radeon RX 9070 XT,64,0,0,0
lm_head      tp2,2816,131072,32,float16,48,256x64,2370.842,4,2,AMD Radeon RX 9070 XT,64,0,0,0
lm_head      tp2,2816,131072,32,float16,48,256x32,2427.372,4,2,AMD Radeon RX 9070 XT,64,0,0,0
lm_head      tp2,2816,131072,32,float16,48,32x32,2795.764,3,2,AMD Radeon RX 9070 XT,64,0,0,0
lm_head      tp2,2816,131072,32,float16,48,32x64,3544.847,2,2,AMD Radeon RX 9070 XT,64,0,0,0
lm_head      tp2,2816,131072,32,float16,48,prefill_wmma:smallm_off,5361.002,2,2,AMD Radeon RX 9070 XT,64,0,0,0
lm_head      tp2,2816,131072,32,float16,48,32x128,6963.974,2,2,AMD Radeon RX 9070 XT,64,0,0,0
lm_head      tp2,2816,131072,32,float16,48,16x64,13248.508,2,2,AMD Radeon RX 9070 XT,64,0,0,0
lm_head      tp2,2816,131072,32,float16,48,16x128,14621.446,2,2,AMD Radeon RX 9070 XT,64,0,0,0
lm_head      tp2,2816,131072,32,float16,63,64x128x4,826.684,12,2,AMD Radeon RX 9070 XT,64,0,0,0
lm_head      tp2,2816,131072,32,float16,63,64x64x2,977.825,10,2,AMD Radeon RX 9070 XT,64,0,0,0
lm_head      tp2,2816,131072,32,float16,63,64x128x2,1280.137,8,2,AMD Radeon RX 9070 XT,64,0,0,0
lm_head      tp2,2816,131072,32,float16,63,128x128x4,1353.427,7,2,AMD Radeon RX 9070 XT,64,0,0,0
lm_head      tp2,2816,131072,32,float16,63,96x128x2,1387.124,7,2,AMD Radeon RX 9070 XT,64,0,0,0
lm_head      tp2,2816,131072,32,float16,63,128x64x2,1401.559,7,2,AMD Radeon RX 9070 XT,64,0,0,0
lm_head      tp2,2816,131072,32,float16,63,32x64x4,1499.667,6,2,AMD Radeon RX 9070 XT,64,0,0,0
lm_head      tp2,2816,131072,32,float16,63,128x128x2,1582.168,6,2,AMD Radeon RX 9070 XT,64,0,0,0
lm_head      tp2,2816,131072,32,float16,63,64x32,1624.618,6,2,AMD Radeon RX 9070 XT,64,0,0,0
lm_head      tp2,2816,131072,32,float16,63,auto,1636.402,6,2,AMD Radeon RX 9070 XT,64,0,0,0
lm_head      tp2,2816,131072,32,float16,63,128x64,1730.667,5,2,AMD Radeon RX 9070 XT,64,0,0,0
lm_head      tp2,2816,131072,32,float16,63,64x64,1802.752,5,2,AMD Radeon RX 9070 XT,64,0,0,0
lm_head      tp2,2816,131072,32,float16,63,128x128,1832.977,5,2,AMD Radeon RX 9070 XT,64,0,0,0
lm_head      tp2,2816,131072,32,float16,63,128x32,1856.761,5,2,AMD Radeon RX 9070 XT,64,0,0,0
lm_head      tp2,2816,131072,32,float16,63,80x128,1871.957,5,2,AMD Radeon RX 9070 XT,64,0,0,0
lm_head      tp2,2816,131072,32,float16,63,32x128x4,1978.282,5,2,AMD Radeon RX 9070 XT,64,0,0,0
lm_head      tp2,2816,131072,32,float16,63,112x128,1984.266,5,2,AMD Radeon RX 9070 XT,64,0,0,0
lm_head      tp2,2816,131072,32,float16,63,64x128,2082.023,4,2,AMD Radeon RX 9070 XT,64,0,0,0
lm_head      tp2,2816,131072,32,float16,63,32x64x2,2086.448,4,2,AMD Radeon RX 9070 XT,64,0,0,0
lm_head      tp2,2816,131072,32,float16,63,256x128,2102.088,4,2,AMD Radeon RX 9070 XT,64,0,0,0
lm_head      tp2,2816,131072,32,float16,63,96x128,2116.118,4,2,AMD Radeon RX 9070 XT,64,0,0,0
lm_head      tp2,2816,131072,32,float16,63,128x256,2169.284,4,2,AMD Radeon RX 9070 XT,64,0,0,0
lm_head      tp2,2816,131072,32,float16,63,256x128x2,2181.524,4,2,AMD Radeon RX 9070 XT,64,0,0,0
lm_head      tp2,2816,131072,32,float16,63,192x128,2244.410,4,2,AMD Radeon RX 9070 XT,64,0,0,0
lm_head      tp2,2816,131072,32,float16,63,prefill_wmma,2303.871,4,2,AMD Radeon RX 9070 XT,64,0,0,0
lm_head      tp2,2816,131072,32,float16,63,192x128x2,2357.862,4,2,AMD Radeon RX 9070 XT,64,0,0,0
lm_head      tp2,2816,131072,32,float16,63,256x64,2416.122,4,2,AMD Radeon RX 9070 XT,64,0,0,0
lm_head      tp2,2816,131072,32,float16,63,prefill_wmma_ashuffle,2477.938,4,2,AMD Radeon RX 9070 XT,64,0,0,0
lm_head      tp2,2816,131072,32,float16,63,256x32,2499.114,4,2,AMD Radeon RX 9070 XT,64,0,0,0
lm_head      tp2,2816,131072,32,float16,63,32x32,3257.710,3,2,AMD Radeon RX 9070 XT,64,0,0,0
lm_head      tp2,2816,131072,32,float16,63,32x64,3768.331,2,2,AMD Radeon RX 9070 XT,64,0,0,0
lm_head      tp2,2816,131072,32,float16,63,prefill_wmma:smallm_off,5755.057,2,2,AMD Radeon RX 9070 XT,64,0,0,0
lm_head      tp2,2816,131072,32,float16,63,32x128,8506.014,2,2,AMD Radeon RX 9070 XT,64,0,0,0
lm_head      tp2,2816,131072,32,float16,63,16x64,17528.419,2,2,AMD Radeon RX 9070 XT,64,0,0,0
lm_head      tp2,2816,131072,32,float16,63,16x128,24537.748,2,2,AMD Radeon RX 9070 XT,64,0,0,0
lm_head      tp2,2816,131072,32,float16,64,64x128x4,829.999,12,2,AMD Radeon RX 9070 XT,64,0,0,0
lm_head      tp2,2816,131072,32,float16,64,64x64x2,977.423,10,2,AMD Radeon RX 9070 XT,64,0,0,0
lm_head      tp2,2816,131072,32,float16,64,64x128x2,1290.845,8,2,AMD Radeon RX 9070 XT,64,0,0,0
lm_head      tp2,2816,131072,32,float16,64,128x128x4,1349.418,7,2,AMD Radeon RX 9070 XT,64,0,0,0
lm_head      tp2,2816,131072,32,float16,64,128x64x2,1406.167,7,2,AMD Radeon RX 9070 XT,64,0,0,0
lm_head      tp2,2816,131072,32,float16,64,96x128x2,1415.025,7,2,AMD Radeon RX 9070 XT,64,0,0,0
lm_head      tp2,2816,131072,32,float16,64,32x64x4,1520.797,6,2,AMD Radeon RX 9070 XT,64,0,0,0
lm_head      tp2,2816,131072,32,float16,64,128x128x2,1597.271,6,2,AMD Radeon RX 9070 XT,64,0,0,0
lm_head      tp2,2816,131072,32,float16,64,64x32,1627.408,6,2,AMD Radeon RX 9070 XT,64,0,0,0
lm_head      tp2,2816,131072,32,float16,64,auto,1637.965,6,2,AMD Radeon RX 9070 XT,64,0,0,0
lm_head      tp2,2816,131072,32,float16,64,128x64,1728.810,6,2,AMD Radeon RX 9070 XT,64,0,0,0
lm_head      tp2,2816,131072,32,float16,64,64x64,1811.052,5,2,AMD Radeon RX 9070 XT,64,0,0,0
lm_head      tp2,2816,131072,32,float16,64,128x128,1841.109,5,2,AMD Radeon RX 9070 XT,64,0,0,0
lm_head      tp2,2816,131072,32,float16,64,128x32,1867.537,5,2,AMD Radeon RX 9070 XT,64,0,0,0
lm_head      tp2,2816,131072,32,float16,64,80x128,1876.285,5,2,AMD Radeon RX 9070 XT,64,0,0,0
lm_head      tp2,2816,131072,32,float16,64,32x128x4,1988.739,5,2,AMD Radeon RX 9070 XT,64,0,0,0
lm_head      tp2,2816,131072,32,float16,64,112x128,2001.135,5,2,AMD Radeon RX 9070 XT,64,0,0,0
lm_head      tp2,2816,131072,32,float16,64,256x128,2082.323,4,2,AMD Radeon RX 9070 XT,64,0,0,0
lm_head      tp2,2816,131072,32,float16,64,32x64x2,2095.083,4,2,AMD Radeon RX 9070 XT,64,0,0,0
lm_head      tp2,2816,131072,32,float16,64,64x128,2098.318,4,2,AMD Radeon RX 9070 XT,64,0,0,0
lm_head      tp2,2816,131072,32,float16,64,96x128,2126.574,4,2,AMD Radeon RX 9070 XT,64,0,0,0
lm_head      tp2,2816,131072,32,float16,64,256x128x2,2189.034,4,2,AMD Radeon RX 9070 XT,64,0,0,0
lm_head      tp2,2816,131072,32,float16,64,192x128,2219.520,4,2,AMD Radeon RX 9070 XT,64,0,0,0
lm_head      tp2,2816,131072,32,float16,64,128x256,2234.080,4,2,AMD Radeon RX 9070 XT,64,0,0,0
lm_head      tp2,2816,131072,32,float16,64,prefill_wmma,2313.336,4,2,AMD Radeon RX 9070 XT,64,0,0,0
lm_head      tp2,2816,131072,32,float16,64,192x128x2,2388.427,4,2,AMD Radeon RX 9070 XT,64,0,0,0
lm_head      tp2,2816,131072,32,float16,64,256x64,2423.208,4,2,AMD Radeon RX 9070 XT,64,0,0,0
lm_head      tp2,2816,131072,32,float16,64,prefill_wmma_ashuffle,2479.593,3,2,AMD Radeon RX 9070 XT,64,0,0,0
lm_head      tp2,2816,131072,32,float16,64,256x32,2511.744,4,2,AMD Radeon RX 9070 XT,64,0,0,0
lm_head      tp2,2816,131072,32,float16,64,32x32,3277.664,3,2,AMD Radeon RX 9070 XT,64,0,0,0
lm_head      tp2,2816,131072,32,float16,64,32x64,3814.061,2,2,AMD Radeon RX 9070 XT,64,0,0,0
lm_head      tp2,2816,131072,32,float16,64,prefill_wmma:smallm_off,5793.727,2,2,AMD Radeon RX 9070 XT,64,0,0,0
lm_head      tp2,2816,131072,32,float16,64,32x128,9466.457,2,2,AMD Radeon RX 9070 XT,64,0,0,0
lm_head      tp2,2816,131072,32,float16,64,16x64,18147.703,2,2,AMD Radeon RX 9070 XT,64,0,0,0
lm_head      tp2,2816,131072,32,float16,64,16x128,24354.176,2,2,AMD Radeon RX 9070 XT,64,0,0,0
lm_head      tp2,2816,131072,32,float16,96,128x128x4,1383.987,7,2,AMD Radeon RX 9070 XT,64,0,0,0
lm_head      tp2,2816,131072,32,float16,96,128x64x2,1438.579,6,2,AMD Radeon RX 9070 XT,64,0,0,0
lm_head      tp2,2816,131072,32,float16,96,96x128x2,1448.894,7,2,AMD Radeon RX 9070 XT,64,0,0,0
lm_head      tp2,2816,131072,32,float16,96,128x128x2,1680.776,6,2,AMD Radeon RX 9070 XT,64,0,0,0
lm_head      tp2,2816,131072,32,float16,96,64x128x4,1740.091,5,2,AMD Radeon RX 9070 XT,64,0,0,0
lm_head      tp2,2816,131072,32,float16,96,128x64,1833.904,5,2,AMD Radeon RX 9070 XT,64,0,0,0
lm_head      tp2,2816,131072,32,float16,96,auto,1835.137,5,2,AMD Radeon RX 9070 XT,64,0,0,0
lm_head      tp2,2816,131072,32,float16,96,128x128,1913.070,5,2,AMD Radeon RX 9070 XT,64,0,0,0
lm_head      tp2,2816,131072,32,float16,96,64x64x2,1985.495,5,2,AMD Radeon RX 9070 XT,64,0,0,0
lm_head      tp2,2816,131072,32,float16,96,128x32,2051.956,5,2,AMD Radeon RX 9070 XT,64,0,0,0
lm_head      tp2,2816,131072,32,float16,96,112x128,2059.848,4,2,AMD Radeon RX 9070 XT,64,0,0,0
lm_head      tp2,2816,131072,32,float16,96,32x64x4,2117.114,4,2,AMD Radeon RX 9070 XT,64,0,0,0
lm_head      tp2,2816,131072,32,float16,96,256x128,2177.149,4,2,AMD Radeon RX 9070 XT,64,0,0,0
lm_head      tp2,2816,131072,32,float16,96,64x128x2,2198.829,4,2,AMD Radeon RX 9070 XT,64,0,0,0
lm_head      tp2,2816,131072,32,float16,96,96x128,2232.910,4,2,AMD Radeon RX 9070 XT,64,0,0,0
lm_head      tp2,2816,131072,32,float16,96,128x256,2285.255,4,2,AMD Radeon RX 9070 XT,64,0,0,0
lm_head      tp2,2816,131072,32,float16,96,256x128x2,2294.436,4,2,AMD Radeon RX 9070 XT,64,0,0,0
lm_head      tp2,2816,131072,32,float16,96,192x128,2315.016,4,2,AMD Radeon RX 9070 XT,64,0,0,0
lm_head      tp2,2816,131072,32,float16,96,192x128x2,2444.908,4,2,AMD Radeon RX 9070 XT,64,0,0,0
lm_head      tp2,2816,131072,32,float16,96,256x64,2520.424,4,2,AMD Radeon RX 9070 XT,64,0,0,0
lm_head      tp2,2816,131072,32,float16,96,64x32,2561.079,4,2,AMD Radeon RX 9070 XT,64,0,0,0
lm_head      tp2,2816,131072,32,float16,96,256x32,2624.029,3,2,AMD Radeon RX 9070 XT,64,0,0,0
lm_head      tp2,2816,131072,32,float16,96,prefill_wmma_ashuffle,2742.410,3,2,AMD Radeon RX 9070 XT,64,0,0,0
lm_head      tp2,2816,131072,32,float16,96,32x128x4,2751.637,3,2,AMD Radeon RX 9070 XT,64,0,0,0
lm_head      tp2,2816,131072,32,float16,96,64x64,2866.505,3,2,AMD Radeon RX 9070 XT,64,0,0,0
lm_head      tp2,2816,131072,32,float16,96,32x64x2,2910.579,3,2,AMD Radeon RX 9070 XT,64,0,0,0
lm_head      tp2,2816,131072,32,float16,96,80x128,3206.490,3,2,AMD Radeon RX 9070 XT,64,0,0,0
lm_head      tp2,2816,131072,32,float16,96,64x128,3635.619,2,2,AMD Radeon RX 9070 XT,64,0,0,0
lm_head      tp2,2816,131072,32,float16,96,prefill_wmma,3973.253,2,2,AMD Radeon RX 9070 XT,64,0,0,0
lm_head      tp2,2816,131072,32,float16,96,32x32,4330.208,2,2,AMD Radeon RX 9070 XT,64,0,0,0
lm_head      tp2,2816,131072,32,float16,96,32x64,5357.892,2,2,AMD Radeon RX 9070 XT,64,0,0,0
lm_head      tp2,2816,131072,32,float16,96,prefill_wmma:smallm_off,6530.427,2,2,AMD Radeon RX 9070 XT,64,0,0,0
lm_head      tp2,2816,131072,32,float16,96,32x128,9518.388,2,2,AMD Radeon RX 9070 XT,64,0,0,0
lm_head      tp2,2816,131072,32,float16,96,16x64,30262.945,2,2,AMD Radeon RX 9070 XT,64,0,0,0
lm_head      tp2,2816,131072,32,float16,96,16x128,34719.845,2,2,AMD Radeon RX 9070 XT,64,0,0,0
lm_head      tp2,2816,131072,32,float16,128,128x128x4,1425.919,7,2,AMD Radeon RX 9070 XT,64,0,0,0
lm_head      tp2,2816,131072,32,float16,128,128x64x2,1520.967,6,2,AMD Radeon RX 9070 XT,64,0,0,0
lm_head      tp2,2816,131072,32,float16,128,128x128x2,1753.874,6,2,AMD Radeon RX 9070 XT,64,0,0,0
lm_head      tp2,2816,131072,32,float16,128,64x128x4,1756.556,5,2,AMD Radeon RX 9070 XT,64,0,0,0
lm_head      tp2,2816,131072,32,float16,128,128x64,1958.046,5,2,AMD Radeon RX 9070 XT,64,0,0,0
lm_head      tp2,2816,131072,32,float16,128,auto,1963.078,5,2,AMD Radeon RX 9070 XT,64,0,0,0
lm_head      tp2,2816,131072,32,float16,128,128x128,1984.547,5,2,AMD Radeon RX 9070 XT,64,0,0,0
lm_head      tp2,2816,131072,32,float16,128,64x64x2,2044.807,5,2,AMD Radeon RX 9070 XT,64,0,0,0
lm_head      tp2,2816,131072,32,float16,128,128x32,2207.244,4,2,AMD Radeon RX 9070 XT,64,0,0,0
lm_head      tp2,2816,131072,32,float16,128,64x128x2,2225.795,4,2,AMD Radeon RX 9070 XT,64,0,0,0
lm_head      tp2,2816,131072,32,float16,128,256x128,2233.950,4,2,AMD Radeon RX 9070 XT,64,0,0,0
lm_head      tp2,2816,131072,32,float16,128,128x256,2359.591,4,2,AMD Radeon RX 9070 XT,64,0,0,0
lm_head      tp2,2816,131072,32,float16,128,256x128x2,2395.557,4,2,AMD Radeon RX 9070 XT,64,0,0,0
lm_head      tp2,2816,131072,32,float16,128,192x128,2399.382,4,2,AMD Radeon RX 9070 XT,64,0,0,0
lm_head      tp2,2816,131072,32,float16,128,96x128x2,2491.764,4,2,AMD Radeon RX 9070 XT,64,0,0,0
lm_head      tp2,2816,131072,32,float16,128,192x128x2,2550.394,3,2,AMD Radeon RX 9070 XT,64,0,0,0
lm_head      tp2,2816,131072,32,float16,128,256x64,2611.388,3,2,AMD Radeon RX 9070 XT,64,0,0,0
lm_head      tp2,2816,131072,32,float16,128,256x32,2749.103,3,2,AMD Radeon RX 9070 XT,64,0,0,0
lm_head      tp2,2816,131072,32,float16,128,64x32,2777.130,3,2,AMD Radeon RX 9070 XT,64,0,0,0
lm_head      tp2,2816,131072,32,float16,128,32x64x4,2787.484,3,2,AMD Radeon RX 9070 XT,64,0,0,0
lm_head      tp2,2816,131072,32,float16,128,prefill_wmma_ashuffle,2948.313,3,2,AMD Radeon RX 9070 XT,64,0,0,0
lm_head      tp2,2816,131072,32,float16,128,80x128,3317.478,3,2,AMD Radeon RX 9070 XT,64,0,0,0
lm_head      tp2,2816,131072,32,float16,128,64x64,3320.698,3,2,AMD Radeon RX 9070 XT,64,0,0,0
lm_head      tp2,2816,131072,32,float16,128,112x128,3502.937,2,2,AMD Radeon RX 9070 XT,64,0,0,0
lm_head      tp2,2816,131072,32,float16,128,32x128x4,3572.098,2,2,AMD Radeon RX 9070 XT,64,0,0,0
lm_head      tp2,2816,131072,32,float16,128,96x128,3736.280,2,2,AMD Radeon RX 9070 XT,64,0,0,0
lm_head      tp2,2816,131072,32,float16,128,32x64x2,3809.491,2,2,AMD Radeon RX 9070 XT,64,0,0,0
lm_head      tp2,2816,131072,32,float16,128,64x128,3941.933,2,2,AMD Radeon RX 9070 XT,64,0,0,0
lm_head      tp2,2816,131072,32,float16,128,32x32,5541.484,2,2,AMD Radeon RX 9070 XT,64,0,0,0
lm_head      tp2,2816,131072,32,float16,128,32x64,7118.055,2,2,AMD Radeon RX 9070 XT,64,0,0,0
lm_head      tp2,2816,131072,32,float16,128,prefill_wmma:smallm_off,7151.626,2,2,AMD Radeon RX 9070 XT,64,0,0,0
lm_head      tp2,2816,131072,32,float16,128,prefill_wmma,7257.777,2,2,AMD Radeon RX 9070 XT,64,0,0,0
lm_head      tp2,2816,131072,32,float16,128,32x128,14302.232,2,2,AMD Radeon RX 9070 XT,64,0,0,0
lm_head      tp2,2816,131072,32,float16,128,16x64,36495.747,2,2,AMD Radeon RX 9070 XT,64,0,0,0
lm_head      tp2,2816,131072,32,float16,128,16x128,65595.177,2,2,AMD Radeon RX 9070 XT,64,0,0,0
lm_head      tp2,2816,131072,32,float16,192,auto,2358.932,4,2,AMD Radeon RX 9070 XT,64,0,0,0
lm_head      tp2,2816,131072,32,float16,192,256x128,2362.862,4,2,AMD Radeon RX 9070 XT,64,0,0,0
lm_head      tp2,2816,131072,32,float16,192,192x128,2536.021,3,2,AMD Radeon RX 9070 XT,64,0,0,0
lm_head      tp2,2816,131072,32,float16,192,128x128x4,2557.068,3,2,AMD Radeon RX 9070 XT,64,0,0,0
lm_head      tp2,2816,131072,32,float16,192,64x128x4,2569.061,3,2,AMD Radeon RX 9070 XT,64,0,0,0
lm_head      tp2,2816,131072,32,float16,192,256x128x2,2585.341,3,2,AMD Radeon RX 9070 XT,64,0,0,0
lm_head      tp2,2816,131072,32,float16,192,96x128x2,2608.048,3,2,AMD Radeon RX 9070 XT,64,0,0,0
lm_head      tp2,2816,131072,32,float16,192,128x64x2,2658.456,3,2,AMD Radeon RX 9070 XT,64,0,0,0
lm_head      tp2,2816,131072,32,float16,192,192x128x2,2787.937,3,2,AMD Radeon RX 9070 XT,64,0,0,0
lm_head      tp2,2816,131072,32,float16,192,256x64,2832.045,3,2,AMD Radeon RX 9070 XT,64,0,0,0
lm_head      tp2,2816,131072,32,float16,192,64x64x2,2964.726,3,2,AMD Radeon RX 9070 XT,64,0,0,0
lm_head      tp2,2816,131072,32,float16,192,128x128x2,3002.160,3,2,AMD Radeon RX 9070 XT,64,0,0,0
lm_head      tp2,2816,131072,32,float16,192,256x32,3033.001,3,2,AMD Radeon RX 9070 XT,64,0,0,0
lm_head      tp2,2816,131072,32,float16,192,128x64,3243.953,2,2,AMD Radeon RX 9070 XT,64,0,0,0
lm_head      tp2,2816,131072,32,float16,192,64x128x2,3248.117,3,2,AMD Radeon RX 9070 XT,64,0,0,0
lm_head      tp2,2816,131072,32,float16,192,128x128,3337.665,2,2,AMD Radeon RX 9070 XT,64,0,0,0
lm_head      tp2,2816,131072,32,float16,192,prefill_wmma_ashuffle,3469.966,2,2,AMD Radeon RX 9070 XT,64,0,0,0
lm_head      tp2,2816,131072,32,float16,192,112x128,3631.639,2,2,AMD Radeon RX 9070 XT,64,0,0,0
lm_head      tp2,2816,131072,32,float16,192,128x32,3713.399,2,2,AMD Radeon RX 9070 XT,64,0,0,0
lm_head      tp2,2816,131072,32,float16,192,64x32,3993.793,2,2,AMD Radeon RX 9070 XT,64,0,0,0
lm_head      tp2,2816,131072,32,float16,192,96x128,4039.014,2,2,AMD Radeon RX 9070 XT,64,0,0,0
lm_head      tp2,2816,131072,32,float16,192,32x64x4,4114.145,2,2,AMD Radeon RX 9070 XT,64,0,0,0
lm_head      tp2,2816,131072,32,float16,192,128x256,4150.046,2,2,AMD Radeon RX 9070 XT,64,0,0,0
lm_head      tp2,2816,131072,32,float16,192,64x64,4521.421,2,2,AMD Radeon RX 9070 XT,64,0,0,0
lm_head      tp2,2816,131072,32,float16,192,80x128,4654.393,2,2,AMD Radeon RX 9070 XT,64,0,0,0
lm_head      tp2,2816,131072,32,float16,192,32x128x4,5043.787,2,2,AMD Radeon RX 9070 XT,64,0,0,0
lm_head      tp2,2816,131072,32,float16,192,32x64x2,5387.592,2,2,AMD Radeon RX 9070 XT,64,0,0,0
lm_head      tp2,2816,131072,32,float16,192,64x128,5455.173,2,2,AMD Radeon RX 9070 XT,64,0,0,0
lm_head      tp2,2816,131072,32,float16,192,prefill_wmma:smallm_off,7954.737,2,2,AMD Radeon RX 9070 XT,64,0,0,0
lm_head      tp2,2816,131072,32,float16,192,prefill_wmma,7984.537,2,2,AMD Radeon RX 9070 XT,64,0,0,0
lm_head      tp2,2816,131072,32,float16,192,32x32,8148.589,2,2,AMD Radeon RX 9070 XT,64,0,0,0
lm_head      tp2,2816,131072,32,float16,192,32x64,9969.094,2,2,AMD Radeon RX 9070 XT,64,0,0,0
lm_head      tp2,2816,131072,32,float16,192,32x128,17793.777,2,2,AMD Radeon RX 9070 XT,64,0,0,0
lm_head      tp2,2816,131072,32,float16,192,16x128,54397.678,2,2,AMD Radeon RX 9070 XT,64,0,0,0
lm_head      tp2,2816,131072,32,float16,192,16x64,68791.054,2,2,AMD Radeon RX 9070 XT,64,0,0,0
lm_head      tp2,2816,131072,32,float16,256,256x128,2535.889,4,2,AMD Radeon RX 9070 XT,64,0,0,0
lm_head      tp2,2816,131072,32,float16,256,auto,2551.769,4,2,AMD Radeon RX 9070 XT,64,0,0,0
lm_head      tp2,2816,131072,32,float16,256,128x128x4,2622.535,3,2,AMD Radeon RX 9070 XT,64,0,0,0
lm_head      tp2,2816,131072,32,float16,256,128x64x2,2826.038,3,2,AMD Radeon RX 9070 XT,64,0,0,0
lm_head      tp2,2816,131072,32,float16,256,256x128x2,2848.885,3,2,AMD Radeon RX 9070 XT,64,0,0,0
lm_head      tp2,2816,131072,32,float16,256,256x64,3217.650,3,2,AMD Radeon RX 9070 XT,64,0,0,0
lm_head      tp2,2816,131072,32,float16,256,128x128x2,3232.837,3,2,AMD Radeon RX 9070 XT,64,0,0,0
lm_head      tp2,2816,131072,32,float16,256,64x128x4,3300.358,3,2,AMD Radeon RX 9070 XT,64,0,0,0
lm_head      tp2,2816,131072,32,float16,256,256x32,3330.465,3,2,AMD Radeon RX 9070 XT,64,0,0,0
lm_head      tp2,2816,131072,32,float16,256,128x64,3605.879,2,2,AMD Radeon RX 9070 XT,64,0,0,0
lm_head      tp2,2816,131072,32,float16,256,128x128,3682.859,2,2,AMD Radeon RX 9070 XT,64,0,0,0
lm_head      tp2,2816,131072,32,float16,256,96x128x2,3722.460,2,2,AMD Radeon RX 9070 XT,64,0,0,0
lm_head      tp2,2816,131072,32,float16,256,64x64x2,3920.433,2,2,AMD Radeon RX 9070 XT,64,0,0,0
lm_head      tp2,2816,131072,32,float16,256,prefill_wmma_ashuffle,4055.734,2,2,AMD Radeon RX 9070 XT,64,0,0,0
lm_head      tp2,2816,131072,32,float16,256,128x32,4120.445,2,2,AMD Radeon RX 9070 XT,64,0,0,0
lm_head      tp2,2816,131072,32,float16,256,64x128x2,4275.967,2,2,AMD Radeon RX 9070 XT,64,0,0,0
lm_head      tp2,2816,131072,32,float16,256,192x128,4416.459,2,2,AMD Radeon RX 9070 XT,64,0,0,0
lm_head      tp2,2816,131072,32,float16,256,128x256,4544.621,2,2,AMD Radeon RX 9070 XT,64,0,0,0
lm_head      tp2,2816,131072,32,float16,256,192x128x2,4758.804,2,2,AMD Radeon RX 9070 XT,64,0,0,0
lm_head      tp2,2816,131072,32,float16,256,64x32,5325.761,2,2,AMD Radeon RX 9070 XT,64,0,0,0
lm_head      tp2,2816,131072,32,float16,256,112x128,5342.231,2,2,AMD Radeon RX 9070 XT,64,0,0,0
lm_head      tp2,2816,131072,32,float16,256,32x64x4,5487.253,2,2,AMD Radeon RX 9070 XT,64,0,0,0
lm_head      tp2,2816,131072,32,float16,256,96x128,5805.565,2,2,AMD Radeon RX 9070 XT,64,0,0,0
lm_head      tp2,2816,131072,32,float16,256,64x64,6030.490,2,2,AMD Radeon RX 9070 XT,64,0,0,0
lm_head      tp2,2816,131072,32,float16,256,80x128,6304.514,2,2,AMD Radeon RX 9070 XT,64,0,0,0
lm_head      tp2,2816,131072,32,float16,256,32x128x4,6889.032,2,2,AMD Radeon RX 9070 XT,64,0,0,0
lm_head      tp2,2816,131072,32,float16,256,32x64x2,7332.188,2,2,AMD Radeon RX 9070 XT,64,0,0,0
lm_head      tp2,2816,131072,32,float16,256,64x128,7562.451,2,2,AMD Radeon RX 9070 XT,64,0,0,0
lm_head      tp2,2816,131072,32,float16,256,prefill_wmma,9125.702,2,2,AMD Radeon RX 9070 XT,64,0,0,0
lm_head      tp2,2816,131072,32,float16,256,prefill_wmma:smallm_off,9166.423,2,2,AMD Radeon RX 9070 XT,64,0,0,0
lm_head      tp2,2816,131072,32,float16,256,32x32,10679.683,2,2,AMD Radeon RX 9070 XT,64,0,0,0
lm_head      tp2,2816,131072,32,float16,256,32x64,13636.242,2,2,AMD Radeon RX 9070 XT,64,0,0,0
lm_head      tp2,2816,131072,32,float16,256,32x128,35713.131,2,2,AMD Radeon RX 9070 XT,64,0,0,0
lm_head      tp2,2816,131072,32,float16,256,16x64,108298.393,2,2,AMD Radeon RX 9070 XT,64,0,0,0
lm_head      tp2,2816,131072,32,float16,256,16x128,183991.852,2,2,AMD Radeon RX 9070 XT,64,0,0,0
lm_head      tp2,2816,131072,32,float16,512,auto,4542.370,2,2,AMD Radeon RX 9070 XT,64,0,0,0
lm_head      tp2,2816,131072,32,float16,512,256x128,4750.914,2,2,AMD Radeon RX 9070 XT,64,0,0,0
lm_head      tp2,2816,131072,32,float16,512,128x128x4,5071.048,2,2,AMD Radeon RX 9070 XT,64,0,0,0
lm_head      tp2,2816,131072,32,float16,512,256x128x2,5176.979,2,2,AMD Radeon RX 9070 XT,64,0,0,0
lm_head      tp2,2816,131072,32,float16,512,128x64x2,5403.302,2,2,AMD Radeon RX 9070 XT,64,0,0,0
lm_head      tp2,2816,131072,32,float16,512,256x64,5850.198,2,2,AMD Radeon RX 9070 XT,64,0,0,0
lm_head      tp2,2816,131072,32,float16,512,128x128x2,6084.041,2,2,AMD Radeon RX 9070 XT,64,0,0,0
lm_head      tp2,2816,131072,32,float16,512,256x32,6456.949,2,2,AMD Radeon RX 9070 XT,64,0,0,0
lm_head      tp2,2816,131072,32,float16,512,64x128x4,6501.267,2,2,AMD Radeon RX 9070 XT,64,0,0,0
lm_head      tp2,2816,131072,32,float16,512,192x128,6691.150,2,2,AMD Radeon RX 9070 XT,64,0,0,0
lm_head      tp2,2816,131072,32,float16,512,128x64,6795.201,2,2,AMD Radeon RX 9070 XT,64,0,0,0
lm_head      tp2,2816,131072,32,float16,512,128x128,6821.691,2,2,AMD Radeon RX 9070 XT,64,0,0,0
lm_head      tp2,2816,131072,32,float16,512,96x128x2,7095.675,2,2,AMD Radeon RX 9070 XT,64,0,0,0
lm_head      tp2,2816,131072,32,float16,512,192x128x2,7297.718,2,2,AMD Radeon RX 9070 XT,64,0,0,0
lm_head      tp2,2816,131072,32,float16,512,64x64x2,7642.552,2,2,AMD Radeon RX 9070 XT,64,0,0,0
lm_head      tp2,2816,131072,32,float16,512,prefill_wmma_ashuffle,7811.584,2,2,AMD Radeon RX 9070 XT,64,0,0,0
lm_head      tp2,2816,131072,32,float16,512,128x32,7935.136,2,2,AMD Radeon RX 9070 XT,64,0,0,0
lm_head      tp2,2816,131072,32,float16,512,64x128x2,8314.961,2,2,AMD Radeon RX 9070 XT,64,0,0,0
lm_head      tp2,2816,131072,32,float16,512,128x256,8648.236,2,2,AMD Radeon RX 9070 XT,64,0,0,0
lm_head      tp2,2816,131072,32,float16,512,112x128,8749.447,2,2,AMD Radeon RX 9070 XT,64,0,0,0
lm_head      tp2,2816,131072,32,float16,512,64x32,10527.761,2,2,AMD Radeon RX 9070 XT,64,0,0,0
lm_head      tp2,2816,131072,32,float16,512,80x128,10692.283,2,2,AMD Radeon RX 9070 XT,64,0,0,0
lm_head      tp2,2816,131072,32,float16,512,32x64x4,10753.224,2,2,AMD Radeon RX 9070 XT,64,0,0,0
lm_head      tp2,2816,131072,32,float16,512,96x128,10881.596,2,2,AMD Radeon RX 9070 XT,64,0,0,0
lm_head      tp2,2816,131072,32,float16,512,64x64,11508.984,2,2,AMD Radeon RX 9070 XT,64,0,0,0
lm_head      tp2,2816,131072,32,float16,512,32x128x4,13729.654,2,2,AMD Radeon RX 9070 XT,64,0,0,0
lm_head      tp2,2816,131072,32,float16,512,64x128,14443.703,2,2,AMD Radeon RX 9070 XT,64,0,0,0
lm_head      tp2,2816,131072,32,float16,512,32x64x2,14661.356,2,2,AMD Radeon RX 9070 XT,64,0,0,0
lm_head      tp2,2816,131072,32,float16,512,prefill_wmma,17989.040,2,2,AMD Radeon RX 9070 XT,64,0,0,0
lm_head      tp2,2816,131072,32,float16,512,prefill_wmma:smallm_off,18061.962,2,2,AMD Radeon RX 9070 XT,64,0,0,0
lm_head      tp2,2816,131072,32,float16,512,32x32,21623.146,2,2,AMD Radeon RX 9070 XT,64,0,0,0
lm_head      tp2,2816,131072,32,float16,512,32x64,27512.508,2,2,AMD Radeon RX 9070 XT,64,0,0,0
lm_head      tp2,2816,131072,32,float16,512,32x128,65910.316,2,2,AMD Radeon RX 9070 XT,64,0,0,0
lm_head      tp2,2816,131072,32,float16,512,16x64,95827.492,2,2,AMD Radeon RX 9070 XT,64,0,0,0
lm_head      tp2,2816,131072,32,float16,512,16x128,436939.911,2,2,AMD Radeon RX 9070 XT,64,0,0,0
lm_head      tp2,2816,131072,32,float16,1024,auto,9149.722,2,2,AMD Radeon RX 9070 XT,64,0,0,0
lm_head      tp2,2816,131072,32,float16,1024,256x128,9248.774,2,2,AMD Radeon RX 9070 XT,64,0,0,0
lm_head      tp2,2816,131072,32,float16,1024,128x128x4,9998.284,2,2,AMD Radeon RX 9070 XT,64,0,0,0
lm_head      tp2,2816,131072,32,float16,1024,256x128x2,10033.814,2,2,AMD Radeon RX 9070 XT,64,0,0,0
lm_head      tp2,2816,131072,32,float16,1024,128x64x2,10733.894,2,2,AMD Radeon RX 9070 XT,64,0,0,0
lm_head      tp2,2816,131072,32,float16,1024,256x64,11551.414,2,2,AMD Radeon RX 9070 XT,64,0,0,0
lm_head      tp2,2816,131072,32,float16,1024,128x128x2,12004.490,2,2,AMD Radeon RX 9070 XT,64,0,0,0
lm_head      tp2,2816,131072,32,float16,1024,192x128,12787.571,2,2,AMD Radeon RX 9070 XT,64,0,0,0
lm_head      tp2,2816,131072,32,float16,1024,64x128x4,12945.153,2,2,AMD Radeon RX 9070 XT,64,0,0,0
lm_head      tp2,2816,131072,32,float16,1024,96x128x2,12952.513,2,2,AMD Radeon RX 9070 XT,64,0,0,0
lm_head      tp2,2816,131072,32,float16,1024,256x32,13210.577,2,2,AMD Radeon RX 9070 XT,64,0,0,0
lm_head      tp2,2816,131072,32,float16,1024,128x64,13388.019,2,2,AMD Radeon RX 9070 XT,64,0,0,0
lm_head      tp2,2816,131072,32,float16,1024,128x128,13449.750,2,2,AMD Radeon RX 9070 XT,64,0,0,0
lm_head      tp2,2816,131072,32,float16,1024,192x128x2,13973.866,2,2,AMD Radeon RX 9070 XT,64,0,0,0
lm_head      tp2,2816,131072,32,float16,1024,64x64x2,15262.024,2,2,AMD Radeon RX 9070 XT,64,0,0,0
lm_head      tp2,2816,131072,32,float16,1024,prefill_wmma_ashuffle,15503.377,2,2,AMD Radeon RX 9070 XT,64,0,0,0
lm_head      tp2,2816,131072,32,float16,1024,128x32,15966.801,2,2,AMD Radeon RX 9070 XT,64,0,0,0
lm_head      tp2,2816,131072,32,float16,1024,64x128x2,16385.448,2,2,AMD Radeon RX 9070 XT,64,0,0,0
lm_head      tp2,2816,131072,32,float16,1024,128x256,16993.038,2,2,AMD Radeon RX 9070 XT,64,0,0,0
lm_head      tp2,2816,131072,32,float16,1024,112x128,17119.848,2,2,AMD Radeon RX 9070 XT,64,0,0,0
lm_head      tp2,2816,131072,32,float16,1024,96x128,20365.002,2,2,AMD Radeon RX 9070 XT,64,0,0,0
lm_head      tp2,2816,131072,32,float16,1024,80x128,20465.315,2,2,AMD Radeon RX 9070 XT,64,0,0,0
lm_head      tp2,2816,131072,32,float16,1024,64x32,21072.292,2,2,AMD Radeon RX 9070 XT,64,0,0,0
lm_head      tp2,2816,131072,32,float16,1024,32x64x4,21519.468,2,2,AMD Radeon RX 9070 XT,64,0,0,0
lm_head      tp2,2816,131072,32,float16,1024,64x64,23025.688,2,2,AMD Radeon RX 9070 XT,64,0,0,0
lm_head      tp2,2816,131072,32,float16,1024,32x128x4,28133.245,2,2,AMD Radeon RX 9070 XT,64,0,0,0
lm_head      tp2,2816,131072,32,float16,1024,64x128,29587.585,2,2,AMD Radeon RX 9070 XT,64,0,0,0
lm_head      tp2,2816,131072,32,float16,1024,32x64x2,29687.935,2,2,AMD Radeon RX 9070 XT,64,0,0,0
lm_head      tp2,2816,131072,32,float16,1024,prefill_wmma:smallm_off,35906.139,2,2,AMD Radeon RX 9070 XT,64,0,0,0
lm_head      tp2,2816,131072,32,float16,1024,prefill_wmma,36082.382,2,2,AMD Radeon RX 9070 XT,64,0,0,0
lm_head      tp2,2816,131072,32,float16,1024,32x32,43379.913,2,2,AMD Radeon RX 9070 XT,64,0,0,0
lm_head      tp2,2816,131072,32,float16,1024,32x64,56746.281,2,2,AMD Radeon RX 9070 XT,64,0,0,0
lm_head      tp2,2816,131072,32,float16,1024,32x128,161712.143,2,2,AMD Radeon RX 9070 XT,64,0,0,0
lm_head      tp2,2816,131072,32,float16,1024,16x64,210234.985,2,2,AMD Radeon RX 9070 XT,64,0,0,0
lm_head      tp2,2816,131072,32,float16,1024,16x128,371227.753,2,2,AMD Radeon RX 9070 XT,64,0,0,0
lm_head      tp2,2816,131072,32,float16,2048,auto,18484.776,2,2,AMD Radeon RX 9070 XT,64,0,0,0
lm_head      tp2,2816,131072,32,float16,2048,256x128,18530.567,2,2,AMD Radeon RX 9070 XT,64,0,0,0
lm_head      tp2,2816,131072,32,float16,2048,128x128x4,20157.700,2,2,AMD Radeon RX 9070 XT,64,0,0,0
lm_head      tp2,2816,131072,32,float16,2048,256x128x2,20607.977,2,2,AMD Radeon RX 9070 XT,64,0,0,0
lm_head      tp2,2816,131072,32,float16,2048,128x64x2,21895.304,2,2,AMD Radeon RX 9070 XT,64,0,0,0
lm_head      tp2,2816,131072,32,float16,2048,192x128,24437.328,2,2,AMD Radeon RX 9070 XT,64,0,0,0
lm_head      tp2,2816,131072,32,float16,2048,256x64,24566.229,2,2,AMD Radeon RX 9070 XT,64,0,0,0
lm_head      tp2,2816,131072,32,float16,2048,128x128x2,25122.808,2,2,AMD Radeon RX 9070 XT,64,0,0,0
lm_head      tp2,2816,131072,32,float16,2048,96x128x2,25267.340,2,2,AMD Radeon RX 9070 XT,64,0,0,0
lm_head      tp2,2816,131072,32,float16,2048,128x128,27286.257,2,2,AMD Radeon RX 9070 XT,64,0,0,0
lm_head      tp2,2816,131072,32,float16,2048,192x128x2,27782.164,2,2,AMD Radeon RX 9070 XT,64,0,0,0
lm_head      tp2,2816,131072,32,float16,2048,128x64,27854.223,2,2,AMD Radeon RX 9070 XT,64,0,0,0
lm_head      tp2,2816,131072,32,float16,2048,64x128x4,28178.648,2,2,AMD Radeon RX 9070 XT,64,0,0,0
lm_head      tp2,2816,131072,32,float16,2048,64x64x2,30833.254,2,2,AMD Radeon RX 9070 XT,64,0,0,0
lm_head      tp2,2816,131072,32,float16,2048,112x128,32128.201,2,2,AMD Radeon RX 9070 XT,64,0,0,0
lm_head      tp2,2816,131072,32,float16,2048,prefill_wmma_ashuffle,32187.790,2,2,AMD Radeon RX 9070 XT,64,0,0,0
lm_head      tp2,2816,131072,32,float16,2048,128x256,33782.085,2,2,AMD Radeon RX 9070 XT,64,0,0,0
lm_head      tp2,2816,131072,32,float16,2048,64x128x2,33962.345,2,2,AMD Radeon RX 9070 XT,64,0,0,0
lm_head      tp2,2816,131072,32,float16,2048,256x32,35296.486,2,2,AMD Radeon RX 9070 XT,64,0,0,0
lm_head      tp2,2816,131072,32,float16,2048,96x128,39052.998,2,2,AMD Radeon RX 9070 XT,64,0,0,0
lm_head      tp2,2816,131072,32,float16,2048,128x32,40016.190,2,2,AMD Radeon RX 9070 XT,64,0,0,0
lm_head      tp2,2816,131072,32,float16,2048,80x128,40561.478,2,2,AMD Radeon RX 9070 XT,64,0,0,0
lm_head      tp2,2816,131072,32,float16,2048,32x64x4,42146.515,2,2,AMD Radeon RX 9070 XT,64,0,0,0
lm_head      tp2,2816,131072,32,float16,2048,64x32,46885.906,2,2,AMD Radeon RX 9070 XT,64,0,0,0
lm_head      tp2,2816,131072,32,float16,2048,64x64,48135.376,2,2,AMD Radeon RX 9070 XT,64,0,0,0
lm_head      tp2,2816,131072,32,float16,2048,64x128,59573.479,2,2,AMD Radeon RX 9070 XT,64,0,0,0
lm_head      tp2,2816,131072,32,float16,2048,32x128x4,59704.182,2,2,AMD Radeon RX 9070 XT,64,0,0,0
lm_head      tp2,2816,131072,32,float16,2048,32x64x2,62628.052,2,2,AMD Radeon RX 9070 XT,64,0,0,0
lm_head      tp2,2816,131072,32,float16,2048,prefill_wmma:smallm_off,71430.626,2,2,AMD Radeon RX 9070 XT,64,0,0,0
lm_head      tp2,2816,131072,32,float16,2048,prefill_wmma,71451.439,2,2,AMD Radeon RX 9070 XT,64,0,0,0
lm_head      tp2,2816,131072,32,float16,2048,32x32,89473.526,2,2,AMD Radeon RX 9070 XT,64,0,0,0
lm_head      tp2,2816,131072,32,float16,2048,32x64,115821.426,2,2,AMD Radeon RX 9070 XT,64,0,0,0
lm_head      tp2,2816,131072,32,float16,2048,32x128,312870.209,2,2,AMD Radeon RX 9070 XT,64,0,0,0
lm_head      tp2,2816,131072,32,float16,2048,16x64,405183.716,2,2,AMD Radeon RX 9070 XT,64,0,0,0
lm_head      tp2,2816,131072,32,float16,2048,16x128,613615.417,2,2,AMD Radeon RX 9070 XT,64,0,0,0
muse.qkv     g16,6656,2304,16,bfloat16,1,auto,110.074,9,19,AMD Radeon RX 9070 XT,64,0,0,0
muse.qkv     g16,6656,2304,16,bfloat16,1,128x32,126.340,8,19,AMD Radeon RX 9070 XT,64,0,0,0
muse.qkv     g16,6656,2304,16,bfloat16,1,128x128x4,129.899,8,19,AMD Radeon RX 9070 XT,64,0,0,0
muse.qkv     g16,6656,2304,16,bfloat16,1,128x64x2,134.600,7,19,AMD Radeon RX 9070 XT,64,0,0,0
muse.qkv     g16,6656,2304,16,bfloat16,1,32x64x4,144.360,7,19,AMD Radeon RX 9070 XT,64,0,0,0
muse.qkv     g16,6656,2304,16,bfloat16,1,256x32,151.111,6,19,AMD Radeon RX 9070 XT,64,0,0,0
muse.qkv     g16,6656,2304,16,bfloat16,1,64x64x2,156.245,6,19,AMD Radeon RX 9070 XT,64,0,0,0
muse.qkv     g16,6656,2304,16,bfloat16,1,64x128x4,157.899,6,19,AMD Radeon RX 9070 XT,64,0,0,0
muse.qkv     g16,6656,2304,16,bfloat16,1,64x32,164.358,6,19,AMD Radeon RX 9070 XT,64,0,0,0
muse.qkv     g16,6656,2304,16,bfloat16,1,256x128x2,180.415,5,19,AMD Radeon RX 9070 XT,64,0,0,0
muse.qkv     g16,6656,2304,16,bfloat16,1,128x128x2,186.978,5,19,AMD Radeon RX 9070 XT,64,0,0,0
muse.qkv     g16,6656,2304,16,bfloat16,1,256x64,187.397,5,19,AMD Radeon RX 9070 XT,64,0,0,0
muse.qkv     g16,6656,2304,16,bfloat16,1,192x128x2,189.915,5,19,AMD Radeon RX 9070 XT,64,0,0,0
muse.qkv     g16,6656,2304,16,bfloat16,1,128x64,192.284,5,19,AMD Radeon RX 9070 XT,64,0,0,0
muse.qkv     g16,6656,2304,16,bfloat16,1,96x128x2,233.352,4,19,AMD Radeon RX 9070 XT,64,0,0,0
muse.qkv     g16,6656,2304,16,bfloat16,1,256x128,235.711,4,19,AMD Radeon RX 9070 XT,64,0,0,0
muse.qkv     g16,6656,2304,16,bfloat16,1,32x64x2,263.703,3,19,AMD Radeon RX 9070 XT,64,0,0,0
muse.qkv     g16,6656,2304,16,bfloat16,1,32x128x4,263.747,3,19,AMD Radeon RX 9070 XT,64,0,0,0
muse.qkv     g16,6656,2304,16,bfloat16,1,192x128,272.823,3,19,AMD Radeon RX 9070 XT,64,0,0,0
muse.qkv     g16,6656,2304,16,bfloat16,1,64x128x2,275.580,3,19,AMD Radeon RX 9070 XT,64,0,0,0
muse.qkv     g16,6656,2304,16,bfloat16,1,64x64,277.345,3,19,AMD Radeon RX 9070 XT,64,0,0,0
muse.qkv     g16,6656,2304,16,bfloat16,1,32x32,279.184,3,19,AMD Radeon RX 9070 XT,64,0,0,0
muse.qkv     g16,6656,2304,16,bfloat16,1,128x128,306.361,3,19,AMD Radeon RX 9070 XT,64,0,0,0
muse.qkv     g16,6656,2304,16,bfloat16,1,112x128,339.226,3,19,AMD Radeon RX 9070 XT,64,0,0,0
muse.qkv     g16,6656,2304,16,bfloat16,1,96x128,380.090,2,19,AMD Radeon RX 9070 XT,64,0,0,0
muse.qkv     g16,6656,2304,16,bfloat16,1,80x128,411.752,2,19,AMD Radeon RX 9070 XT,64,0,0,0
muse.qkv     g16,6656,2304,16,bfloat16,1,prefill_wmma,452.070,2,19,AMD Radeon RX 9070 XT,64,0,0,0
muse.qkv     g16,6656,2304,16,bfloat16,1,32x64,508.802,2,19,AMD Radeon RX 9070 XT,64,0,0,0
muse.qkv     g16,6656,2304,16,bfloat16,1,64x128,510.434,2,19,AMD Radeon RX 9070 XT,64,0,0,0
muse.qkv     g16,6656,2304,16,bfloat16,1,128x256,566.714,2,19,AMD Radeon RX 9070 XT,64,0,0,0
muse.qkv     g16,6656,2304,16,bfloat16,1,prefill_wmma:smallm_off,584.584,2,19,AMD Radeon RX 9070 XT,64,0,0,0
muse.qkv     g16,6656,2304,16,bfloat16,1,16x64,916.518,2,19,AMD Radeon RX 9070 XT,64,0,0,0
muse.qkv     g16,6656,2304,16,bfloat16,1,32x128,953.635,2,19,AMD Radeon RX 9070 XT,64,0,0,0
muse.qkv     g16,6656,2304,16,bfloat16,1,16x128,3832.369,2,19,AMD Radeon RX 9070 XT,64,0,0,0
muse.qkv     g16,6656,2304,16,bfloat16,8,auto,108.743,9,19,AMD Radeon RX 9070 XT,64,0,0,0
muse.qkv     g16,6656,2304,16,bfloat16,8,128x32,127.391,8,19,AMD Radeon RX 9070 XT,64,0,0,0
muse.qkv     g16,6656,2304,16,bfloat16,8,128x128x4,129.118,8,19,AMD Radeon RX 9070 XT,64,0,0,0
muse.qkv     g16,6656,2304,16,bfloat16,8,128x64x2,133.301,7,19,AMD Radeon RX 9070 XT,64,0,0,0
muse.qkv     g16,6656,2304,16,bfloat16,8,32x64x4,143.999,7,19,AMD Radeon RX 9070 XT,64,0,0,0
muse.qkv     g16,6656,2304,16,bfloat16,8,256x32,151.633,6,19,AMD Radeon RX 9070 XT,64,0,0,0
muse.qkv     g16,6656,2304,16,bfloat16,8,64x128x4,156.066,6,19,AMD Radeon RX 9070 XT,64,0,0,0
muse.qkv     g16,6656,2304,16,bfloat16,8,64x64x2,156.203,6,19,AMD Radeon RX 9070 XT,64,0,0,0
muse.qkv     g16,6656,2304,16,bfloat16,8,64x32,165.825,6,19,AMD Radeon RX 9070 XT,64,0,0,0
muse.qkv     g16,6656,2304,16,bfloat16,8,256x128x2,180.287,5,19,AMD Radeon RX 9070 XT,64,0,0,0
muse.qkv     g16,6656,2304,16,bfloat16,8,128x128x2,186.189,5,19,AMD Radeon RX 9070 XT,64,0,0,0
muse.qkv     g16,6656,2304,16,bfloat16,8,256x64,187.516,5,19,AMD Radeon RX 9070 XT,64,0,0,0
muse.qkv     g16,6656,2304,16,bfloat16,8,192x128x2,192.872,5,19,AMD Radeon RX 9070 XT,64,0,0,0
muse.qkv     g16,6656,2304,16,bfloat16,8,128x64,193.522,5,19,AMD Radeon RX 9070 XT,64,0,0,0
muse.qkv     g16,6656,2304,16,bfloat16,8,96x128x2,233.671,4,19,AMD Radeon RX 9070 XT,64,0,0,0
muse.qkv     g16,6656,2304,16,bfloat16,8,256x128,236.655,4,19,AMD Radeon RX 9070 XT,64,0,0,0
muse.qkv     g16,6656,2304,16,bfloat16,8,32x128x4,261.277,4,19,AMD Radeon RX 9070 XT,64,0,0,0
muse.qkv     g16,6656,2304,16,bfloat16,8,32x64x2,263.202,3,19,AMD Radeon RX 9070 XT,64,0,0,0
muse.qkv     g16,6656,2304,16,bfloat16,8,192x128,273.763,3,19,AMD Radeon RX 9070 XT,64,0,0,0
muse.qkv     g16,6656,2304,16,bfloat16,8,64x64,278.124,3,19,AMD Radeon RX 9070 XT,64,0,0,0
muse.qkv     g16,6656,2304,16,bfloat16,8,64x128x2,280.589,3,19,AMD Radeon RX 9070 XT,64,0,0,0
muse.qkv     g16,6656,2304,16,bfloat16,8,32x32,282.179,3,19,AMD Radeon RX 9070 XT,64,0,0,0
muse.qkv     g16,6656,2304,16,bfloat16,8,128x128,307.608,3,19,AMD Radeon RX 9070 XT,64,0,0,0
muse.qkv     g16,6656,2304,16,bfloat16,8,112x128,338.393,3,19,AMD Radeon RX 9070 XT,64,0,0,0
muse.qkv     g16,6656,2304,16,bfloat16,8,96x128,378.639,2,19,AMD Radeon RX 9070 XT,64,0,0,0
muse.qkv     g16,6656,2304,16,bfloat16,8,80x128,408.382,2,19,AMD Radeon RX 9070 XT,64,0,0,0
muse.qkv     g16,6656,2304,16,bfloat16,8,prefill_wmma,441.931,2,19,AMD Radeon RX 9070 XT,64,0,0,0
muse.qkv     g16,6656,2304,16,bfloat16,8,32x64,505.576,2,19,AMD Radeon RX 9070 XT,64,0,0,0
muse.qkv     g16,6656,2304,16,bfloat16,8,64x128,506.289,2,19,AMD Radeon RX 9070 XT,64,0,0,0
muse.qkv     g16,6656,2304,16,bfloat16,8,prefill_wmma:smallm_off,564.142,2,19,AMD Radeon RX 9070 XT,64,0,0,0
muse.qkv     g16,6656,2304,16,bfloat16,8,128x256,566.366,2,19,AMD Radeon RX 9070 XT,64,0,0,0
muse.qkv     g16,6656,2304,16,bfloat16,8,32x128,1146.532,2,19,AMD Radeon RX 9070 XT,64,0,0,0
muse.qkv     g16,6656,2304,16,bfloat16,8,16x64,1563.760,2,19,AMD Radeon RX 9070 XT,64,0,0,0
muse.qkv     g16,6656,2304,16,bfloat16,8,16x128,4021.776,2,19,AMD Radeon RX 9070 XT,64,0,0,0
muse.qkv     g16,6656,2304,16,bfloat16,17,auto,117.574,8,19,AMD Radeon RX 9070 XT,64,0,0,0
muse.qkv     g16,6656,2304,16,bfloat16,17,128x128x4,130.011,8,19,AMD Radeon RX 9070 XT,64,0,0,0
muse.qkv     g16,6656,2304,16,bfloat16,17,128x32,132.476,7,19,AMD Radeon RX 9070 XT,64,0,0,0
muse.qkv     g16,6656,2304,16,bfloat16,17,128x64x2,135.644,7,19,AMD Radeon RX 9070 XT,64,0,0,0
muse.qkv     g16,6656,2304,16,bfloat16,17,32x64x4,147.810,7,19,AMD Radeon RX 9070 XT,64,0,0,0
muse.qkv     g16,6656,2304,16,bfloat16,17,256x32,153.650,6,19,AMD Radeon RX 9070 XT,64,0,0,0
muse.qkv     g16,6656,2304,16,bfloat16,17,64x128x4,159.232,6,19,AMD Radeon RX 9070 XT,64,0,0,0
muse.qkv     g16,6656,2304,16,bfloat16,17,64x64x2,159.525,6,19,AMD Radeon RX 9070 XT,64,0,0,0
muse.qkv     g16,6656,2304,16,bfloat16,17,256x128x2,180.731,5,19,AMD Radeon RX 9070 XT,64,0,0,0
muse.qkv     g16,6656,2304,16,bfloat16,17,64x32,181.253,5,19,AMD Radeon RX 9070 XT,64,0,0,0
muse.qkv     g16,6656,2304,16,bfloat16,17,128x128x2,188.889,5,19,AMD Radeon RX 9070 XT,64,0,0,0
muse.qkv     g16,6656,2304,16,bfloat16,17,256x64,189.980,5,19,AMD Radeon RX 9070 XT,64,0,0,0
muse.qkv     g16,6656,2304,16,bfloat16,17,192x128x2,192.862,5,19,AMD Radeon RX 9070 XT,64,0,0,0
muse.qkv     g16,6656,2304,16,bfloat16,17,128x64,197.213,5,19,AMD Radeon RX 9070 XT,64,0,0,0
muse.qkv     g16,6656,2304,16,bfloat16,17,96x128x2,237.470,4,19,AMD Radeon RX 9070 XT,64,0,0,0
muse.qkv     g16,6656,2304,16,bfloat16,17,256x128,239.534,4,19,AMD Radeon RX 9070 XT,64,0,0,0
muse.qkv     g16,6656,2304,16,bfloat16,17,32x128x4,264.940,3,19,AMD Radeon RX 9070 XT,64,0,0,0
muse.qkv     g16,6656,2304,16,bfloat16,17,32x64x2,271.995,3,19,AMD Radeon RX 9070 XT,64,0,0,0
muse.qkv     g16,6656,2304,16,bfloat16,17,192x128,277.616,3,19,AMD Radeon RX 9070 XT,64,0,0,0
muse.qkv     g16,6656,2304,16,bfloat16,17,64x128x2,285.907,3,19,AMD Radeon RX 9070 XT,64,0,0,0
muse.qkv     g16,6656,2304,16,bfloat16,17,64x64,287.278,3,19,AMD Radeon RX 9070 XT,64,0,0,0
muse.qkv     g16,6656,2304,16,bfloat16,17,32x32,306.522,3,19,AMD Radeon RX 9070 XT,64,0,0,0
muse.qkv     g16,6656,2304,16,bfloat16,17,128x128,311.519,3,19,AMD Radeon RX 9070 XT,64,0,0,0
muse.qkv     g16,6656,2304,16,bfloat16,17,112x128,342.199,3,19,AMD Radeon RX 9070 XT,64,0,0,0
muse.qkv     g16,6656,2304,16,bfloat16,17,96x128,388.149,2,19,AMD Radeon RX 9070 XT,64,0,0,0
muse.qkv     g16,6656,2304,16,bfloat16,17,80x128,415.449,2,19,AMD Radeon RX 9070 XT,64,0,0,0
muse.qkv     g16,6656,2304,16,bfloat16,17,prefill_wmma,475.951,2,19,AMD Radeon RX 9070 XT,64,0,0,0
muse.qkv     g16,6656,2304,16,bfloat16,17,64x128,514.461,2,19,AMD Radeon RX 9070 XT,64,0,0,0
muse.qkv     g16,6656,2304,16,bfloat16,17,32x64,524.532,2,19,AMD Radeon RX 9070 XT,64,0,0,0
muse.qkv     g16,6656,2304,16,bfloat16,17,128x256,572.349,2,19,AMD Radeon RX 9070 XT,64,0,0,0
muse.qkv     g16,6656,2304,16,bfloat16,17,prefill_wmma:smallm_off,581.627,2,19,AMD Radeon RX 9070 XT,64,0,0,0
muse.qkv     g16,6656,2304,16,bfloat16,17,16x64,875.701,2,19,AMD Radeon RX 9070 XT,64,0,0,0
muse.qkv     g16,6656,2304,16,bfloat16,17,32x128,1489.103,2,19,AMD Radeon RX 9070 XT,64,0,0,0
muse.qkv     g16,6656,2304,16,bfloat16,17,16x128,3555.956,2,19,AMD Radeon RX 9070 XT,64,0,0,0
muse.qkv     g16,6656,2304,16,bfloat16,24,auto,121.272,8,19,AMD Radeon RX 9070 XT,64,0,0,0
muse.qkv     g16,6656,2304,16,bfloat16,24,128x128x4,130.568,7,19,AMD Radeon RX 9070 XT,64,0,0,0
muse.qkv     g16,6656,2304,16,bfloat16,24,128x32,135.454,7,19,AMD Radeon RX 9070 XT,64,0,0,0
muse.qkv     g16,6656,2304,16,bfloat16,24,128x64x2,137.070,7,19,AMD Radeon RX 9070 XT,64,0,0,0
muse.qkv     g16,6656,2304,16,bfloat16,24,32x64x4,151.828,6,19,AMD Radeon RX 9070 XT,64,0,0,0
muse.qkv     g16,6656,2304,16,bfloat16,24,256x32,153.955,6,19,AMD Radeon RX 9070 XT,64,0,0,0
muse.qkv     g16,6656,2304,16,bfloat16,24,64x128x4,160.274,6,19,AMD Radeon RX 9070 XT,64,0,0,0
muse.qkv     g16,6656,2304,16,bfloat16,24,64x64x2,161.352,6,19,AMD Radeon RX 9070 XT,64,0,0,0
muse.qkv     g16,6656,2304,16,bfloat16,24,256x128x2,181.164,5,19,AMD Radeon RX 9070 XT,64,0,0,0
muse.qkv     g16,6656,2304,16,bfloat16,24,64x32,188.561,5,19,AMD Radeon RX 9070 XT,64,0,0,0
muse.qkv     g16,6656,2304,16,bfloat16,24,256x64,190.704,5,19,AMD Radeon RX 9070 XT,64,0,0,0
muse.qkv     g16,6656,2304,16,bfloat16,24,128x128x2,190.806,5,19,AMD Radeon RX 9070 XT,64,0,0,0
muse.qkv     g16,6656,2304,16,bfloat16,24,192x128x2,193.023,5,19,AMD Radeon RX 9070 XT,64,0,0,0
muse.qkv     g16,6656,2304,16,bfloat16,24,128x64,200.542,5,19,AMD Radeon RX 9070 XT,64,0,0,0
muse.qkv     g16,6656,2304,16,bfloat16,24,96x128x2,237.626,4,19,AMD Radeon RX 9070 XT,64,0,0,0
muse.qkv     g16,6656,2304,16,bfloat16,24,256x128,241.314,4,19,AMD Radeon RX 9070 XT,64,0,0,0
muse.qkv     g16,6656,2304,16,bfloat16,24,32x128x4,268.519,3,19,AMD Radeon RX 9070 XT,64,0,0,0
muse.qkv     g16,6656,2304,16,bfloat16,24,192x128,277.823,3,19,AMD Radeon RX 9070 XT,64,0,0,0
muse.qkv     g16,6656,2304,16,bfloat16,24,32x64x2,281.772,3,19,AMD Radeon RX 9070 XT,64,0,0,0
muse.qkv     g16,6656,2304,16,bfloat16,24,64x128x2,289.508,3,19,AMD Radeon RX 9070 XT,64,0,0,0
muse.qkv     g16,6656,2304,16,bfloat16,24,64x64,296.076,3,19,AMD Radeon RX 9070 XT,64,0,0,0
muse.qkv     g16,6656,2304,16,bfloat16,24,128x128,315.425,3,19,AMD Radeon RX 9070 XT,64,0,0,0
muse.qkv     g16,6656,2304,16,bfloat16,24,32x32,323.374,3,19,AMD Radeon RX 9070 XT,64,0,0,0
muse.qkv     g16,6656,2304,16,bfloat16,24,112x128,346.013,3,19,AMD Radeon RX 9070 XT,64,0,0,0
muse.qkv     g16,6656,2304,16,bfloat16,24,96x128,391.748,2,19,AMD Radeon RX 9070 XT,64,0,0,0
muse.qkv     g16,6656,2304,16,bfloat16,24,80x128,421.549,2,19,AMD Radeon RX 9070 XT,64,0,0,0
muse.qkv     g16,6656,2304,16,bfloat16,24,prefill_wmma,475.666,2,19,AMD Radeon RX 9070 XT,64,0,0,0
muse.qkv     g16,6656,2304,16,bfloat16,24,64x128,521.559,2,19,AMD Radeon RX 9070 XT,64,0,0,0
muse.qkv     g16,6656,2304,16,bfloat16,24,32x64,544.412,2,19,AMD Radeon RX 9070 XT,64,0,0,0
muse.qkv     g16,6656,2304,16,bfloat16,24,128x256,578.950,2,19,AMD Radeon RX 9070 XT,64,0,0,0
muse.qkv     g16,6656,2304,16,bfloat16,24,prefill_wmma:smallm_off,581.200,2,19,AMD Radeon RX 9070 XT,64,0,0,0
muse.qkv     g16,6656,2304,16,bfloat16,24,32x128,1558.773,2,19,AMD Radeon RX 9070 XT,64,0,0,0
muse.qkv     g16,6656,2304,16,bfloat16,24,16x64,1814.355,2,19,AMD Radeon RX 9070 XT,64,0,0,0
muse.qkv     g16,6656,2304,16,bfloat16,24,16x128,3703.445,2,19,AMD Radeon RX 9070 XT,64,0,0,0
muse.qkv     g16,6656,2304,16,bfloat16,32,auto,126.194,8,19,AMD Radeon RX 9070 XT,64,0,0,0
muse.qkv     g16,6656,2304,16,bfloat16,32,128x128x4,132.900,7,19,AMD Radeon RX 9070 XT,64,0,0,0
muse.qkv     g16,6656,2304,16,bfloat16,32,128x32,134.359,7,19,AMD Radeon RX 9070 XT,64,0,0,0
muse.qkv     g16,6656,2304,16,bfloat16,32,128x64x2,140.212,7,19,AMD Radeon RX 9070 XT,64,0,0,0
muse.qkv     g16,6656,2304,16,bfloat16,32,256x32,155.173,6,19,AMD Radeon RX 9070 XT,64,0,0,0
muse.qkv     g16,6656,2304,16,bfloat16,32,32x64x4,156.522,6,19,AMD Radeon RX 9070 XT,64,0,0,0
muse.qkv     g16,6656,2304,16,bfloat16,32,64x128x4,163.571,6,19,AMD Radeon RX 9070 XT,64,0,0,0
muse.qkv     g16,6656,2304,16,bfloat16,32,64x64x2,166.402,6,19,AMD Radeon RX 9070 XT,64,0,0,0
muse.qkv     g16,6656,2304,16,bfloat16,32,256x128x2,183.642,5,19,AMD Radeon RX 9070 XT,64,0,0,0
muse.qkv     g16,6656,2304,16,bfloat16,32,256x64,193.217,5,19,AMD Radeon RX 9070 XT,64,0,0,0
muse.qkv     g16,6656,2304,16,bfloat16,32,128x128x2,193.541,5,19,AMD Radeon RX 9070 XT,64,0,0,0
muse.qkv     g16,6656,2304,16,bfloat16,32,192x128x2,197.956,4,19,AMD Radeon RX 9070 XT,64,0,0,0
muse.qkv     g16,6656,2304,16,bfloat16,32,64x32,199.696,5,19,AMD Radeon RX 9070 XT,64,0,0,0
muse.qkv     g16,6656,2304,16,bfloat16,32,128x64,203.860,5,19,AMD Radeon RX 9070 XT,64,0,0,0
muse.qkv     g16,6656,2304,16,bfloat16,32,96x128x2,241.250,4,19,AMD Radeon RX 9070 XT,64,0,0,0
muse.qkv     g16,6656,2304,16,bfloat16,32,256x128,244.313,4,19,AMD Radeon RX 9070 XT,64,0,0,0
muse.qkv     g16,6656,2304,16,bfloat16,32,32x128x4,273.013,3,19,AMD Radeon RX 9070 XT,64,0,0,0
muse.qkv     g16,6656,2304,16,bfloat16,32,192x128,281.630,3,19,AMD Radeon RX 9070 XT,64,0,0,0
muse.qkv     g16,6656,2304,16,bfloat16,32,32x64x2,292.224,3,19,AMD Radeon RX 9070 XT,64,0,0,0
muse.qkv     g16,6656,2304,16,bfloat16,32,64x128x2,295.339,3,19,AMD Radeon RX 9070 XT,64,0,0,0
muse.qkv     g16,6656,2304,16,bfloat16,32,64x64,306.398,3,19,AMD Radeon RX 9070 XT,64,0,0,0
muse.qkv     g16,6656,2304,16,bfloat16,32,128x128,320.501,3,19,AMD Radeon RX 9070 XT,64,0,0,0
muse.qkv     g16,6656,2304,16,bfloat16,32,32x32,343.965,3,19,AMD Radeon RX 9070 XT,64,0,0,0
muse.qkv     g16,6656,2304,16,bfloat16,32,112x128,351.879,2,19,AMD Radeon RX 9070 XT,64,0,0,0
muse.qkv     g16,6656,2304,16,bfloat16,32,96x128,396.785,2,19,AMD Radeon RX 9070 XT,64,0,0,0
muse.qkv     g16,6656,2304,16,bfloat16,32,80x128,428.409,2,19,AMD Radeon RX 9070 XT,64,0,0,0
muse.qkv     g16,6656,2304,16,bfloat16,32,prefill_wmma,494.598,2,19,AMD Radeon RX 9070 XT,64,0,0,0
muse.qkv     g16,6656,2304,16,bfloat16,32,64x128,531.358,2,19,AMD Radeon RX 9070 XT,64,0,0,0
muse.qkv     g16,6656,2304,16,bfloat16,32,32x64,570.827,2,19,AMD Radeon RX 9070 XT,64,0,0,0
muse.qkv     g16,6656,2304,16,bfloat16,32,prefill_wmma:smallm_off,582.948,2,19,AMD Radeon RX 9070 XT,64,0,0,0
muse.qkv     g16,6656,2304,16,bfloat16,32,128x256,582.988,2,19,AMD Radeon RX 9070 XT,64,0,0,0
muse.qkv     g16,6656,2304,16,bfloat16,32,32x128,1568.436,2,19,AMD Radeon RX 9070 XT,64,0,0,0
muse.qkv     g16,6656,2304,16,bfloat16,32,16x64,1857.236,2,19,AMD Radeon RX 9070 XT,64,0,0,0
muse.qkv     g16,6656,2304,16,bfloat16,32,16x128,3884.089,2,19,AMD Radeon RX 9070 XT,64,0,0,0
muse.qkv     g16,6656,2304,16,bfloat16,48,auto,131.773,7,19,AMD Radeon RX 9070 XT,64,0,0,0
muse.qkv     g16,6656,2304,16,bfloat16,48,128x128x4,133.688,7,19,AMD Radeon RX 9070 XT,64,0,0,0
muse.qkv     g16,6656,2304,16,bfloat16,48,128x64x2,143.548,7,19,AMD Radeon RX 9070 XT,64,0,0,0
muse.qkv     g16,6656,2304,16,bfloat16,48,128x32,143.693,7,19,AMD Radeon RX 9070 XT,64,0,0,0
muse.qkv     g16,6656,2304,16,bfloat16,48,32x64x4,153.908,6,19,AMD Radeon RX 9070 XT,64,0,0,0
muse.qkv     g16,6656,2304,16,bfloat16,48,256x32,157.927,6,19,AMD Radeon RX 9070 XT,64,0,0,0
muse.qkv     g16,6656,2304,16,bfloat16,48,64x128x4,168.908,6,19,AMD Radeon RX 9070 XT,64,0,0,0
muse.qkv     g16,6656,2304,16,bfloat16,48,64x64x2,177.067,5,19,AMD Radeon RX 9070 XT,64,0,0,0
muse.qkv     g16,6656,2304,16,bfloat16,48,256x128x2,184.770,5,19,AMD Radeon RX 9070 XT,64,0,0,0
muse.qkv     g16,6656,2304,16,bfloat16,48,256x64,196.697,5,19,AMD Radeon RX 9070 XT,64,0,0,0
muse.qkv     g16,6656,2304,16,bfloat16,48,192x128x2,197.754,4,19,AMD Radeon RX 9070 XT,64,0,0,0
muse.qkv     g16,6656,2304,16,bfloat16,48,128x128x2,198.886,5,19,AMD Radeon RX 9070 XT,64,0,0,0
muse.qkv     g16,6656,2304,16,bfloat16,48,128x64,203.098,5,19,AMD Radeon RX 9070 XT,64,0,0,0
muse.qkv     g16,6656,2304,16,bfloat16,48,64x32,224.524,4,19,AMD Radeon RX 9070 XT,64,0,0,0
muse.qkv     g16,6656,2304,16,bfloat16,48,96x128x2,246.465,4,19,AMD Radeon RX 9070 XT,64,0,0,0
muse.qkv     g16,6656,2304,16,bfloat16,48,256x128,250.042,4,19,AMD Radeon RX 9070 XT,64,0,0,0
muse.qkv     g16,6656,2304,16,bfloat16,48,32x128x4,271.866,3,19,AMD Radeon RX 9070 XT,64,0,0,0
muse.qkv     g16,6656,2304,16,bfloat16,48,32x64x2,276.334,3,19,AMD Radeon RX 9070 XT,64,0,0,0
muse.qkv     g16,6656,2304,16,bfloat16,48,192x128,287.020,3,19,AMD Radeon RX 9070 XT,64,0,0,0
muse.qkv     g16,6656,2304,16,bfloat16,48,64x128x2,302.135,3,19,AMD Radeon RX 9070 XT,64,0,0,0
muse.qkv     g16,6656,2304,16,bfloat16,48,32x32,309.316,3,19,AMD Radeon RX 9070 XT,64,0,0,0
muse.qkv     g16,6656,2304,16,bfloat16,48,128x128,330.562,3,19,AMD Radeon RX 9070 XT,64,0,0,0
muse.qkv     g16,6656,2304,16,bfloat16,48,64x64,332.613,3,19,AMD Radeon RX 9070 XT,64,0,0,0
muse.qkv     g16,6656,2304,16,bfloat16,48,112x128,361.927,2,19,AMD Radeon RX 9070 XT,64,0,0,0
muse.qkv     g16,6656,2304,16,bfloat16,48,96x128,413.370,2,19,AMD Radeon RX 9070 XT,64,0,0,0
muse.qkv     g16,6656,2304,16,bfloat16,48,80x128,444.003,2,19,AMD Radeon RX 9070 XT,64,0,0,0
muse.qkv     g16,6656,2304,16,bfloat16,48,32x64,526.028,2,19,AMD Radeon RX 9070 XT,64,0,0,0
muse.qkv     g16,6656,2304,16,bfloat16,48,prefill_wmma,530.565,2,19,AMD Radeon RX 9070 XT,64,0,0,0
muse.qkv     g16,6656,2304,16,bfloat16,48,64x128,558.369,2,19,AMD Radeon RX 9070 XT,64,0,0,0
muse.qkv     g16,6656,2304,16,bfloat16,48,128x256,590.932,2,19,AMD Radeon RX 9070 XT,64,0,0,0
muse.qkv     g16,6656,2304,16,bfloat16,48,prefill_wmma:smallm_off,602.638,2,19,AMD Radeon RX 9070 XT,64,0,0,0
muse.qkv     g16,6656,2304,16,bfloat16,48,32x128,1797.216,2,19,AMD Radeon RX 9070 XT,64,0,0,0
muse.qkv     g16,6656,2304,16,bfloat16,48,16x64,1864.789,2,19,AMD Radeon RX 9070 XT,64,0,0,0
muse.qkv     g16,6656,2304,16,bfloat16,48,16x128,3911.314,2,19,AMD Radeon RX 9070 XT,64,0,0,0
muse.qkv     g16,6656,2304,16,bfloat16,63,128x128x4,137.099,7,19,AMD Radeon RX 9070 XT,64,0,0,0
muse.qkv     g16,6656,2304,16,bfloat16,63,auto,139.394,7,19,AMD Radeon RX 9070 XT,64,0,0,0
muse.qkv     g16,6656,2304,16,bfloat16,63,128x64x2,145.926,7,19,AMD Radeon RX 9070 XT,64,0,0,0
muse.qkv     g16,6656,2304,16,bfloat16,63,128x32,154.090,6,19,AMD Radeon RX 9070 XT,64,0,0,0
muse.qkv     g16,6656,2304,16,bfloat16,63,32x64x4,159.963,6,19,AMD Radeon RX 9070 XT,64,0,0,0
muse.qkv     g16,6656,2304,16,bfloat16,63,256x32,160.830,6,19,AMD Radeon RX 9070 XT,64,0,0,0
muse.qkv     g16,6656,2304,16,bfloat16,63,64x128x4,171.749,6,19,AMD Radeon RX 9070 XT,64,0,0,0
muse.qkv     g16,6656,2304,16,bfloat16,63,64x64x2,186.448,5,19,AMD Radeon RX 9070 XT,64,0,0,0
muse.qkv     g16,6656,2304,16,bfloat16,63,256x128x2,187.605,5,19,AMD Radeon RX 9070 XT,64,0,0,0
muse.qkv     g16,6656,2304,16,bfloat16,63,256x64,199.590,5,19,AMD Radeon RX 9070 XT,64,0,0,0
muse.qkv     g16,6656,2304,16,bfloat16,63,128x128x2,202.259,5,19,AMD Radeon RX 9070 XT,64,0,0,0
muse.qkv     g16,6656,2304,16,bfloat16,63,192x128x2,202.781,5,19,AMD Radeon RX 9070 XT,64,0,0,0
muse.qkv     g16,6656,2304,16,bfloat16,63,128x64,212.621,4,19,AMD Radeon RX 9070 XT,64,0,0,0
muse.qkv     g16,6656,2304,16,bfloat16,63,64x32,244.592,4,19,AMD Radeon RX 9070 XT,64,0,0,0
muse.qkv     g16,6656,2304,16,bfloat16,63,256x128,252.992,4,19,AMD Radeon RX 9070 XT,64,0,0,0
muse.qkv     g16,6656,2304,16,bfloat16,63,96x128x2,253.094,4,19,AMD Radeon RX 9070 XT,64,0,0,0
muse.qkv     g16,6656,2304,16,bfloat16,63,32x128x4,274.642,3,19,AMD Radeon RX 9070 XT,64,0,0,0
muse.qkv     g16,6656,2304,16,bfloat16,63,192x128,293.913,3,19,AMD Radeon RX 9070 XT,64,0,0,0
muse.qkv     g16,6656,2304,16,bfloat16,63,32x64x2,294.900,3,19,AMD Radeon RX 9070 XT,64,0,0,0
muse.qkv     g16,6656,2304,16,bfloat16,63,64x128x2,310.378,3,19,AMD Radeon RX 9070 XT,64,0,0,0
muse.qkv     g16,6656,2304,16,bfloat16,63,128x128,339.008,3,19,AMD Radeon RX 9070 XT,64,0,0,0
muse.qkv     g16,6656,2304,16,bfloat16,63,32x32,347.073,3,19,AMD Radeon RX 9070 XT,64,0,0,0
muse.qkv     g16,6656,2304,16,bfloat16,63,64x64,351.942,2,19,AMD Radeon RX 9070 XT,64,0,0,0
muse.qkv     g16,6656,2304,16,bfloat16,63,112x128,374.924,2,19,AMD Radeon RX 9070 XT,64,0,0,0
muse.qkv     g16,6656,2304,16,bfloat16,63,96x128,424.632,2,19,AMD Radeon RX 9070 XT,64,0,0,0
muse.qkv     g16,6656,2304,16,bfloat16,63,80x128,459.053,2,19,AMD Radeon RX 9070 XT,64,0,0,0
muse.qkv     g16,6656,2304,16,bfloat16,63,32x64,565.837,2,19,AMD Radeon RX 9070 XT,64,0,0,0
muse.qkv     g16,6656,2304,16,bfloat16,63,prefill_wmma,573.358,2,19,AMD Radeon RX 9070 XT,64,0,0,0
muse.qkv     g16,6656,2304,16,bfloat16,63,64x128,579.031,2,19,AMD Radeon RX 9070 XT,64,0,0,0
muse.qkv     g16,6656,2304,16,bfloat16,63,128x256,599.558,2,19,AMD Radeon RX 9070 XT,64,0,0,0
muse.qkv     g16,6656,2304,16,bfloat16,63,prefill_wmma:smallm_off,618.875,2,19,AMD Radeon RX 9070 XT,64,0,0,0
muse.qkv     g16,6656,2304,16,bfloat16,63,32x128,1765.155,2,19,AMD Radeon RX 9070 XT,64,0,0,0
muse.qkv     g16,6656,2304,16,bfloat16,63,16x64,1830.895,2,19,AMD Radeon RX 9070 XT,64,0,0,0
muse.qkv     g16,6656,2304,16,bfloat16,63,16x128,3472.788,2,19,AMD Radeon RX 9070 XT,64,0,0,0
muse.qkv     g16,6656,2304,16,bfloat16,64,128x128x4,138.838,7,19,AMD Radeon RX 9070 XT,64,0,0,0
muse.qkv     g16,6656,2304,16,bfloat16,64,auto,139.433,7,19,AMD Radeon RX 9070 XT,64,0,0,0
muse.qkv     g16,6656,2304,16,bfloat16,64,128x64x2,146.257,7,19,AMD Radeon RX 9070 XT,64,0,0,0
muse.qkv     g16,6656,2304,16,bfloat16,64,128x32,154.441,6,19,AMD Radeon RX 9070 XT,64,0,0,0
muse.qkv     g16,6656,2304,16,bfloat16,64,32x64x4,160.373,6,19,AMD Radeon RX 9070 XT,64,0,0,0
muse.qkv     g16,6656,2304,16,bfloat16,64,256x32,161.004,6,19,AMD Radeon RX 9070 XT,64,0,0,0
muse.qkv     g16,6656,2304,16,bfloat16,64,64x128x4,174.007,6,19,AMD Radeon RX 9070 XT,64,0,0,0
muse.qkv     g16,6656,2304,16,bfloat16,64,64x64x2,187.037,5,19,AMD Radeon RX 9070 XT,64,0,0,0
muse.qkv     g16,6656,2304,16,bfloat16,64,256x128x2,189.606,5,19,AMD Radeon RX 9070 XT,64,0,0,0
muse.qkv     g16,6656,2304,16,bfloat16,64,256x64,199.894,5,19,AMD Radeon RX 9070 XT,64,0,0,0
muse.qkv     g16,6656,2304,16,bfloat16,64,192x128x2,202.917,5,19,AMD Radeon RX 9070 XT,64,0,0,0
muse.qkv     g16,6656,2304,16,bfloat16,64,128x128x2,204.149,5,19,AMD Radeon RX 9070 XT,64,0,0,0
muse.qkv     g16,6656,2304,16,bfloat16,64,128x64,213.210,4,19,AMD Radeon RX 9070 XT,64,0,0,0
muse.qkv     g16,6656,2304,16,bfloat16,64,64x32,245.566,4,19,AMD Radeon RX 9070 XT,64,0,0,0
muse.qkv     g16,6656,2304,16,bfloat16,64,256x128,254.953,4,19,AMD Radeon RX 9070 XT,64,0,0,0
muse.qkv     g16,6656,2304,16,bfloat16,64,96x128x2,257.394,4,19,AMD Radeon RX 9070 XT,64,0,0,0
muse.qkv     g16,6656,2304,16,bfloat16,64,32x128x4,275.016,3,19,AMD Radeon RX 9070 XT,64,0,0,0
muse.qkv     g16,6656,2304,16,bfloat16,64,32x64x2,296.678,3,19,AMD Radeon RX 9070 XT,64,0,0,0
muse.qkv     g16,6656,2304,16,bfloat16,64,192x128,298.084,3,19,AMD Radeon RX 9070 XT,64,0,0,0
muse.qkv     g16,6656,2304,16,bfloat16,64,64x128x2,312.523,3,19,AMD Radeon RX 9070 XT,64,0,0,0
muse.qkv     g16,6656,2304,16,bfloat16,64,128x128,341.239,3,19,AMD Radeon RX 9070 XT,64,0,0,0
muse.qkv     g16,6656,2304,16,bfloat16,64,32x32,348.620,2,19,AMD Radeon RX 9070 XT,64,0,0,0
muse.qkv     g16,6656,2304,16,bfloat16,64,64x64,353.388,2,19,AMD Radeon RX 9070 XT,64,0,0,0
muse.qkv     g16,6656,2304,16,bfloat16,64,112x128,375.659,2,19,AMD Radeon RX 9070 XT,64,0,0,0
muse.qkv     g16,6656,2304,16,bfloat16,64,96x128,429.371,2,19,AMD Radeon RX 9070 XT,64,0,0,0
muse.qkv     g16,6656,2304,16,bfloat16,64,80x128,462.437,2,19,AMD Radeon RX 9070 XT,64,0,0,0
muse.qkv     g16,6656,2304,16,bfloat16,64,32x64,569.879,2,19,AMD Radeon RX 9070 XT,64,0,0,0
muse.qkv     g16,6656,2304,16,bfloat16,64,prefill_wmma,573.632,2,19,AMD Radeon RX 9070 XT,64,0,0,0
muse.qkv     g16,6656,2304,16,bfloat16,64,64x128,582.145,2,19,AMD Radeon RX 9070 XT,64,0,0,0
muse.qkv     g16,6656,2304,16,bfloat16,64,128x256,601.718,2,19,AMD Radeon RX 9070 XT,64,0,0,0
muse.qkv     g16,6656,2304,16,bfloat16,64,prefill_wmma:smallm_off,619.853,2,19,AMD Radeon RX 9070 XT,64,0,0,0
muse.qkv     g16,6656,2304,16,bfloat16,64,32x128,1802.354,2,19,AMD Radeon RX 9070 XT,64,0,0,0
muse.qkv     g16,6656,2304,16,bfloat16,64,16x64,1837.870,2,19,AMD Radeon RX 9070 XT,64,0,0,0
muse.qkv     g16,6656,2304,16,bfloat16,64,16x128,3492.816,2,19,AMD Radeon RX 9070 XT,64,0,0,0
muse.qkv     g16,6656,2304,16,bfloat16,96,128x128x4,144.710,7,19,AMD Radeon RX 9070 XT,64,0,0,0
muse.qkv     g16,6656,2304,16,bfloat16,96,128x64x2,152.964,6,19,AMD Radeon RX 9070 XT,64,0,0,0
muse.qkv     g16,6656,2304,16,bfloat16,96,auto,154.672,6,19,AMD Radeon RX 9070 XT,64,0,0,0
muse.qkv     g16,6656,2304,16,bfloat16,96,32x64x4,168.190,6,19,AMD Radeon RX 9070 XT,64,0,0,0
muse.qkv     g16,6656,2304,16,bfloat16,96,256x32,169.388,6,19,AMD Radeon RX 9070 XT,64,0,0,0
muse.qkv     g16,6656,2304,16,bfloat16,96,64x64x2,172.227,6,19,AMD Radeon RX 9070 XT,64,0,0,0
muse.qkv     g16,6656,2304,16,bfloat16,96,128x32,175.722,5,19,AMD Radeon RX 9070 XT,64,0,0,0
muse.qkv     g16,6656,2304,16,bfloat16,96,64x128x4,188.395,5,19,AMD Radeon RX 9070 XT,64,0,0,0
muse.qkv     g16,6656,2304,16,bfloat16,96,256x128x2,195.970,5,19,AMD Radeon RX 9070 XT,64,0,0,0
muse.qkv     g16,6656,2304,16,bfloat16,96,192x128x2,208.219,4,19,AMD Radeon RX 9070 XT,64,0,0,0
muse.qkv     g16,6656,2304,16,bfloat16,96,256x64,208.317,4,19,AMD Radeon RX 9070 XT,64,0,0,0
muse.qkv     g16,6656,2304,16,bfloat16,96,128x128x2,214.256,4,19,AMD Radeon RX 9070 XT,64,0,0,0
muse.qkv     g16,6656,2304,16,bfloat16,96,64x32,217.585,4,19,AMD Radeon RX 9070 XT,64,0,0,0
muse.qkv     g16,6656,2304,16,bfloat16,96,128x64,234.293,4,19,AMD Radeon RX 9070 XT,64,0,0,0
muse.qkv     g16,6656,2304,16,bfloat16,96,256x128,265.175,3,19,AMD Radeon RX 9070 XT,64,0,0,0
muse.qkv     g16,6656,2304,16,bfloat16,96,96x128x2,267.018,3,19,AMD Radeon RX 9070 XT,64,0,0,0
muse.qkv     g16,6656,2304,16,bfloat16,96,32x128x4,275.901,3,19,AMD Radeon RX 9070 XT,64,0,0,0
muse.qkv     g16,6656,2304,16,bfloat16,96,32x64x2,297.525,3,19,AMD Radeon RX 9070 XT,64,0,0,0
muse.qkv     g16,6656,2304,16,bfloat16,96,192x128,307.516,3,19,AMD Radeon RX 9070 XT,64,0,0,0
muse.qkv     g16,6656,2304,16,bfloat16,96,64x128x2,311.054,3,19,AMD Radeon RX 9070 XT,64,0,0,0
muse.qkv     g16,6656,2304,16,bfloat16,96,64x64,315.293,3,19,AMD Radeon RX 9070 XT,64,0,0,0
muse.qkv     g16,6656,2304,16,bfloat16,96,32x32,349.367,2,19,AMD Radeon RX 9070 XT,64,0,0,0
muse.qkv     g16,6656,2304,16,bfloat16,96,128x128,361.395,2,19,AMD Radeon RX 9070 XT,64,0,0,0
muse.qkv     g16,6656,2304,16,bfloat16,96,112x128,397.694,2,19,AMD Radeon RX 9070 XT,64,0,0,0
muse.qkv     g16,6656,2304,16,bfloat16,96,80x128,438.860,2,19,AMD Radeon RX 9070 XT,64,0,0,0
muse.qkv     g16,6656,2304,16,bfloat16,96,96x128,448.754,2,19,AMD Radeon RX 9070 XT,64,0,0,0
muse.qkv     g16,6656,2304,16,bfloat16,96,prefill_wmma,507.771,2,19,AMD Radeon RX 9070 XT,64,0,0,0
muse.qkv     g16,6656,2304,16,bfloat16,96,64x128,535.780,2,19,AMD Radeon RX 9070 XT,64,0,0,0
muse.qkv     g16,6656,2304,16,bfloat16,96,32x64,576.100,2,19,AMD Radeon RX 9070 XT,64,0,0,0
muse.qkv     g16,6656,2304,16,bfloat16,96,128x256,622.085,2,19,AMD Radeon RX 9070 XT,64,0,0,0
muse.qkv     g16,6656,2304,16,bfloat16,96,prefill_wmma:smallm_off,655.129,2,19,AMD Radeon RX 9070 XT,64,0,0,0
muse.qkv     g16,6656,2304,16,bfloat16,96,32x128,1777.086,2,19,AMD Radeon RX 9070 XT,64,0,0,0
muse.qkv     g16,6656,2304,16,bfloat16,96,16x64,1886.376,2,19,AMD Radeon RX 9070 XT,64,0,0,0
muse.qkv     g16,6656,2304,16,bfloat16,96,16x128,3411.218,2,19,AMD Radeon RX 9070 XT,64,0,0,0
muse.qkv     g16,6656,2304,16,bfloat16,128,128x128x4,150.134,6,19,AMD Radeon RX 9070 XT,64,0,0,0
muse.qkv     g16,6656,2304,16,bfloat16,128,128x64x2,156.441,6,19,AMD Radeon RX 9070 XT,64,0,0,0
muse.qkv     g16,6656,2304,16,bfloat16,128,auto,176.222,5,19,AMD Radeon RX 9070 XT,64,0,0,0
muse.qkv     g16,6656,2304,16,bfloat16,128,256x32,180.295,5,19,AMD Radeon RX 9070 XT,64,0,0,0
muse.qkv     g16,6656,2304,16,bfloat16,128,32x64x4,187.623,5,19,AMD Radeon RX 9070 XT,64,0,0,0
muse.qkv     g16,6656,2304,16,bfloat16,128,64x64x2,192.660,5,19,AMD Radeon RX 9070 XT,64,0,0,0
muse.qkv     g16,6656,2304,16,bfloat16,128,64x128x4,194.278,5,19,AMD Radeon RX 9070 XT,64,0,0,0
muse.qkv     g16,6656,2304,16,bfloat16,128,128x32,197.152,5,19,AMD Radeon RX 9070 XT,64,0,0,0
muse.qkv     g16,6656,2304,16,bfloat16,128,256x128x2,201.433,5,19,AMD Radeon RX 9070 XT,64,0,0,0
muse.qkv     g16,6656,2304,16,bfloat16,128,256x64,214.963,4,19,AMD Radeon RX 9070 XT,64,0,0,0
muse.qkv     g16,6656,2304,16,bfloat16,128,192x128x2,220.350,4,19,AMD Radeon RX 9070 XT,64,0,0,0
muse.qkv     g16,6656,2304,16,bfloat16,128,128x128x2,224.302,4,19,AMD Radeon RX 9070 XT,64,0,0,0
muse.qkv     g16,6656,2304,16,bfloat16,128,64x32,249.226,4,19,AMD Radeon RX 9070 XT,64,0,0,0
muse.qkv     g16,6656,2304,16,bfloat16,128,128x64,254.912,4,19,AMD Radeon RX 9070 XT,64,0,0,0
muse.qkv     g16,6656,2304,16,bfloat16,128,96x128x2,269.402,3,19,AMD Radeon RX 9070 XT,64,0,0,0
muse.qkv     g16,6656,2304,16,bfloat16,128,256x128,275.951,3,19,AMD Radeon RX 9070 XT,64,0,0,0
muse.qkv     g16,6656,2304,16,bfloat16,128,32x128x4,289.583,3,19,AMD Radeon RX 9070 XT,64,0,0,0
muse.qkv     g16,6656,2304,16,bfloat16,128,32x64x2,300.514,3,19,AMD Radeon RX 9070 XT,64,0,0,0
muse.qkv     g16,6656,2304,16,bfloat16,128,64x128x2,313.165,3,19,AMD Radeon RX 9070 XT,64,0,0,0
muse.qkv     g16,6656,2304,16,bfloat16,128,192x128,323.983,3,19,AMD Radeon RX 9070 XT,64,0,0,0
muse.qkv     g16,6656,2304,16,bfloat16,128,32x32,352.439,2,19,AMD Radeon RX 9070 XT,64,0,0,0
muse.qkv     g16,6656,2304,16,bfloat16,128,64x64,360.927,2,19,AMD Radeon RX 9070 XT,64,0,0,0
muse.qkv     g16,6656,2304,16,bfloat16,128,128x128,382.224,2,19,AMD Radeon RX 9070 XT,64,0,0,0
muse.qkv     g16,6656,2304,16,bfloat16,128,112x128,396.562,2,19,AMD Radeon RX 9070 XT,64,0,0,0
muse.qkv     g16,6656,2304,16,bfloat16,128,96x128,413.241,2,19,AMD Radeon RX 9070 XT,64,0,0,0
muse.qkv     g16,6656,2304,16,bfloat16,128,80x128,452.980,2,19,AMD Radeon RX 9070 XT,64,0,0,0
muse.qkv     g16,6656,2304,16,bfloat16,128,64x128,582.243,2,19,AMD Radeon RX 9070 XT,64,0,0,0
muse.qkv     g16,6656,2304,16,bfloat16,128,32x64,583.193,2,19,AMD Radeon RX 9070 XT,64,0,0,0
muse.qkv     g16,6656,2304,16,bfloat16,128,128x256,642.732,2,19,AMD Radeon RX 9070 XT,64,0,0,0
muse.qkv     g16,6656,2304,16,bfloat16,128,prefill_wmma,683.258,2,19,AMD Radeon RX 9070 XT,64,0,0,0
muse.qkv     g16,6656,2304,16,bfloat16,128,prefill_wmma:smallm_off,689.571,2,19,AMD Radeon RX 9070 XT,64,0,0,0
muse.qkv     g16,6656,2304,16,bfloat16,128,32x128,1900.037,2,19,AMD Radeon RX 9070 XT,64,0,0,0
muse.qkv     g16,6656,2304,16,bfloat16,128,16x64,2026.729,2,19,AMD Radeon RX 9070 XT,64,0,0,0
muse.qkv     g16,6656,2304,16,bfloat16,128,16x128,3321.150,2,19,AMD Radeon RX 9070 XT,64,0,0,0
muse.qkv     g16,6656,2304,16,bfloat16,192,128x64x2,186.541,5,19,AMD Radeon RX 9070 XT,64,0,0,0
muse.qkv     g16,6656,2304,16,bfloat16,192,64x128x4,193.506,5,19,AMD Radeon RX 9070 XT,64,0,0,0
muse.qkv     g16,6656,2304,16,bfloat16,192,256x32,200.937,5,19,AMD Radeon RX 9070 XT,64,0,0,0
muse.qkv     g16,6656,2304,16,bfloat16,192,128x128x4,202.651,5,19,AMD Radeon RX 9070 XT,64,0,0,0
muse.qkv     g16,6656,2304,16,bfloat16,192,64x64x2,203.379,5,19,AMD Radeon RX 9070 XT,64,0,0,0
muse.qkv     g16,6656,2304,16,bfloat16,192,256x128x2,211.468,4,19,AMD Radeon RX 9070 XT,64,0,0,0
muse.qkv     g16,6656,2304,16,bfloat16,192,auto,227.353,4,19,AMD Radeon RX 9070 XT,64,0,0,0
muse.qkv     g16,6656,2304,16,bfloat16,192,256x64,227.436,4,19,AMD Radeon RX 9070 XT,64,0,0,0
muse.qkv     g16,6656,2304,16,bfloat16,192,192x128x2,229.247,4,19,AMD Radeon RX 9070 XT,64,0,0,0
muse.qkv     g16,6656,2304,16,bfloat16,192,32x64x4,229.556,4,19,AMD Radeon RX 9070 XT,64,0,0,0
muse.qkv     g16,6656,2304,16,bfloat16,192,128x32,232.283,4,19,AMD Radeon RX 9070 XT,64,0,0,0
muse.qkv     g16,6656,2304,16,bfloat16,192,64x32,248.512,3,19,AMD Radeon RX 9070 XT,64,0,0,0
muse.qkv     g16,6656,2304,16,bfloat16,192,128x64,248.833,4,19,AMD Radeon RX 9070 XT,64,0,0,0
muse.qkv     g16,6656,2304,16,bfloat16,192,128x128x2,250.494,4,19,AMD Radeon RX 9070 XT,64,0,0,0
muse.qkv     g16,6656,2304,16,bfloat16,192,96x128x2,281.852,3,19,AMD Radeon RX 9070 XT,64,0,0,0
muse.qkv     g16,6656,2304,16,bfloat16,192,256x128,296.666,3,19,AMD Radeon RX 9070 XT,64,0,0,0
muse.qkv     g16,6656,2304,16,bfloat16,192,32x64x2,301.819,3,19,AMD Radeon RX 9070 XT,64,0,0,0
muse.qkv     g16,6656,2304,16,bfloat16,192,32x128x4,308.685,3,19,AMD Radeon RX 9070 XT,64,0,0,0
muse.qkv     g16,6656,2304,16,bfloat16,192,64x128x2,315.257,3,19,AMD Radeon RX 9070 XT,64,0,0,0
muse.qkv     g16,6656,2304,16,bfloat16,192,192x128,349.122,2,19,AMD Radeon RX 9070 XT,64,0,0,0
muse.qkv     g16,6656,2304,16,bfloat16,192,64x64,357.094,2,19,AMD Radeon RX 9070 XT,64,0,0,0
muse.qkv     g16,6656,2304,16,bfloat16,192,128x128,367.805,2,19,AMD Radeon RX 9070 XT,64,0,0,0
muse.qkv     g16,6656,2304,16,bfloat16,192,112x128,396.005,2,19,AMD Radeon RX 9070 XT,64,0,0,0
muse.qkv     g16,6656,2304,16,bfloat16,192,96x128,444.659,2,19,AMD Radeon RX 9070 XT,64,0,0,0
muse.qkv     g16,6656,2304,16,bfloat16,192,80x128,447.430,2,19,AMD Radeon RX 9070 XT,64,0,0,0
muse.qkv     g16,6656,2304,16,bfloat16,192,64x128,585.952,2,19,AMD Radeon RX 9070 XT,64,0,0,0
muse.qkv     g16,6656,2304,16,bfloat16,192,32x64,587.096,2,19,AMD Radeon RX 9070 XT,64,0,0,0
muse.qkv     g16,6656,2304,16,bfloat16,192,128x256,603.898,2,19,AMD Radeon RX 9070 XT,64,0,0,0
muse.qkv     g16,6656,2304,16,bfloat16,192,32x32,679.222,2,19,AMD Radeon RX 9070 XT,64,0,0,0
muse.qkv     g16,6656,2304,16,bfloat16,192,prefill_wmma:smallm_off,807.103,2,19,AMD Radeon RX 9070 XT,64,0,0,0
muse.qkv     g16,6656,2304,16,bfloat16,192,prefill_wmma,808.338,2,19,AMD Radeon RX 9070 XT,64,0,0,0
muse.qkv     g16,6656,2304,16,bfloat16,192,32x128,1895.210,2,19,AMD Radeon RX 9070 XT,64,0,0,0
muse.qkv     g16,6656,2304,16,bfloat16,192,16x64,3938.380,2,19,AMD Radeon RX 9070 XT,64,0,0,0
muse.qkv     g16,6656,2304,16,bfloat16,192,16x128,8095.118,2,19,AMD Radeon RX 9070 XT,64,0,0,0
muse.qkv     g16,6656,2304,16,bfloat16,256,128x64x2,202.651,5,19,AMD Radeon RX 9070 XT,64,0,0,0
muse.qkv     g16,6656,2304,16,bfloat16,256,128x128x4,213.488,4,19,AMD Radeon RX 9070 XT,64,0,0,0
muse.qkv     g16,6656,2304,16,bfloat16,256,256x32,225.227,4,19,AMD Radeon RX 9070 XT,64,0,0,0
muse.qkv     g16,6656,2304,16,bfloat16,256,256x128x2,225.480,4,19,AMD Radeon RX 9070 XT,64,0,0,0
muse.qkv     g16,6656,2304,16,bfloat16,256,128x32,235.357,4,19,AMD Radeon RX 9070 XT,64,0,0,0
muse.qkv     g16,6656,2304,16,bfloat16,256,64x64x2,239.810,4,19,AMD Radeon RX 9070 XT,64,0,0,0
muse.qkv     g16,6656,2304,16,bfloat16,256,64x128x4,241.217,4,19,AMD Radeon RX 9070 XT,64,0,0,0
muse.qkv     g16,6656,2304,16,bfloat16,256,256x64,241.494,4,19,AMD Radeon RX 9070 XT,64,0,0,0
muse.qkv     g16,6656,2304,16,bfloat16,256,auto,243.320,4,19,AMD Radeon RX 9070 XT,64,0,0,0
muse.qkv     g16,6656,2304,16,bfloat16,256,128x64,268.086,3,19,AMD Radeon RX 9070 XT,64,0,0,0
muse.qkv     g16,6656,2304,16,bfloat16,256,128x128x2,268.119,3,19,AMD Radeon RX 9070 XT,64,0,0,0
muse.qkv     g16,6656,2304,16,bfloat16,256,192x128x2,279.070,3,19,AMD Radeon RX 9070 XT,64,0,0,0
muse.qkv     g16,6656,2304,16,bfloat16,256,64x32,280.934,3,19,AMD Radeon RX 9070 XT,64,0,0,0
muse.qkv     g16,6656,2304,16,bfloat16,256,96x128x2,281.090,3,19,AMD Radeon RX 9070 XT,64,0,0,0
muse.qkv     g16,6656,2304,16,bfloat16,256,256x128,320.954,3,19,AMD Radeon RX 9070 XT,64,0,0,0
muse.qkv     g16,6656,2304,16,bfloat16,256,32x64x4,325.991,3,19,AMD Radeon RX 9070 XT,64,0,0,0
muse.qkv     g16,6656,2304,16,bfloat16,256,64x128x2,345.751,2,19,AMD Radeon RX 9070 XT,64,0,0,0
muse.qkv     g16,6656,2304,16,bfloat16,256,192x128,353.577,2,19,AMD Radeon RX 9070 XT,64,0,0,0
muse.qkv     g16,6656,2304,16,bfloat16,256,64x64,369.914,2,19,AMD Radeon RX 9070 XT,64,0,0,0
muse.qkv     g16,6656,2304,16,bfloat16,256,128x128,389.130,2,19,AMD Radeon RX 9070 XT,64,0,0,0
muse.qkv     g16,6656,2304,16,bfloat16,256,112x128,398.425,2,19,AMD Radeon RX 9070 XT,64,0,0,0
muse.qkv     g16,6656,2304,16,bfloat16,256,96x128,429.275,2,19,AMD Radeon RX 9070 XT,64,0,0,0
muse.qkv     g16,6656,2304,16,bfloat16,256,80x128,481.998,2,19,AMD Radeon RX 9070 XT,64,0,0,0
muse.qkv     g16,6656,2304,16,bfloat16,256,32x128x4,562.053,2,19,AMD Radeon RX 9070 XT,64,0,0,0
muse.qkv     g16,6656,2304,16,bfloat16,256,32x64x2,591.599,2,19,AMD Radeon RX 9070 XT,64,0,0,0
muse.qkv     g16,6656,2304,16,bfloat16,256,64x128,604.558,2,19,AMD Radeon RX 9070 XT,64,0,0,0
muse.qkv     g16,6656,2304,16,bfloat16,256,128x256,649.579,2,19,AMD Radeon RX 9070 XT,64,0,0,0
muse.qkv     g16,6656,2304,16,bfloat16,256,32x32,689.063,2,19,AMD Radeon RX 9070 XT,64,0,0,0
muse.qkv     g16,6656,2304,16,bfloat16,256,prefill_wmma:smallm_off,874.744,2,19,AMD Radeon RX 9070 XT,64,0,0,0
muse.qkv     g16,6656,2304,16,bfloat16,256,prefill_wmma,874.863,2,19,AMD Radeon RX 9070 XT,64,0,0,0
muse.qkv     g16,6656,2304,16,bfloat16,256,32x64,1414.802,2,19,AMD Radeon RX 9070 XT,64,0,0,0
muse.qkv     g16,6656,2304,16,bfloat16,256,32x128,3742.930,2,19,AMD Radeon RX 9070 XT,64,0,0,0
muse.qkv     g16,6656,2304,16,bfloat16,256,16x64,3800.812,2,19,AMD Radeon RX 9070 XT,64,0,0,0
muse.qkv     g16,6656,2304,16,bfloat16,256,16x128,11073.441,2,19,AMD Radeon RX 9070 XT,64,0,0,0
muse.qkv     g16,6656,2304,16,bfloat16,512,192x128x2,302.956,3,19,AMD Radeon RX 9070 XT,64,0,0,0
muse.qkv     g16,6656,2304,16,bfloat16,512,auto,324.804,3,19,AMD Radeon RX 9070 XT,64,0,0,0
muse.qkv     g16,6656,2304,16,bfloat16,512,128x64x2,335.012,3,19,AMD Radeon RX 9070 XT,64,0,0,0
muse.qkv     g16,6656,2304,16,bfloat16,512,128x128x4,335.048,3,19,AMD Radeon RX 9070 XT,64,0,0,0
muse.qkv     g16,6656,2304,16,bfloat16,512,128x128x2,346.314,3,19,AMD Radeon RX 9070 XT,64,0,0,0
muse.qkv     g16,6656,2304,16,bfloat16,512,256x32,374.297,2,19,AMD Radeon RX 9070 XT,64,0,0,0
muse.qkv     g16,6656,2304,16,bfloat16,512,192x128,385.141,2,19,AMD Radeon RX 9070 XT,64,0,0,0
muse.qkv     g16,6656,2304,16,bfloat16,512,256x128,390.001,2,19,AMD Radeon RX 9070 XT,64,0,0,0
muse.qkv     g16,6656,2304,16,bfloat16,512,64x128x4,395.704,2,19,AMD Radeon RX 9070 XT,64,0,0,0
muse.qkv     g16,6656,2304,16,bfloat16,512,128x32,411.108,2,19,AMD Radeon RX 9070 XT,64,0,0,0
muse.qkv     g16,6656,2304,16,bfloat16,512,64x64x2,411.747,2,19,AMD Radeon RX 9070 XT,64,0,0,0
muse.qkv     g16,6656,2304,16,bfloat16,512,256x128x2,435.030,2,19,AMD Radeon RX 9070 XT,64,0,0,0
muse.qkv     g16,6656,2304,16,bfloat16,512,256x64,445.005,2,19,AMD Radeon RX 9070 XT,64,0,0,0
muse.qkv     g16,6656,2304,16,bfloat16,512,128x128,465.803,2,19,AMD Radeon RX 9070 XT,64,0,0,0
muse.qkv     g16,6656,2304,16,bfloat16,512,112x128,467.540,2,19,AMD Radeon RX 9070 XT,64,0,0,0
muse.qkv     g16,6656,2304,16,bfloat16,512,96x128x2,503.560,2,19,AMD Radeon RX 9070 XT,64,0,0,0
muse.qkv     g16,6656,2304,16,bfloat16,512,128x64,513.171,2,19,AMD Radeon RX 9070 XT,64,0,0,0
muse.qkv     g16,6656,2304,16,bfloat16,512,64x32,538.764,2,19,AMD Radeon RX 9070 XT,64,0,0,0
muse.qkv     g16,6656,2304,16,bfloat16,512,32x64x4,560.890,2,19,AMD Radeon RX 9070 XT,64,0,0,0
muse.qkv     g16,6656,2304,16,bfloat16,512,80x128,567.673,2,19,AMD Radeon RX 9070 XT,64,0,0,0
muse.qkv     g16,6656,2304,16,bfloat16,512,64x128x2,650.774,2,19,AMD Radeon RX 9070 XT,64,0,0,0
muse.qkv     g16,6656,2304,16,bfloat16,512,128x256,735.321,2,19,AMD Radeon RX 9070 XT,64,0,0,0
muse.qkv     g16,6656,2304,16,bfloat16,512,64x64,737.835,2,19,AMD Radeon RX 9070 XT,64,0,0,0
muse.qkv     g16,6656,2304,16,bfloat16,512,96x128,829.437,2,19,AMD Radeon RX 9070 XT,64,0,0,0
muse.qkv     g16,6656,2304,16,bfloat16,512,32x128x4,831.530,2,19,AMD Radeon RX 9070 XT,64,0,0,0
muse.qkv     g16,6656,2304,16,bfloat16,512,32x64x2,888.653,2,19,AMD Radeon RX 9070 XT,64,0,0,0
muse.qkv     g16,6656,2304,16,bfloat16,512,32x32,1281.693,2,19,AMD Radeon RX 9070 XT,64,0,0,0
muse.qkv     g16,6656,2304,16,bfloat16,512,64x128,1475.388,2,19,AMD Radeon RX 9070 XT,64,0,0,0
muse.qkv     g16,6656,2304,16,bfloat16,512,prefill_wmma,1623.651,2,19,AMD Radeon RX 9070 XT,64,0,0,0
muse.qkv     g16,6656,2304,16,bfloat16,512,prefill_wmma:smallm_off,1625.336,2,19,AMD Radeon RX 9070 XT,64,0,0,0
muse.qkv     g16,6656,2304,16,bfloat16,512,32x64,1984.139,2,19,AMD Radeon RX 9070 XT,64,0,0,0
muse.qkv     g16,6656,2304,16,bfloat16,512,16x64,5737.676,2,19,AMD Radeon RX 9070 XT,64,0,0,0
muse.qkv     g16,6656,2304,16,bfloat16,512,32x128,5962.410,2,19,AMD Radeon RX 9070 XT,64,0,0,0
muse.qkv     g16,6656,2304,16,bfloat16,512,16x128,18018.338,2,19,AMD Radeon RX 9070 XT,64,0,0,0
muse.qkv     g16,6656,2304,16,bfloat16,1024,128x128x4,551.901,2,19,AMD Radeon RX 9070 XT,64,0,0,0
muse.qkv     g16,6656,2304,16,bfloat16,1024,128x64x2,566.343,2,19,AMD Radeon RX 9070 XT,64,0,0,0
muse.qkv     g16,6656,2304,16,bfloat16,1024,192x128x2,586.649,2,19,AMD Radeon RX 9070 XT,64,0,0,0
muse.qkv     g16,6656,2304,16,bfloat16,1024,auto,592.843,2,19,AMD Radeon RX 9070 XT,64,0,0,0
muse.qkv     g16,6656,2304,16,bfloat16,1024,128x128x2,605.051,2,19,AMD Radeon RX 9070 XT,64,0,0,0
muse.qkv     g16,6656,2304,16,bfloat16,1024,256x32,657.105,2,19,AMD Radeon RX 9070 XT,64,0,0,0
muse.qkv     g16,6656,2304,16,bfloat16,1024,64x128x4,672.524,2,19,AMD Radeon RX 9070 XT,64,0,0,0
muse.qkv     g16,6656,2304,16,bfloat16,1024,256x128x2,675.581,2,19,AMD Radeon RX 9070 XT,64,0,0,0
muse.qkv     g16,6656,2304,16,bfloat16,1024,256x128,685.443,2,19,AMD Radeon RX 9070 XT,64,0,0,0
muse.qkv     g16,6656,2304,16,bfloat16,1024,256x64,691.607,2,19,AMD Radeon RX 9070 XT,64,0,0,0
muse.qkv     g16,6656,2304,16,bfloat16,1024,192x128,724.993,2,19,AMD Radeon RX 9070 XT,64,0,0,0
muse.qkv     g16,6656,2304,16,bfloat16,1024,64x64x2,766.233,2,19,AMD Radeon RX 9070 XT,64,0,0,0
muse.qkv     g16,6656,2304,16,bfloat16,1024,96x128x2,797.549,2,19,AMD Radeon RX 9070 XT,64,0,0,0
muse.qkv     g16,6656,2304,16,bfloat16,1024,128x64,809.404,2,19,AMD Radeon RX 9070 XT,64,0,0,0
muse.qkv     g16,6656,2304,16,bfloat16,1024,128x32,816.378,2,19,AMD Radeon RX 9070 XT,64,0,0,0
muse.qkv     g16,6656,2304,16,bfloat16,1024,128x128,851.084,2,19,AMD Radeon RX 9070 XT,64,0,0,0
muse.qkv     g16,6656,2304,16,bfloat16,1024,112x128,884.764,2,19,AMD Radeon RX 9070 XT,64,0,0,0
muse.qkv     g16,6656,2304,16,bfloat16,1024,64x128x2,984.062,2,19,AMD Radeon RX 9070 XT,64,0,0,0
muse.qkv     g16,6656,2304,16,bfloat16,1024,32x64x4,1059.187,2,19,AMD Radeon RX 9070 XT,64,0,0,0
muse.qkv     g16,6656,2304,16,bfloat16,1024,80x128,1329.305,2,19,AMD Radeon RX 9070 XT,64,0,0,0
muse.qkv     g16,6656,2304,16,bfloat16,1024,64x32,1330.654,2,19,AMD Radeon RX 9070 XT,64,0,0,0
muse.qkv     g16,6656,2304,16,bfloat16,1024,64x64,1398.682,2,19,AMD Radeon RX 9070 XT,64,0,0,0
muse.qkv     g16,6656,2304,16,bfloat16,1024,96x128,1534.091,2,19,AMD Radeon RX 9070 XT,64,0,0,0
muse.qkv     g16,6656,2304,16,bfloat16,1024,128x256,1592.363,2,19,AMD Radeon RX 9070 XT,64,0,0,0
muse.qkv     g16,6656,2304,16,bfloat16,1024,32x128x4,1684.324,2,19,AMD Radeon RX 9070 XT,64,0,0,0
muse.qkv     g16,6656,2304,16,bfloat16,1024,32x64x2,1806.981,2,19,AMD Radeon RX 9070 XT,64,0,0,0
muse.qkv     g16,6656,2304,16,bfloat16,1024,64x128,2128.495,2,19,AMD Radeon RX 9070 XT,64,0,0,0
muse.qkv     g16,6656,2304,16,bfloat16,1024,32x32,2323.491,2,19,AMD Radeon RX 9070 XT,64,0,0,0
muse.qkv     g16,6656,2304,16,bfloat16,1024,prefill_wmma:smallm_off,2412.182,2,19,AMD Radeon RX 9070 XT,64,0,0,0
muse.qkv     g16,6656,2304,16,bfloat16,1024,prefill_wmma,2429.269,2,19,AMD Radeon RX 9070 XT,64,0,0,0
muse.qkv     g16,6656,2304,16,bfloat16,1024,32x64,3215.823,2,19,AMD Radeon RX 9070 XT,64,0,0,0
muse.qkv     g16,6656,2304,16,bfloat16,1024,16x64,7662.134,2,19,AMD Radeon RX 9070 XT,64,0,0,0
muse.qkv     g16,6656,2304,16,bfloat16,1024,32x128,9404.924,2,19,AMD Radeon RX 9070 XT,64,0,0,0
muse.qkv     g16,6656,2304,16,bfloat16,1024,16x128,16268.400,2,19,AMD Radeon RX 9070 XT,64,0,0,0
muse.qkv     g16,6656,2304,16,bfloat16,2048,128x128x4,1011.650,2,19,AMD Radeon RX 9070 XT,64,0,0,0
muse.qkv     g16,6656,2304,16,bfloat16,2048,auto,1024.201,2,19,AMD Radeon RX 9070 XT,64,0,0,0
muse.qkv     g16,6656,2304,16,bfloat16,2048,128x128x2,1064.928,2,19,AMD Radeon RX 9070 XT,64,0,0,0
muse.qkv     g16,6656,2304,16,bfloat16,2048,192x128x2,1065.531,2,19,AMD Radeon RX 9070 XT,64,0,0,0
muse.qkv     g16,6656,2304,16,bfloat16,2048,128x64x2,1092.748,2,19,AMD Radeon RX 9070 XT,64,0,0,0
muse.qkv     g16,6656,2304,16,bfloat16,2048,256x128,1104.541,2,19,AMD Radeon RX 9070 XT,64,0,0,0
muse.qkv     g16,6656,2304,16,bfloat16,2048,64x128x4,1307.832,2,19,AMD Radeon RX 9070 XT,64,0,0,0
muse.qkv     g16,6656,2304,16,bfloat16,2048,256x128x2,1340.370,2,19,AMD Radeon RX 9070 XT,64,0,0,0
muse.qkv     g16,6656,2304,16,bfloat16,2048,256x64,1380.578,2,19,AMD Radeon RX 9070 XT,64,0,0,0
muse.qkv     g16,6656,2304,16,bfloat16,2048,256x32,1500.570,2,19,AMD Radeon RX 9070 XT,64,0,0,0
muse.qkv     g16,6656,2304,16,bfloat16,2048,96x128x2,1574.833,2,19,AMD Radeon RX 9070 XT,64,0,0,0
muse.qkv     g16,6656,2304,16,bfloat16,2048,128x128,1596.045,2,19,AMD Radeon RX 9070 XT,64,0,0,0
muse.qkv     g16,6656,2304,16,bfloat16,2048,128x64,1606.748,2,19,AMD Radeon RX 9070 XT,64,0,0,0
muse.qkv     g16,6656,2304,16,bfloat16,2048,192x128,1616.523,2,19,AMD Radeon RX 9070 XT,64,0,0,0
muse.qkv     g16,6656,2304,16,bfloat16,2048,64x64x2,1666.150,2,19,AMD Radeon RX 9070 XT,64,0,0,0
muse.qkv     g16,6656,2304,16,bfloat16,2048,128x32,1791.432,2,19,AMD Radeon RX 9070 XT,64,0,0,0
muse.qkv     g16,6656,2304,16,bfloat16,2048,112x128,1855.896,2,19,AMD Radeon RX 9070 XT,64,0,0,0
muse.qkv     g16,6656,2304,16,bfloat16,2048,64x128x2,1918.639,2,19,AMD Radeon RX 9070 XT,64,0,0,0
muse.qkv     g16,6656,2304,16,bfloat16,2048,32x64x4,2146.746,2,19,AMD Radeon RX 9070 XT,64,0,0,0
muse.qkv     g16,6656,2304,16,bfloat16,2048,80x128,2264.113,2,19,AMD Radeon RX 9070 XT,64,0,0,0
muse.qkv     g16,6656,2304,16,bfloat16,2048,64x32,2307.666,2,19,AMD Radeon RX 9070 XT,64,0,0,0
muse.qkv     g16,6656,2304,16,bfloat16,2048,128x256,2316.304,2,19,AMD Radeon RX 9070 XT,64,0,0,0
muse.qkv     g16,6656,2304,16,bfloat16,2048,96x128,2364.553,2,19,AMD Radeon RX 9070 XT,64,0,0,0
muse.qkv     g16,6656,2304,16,bfloat16,2048,64x64,2567.359,2,19,AMD Radeon RX 9070 XT,64,0,0,0
muse.qkv     g16,6656,2304,16,bfloat16,2048,32x128x4,2920.622,2,19,AMD Radeon RX 9070 XT,64,0,0,0
muse.qkv     g16,6656,2304,16,bfloat16,2048,32x64x2,3163.130,2,19,AMD Radeon RX 9070 XT,64,0,0,0
muse.qkv     g16,6656,2304,16,bfloat16,2048,64x128,3440.400,2,19,AMD Radeon RX 9070 XT,64,0,0,0
muse.qkv     g16,6656,2304,16,bfloat16,2048,prefill_wmma:smallm_off,4017.665,2,19,AMD Radeon RX 9070 XT,64,0,0,0
muse.qkv     g16,6656,2304,16,bfloat16,2048,prefill_wmma,4048.102,2,19,AMD Radeon RX 9070 XT,64,0,0,0
muse.qkv     g16,6656,2304,16,bfloat16,2048,32x32,4424.626,2,19,AMD Radeon RX 9070 XT,64,0,0,0
muse.qkv     g16,6656,2304,16,bfloat16,2048,32x64,5761.685,2,19,AMD Radeon RX 9070 XT,64,0,0,0
muse.qkv     g16,6656,2304,16,bfloat16,2048,16x64,14219.755,2,19,AMD Radeon RX 9070 XT,64,0,0,0
muse.qkv     g16,6656,2304,16,bfloat16,2048,32x128,14304.704,2,19,AMD Radeon RX 9070 XT,64,0,0,0
muse.qkv     g16,6656,2304,16,bfloat16,2048,16x128,35354.441,2,19,AMD Radeon RX 9070 XT,64,0,0,0
muse.o_proj  g16,2048,6656,16,bfloat16,1,32x64x4,58.014,16,21,AMD Radeon RX 9070 XT,64,0,0,0
muse.o_proj  g16,2048,6656,16,bfloat16,1,64x128x4,63.712,14,21,AMD Radeon RX 9070 XT,64,0,0,0
muse.o_proj  g16,2048,6656,16,bfloat16,1,64x64x2,64.000,14,21,AMD Radeon RX 9070 XT,64,0,0,0
muse.o_proj  g16,2048,6656,16,bfloat16,1,64x32,65.226,14,21,AMD Radeon RX 9070 XT,64,0,0,0
muse.o_proj  g16,2048,6656,16,bfloat16,1,auto,66.007,13,21,AMD Radeon RX 9070 XT,64,0,0,0
muse.o_proj  g16,2048,6656,16,bfloat16,1,128x128x4,69.795,13,21,AMD Radeon RX 9070 XT,64,0,0,0
muse.o_proj  g16,2048,6656,16,bfloat16,1,128x64x2,72.212,12,21,AMD Radeon RX 9070 XT,64,0,0,0
muse.o_proj  g16,2048,6656,16,bfloat16,1,128x32,77.944,12,21,AMD Radeon RX 9070 XT,64,0,0,0
muse.o_proj  g16,2048,6656,16,bfloat16,1,128x128x2,79.472,11,21,AMD Radeon RX 9070 XT,64,0,0,0
muse.o_proj  g16,2048,6656,16,bfloat16,1,128x64,82.415,11,21,AMD Radeon RX 9070 XT,64,0,0,0
muse.o_proj  g16,2048,6656,16,bfloat16,1,96x128x2,85.006,11,21,AMD Radeon RX 9070 XT,64,0,0,0
muse.o_proj  g16,2048,6656,16,bfloat16,1,32x128x4,86.334,10,21,AMD Radeon RX 9070 XT,64,0,0,0
muse.o_proj  g16,2048,6656,16,bfloat16,1,32x64x2,86.639,10,21,AMD Radeon RX 9070 XT,64,0,0,0
muse.o_proj  g16,2048,6656,16,bfloat16,1,192x128x2,90.187,10,21,AMD Radeon RX 9070 XT,64,0,0,0
muse.o_proj  g16,2048,6656,16,bfloat16,1,64x128x2,93.913,10,21,AMD Radeon RX 9070 XT,64,0,0,0
muse.o_proj  g16,2048,6656,16,bfloat16,1,64x64,95.698,9,21,AMD Radeon RX 9070 XT,64,0,0,0
muse.o_proj  g16,2048,6656,16,bfloat16,1,32x32,96.164,9,21,AMD Radeon RX 9070 XT,64,0,0,0
muse.o_proj  g16,2048,6656,16,bfloat16,1,256x32,104.024,8,21,AMD Radeon RX 9070 XT,64,0,0,0
muse.o_proj  g16,2048,6656,16,bfloat16,1,192x128,104.485,9,21,AMD Radeon RX 9070 XT,64,0,0,0
muse.o_proj  g16,2048,6656,16,bfloat16,1,256x128,106.744,8,21,AMD Radeon RX 9070 XT,64,0,0,0
muse.o_proj  g16,2048,6656,16,bfloat16,1,128x128,107.957,8,21,AMD Radeon RX 9070 XT,64,0,0,0
muse.o_proj  g16,2048,6656,16,bfloat16,1,256x64,114.526,8,21,AMD Radeon RX 9070 XT,64,0,0,0
muse.o_proj  g16,2048,6656,16,bfloat16,1,112x128,117.045,8,21,AMD Radeon RX 9070 XT,64,0,0,0
muse.o_proj  g16,2048,6656,16,bfloat16,1,256x128x2,119.524,8,21,AMD Radeon RX 9070 XT,64,0,0,0
muse.o_proj  g16,2048,6656,16,bfloat16,1,96x128,121.774,7,21,AMD Radeon RX 9070 XT,64,0,0,0
muse.o_proj  g16,2048,6656,16,bfloat16,1,80x128,134.714,7,21,AMD Radeon RX 9070 XT,64,0,0,0
muse.o_proj  g16,2048,6656,16,bfloat16,1,prefill_wmma,154.082,6,21,AMD Radeon RX 9070 XT,64,0,0,0
muse.o_proj  g16,2048,6656,16,bfloat16,1,32x64,157.090,6,21,AMD Radeon RX 9070 XT,64,0,0,0
muse.o_proj  g16,2048,6656,16,bfloat16,1,64x128,158.994,5,21,AMD Radeon RX 9070 XT,64,0,0,0
muse.o_proj  g16,2048,6656,16,bfloat16,1,128x256,172.641,5,21,AMD Radeon RX 9070 XT,64,0,0,0
muse.o_proj  g16,2048,6656,16,bfloat16,1,16x64,270.818,3,21,AMD Radeon RX 9070 XT,64,0,0,0
muse.o_proj  g16,2048,6656,16,bfloat16,1,32x128,318.951,3,21,AMD Radeon RX 9070 XT,64,0,0,0
muse.o_proj  g16,2048,6656,16,bfloat16,1,prefill_wmma:smallm_off,346.488,2,21,AMD Radeon RX 9070 XT,64,0,0,0
muse.o_proj  g16,2048,6656,16,bfloat16,1,16x128,770.704,2,21,AMD Radeon RX 9070 XT,64,0,0,0
muse.o_proj  g16,2048,6656,16,bfloat16,8,32x64x4,58.983,15,21,AMD Radeon RX 9070 XT,64,0,0,0
muse.o_proj  g16,2048,6656,16,bfloat16,8,64x128x4,64.173,14,21,AMD Radeon RX 9070 XT,64,0,0,0
muse.o_proj  g16,2048,6656,16,bfloat16,8,64x64x2,65.018,14,21,AMD Radeon RX 9070 XT,64,0,0,0
muse.o_proj  g16,2048,6656,16,bfloat16,8,64x32,66.968,13,21,AMD Radeon RX 9070 XT,64,0,0,0
muse.o_proj  g16,2048,6656,16,bfloat16,8,auto,67.078,13,21,AMD Radeon RX 9070 XT,64,0,0,0
muse.o_proj  g16,2048,6656,16,bfloat16,8,128x128x4,70.701,13,21,AMD Radeon RX 9070 XT,64,0,0,0
muse.o_proj  g16,2048,6656,16,bfloat16,8,128x64x2,73.021,12,21,AMD Radeon RX 9070 XT,64,0,0,0
muse.o_proj  g16,2048,6656,16,bfloat16,8,128x32,80.279,11,21,AMD Radeon RX 9070 XT,64,0,0,0
muse.o_proj  g16,2048,6656,16,bfloat16,8,128x128x2,80.604,11,21,AMD Radeon RX 9070 XT,64,0,0,0
muse.o_proj  g16,2048,6656,16,bfloat16,8,128x64,84.174,11,21,AMD Radeon RX 9070 XT,64,0,0,0
muse.o_proj  g16,2048,6656,16,bfloat16,8,96x128x2,86.522,10,21,AMD Radeon RX 9070 XT,64,0,0,0
muse.o_proj  g16,2048,6656,16,bfloat16,8,32x128x4,87.534,10,21,AMD Radeon RX 9070 XT,64,0,0,0
muse.o_proj  g16,2048,6656,16,bfloat16,8,32x64x2,88.606,10,21,AMD Radeon RX 9070 XT,64,0,0,0
muse.o_proj  g16,2048,6656,16,bfloat16,8,192x128x2,92.255,10,21,AMD Radeon RX 9070 XT,64,0,0,0
muse.o_proj  g16,2048,6656,16,bfloat16,8,64x128x2,95.493,9,21,AMD Radeon RX 9070 XT,64,0,0,0
muse.o_proj  g16,2048,6656,16,bfloat16,8,64x64,97.985,9,21,AMD Radeon RX 9070 XT,64,0,0,0
muse.o_proj  g16,2048,6656,16,bfloat16,8,32x32,99.593,9,21,AMD Radeon RX 9070 XT,64,0,0,0
muse.o_proj  g16,2048,6656,16,bfloat16,8,256x32,106.731,8,21,AMD Radeon RX 9070 XT,64,0,0,0
muse.o_proj  g16,2048,6656,16,bfloat16,8,192x128,107.259,8,21,AMD Radeon RX 9070 XT,64,0,0,0
muse.o_proj  g16,2048,6656,16,bfloat16,8,256x128,109.193,8,21,AMD Radeon RX 9070 XT,64,0,0,0
muse.o_proj  g16,2048,6656,16,bfloat16,8,128x128,110.441,8,21,AMD Radeon RX 9070 XT,64,0,0,0
muse.o_proj  g16,2048,6656,16,bfloat16,8,256x64,117.379,8,21,AMD Radeon RX 9070 XT,64,0,0,0
muse.o_proj  g16,2048,6656,16,bfloat16,8,112x128,118.847,7,21,AMD Radeon RX 9070 XT,64,0,0,0
muse.o_proj  g16,2048,6656,16,bfloat16,8,256x128x2,120.503,7,21,AMD Radeon RX 9070 XT,64,0,0,0
muse.o_proj  g16,2048,6656,16,bfloat16,8,96x128,124.114,7,21,AMD Radeon RX 9070 XT,64,0,0,0
muse.o_proj  g16,2048,6656,16,bfloat16,8,80x128,136.576,6,21,AMD Radeon RX 9070 XT,64,0,0,0
muse.o_proj  g16,2048,6656,16,bfloat16,8,prefill_wmma,150.873,6,21,AMD Radeon RX 9070 XT,64,0,0,0
muse.o_proj  g16,2048,6656,16,bfloat16,8,32x64,159.052,5,21,AMD Radeon RX 9070 XT,64,0,0,0
muse.o_proj  g16,2048,6656,16,bfloat16,8,64x128,160.944,5,21,AMD Radeon RX 9070 XT,64,0,0,0
muse.o_proj  g16,2048,6656,16,bfloat16,8,128x256,176.671,5,21,AMD Radeon RX 9070 XT,64,0,0,0
muse.o_proj  g16,2048,6656,16,bfloat16,8,16x64,274.439,3,21,AMD Radeon RX 9070 XT,64,0,0,0
muse.o_proj  g16,2048,6656,16,bfloat16,8,prefill_wmma:smallm_off,339.253,2,21,AMD Radeon RX 9070 XT,64,0,0,0
muse.o_proj  g16,2048,6656,16,bfloat16,8,32x128,411.298,2,21,AMD Radeon RX 9070 XT,64,0,0,0
muse.o_proj  g16,2048,6656,16,bfloat16,8,16x128,764.495,2,21,AMD Radeon RX 9070 XT,64,0,0,0
muse.o_proj  g16,2048,6656,16,bfloat16,17,32x64x4,60.465,15,21,AMD Radeon RX 9070 XT,64,0,0,0
muse.o_proj  g16,2048,6656,16,bfloat16,17,64x128x4,65.384,14,21,AMD Radeon RX 9070 XT,64,0,0,0
muse.o_proj  g16,2048,6656,16,bfloat16,17,64x64x2,66.220,14,21,AMD Radeon RX 9070 XT,64,0,0,0
muse.o_proj  g16,2048,6656,16,bfloat16,17,64x32,70.834,13,21,AMD Radeon RX 9070 XT,64,0,0,0
muse.o_proj  g16,2048,6656,16,bfloat16,17,auto,70.852,13,21,AMD Radeon RX 9070 XT,64,0,0,0
muse.o_proj  g16,2048,6656,16,bfloat16,17,128x128x4,71.431,13,21,AMD Radeon RX 9070 XT,64,0,0,0
muse.o_proj  g16,2048,6656,16,bfloat16,17,128x64x2,73.824,12,21,AMD Radeon RX 9070 XT,64,0,0,0
muse.o_proj  g16,2048,6656,16,bfloat16,17,128x128x2,81.717,11,21,AMD Radeon RX 9070 XT,64,0,0,0
muse.o_proj  g16,2048,6656,16,bfloat16,17,128x32,83.028,11,21,AMD Radeon RX 9070 XT,64,0,0,0
muse.o_proj  g16,2048,6656,16,bfloat16,17,128x64,85.073,11,21,AMD Radeon RX 9070 XT,64,0,0,0
muse.o_proj  g16,2048,6656,16,bfloat16,17,96x128x2,87.952,10,21,AMD Radeon RX 9070 XT,64,0,0,0
muse.o_proj  g16,2048,6656,16,bfloat16,17,32x128x4,88.868,10,21,AMD Radeon RX 9070 XT,64,0,0,0
muse.o_proj  g16,2048,6656,16,bfloat16,17,32x64x2,90.956,9,21,AMD Radeon RX 9070 XT,64,0,0,0
muse.o_proj  g16,2048,6656,16,bfloat16,17,192x128x2,92.859,10,21,AMD Radeon RX 9070 XT,64,0,0,0
muse.o_proj  g16,2048,6656,16,bfloat16,17,64x128x2,96.770,9,21,AMD Radeon RX 9070 XT,64,0,0,0
muse.o_proj  g16,2048,6656,16,bfloat16,17,64x64,100.382,9,21,AMD Radeon RX 9070 XT,64,0,0,0
muse.o_proj  g16,2048,6656,16,bfloat16,17,32x32,107.081,8,21,AMD Radeon RX 9070 XT,64,0,0,0
muse.o_proj  g16,2048,6656,16,bfloat16,17,192x128,108.495,8,21,AMD Radeon RX 9070 XT,64,0,0,0
muse.o_proj  g16,2048,6656,16,bfloat16,17,256x32,108.545,8,21,AMD Radeon RX 9070 XT,64,0,0,0
muse.o_proj  g16,2048,6656,16,bfloat16,17,256x128,109.749,8,21,AMD Radeon RX 9070 XT,64,0,0,0
muse.o_proj  g16,2048,6656,16,bfloat16,17,128x128,111.769,8,21,AMD Radeon RX 9070 XT,64,0,0,0
muse.o_proj  g16,2048,6656,16,bfloat16,17,256x64,118.753,7,21,AMD Radeon RX 9070 XT,64,0,0,0
muse.o_proj  g16,2048,6656,16,bfloat16,17,112x128,120.081,7,21,AMD Radeon RX 9070 XT,64,0,0,0
muse.o_proj  g16,2048,6656,16,bfloat16,17,256x128x2,121.154,8,21,AMD Radeon RX 9070 XT,64,0,0,0
muse.o_proj  g16,2048,6656,16,bfloat16,17,96x128,126.108,7,21,AMD Radeon RX 9070 XT,64,0,0,0
muse.o_proj  g16,2048,6656,16,bfloat16,17,80x128,139.044,6,21,AMD Radeon RX 9070 XT,64,0,0,0
muse.o_proj  g16,2048,6656,16,bfloat16,17,prefill_wmma,161.936,5,21,AMD Radeon RX 9070 XT,64,0,0,0
muse.o_proj  g16,2048,6656,16,bfloat16,17,64x128,163.479,5,21,AMD Radeon RX 9070 XT,64,0,0,0
muse.o_proj  g16,2048,6656,16,bfloat16,17,32x64,165.711,5,21,AMD Radeon RX 9070 XT,64,0,0,0
muse.o_proj  g16,2048,6656,16,bfloat16,17,128x256,177.859,5,21,AMD Radeon RX 9070 XT,64,0,0,0
muse.o_proj  g16,2048,6656,16,bfloat16,17,16x64,266.509,3,21,AMD Radeon RX 9070 XT,64,0,0,0
muse.o_proj  g16,2048,6656,16,bfloat16,17,prefill_wmma:smallm_off,348.460,2,21,AMD Radeon RX 9070 XT,64,0,0,0
muse.o_proj  g16,2048,6656,16,bfloat16,17,32x128,429.585,2,21,AMD Radeon RX 9070 XT,64,0,0,0
muse.o_proj  g16,2048,6656,16,bfloat16,17,16x128,694.476,2,21,AMD Radeon RX 9070 XT,64,0,0,0
muse.o_proj  g16,2048,6656,16,bfloat16,24,32x64x4,61.718,15,21,AMD Radeon RX 9070 XT,64,0,0,0
muse.o_proj  g16,2048,6656,16,bfloat16,24,64x128x4,65.982,14,21,AMD Radeon RX 9070 XT,64,0,0,0
muse.o_proj  g16,2048,6656,16,bfloat16,24,64x64x2,67.648,13,21,AMD Radeon RX 9070 XT,64,0,0,0
muse.o_proj  g16,2048,6656,16,bfloat16,24,128x128x4,71.540,13,21,AMD Radeon RX 9070 XT,64,0,0,0
muse.o_proj  g16,2048,6656,16,bfloat16,24,64x32,73.352,12,21,AMD Radeon RX 9070 XT,64,0,0,0
muse.o_proj  g16,2048,6656,16,bfloat16,24,auto,73.462,12,21,AMD Radeon RX 9070 XT,64,0,0,0
muse.o_proj  g16,2048,6656,16,bfloat16,24,128x64x2,74.274,12,21,AMD Radeon RX 9070 XT,64,0,0,0
muse.o_proj  g16,2048,6656,16,bfloat16,24,128x128x2,82.226,11,21,AMD Radeon RX 9070 XT,64,0,0,0
muse.o_proj  g16,2048,6656,16,bfloat16,24,128x32,84.381,11,21,AMD Radeon RX 9070 XT,64,0,0,0
muse.o_proj  g16,2048,6656,16,bfloat16,24,128x64,85.965,10,21,AMD Radeon RX 9070 XT,64,0,0,0
muse.o_proj  g16,2048,6656,16,bfloat16,24,96x128x2,87.945,10,21,AMD Radeon RX 9070 XT,64,0,0,0
muse.o_proj  g16,2048,6656,16,bfloat16,24,32x128x4,90.475,10,21,AMD Radeon RX 9070 XT,64,0,0,0
muse.o_proj  g16,2048,6656,16,bfloat16,24,192x128x2,93.111,10,21,AMD Radeon RX 9070 XT,64,0,0,0
muse.o_proj  g16,2048,6656,16,bfloat16,24,32x64x2,93.909,9,21,AMD Radeon RX 9070 XT,64,0,0,0
muse.o_proj  g16,2048,6656,16,bfloat16,24,64x128x2,98.245,9,21,AMD Radeon RX 9070 XT,64,0,0,0
muse.o_proj  g16,2048,6656,16,bfloat16,24,64x64,101.986,9,21,AMD Radeon RX 9070 XT,64,0,0,0
muse.o_proj  g16,2048,6656,16,bfloat16,24,32x32,106.705,8,21,AMD Radeon RX 9070 XT,64,0,0,0
muse.o_proj  g16,2048,6656,16,bfloat16,24,192x128,108.487,8,21,AMD Radeon RX 9070 XT,64,0,0,0
muse.o_proj  g16,2048,6656,16,bfloat16,24,256x32,109.632,8,21,AMD Radeon RX 9070 XT,64,0,0,0
muse.o_proj  g16,2048,6656,16,bfloat16,24,256x128,110.168,8,21,AMD Radeon RX 9070 XT,64,0,0,0
muse.o_proj  g16,2048,6656,16,bfloat16,24,128x128,112.904,8,21,AMD Radeon RX 9070 XT,64,0,0,0
muse.o_proj  g16,2048,6656,16,bfloat16,24,256x64,119.119,7,21,AMD Radeon RX 9070 XT,64,0,0,0
muse.o_proj  g16,2048,6656,16,bfloat16,24,256x128x2,121.359,7,21,AMD Radeon RX 9070 XT,64,0,0,0
muse.o_proj  g16,2048,6656,16,bfloat16,24,112x128,121.425,7,21,AMD Radeon RX 9070 XT,64,0,0,0
muse.o_proj  g16,2048,6656,16,bfloat16,24,96x128,127.561,7,21,AMD Radeon RX 9070 XT,64,0,0,0
muse.o_proj  g16,2048,6656,16,bfloat16,24,80x128,140.463,6,21,AMD Radeon RX 9070 XT,64,0,0,0
muse.o_proj  g16,2048,6656,16,bfloat16,24,prefill_wmma,161.999,5,21,AMD Radeon RX 9070 XT,64,0,0,0
muse.o_proj  g16,2048,6656,16,bfloat16,24,64x128,165.491,5,21,AMD Radeon RX 9070 XT,64,0,0,0
muse.o_proj  g16,2048,6656,16,bfloat16,24,32x64,166.113,5,21,AMD Radeon RX 9070 XT,64,0,0,0
muse.o_proj  g16,2048,6656,16,bfloat16,24,128x256,179.456,5,21,AMD Radeon RX 9070 XT,64,0,0,0
muse.o_proj  g16,2048,6656,16,bfloat16,24,16x64,286.087,3,21,AMD Radeon RX 9070 XT,64,0,0,0
muse.o_proj  g16,2048,6656,16,bfloat16,24,prefill_wmma:smallm_off,349.275,2,21,AMD Radeon RX 9070 XT,64,0,0,0
muse.o_proj  g16,2048,6656,16,bfloat16,24,32x128,443.297,2,21,AMD Radeon RX 9070 XT,64,0,0,0
muse.o_proj  g16,2048,6656,16,bfloat16,24,16x128,710.931,2,21,AMD Radeon RX 9070 XT,64,0,0,0
muse.o_proj  g16,2048,6656,16,bfloat16,32,32x64x4,63.981,14,21,AMD Radeon RX 9070 XT,64,0,0,0
muse.o_proj  g16,2048,6656,16,bfloat16,32,64x128x4,67.004,14,21,AMD Radeon RX 9070 XT,64,0,0,0
muse.o_proj  g16,2048,6656,16,bfloat16,32,64x64x2,68.842,13,21,AMD Radeon RX 9070 XT,64,0,0,0
muse.o_proj  g16,2048,6656,16,bfloat16,32,128x128x4,71.891,12,21,AMD Radeon RX 9070 XT,64,0,0,0
muse.o_proj  g16,2048,6656,16,bfloat16,32,128x64x2,74.938,12,21,AMD Radeon RX 9070 XT,64,0,0,0
muse.o_proj  g16,2048,6656,16,bfloat16,32,64x32,77.285,12,21,AMD Radeon RX 9070 XT,64,0,0,0
muse.o_proj  g16,2048,6656,16,bfloat16,32,auto,77.848,12,21,AMD Radeon RX 9070 XT,64,0,0,0
muse.o_proj  g16,2048,6656,16,bfloat16,32,128x128x2,83.028,11,21,AMD Radeon RX 9070 XT,64,0,0,0
muse.o_proj  g16,2048,6656,16,bfloat16,32,128x32,86.317,10,21,AMD Radeon RX 9070 XT,64,0,0,0
muse.o_proj  g16,2048,6656,16,bfloat16,32,128x64,86.873,10,21,AMD Radeon RX 9070 XT,64,0,0,0
muse.o_proj  g16,2048,6656,16,bfloat16,32,96x128x2,89.339,10,21,AMD Radeon RX 9070 XT,64,0,0,0
muse.o_proj  g16,2048,6656,16,bfloat16,32,32x128x4,91.753,10,21,AMD Radeon RX 9070 XT,64,0,0,0
muse.o_proj  g16,2048,6656,16,bfloat16,32,192x128x2,93.265,10,21,AMD Radeon RX 9070 XT,64,0,0,0
muse.o_proj  g16,2048,6656,16,bfloat16,32,64x128x2,99.793,9,21,AMD Radeon RX 9070 XT,64,0,0,0
muse.o_proj  g16,2048,6656,16,bfloat16,32,32x64x2,103.590,9,21,AMD Radeon RX 9070 XT,64,0,0,0
muse.o_proj  g16,2048,6656,16,bfloat16,32,64x64,105.176,8,21,AMD Radeon RX 9070 XT,64,0,0,0
muse.o_proj  g16,2048,6656,16,bfloat16,32,192x128,109.818,8,21,AMD Radeon RX 9070 XT,64,0,0,0
muse.o_proj  g16,2048,6656,16,bfloat16,32,256x32,110.592,8,21,AMD Radeon RX 9070 XT,64,0,0,0
muse.o_proj  g16,2048,6656,16,bfloat16,32,256x128,110.781,8,21,AMD Radeon RX 9070 XT,64,0,0,0
muse.o_proj  g16,2048,6656,16,bfloat16,32,128x128,114.398,8,21,AMD Radeon RX 9070 XT,64,0,0,0
muse.o_proj  g16,2048,6656,16,bfloat16,32,32x32,119.967,7,21,AMD Radeon RX 9070 XT,64,0,0,0
muse.o_proj  g16,2048,6656,16,bfloat16,32,256x64,121.171,7,21,AMD Radeon RX 9070 XT,64,0,0,0
muse.o_proj  g16,2048,6656,16,bfloat16,32,112x128,122.792,7,21,AMD Radeon RX 9070 XT,64,0,0,0
muse.o_proj  g16,2048,6656,16,bfloat16,32,256x128x2,123.452,7,21,AMD Radeon RX 9070 XT,64,0,0,0
muse.o_proj  g16,2048,6656,16,bfloat16,32,96x128,129.633,7,21,AMD Radeon RX 9070 XT,64,0,0,0
muse.o_proj  g16,2048,6656,16,bfloat16,32,80x128,143.064,6,21,AMD Radeon RX 9070 XT,64,0,0,0
muse.o_proj  g16,2048,6656,16,bfloat16,32,prefill_wmma,167.773,5,21,AMD Radeon RX 9070 XT,64,0,0,0
muse.o_proj  g16,2048,6656,16,bfloat16,32,64x128,168.221,5,21,AMD Radeon RX 9070 XT,64,0,0,0
muse.o_proj  g16,2048,6656,16,bfloat16,32,32x64,177.613,5,21,AMD Radeon RX 9070 XT,64,0,0,0
muse.o_proj  g16,2048,6656,16,bfloat16,32,128x256,181.002,5,21,AMD Radeon RX 9070 XT,64,0,0,0
muse.o_proj  g16,2048,6656,16,bfloat16,32,prefill_wmma:smallm_off,350.874,2,21,AMD Radeon RX 9070 XT,64,0,0,0
muse.o_proj  g16,2048,6656,16,bfloat16,32,16x64,382.829,2,21,AMD Radeon RX 9070 XT,64,0,0,0
muse.o_proj  g16,2048,6656,16,bfloat16,32,32x128,442.741,2,21,AMD Radeon RX 9070 XT,64,0,0,0
muse.o_proj  g16,2048,6656,16,bfloat16,32,16x128,729.452,2,21,AMD Radeon RX 9070 XT,64,0,0,0
muse.o_proj  g16,2048,6656,16,bfloat16,48,64x128x4,69.111,13,21,AMD Radeon RX 9070 XT,64,0,0,0
muse.o_proj  g16,2048,6656,16,bfloat16,48,128x128x4,72.689,12,21,AMD Radeon RX 9070 XT,64,0,0,0
muse.o_proj  g16,2048,6656,16,bfloat16,48,64x64x2,72.843,12,21,AMD Radeon RX 9070 XT,64,0,0,0
muse.o_proj  g16,2048,6656,16,bfloat16,48,32x64x4,75.170,12,21,AMD Radeon RX 9070 XT,64,0,0,0
muse.o_proj  g16,2048,6656,16,bfloat16,48,128x64x2,76.397,12,21,AMD Radeon RX 9070 XT,64,0,0,0
muse.o_proj  g16,2048,6656,16,bfloat16,48,auto,84.400,11,21,AMD Radeon RX 9070 XT,64,0,0,0
muse.o_proj  g16,2048,6656,16,bfloat16,48,64x32,84.549,11,21,AMD Radeon RX 9070 XT,64,0,0,0
muse.o_proj  g16,2048,6656,16,bfloat16,48,128x128x2,84.574,11,21,AMD Radeon RX 9070 XT,64,0,0,0
muse.o_proj  g16,2048,6656,16,bfloat16,48,128x64,89.311,10,21,AMD Radeon RX 9070 XT,64,0,0,0
muse.o_proj  g16,2048,6656,16,bfloat16,48,96x128x2,91.279,10,21,AMD Radeon RX 9070 XT,64,0,0,0
muse.o_proj  g16,2048,6656,16,bfloat16,48,128x32,91.598,10,21,AMD Radeon RX 9070 XT,64,0,0,0
muse.o_proj  g16,2048,6656,16,bfloat16,48,192x128x2,94.730,9,21,AMD Radeon RX 9070 XT,64,0,0,0
muse.o_proj  g16,2048,6656,16,bfloat16,48,32x128x4,97.489,9,21,AMD Radeon RX 9070 XT,64,0,0,0
muse.o_proj  g16,2048,6656,16,bfloat16,48,32x64x2,97.745,9,21,AMD Radeon RX 9070 XT,64,0,0,0
muse.o_proj  g16,2048,6656,16,bfloat16,48,64x128x2,104.105,9,21,AMD Radeon RX 9070 XT,64,0,0,0
muse.o_proj  g16,2048,6656,16,bfloat16,48,192x128,111.145,8,21,AMD Radeon RX 9070 XT,64,0,0,0
muse.o_proj  g16,2048,6656,16,bfloat16,48,256x128,112.081,8,21,AMD Radeon RX 9070 XT,64,0,0,0
muse.o_proj  g16,2048,6656,16,bfloat16,48,64x64,113.222,8,21,AMD Radeon RX 9070 XT,64,0,0,0
muse.o_proj  g16,2048,6656,16,bfloat16,48,256x32,114.228,8,21,AMD Radeon RX 9070 XT,64,0,0,0
muse.o_proj  g16,2048,6656,16,bfloat16,48,128x128,117.558,7,21,AMD Radeon RX 9070 XT,64,0,0,0
muse.o_proj  g16,2048,6656,16,bfloat16,48,256x64,123.705,7,21,AMD Radeon RX 9070 XT,64,0,0,0
muse.o_proj  g16,2048,6656,16,bfloat16,48,256x128x2,123.817,7,21,AMD Radeon RX 9070 XT,64,0,0,0
muse.o_proj  g16,2048,6656,16,bfloat16,48,112x128,125.923,7,21,AMD Radeon RX 9070 XT,64,0,0,0
muse.o_proj  g16,2048,6656,16,bfloat16,48,96x128,134.553,7,21,AMD Radeon RX 9070 XT,64,0,0,0
muse.o_proj  g16,2048,6656,16,bfloat16,48,80x128,148.417,6,21,AMD Radeon RX 9070 XT,64,0,0,0
muse.o_proj  g16,2048,6656,16,bfloat16,48,32x64,169.090,5,21,AMD Radeon RX 9070 XT,64,0,0,0
muse.o_proj  g16,2048,6656,16,bfloat16,48,64x128,175.753,5,21,AMD Radeon RX 9070 XT,64,0,0,0
muse.o_proj  g16,2048,6656,16,bfloat16,48,prefill_wmma,180.902,5,21,AMD Radeon RX 9070 XT,64,0,0,0
muse.o_proj  g16,2048,6656,16,bfloat16,48,128x256,184.425,5,21,AMD Radeon RX 9070 XT,64,0,0,0
muse.o_proj  g16,2048,6656,16,bfloat16,48,32x32,202.746,4,21,AMD Radeon RX 9070 XT,64,0,0,0
muse.o_proj  g16,2048,6656,16,bfloat16,48,32x128,329.007,2,21,AMD Radeon RX 9070 XT,64,0,0,0
muse.o_proj  g16,2048,6656,16,bfloat16,48,prefill_wmma:smallm_off,363.914,2,21,AMD Radeon RX 9070 XT,64,0,0,0
muse.o_proj  g16,2048,6656,16,bfloat16,48,16x128,729.168,2,21,AMD Radeon RX 9070 XT,64,0,0,0
muse.o_proj  g16,2048,6656,16,bfloat16,48,16x64,880.135,2,21,AMD Radeon RX 9070 XT,64,0,0,0
muse.o_proj  g16,2048,6656,16,bfloat16,63,64x128x4,70.208,13,21,AMD Radeon RX 9070 XT,64,0,0,0
muse.o_proj  g16,2048,6656,16,bfloat16,63,128x128x4,73.179,12,21,AMD Radeon RX 9070 XT,64,0,0,0
muse.o_proj  g16,2048,6656,16,bfloat16,63,64x64x2,76.875,12,21,AMD Radeon RX 9070 XT,64,0,0,0
muse.o_proj  g16,2048,6656,16,bfloat16,63,128x64x2,77.336,12,21,AMD Radeon RX 9070 XT,64,0,0,0
muse.o_proj  g16,2048,6656,16,bfloat16,63,32x64x4,78.187,12,21,AMD Radeon RX 9070 XT,64,0,0,0
muse.o_proj  g16,2048,6656,16,bfloat16,63,128x128x2,85.527,11,21,AMD Radeon RX 9070 XT,64,0,0,0
muse.o_proj  g16,2048,6656,16,bfloat16,63,64x32,91.072,10,21,AMD Radeon RX 9070 XT,64,0,0,0
muse.o_proj  g16,2048,6656,16,bfloat16,63,auto,91.306,10,21,AMD Radeon RX 9070 XT,64,0,0,0
muse.o_proj  g16,2048,6656,16,bfloat16,63,128x64,92.008,10,21,AMD Radeon RX 9070 XT,64,0,0,0
muse.o_proj  g16,2048,6656,16,bfloat16,63,96x128x2,92.880,10,21,AMD Radeon RX 9070 XT,64,0,0,0
muse.o_proj  g16,2048,6656,16,bfloat16,63,192x128x2,94.886,9,21,AMD Radeon RX 9070 XT,64,0,0,0
muse.o_proj  g16,2048,6656,16,bfloat16,63,128x32,97.711,9,21,AMD Radeon RX 9070 XT,64,0,0,0
muse.o_proj  g16,2048,6656,16,bfloat16,63,32x128x4,99.838,9,21,AMD Radeon RX 9070 XT,64,0,0,0
muse.o_proj  g16,2048,6656,16,bfloat16,63,64x128x2,105.440,8,21,AMD Radeon RX 9070 XT,64,0,0,0
muse.o_proj  g16,2048,6656,16,bfloat16,63,32x64x2,107.627,8,21,AMD Radeon RX 9070 XT,64,0,0,0
muse.o_proj  g16,2048,6656,16,bfloat16,63,192x128,112.901,8,21,AMD Radeon RX 9070 XT,64,0,0,0
muse.o_proj  g16,2048,6656,16,bfloat16,63,256x128,113.239,8,21,AMD Radeon RX 9070 XT,64,0,0,0
muse.o_proj  g16,2048,6656,16,bfloat16,63,256x32,117.860,8,21,AMD Radeon RX 9070 XT,64,0,0,0
muse.o_proj  g16,2048,6656,16,bfloat16,63,64x64,119.910,7,21,AMD Radeon RX 9070 XT,64,0,0,0
muse.o_proj  g16,2048,6656,16,bfloat16,63,128x128,120.023,7,21,AMD Radeon RX 9070 XT,64,0,0,0
muse.o_proj  g16,2048,6656,16,bfloat16,63,256x128x2,123.519,7,21,AMD Radeon RX 9070 XT,64,0,0,0
muse.o_proj  g16,2048,6656,16,bfloat16,63,256x64,125.632,7,21,AMD Radeon RX 9070 XT,64,0,0,0
muse.o_proj  g16,2048,6656,16,bfloat16,63,112x128,128.657,7,21,AMD Radeon RX 9070 XT,64,0,0,0
muse.o_proj  g16,2048,6656,16,bfloat16,63,96x128,138.406,6,21,AMD Radeon RX 9070 XT,64,0,0,0
muse.o_proj  g16,2048,6656,16,bfloat16,63,80x128,152.717,6,21,AMD Radeon RX 9070 XT,64,0,0,0
muse.o_proj  g16,2048,6656,16,bfloat16,63,64x128,181.238,5,21,AMD Radeon RX 9070 XT,64,0,0,0
muse.o_proj  g16,2048,6656,16,bfloat16,63,32x64,181.579,5,21,AMD Radeon RX 9070 XT,64,0,0,0
muse.o_proj  g16,2048,6656,16,bfloat16,63,128x256,187.476,5,21,AMD Radeon RX 9070 XT,64,0,0,0
muse.o_proj  g16,2048,6656,16,bfloat16,63,prefill_wmma,194.293,4,21,AMD Radeon RX 9070 XT,64,0,0,0
muse.o_proj  g16,2048,6656,16,bfloat16,63,32x32,224.855,4,21,AMD Radeon RX 9070 XT,64,0,0,0
muse.o_proj  g16,2048,6656,16,bfloat16,63,prefill_wmma:smallm_off,377.721,2,21,AMD Radeon RX 9070 XT,64,0,0,0
muse.o_proj  g16,2048,6656,16,bfloat16,63,32x128,452.664,2,21,AMD Radeon RX 9070 XT,64,0,0,0
muse.o_proj  g16,2048,6656,16,bfloat16,63,16x64,971.485,2,21,AMD Radeon RX 9070 XT,64,0,0,0
muse.o_proj  g16,2048,6656,16,bfloat16,63,16x128,1782.223,2,21,AMD Radeon RX 9070 XT,64,0,0,0
muse.o_proj  g16,2048,6656,16,bfloat16,64,64x128x4,71.384,13,21,AMD Radeon RX 9070 XT,64,0,0,0
muse.o_proj  g16,2048,6656,16,bfloat16,64,128x128x4,73.282,12,21,AMD Radeon RX 9070 XT,64,0,0,0
muse.o_proj  g16,2048,6656,16,bfloat16,64,128x64x2,77.651,12,21,AMD Radeon RX 9070 XT,64,0,0,0
muse.o_proj  g16,2048,6656,16,bfloat16,64,64x64x2,78.250,11,21,AMD Radeon RX 9070 XT,64,0,0,0
muse.o_proj  g16,2048,6656,16,bfloat16,64,32x64x4,78.269,11,21,AMD Radeon RX 9070 XT,64,0,0,0
muse.o_proj  g16,2048,6656,16,bfloat16,64,128x128x2,86.565,10,21,AMD Radeon RX 9070 XT,64,0,0,0
muse.o_proj  g16,2048,6656,16,bfloat16,64,auto,92.239,10,21,AMD Radeon RX 9070 XT,64,0,0,0
muse.o_proj  g16,2048,6656,16,bfloat16,64,128x64,92.907,9,21,AMD Radeon RX 9070 XT,64,0,0,0
muse.o_proj  g16,2048,6656,16,bfloat16,64,64x32,92.971,9,21,AMD Radeon RX 9070 XT,64,0,0,0
muse.o_proj  g16,2048,6656,16,bfloat16,64,96x128x2,94.820,9,21,AMD Radeon RX 9070 XT,64,0,0,0
muse.o_proj  g16,2048,6656,16,bfloat16,64,192x128x2,95.443,9,21,AMD Radeon RX 9070 XT,64,0,0,0
muse.o_proj  g16,2048,6656,16,bfloat16,64,128x32,98.685,9,21,AMD Radeon RX 9070 XT,64,0,0,0
muse.o_proj  g16,2048,6656,16,bfloat16,64,32x128x4,100.769,9,21,AMD Radeon RX 9070 XT,64,0,0,0
muse.o_proj  g16,2048,6656,16,bfloat16,64,64x128x2,106.940,8,21,AMD Radeon RX 9070 XT,64,0,0,0
muse.o_proj  g16,2048,6656,16,bfloat16,64,32x64x2,108.428,8,21,AMD Radeon RX 9070 XT,64,0,0,0
muse.o_proj  g16,2048,6656,16,bfloat16,64,256x128,113.651,8,21,AMD Radeon RX 9070 XT,64,0,0,0
muse.o_proj  g16,2048,6656,16,bfloat16,64,192x128,114.532,8,21,AMD Radeon RX 9070 XT,64,0,0,0
muse.o_proj  g16,2048,6656,16,bfloat16,64,256x32,117.179,8,21,AMD Radeon RX 9070 XT,64,0,0,0
muse.o_proj  g16,2048,6656,16,bfloat16,64,64x64,121.481,7,21,AMD Radeon RX 9070 XT,64,0,0,0
muse.o_proj  g16,2048,6656,16,bfloat16,64,128x128,121.618,7,21,AMD Radeon RX 9070 XT,64,0,0,0
muse.o_proj  g16,2048,6656,16,bfloat16,64,256x128x2,125.099,7,21,AMD Radeon RX 9070 XT,64,0,0,0
muse.o_proj  g16,2048,6656,16,bfloat16,64,256x64,125.894,7,21,AMD Radeon RX 9070 XT,64,0,0,0
muse.o_proj  g16,2048,6656,16,bfloat16,64,112x128,130.978,7,21,AMD Radeon RX 9070 XT,64,0,0,0
muse.o_proj  g16,2048,6656,16,bfloat16,64,96x128,140.330,6,21,AMD Radeon RX 9070 XT,64,0,0,0
muse.o_proj  g16,2048,6656,16,bfloat16,64,80x128,154.304,6,21,AMD Radeon RX 9070 XT,64,0,0,0
muse.o_proj  g16,2048,6656,16,bfloat16,64,64x128,183.490,5,21,AMD Radeon RX 9070 XT,64,0,0,0
muse.o_proj  g16,2048,6656,16,bfloat16,64,32x64,184.507,5,21,AMD Radeon RX 9070 XT,64,0,0,0
muse.o_proj  g16,2048,6656,16,bfloat16,64,128x256,189.476,5,21,AMD Radeon RX 9070 XT,64,0,0,0
muse.o_proj  g16,2048,6656,16,bfloat16,64,prefill_wmma,195.525,4,21,AMD Radeon RX 9070 XT,64,0,0,0
muse.o_proj  g16,2048,6656,16,bfloat16,64,32x32,227.217,4,21,AMD Radeon RX 9070 XT,64,0,0,0
muse.o_proj  g16,2048,6656,16,bfloat16,64,prefill_wmma:smallm_off,380.125,2,21,AMD Radeon RX 9070 XT,64,0,0,0
muse.o_proj  g16,2048,6656,16,bfloat16,64,32x128,448.974,2,21,AMD Radeon RX 9070 XT,64,0,0,0
muse.o_proj  g16,2048,6656,16,bfloat16,64,16x64,961.543,2,21,AMD Radeon RX 9070 XT,64,0,0,0
muse.o_proj  g16,2048,6656,16,bfloat16,64,16x128,1796.881,2,21,AMD Radeon RX 9070 XT,64,0,0,0
muse.o_proj  g16,2048,6656,16,bfloat16,96,128x128x4,75.587,12,21,AMD Radeon RX 9070 XT,64,0,0,0
muse.o_proj  g16,2048,6656,16,bfloat16,96,128x64x2,80.881,11,21,AMD Radeon RX 9070 XT,64,0,0,0
muse.o_proj  g16,2048,6656,16,bfloat16,96,128x128x2,89.069,10,21,AMD Radeon RX 9070 XT,64,0,0,0
muse.o_proj  g16,2048,6656,16,bfloat16,96,64x128x4,95.605,9,21,AMD Radeon RX 9070 XT,64,0,0,0
muse.o_proj  g16,2048,6656,16,bfloat16,96,192x128x2,96.417,9,21,AMD Radeon RX 9070 XT,64,0,0,0
muse.o_proj  g16,2048,6656,16,bfloat16,96,128x64,97.146,9,21,AMD Radeon RX 9070 XT,64,0,0,0
muse.o_proj  g16,2048,6656,16,bfloat16,96,auto,97.532,9,21,AMD Radeon RX 9070 XT,64,0,0,0
muse.o_proj  g16,2048,6656,16,bfloat16,96,96x128x2,98.359,9,21,AMD Radeon RX 9070 XT,64,0,0,0
muse.o_proj  g16,2048,6656,16,bfloat16,96,32x64x4,106.197,8,21,AMD Radeon RX 9070 XT,64,0,0,0
muse.o_proj  g16,2048,6656,16,bfloat16,96,128x32,110.590,8,21,AMD Radeon RX 9070 XT,64,0,0,0
muse.o_proj  g16,2048,6656,16,bfloat16,96,64x64x2,115.195,8,21,AMD Radeon RX 9070 XT,64,0,0,0
muse.o_proj  g16,2048,6656,16,bfloat16,96,256x128,116.956,8,21,AMD Radeon RX 9070 XT,64,0,0,0
muse.o_proj  g16,2048,6656,16,bfloat16,96,192x128,117.020,7,21,AMD Radeon RX 9070 XT,64,0,0,0
muse.o_proj  g16,2048,6656,16,bfloat16,96,64x128x2,120.861,7,21,AMD Radeon RX 9070 XT,64,0,0,0
muse.o_proj  g16,2048,6656,16,bfloat16,96,256x32,124.885,7,21,AMD Radeon RX 9070 XT,64,0,0,0
muse.o_proj  g16,2048,6656,16,bfloat16,96,128x128,126.404,7,21,AMD Radeon RX 9070 XT,64,0,0,0
muse.o_proj  g16,2048,6656,16,bfloat16,96,256x128x2,129.136,7,21,AMD Radeon RX 9070 XT,64,0,0,0
muse.o_proj  g16,2048,6656,16,bfloat16,96,256x64,130.408,7,21,AMD Radeon RX 9070 XT,64,0,0,0
muse.o_proj  g16,2048,6656,16,bfloat16,96,112x128,135.388,6,21,AMD Radeon RX 9070 XT,64,0,0,0
muse.o_proj  g16,2048,6656,16,bfloat16,96,64x32,136.160,6,21,AMD Radeon RX 9070 XT,64,0,0,0
muse.o_proj  g16,2048,6656,16,bfloat16,96,96x128,146.439,6,21,AMD Radeon RX 9070 XT,64,0,0,0
muse.o_proj  g16,2048,6656,16,bfloat16,96,80x128,166.038,5,21,AMD Radeon RX 9070 XT,64,0,0,0
muse.o_proj  g16,2048,6656,16,bfloat16,96,32x128x4,174.730,5,21,AMD Radeon RX 9070 XT,64,0,0,0
muse.o_proj  g16,2048,6656,16,bfloat16,96,64x128,183.064,5,21,AMD Radeon RX 9070 XT,64,0,0,0
muse.o_proj  g16,2048,6656,16,bfloat16,96,32x64x2,185.481,5,21,AMD Radeon RX 9070 XT,64,0,0,0
muse.o_proj  g16,2048,6656,16,bfloat16,96,128x256,194.810,4,21,AMD Radeon RX 9070 XT,64,0,0,0
muse.o_proj  g16,2048,6656,16,bfloat16,96,prefill_wmma,202.079,4,21,AMD Radeon RX 9070 XT,64,0,0,0
muse.o_proj  g16,2048,6656,16,bfloat16,96,64x64,202.132,4,21,AMD Radeon RX 9070 XT,64,0,0,0
muse.o_proj  g16,2048,6656,16,bfloat16,96,32x32,210.371,4,21,AMD Radeon RX 9070 XT,64,0,0,0
muse.o_proj  g16,2048,6656,16,bfloat16,96,32x64,345.080,2,21,AMD Radeon RX 9070 XT,64,0,0,0
muse.o_proj  g16,2048,6656,16,bfloat16,96,prefill_wmma:smallm_off,406.011,2,21,AMD Radeon RX 9070 XT,64,0,0,0
muse.o_proj  g16,2048,6656,16,bfloat16,96,32x128,846.422,2,21,AMD Radeon RX 9070 XT,64,0,0,0
muse.o_proj  g16,2048,6656,16,bfloat16,96,16x128,1714.170,2,21,AMD Radeon RX 9070 XT,64,0,0,0
muse.o_proj  g16,2048,6656,16,bfloat16,96,16x64,1749.706,2,21,AMD Radeon RX 9070 XT,64,0,0,0
muse.o_proj  g16,2048,6656,16,bfloat16,128,128x128x4,78.788,11,21,AMD Radeon RX 9070 XT,64,0,0,0
muse.o_proj  g16,2048,6656,16,bfloat16,128,128x64x2,84.570,11,21,AMD Radeon RX 9070 XT,64,0,0,0
muse.o_proj  g16,2048,6656,16,bfloat16,128,128x128x2,93.016,10,21,AMD Radeon RX 9070 XT,64,0,0,0
muse.o_proj  g16,2048,6656,16,bfloat16,128,64x128x4,99.689,9,21,AMD Radeon RX 9070 XT,64,0,0,0
muse.o_proj  g16,2048,6656,16,bfloat16,128,192x128x2,101.671,9,21,AMD Radeon RX 9070 XT,64,0,0,0
muse.o_proj  g16,2048,6656,16,bfloat16,128,auto,103.803,8,21,AMD Radeon RX 9070 XT,64,0,0,0
muse.o_proj  g16,2048,6656,16,bfloat16,128,128x64,104.170,9,21,AMD Radeon RX 9070 XT,64,0,0,0
muse.o_proj  g16,2048,6656,16,bfloat16,128,256x128,120.998,7,21,AMD Radeon RX 9070 XT,64,0,0,0
muse.o_proj  g16,2048,6656,16,bfloat16,128,192x128,123.206,7,21,AMD Radeon RX 9070 XT,64,0,0,0
muse.o_proj  g16,2048,6656,16,bfloat16,128,64x128x2,127.593,7,21,AMD Radeon RX 9070 XT,64,0,0,0
muse.o_proj  g16,2048,6656,16,bfloat16,128,256x32,130.002,7,21,AMD Radeon RX 9070 XT,64,0,0,0
muse.o_proj  g16,2048,6656,16,bfloat16,128,128x32,130.330,7,21,AMD Radeon RX 9070 XT,64,0,0,0
muse.o_proj  g16,2048,6656,16,bfloat16,128,64x64x2,130.599,7,21,AMD Radeon RX 9070 XT,64,0,0,0
muse.o_proj  g16,2048,6656,16,bfloat16,128,32x64x4,130.711,7,21,AMD Radeon RX 9070 XT,64,0,0,0
muse.o_proj  g16,2048,6656,16,bfloat16,128,128x128,133.045,7,21,AMD Radeon RX 9070 XT,64,0,0,0
muse.o_proj  g16,2048,6656,16,bfloat16,128,256x128x2,133.431,7,21,AMD Radeon RX 9070 XT,64,0,0,0
muse.o_proj  g16,2048,6656,16,bfloat16,128,256x64,135.207,6,21,AMD Radeon RX 9070 XT,64,0,0,0
muse.o_proj  g16,2048,6656,16,bfloat16,128,64x32,154.253,6,21,AMD Radeon RX 9070 XT,64,0,0,0
muse.o_proj  g16,2048,6656,16,bfloat16,128,96x128x2,163.675,5,21,AMD Radeon RX 9070 XT,64,0,0,0
muse.o_proj  g16,2048,6656,16,bfloat16,128,80x128,169.863,5,21,AMD Radeon RX 9070 XT,64,0,0,0
muse.o_proj  g16,2048,6656,16,bfloat16,128,32x128x4,182.716,5,21,AMD Radeon RX 9070 XT,64,0,0,0
muse.o_proj  g16,2048,6656,16,bfloat16,128,32x64x2,186.016,5,21,AMD Radeon RX 9070 XT,64,0,0,0
muse.o_proj  g16,2048,6656,16,bfloat16,128,64x128,195.892,4,21,AMD Radeon RX 9070 XT,64,0,0,0
muse.o_proj  g16,2048,6656,16,bfloat16,128,128x256,202.712,4,21,AMD Radeon RX 9070 XT,64,0,0,0
muse.o_proj  g16,2048,6656,16,bfloat16,128,64x64,231.139,4,21,AMD Radeon RX 9070 XT,64,0,0,0
muse.o_proj  g16,2048,6656,16,bfloat16,128,112x128,236.372,3,21,AMD Radeon RX 9070 XT,64,0,0,0
muse.o_proj  g16,2048,6656,16,bfloat16,128,96x128,252.100,3,21,AMD Radeon RX 9070 XT,64,0,0,0
muse.o_proj  g16,2048,6656,16,bfloat16,128,32x32,313.641,3,21,AMD Radeon RX 9070 XT,64,0,0,0
muse.o_proj  g16,2048,6656,16,bfloat16,128,32x64,347.331,2,21,AMD Radeon RX 9070 XT,64,0,0,0
muse.o_proj  g16,2048,6656,16,bfloat16,128,prefill_wmma,424.266,2,21,AMD Radeon RX 9070 XT,64,0,0,0
muse.o_proj  g16,2048,6656,16,bfloat16,128,prefill_wmma:smallm_off,429.052,2,21,AMD Radeon RX 9070 XT,64,0,0,0
muse.o_proj  g16,2048,6656,16,bfloat16,128,32x128,778.852,2,21,AMD Radeon RX 9070 XT,64,0,0,0
muse.o_proj  g16,2048,6656,16,bfloat16,128,16x64,1803.251,2,21,AMD Radeon RX 9070 XT,64,0,0,0
muse.o_proj  g16,2048,6656,16,bfloat16,128,16x128,2665.723,2,21,AMD Radeon RX 9070 XT,64,0,0,0
muse.o_proj  g16,2048,6656,16,bfloat16,192,192x128x2,105.576,8,21,AMD Radeon RX 9070 XT,64,0,0,0
muse.o_proj  g16,2048,6656,16,bfloat16,192,auto,127.619,7,21,AMD Radeon RX 9070 XT,64,0,0,0
muse.o_proj  g16,2048,6656,16,bfloat16,192,256x128,128.097,7,21,AMD Radeon RX 9070 XT,64,0,0,0
muse.o_proj  g16,2048,6656,16,bfloat16,192,64x128x4,129.569,7,21,AMD Radeon RX 9070 XT,64,0,0,0
muse.o_proj  g16,2048,6656,16,bfloat16,192,128x64x2,130.877,7,21,AMD Radeon RX 9070 XT,64,0,0,0
muse.o_proj  g16,2048,6656,16,bfloat16,192,128x128x4,133.951,7,21,AMD Radeon RX 9070 XT,64,0,0,0
muse.o_proj  g16,2048,6656,16,bfloat16,192,192x128,136.732,6,21,AMD Radeon RX 9070 XT,64,0,0,0
muse.o_proj  g16,2048,6656,16,bfloat16,192,64x64x2,138.509,6,21,AMD Radeon RX 9070 XT,64,0,0,0
muse.o_proj  g16,2048,6656,16,bfloat16,192,256x128x2,142.017,6,21,AMD Radeon RX 9070 XT,64,0,0,0
muse.o_proj  g16,2048,6656,16,bfloat16,192,256x64,145.378,6,21,AMD Radeon RX 9070 XT,64,0,0,0
muse.o_proj  g16,2048,6656,16,bfloat16,192,256x32,147.682,6,21,AMD Radeon RX 9070 XT,64,0,0,0
muse.o_proj  g16,2048,6656,16,bfloat16,192,128x128x2,151.357,6,21,AMD Radeon RX 9070 XT,64,0,0,0
muse.o_proj  g16,2048,6656,16,bfloat16,192,128x64,161.282,5,21,AMD Radeon RX 9070 XT,64,0,0,0
muse.o_proj  g16,2048,6656,16,bfloat16,192,128x32,169.247,5,21,AMD Radeon RX 9070 XT,64,0,0,0
muse.o_proj  g16,2048,6656,16,bfloat16,192,96x128x2,179.047,5,21,AMD Radeon RX 9070 XT,64,0,0,0
muse.o_proj  g16,2048,6656,16,bfloat16,192,32x64x4,180.762,5,21,AMD Radeon RX 9070 XT,64,0,0,0
muse.o_proj  g16,2048,6656,16,bfloat16,192,64x128x2,198.881,4,21,AMD Radeon RX 9070 XT,64,0,0,0
muse.o_proj  g16,2048,6656,16,bfloat16,192,64x32,215.927,4,21,AMD Radeon RX 9070 XT,64,0,0,0
muse.o_proj  g16,2048,6656,16,bfloat16,192,128x256,219.417,4,21,AMD Radeon RX 9070 XT,64,0,0,0
muse.o_proj  g16,2048,6656,16,bfloat16,192,64x64,222.625,4,21,AMD Radeon RX 9070 XT,64,0,0,0
muse.o_proj  g16,2048,6656,16,bfloat16,192,128x128,227.259,4,21,AMD Radeon RX 9070 XT,64,0,0,0
muse.o_proj  g16,2048,6656,16,bfloat16,192,112x128,246.743,3,21,AMD Radeon RX 9070 XT,64,0,0,0
muse.o_proj  g16,2048,6656,16,bfloat16,192,32x128x4,263.150,3,21,AMD Radeon RX 9070 XT,64,0,0,0
muse.o_proj  g16,2048,6656,16,bfloat16,192,32x64x2,276.711,3,21,AMD Radeon RX 9070 XT,64,0,0,0
muse.o_proj  g16,2048,6656,16,bfloat16,192,80x128,283.764,3,21,AMD Radeon RX 9070 XT,64,0,0,0
muse.o_proj  g16,2048,6656,16,bfloat16,192,96x128,285.018,3,21,AMD Radeon RX 9070 XT,64,0,0,0
muse.o_proj  g16,2048,6656,16,bfloat16,192,64x128,365.415,2,21,AMD Radeon RX 9070 XT,64,0,0,0
muse.o_proj  g16,2048,6656,16,bfloat16,192,32x32,408.780,2,21,AMD Radeon RX 9070 XT,64,0,0,0
muse.o_proj  g16,2048,6656,16,bfloat16,192,prefill_wmma,487.286,2,21,AMD Radeon RX 9070 XT,64,0,0,0
muse.o_proj  g16,2048,6656,16,bfloat16,192,prefill_wmma:smallm_off,498.227,2,21,AMD Radeon RX 9070 XT,64,0,0,0
muse.o_proj  g16,2048,6656,16,bfloat16,192,32x64,521.910,2,21,AMD Radeon RX 9070 XT,64,0,0,0
muse.o_proj  g16,2048,6656,16,bfloat16,192,32x128,1079.534,2,21,AMD Radeon RX 9070 XT,64,0,0,0
muse.o_proj  g16,2048,6656,16,bfloat16,192,16x64,2657.214,2,21,AMD Radeon RX 9070 XT,64,0,0,0
muse.o_proj  g16,2048,6656,16,bfloat16,192,16x128,3293.612,2,21,AMD Radeon RX 9070 XT,64,0,0,0
muse.o_proj  g16,2048,6656,16,bfloat16,256,auto,141.654,6,21,AMD Radeon RX 9070 XT,64,0,0,0
muse.o_proj  g16,2048,6656,16,bfloat16,256,128x64x2,143.561,6,21,AMD Radeon RX 9070 XT,64,0,0,0
muse.o_proj  g16,2048,6656,16,bfloat16,256,256x128,143.679,6,21,AMD Radeon RX 9070 XT,64,0,0,0
muse.o_proj  g16,2048,6656,16,bfloat16,256,128x128x4,147.613,6,21,AMD Radeon RX 9070 XT,64,0,0,0
muse.o_proj  g16,2048,6656,16,bfloat16,256,256x128x2,159.775,5,21,AMD Radeon RX 9070 XT,64,0,0,0
muse.o_proj  g16,2048,6656,16,bfloat16,256,256x64,166.214,5,21,AMD Radeon RX 9070 XT,64,0,0,0
muse.o_proj  g16,2048,6656,16,bfloat16,256,64x128x4,168.238,5,21,AMD Radeon RX 9070 XT,64,0,0,0
muse.o_proj  g16,2048,6656,16,bfloat16,256,128x128x2,171.975,5,21,AMD Radeon RX 9070 XT,64,0,0,0
muse.o_proj  g16,2048,6656,16,bfloat16,256,256x32,177.678,5,21,AMD Radeon RX 9070 XT,64,0,0,0
muse.o_proj  g16,2048,6656,16,bfloat16,256,128x64,184.531,5,21,AMD Radeon RX 9070 XT,64,0,0,0
muse.o_proj  g16,2048,6656,16,bfloat16,256,192x128x2,185.343,5,21,AMD Radeon RX 9070 XT,64,0,0,0
muse.o_proj  g16,2048,6656,16,bfloat16,256,96x128x2,190.433,4,21,AMD Radeon RX 9070 XT,64,0,0,0
muse.o_proj  g16,2048,6656,16,bfloat16,256,64x64x2,191.917,4,21,AMD Radeon RX 9070 XT,64,0,0,0
muse.o_proj  g16,2048,6656,16,bfloat16,256,128x32,195.137,4,21,AMD Radeon RX 9070 XT,64,0,0,0
muse.o_proj  g16,2048,6656,16,bfloat16,256,64x128x2,226.806,4,21,AMD Radeon RX 9070 XT,64,0,0,0
muse.o_proj  g16,2048,6656,16,bfloat16,256,192x128,231.482,4,21,AMD Radeon RX 9070 XT,64,0,0,0
muse.o_proj  g16,2048,6656,16,bfloat16,256,128x256,238.949,3,21,AMD Radeon RX 9070 XT,64,0,0,0
muse.o_proj  g16,2048,6656,16,bfloat16,256,32x64x4,239.114,4,21,AMD Radeon RX 9070 XT,64,0,0,0
muse.o_proj  g16,2048,6656,16,bfloat16,256,64x32,241.292,3,21,AMD Radeon RX 9070 XT,64,0,0,0
muse.o_proj  g16,2048,6656,16,bfloat16,256,128x128,263.012,3,21,AMD Radeon RX 9070 XT,64,0,0,0
muse.o_proj  g16,2048,6656,16,bfloat16,256,112x128,271.456,3,21,AMD Radeon RX 9070 XT,64,0,0,0
muse.o_proj  g16,2048,6656,16,bfloat16,256,96x128,286.716,3,21,AMD Radeon RX 9070 XT,64,0,0,0
muse.o_proj  g16,2048,6656,16,bfloat16,256,80x128,317.767,2,21,AMD Radeon RX 9070 XT,64,0,0,0
muse.o_proj  g16,2048,6656,16,bfloat16,256,64x64,334.998,2,21,AMD Radeon RX 9070 XT,64,0,0,0
muse.o_proj  g16,2048,6656,16,bfloat16,256,32x128x4,357.859,2,21,AMD Radeon RX 9070 XT,64,0,0,0
muse.o_proj  g16,2048,6656,16,bfloat16,256,32x64x2,367.685,2,21,AMD Radeon RX 9070 XT,64,0,0,0
muse.o_proj  g16,2048,6656,16,bfloat16,256,64x128,380.015,2,21,AMD Radeon RX 9070 XT,64,0,0,0
muse.o_proj  g16,2048,6656,16,bfloat16,256,32x32,516.424,2,21,AMD Radeon RX 9070 XT,64,0,0,0
muse.o_proj  g16,2048,6656,16,bfloat16,256,prefill_wmma,523.978,2,21,AMD Radeon RX 9070 XT,64,0,0,0
muse.o_proj  g16,2048,6656,16,bfloat16,256,prefill_wmma:smallm_off,531.634,2,21,AMD Radeon RX 9070 XT,64,0,0,0
muse.o_proj  g16,2048,6656,16,bfloat16,256,32x64,695.198,2,21,AMD Radeon RX 9070 XT,64,0,0,0
muse.o_proj  g16,2048,6656,16,bfloat16,256,32x128,2389.072,2,21,AMD Radeon RX 9070 XT,64,0,0,0
muse.o_proj  g16,2048,6656,16,bfloat16,256,16x64,3736.912,2,21,AMD Radeon RX 9070 XT,64,0,0,0
muse.o_proj  g16,2048,6656,16,bfloat16,256,16x128,9478.101,2,21,AMD Radeon RX 9070 XT,64,0,0,0
muse.o_proj  g16,2048,6656,16,bfloat16,512,128x128x4,241.639,3,21,AMD Radeon RX 9070 XT,64,0,0,0
muse.o_proj  g16,2048,6656,16,bfloat16,512,192x128x2,246.809,3,21,AMD Radeon RX 9070 XT,64,0,0,0
muse.o_proj  g16,2048,6656,16,bfloat16,512,128x64x2,248.759,3,21,AMD Radeon RX 9070 XT,64,0,0,0
muse.o_proj  g16,2048,6656,16,bfloat16,512,auto,257.911,3,21,AMD Radeon RX 9070 XT,64,0,0,0
muse.o_proj  g16,2048,6656,16,bfloat16,512,256x128,258.453,3,21,AMD Radeon RX 9070 XT,64,0,0,0
muse.o_proj  g16,2048,6656,16,bfloat16,512,128x128x2,260.880,3,21,AMD Radeon RX 9070 XT,64,0,0,0
muse.o_proj  g16,2048,6656,16,bfloat16,512,256x64,278.534,3,21,AMD Radeon RX 9070 XT,64,0,0,0
muse.o_proj  g16,2048,6656,16,bfloat16,512,256x128x2,280.390,3,21,AMD Radeon RX 9070 XT,64,0,0,0
muse.o_proj  g16,2048,6656,16,bfloat16,512,256x32,288.434,3,21,AMD Radeon RX 9070 XT,64,0,0,0
muse.o_proj  g16,2048,6656,16,bfloat16,512,64x128x4,290.483,3,21,AMD Radeon RX 9070 XT,64,0,0,0
muse.o_proj  g16,2048,6656,16,bfloat16,512,192x128,326.135,2,21,AMD Radeon RX 9070 XT,64,0,0,0
muse.o_proj  g16,2048,6656,16,bfloat16,512,128x64,327.671,2,21,AMD Radeon RX 9070 XT,64,0,0,0
muse.o_proj  g16,2048,6656,16,bfloat16,512,64x64x2,331.338,2,21,AMD Radeon RX 9070 XT,64,0,0,0
muse.o_proj  g16,2048,6656,16,bfloat16,512,96x128x2,336.467,2,21,AMD Radeon RX 9070 XT,64,0,0,0
muse.o_proj  g16,2048,6656,16,bfloat16,512,128x32,346.584,2,21,AMD Radeon RX 9070 XT,64,0,0,0
muse.o_proj  g16,2048,6656,16,bfloat16,512,128x128,376.022,2,21,AMD Radeon RX 9070 XT,64,0,0,0
muse.o_proj  g16,2048,6656,16,bfloat16,512,64x128x2,409.813,2,21,AMD Radeon RX 9070 XT,64,0,0,0
muse.o_proj  g16,2048,6656,16,bfloat16,512,112x128,414.565,2,21,AMD Radeon RX 9070 XT,64,0,0,0
muse.o_proj  g16,2048,6656,16,bfloat16,512,32x64x4,443.818,2,21,AMD Radeon RX 9070 XT,64,0,0,0
muse.o_proj  g16,2048,6656,16,bfloat16,512,64x32,448.092,2,21,AMD Radeon RX 9070 XT,64,0,0,0
muse.o_proj  g16,2048,6656,16,bfloat16,512,128x256,454.411,2,21,AMD Radeon RX 9070 XT,64,0,0,0
muse.o_proj  g16,2048,6656,16,bfloat16,512,80x128,491.995,2,21,AMD Radeon RX 9070 XT,64,0,0,0
muse.o_proj  g16,2048,6656,16,bfloat16,512,96x128,536.722,2,21,AMD Radeon RX 9070 XT,64,0,0,0
muse.o_proj  g16,2048,6656,16,bfloat16,512,64x64,541.284,2,21,AMD Radeon RX 9070 XT,64,0,0,0
muse.o_proj  g16,2048,6656,16,bfloat16,512,32x128x4,637.513,2,21,AMD Radeon RX 9070 XT,64,0,0,0
muse.o_proj  g16,2048,6656,16,bfloat16,512,32x64x2,666.867,2,21,AMD Radeon RX 9070 XT,64,0,0,0
muse.o_proj  g16,2048,6656,16,bfloat16,512,64x128,742.218,2,21,AMD Radeon RX 9070 XT,64,0,0,0
muse.o_proj  g16,2048,6656,16,bfloat16,512,32x32,928.950,2,21,AMD Radeon RX 9070 XT,64,0,0,0
muse.o_proj  g16,2048,6656,16,bfloat16,512,prefill_wmma:smallm_off,990.139,2,21,AMD Radeon RX 9070 XT,64,0,0,0
muse.o_proj  g16,2048,6656,16,bfloat16,512,prefill_wmma,992.700,2,21,AMD Radeon RX 9070 XT,64,0,0,0
muse.o_proj  g16,2048,6656,16,bfloat16,512,32x64,1492.721,2,21,AMD Radeon RX 9070 XT,64,0,0,0
muse.o_proj  g16,2048,6656,16,bfloat16,512,32x128,3487.129,2,21,AMD Radeon RX 9070 XT,64,0,0,0
muse.o_proj  g16,2048,6656,16,bfloat16,512,16x64,4136.149,2,21,AMD Radeon RX 9070 XT,64,0,0,0
muse.o_proj  g16,2048,6656,16,bfloat16,512,16x128,18128.839,2,21,AMD Radeon RX 9070 XT,64,0,0,0
muse.o_proj  g16,2048,6656,16,bfloat16,1024,128x128x4,442.211,2,21,AMD Radeon RX 9070 XT,64,0,0,0
muse.o_proj  g16,2048,6656,16,bfloat16,1024,256x128,446.000,2,21,AMD Radeon RX 9070 XT,64,0,0,0
muse.o_proj  g16,2048,6656,16,bfloat16,1024,192x128x2,456.331,2,21,AMD Radeon RX 9070 XT,64,0,0,0
muse.o_proj  g16,2048,6656,16,bfloat16,1024,auto,456.995,2,21,AMD Radeon RX 9070 XT,64,0,0,0
muse.o_proj  g16,2048,6656,16,bfloat16,1024,128x128x2,460.436,2,21,AMD Radeon RX 9070 XT,64,0,0,0
muse.o_proj  g16,2048,6656,16,bfloat16,1024,128x64x2,472.936,2,21,AMD Radeon RX 9070 XT,64,0,0,0
muse.o_proj  g16,2048,6656,16,bfloat16,1024,256x128x2,477.057,2,21,AMD Radeon RX 9070 XT,64,0,0,0
muse.o_proj  g16,2048,6656,16,bfloat16,1024,256x64,500.404,2,21,AMD Radeon RX 9070 XT,64,0,0,0
muse.o_proj  g16,2048,6656,16,bfloat16,1024,256x32,534.554,2,21,AMD Radeon RX 9070 XT,64,0,0,0
muse.o_proj  g16,2048,6656,16,bfloat16,1024,192x128,562.832,2,21,AMD Radeon RX 9070 XT,64,0,0,0
muse.o_proj  g16,2048,6656,16,bfloat16,1024,64x128x4,569.185,2,21,AMD Radeon RX 9070 XT,64,0,0,0
muse.o_proj  g16,2048,6656,16,bfloat16,1024,96x128x2,592.155,2,21,AMD Radeon RX 9070 XT,64,0,0,0
muse.o_proj  g16,2048,6656,16,bfloat16,1024,128x64,605.238,2,21,AMD Radeon RX 9070 XT,64,0,0,0
muse.o_proj  g16,2048,6656,16,bfloat16,1024,128x128,629.664,2,21,AMD Radeon RX 9070 XT,64,0,0,0
muse.o_proj  g16,2048,6656,16,bfloat16,1024,64x64x2,648.556,2,21,AMD Radeon RX 9070 XT,64,0,0,0
muse.o_proj  g16,2048,6656,16,bfloat16,1024,128x32,657.737,2,21,AMD Radeon RX 9070 XT,64,0,0,0
muse.o_proj  g16,2048,6656,16,bfloat16,1024,64x128x2,738.421,2,21,AMD Radeon RX 9070 XT,64,0,0,0
muse.o_proj  g16,2048,6656,16,bfloat16,1024,112x128,769.679,2,21,AMD Radeon RX 9070 XT,64,0,0,0
muse.o_proj  g16,2048,6656,16,bfloat16,1024,128x256,851.531,2,21,AMD Radeon RX 9070 XT,64,0,0,0
muse.o_proj  g16,2048,6656,16,bfloat16,1024,64x32,865.083,2,21,AMD Radeon RX 9070 XT,64,0,0,0
muse.o_proj  g16,2048,6656,16,bfloat16,1024,32x64x4,884.345,2,21,AMD Radeon RX 9070 XT,64,0,0,0
muse.o_proj  g16,2048,6656,16,bfloat16,1024,96x128,890.210,2,21,AMD Radeon RX 9070 XT,64,0,0,0
muse.o_proj  g16,2048,6656,16,bfloat16,1024,80x128,939.801,2,21,AMD Radeon RX 9070 XT,64,0,0,0
muse.o_proj  g16,2048,6656,16,bfloat16,1024,64x64,980.948,2,21,AMD Radeon RX 9070 XT,64,0,0,0
muse.o_proj  g16,2048,6656,16,bfloat16,1024,32x128x4,1432.950,2,21,AMD Radeon RX 9070 XT,64,0,0,0
muse.o_proj  g16,2048,6656,16,bfloat16,1024,32x64x2,1487.719,2,21,AMD Radeon RX 9070 XT,64,0,0,0
muse.o_proj  g16,2048,6656,16,bfloat16,1024,64x128,1532.851,2,21,AMD Radeon RX 9070 XT,64,0,0,0
muse.o_proj  g16,2048,6656,16,bfloat16,1024,prefill_wmma:smallm_off,1767.824,2,21,AMD Radeon RX 9070 XT,64,0,0,0
muse.o_proj  g16,2048,6656,16,bfloat16,1024,prefill_wmma,1777.440,2,21,AMD Radeon RX 9070 XT,64,0,0,0
muse.o_proj  g16,2048,6656,16,bfloat16,1024,32x32,2106.190,2,21,AMD Radeon RX 9070 XT,64,0,0,0
muse.o_proj  g16,2048,6656,16,bfloat16,1024,32x64,2555.014,2,21,AMD Radeon RX 9070 XT,64,0,0,0
muse.o_proj  g16,2048,6656,16,bfloat16,1024,32x128,6298.919,2,21,AMD Radeon RX 9070 XT,64,0,0,0
muse.o_proj  g16,2048,6656,16,bfloat16,1024,16x64,7390.753,2,21,AMD Radeon RX 9070 XT,64,0,0,0
muse.o_proj  g16,2048,6656,16,bfloat16,1024,16x128,22125.203,2,21,AMD Radeon RX 9070 XT,64,0,0,0
muse.o_proj  g16,2048,6656,16,bfloat16,2048,auto,813.548,2,21,AMD Radeon RX 9070 XT,64,0,0,0
muse.o_proj  g16,2048,6656,16,bfloat16,2048,256x128,815.643,2,21,AMD Radeon RX 9070 XT,64,0,0,0
muse.o_proj  g16,2048,6656,16,bfloat16,2048,192x128x2,836.321,2,21,AMD Radeon RX 9070 XT,64,0,0,0
muse.o_proj  g16,2048,6656,16,bfloat16,2048,128x128x4,873.169,2,21,AMD Radeon RX 9070 XT,64,0,0,0
muse.o_proj  g16,2048,6656,16,bfloat16,2048,256x128x2,890.348,2,21,AMD Radeon RX 9070 XT,64,0,0,0
muse.o_proj  g16,2048,6656,16,bfloat16,2048,128x128x2,897.115,2,21,AMD Radeon RX 9070 XT,64,0,0,0
muse.o_proj  g16,2048,6656,16,bfloat16,2048,128x64x2,926.744,2,21,AMD Radeon RX 9070 XT,64,0,0,0
muse.o_proj  g16,2048,6656,16,bfloat16,2048,256x64,974.962,2,21,AMD Radeon RX 9070 XT,64,0,0,0
muse.o_proj  g16,2048,6656,16,bfloat16,2048,192x128,1041.511,2,21,AMD Radeon RX 9070 XT,64,0,0,0
muse.o_proj  g16,2048,6656,16,bfloat16,2048,256x32,1071.489,2,21,AMD Radeon RX 9070 XT,64,0,0,0
muse.o_proj  g16,2048,6656,16,bfloat16,2048,64x128x4,1118.980,2,21,AMD Radeon RX 9070 XT,64,0,0,0
muse.o_proj  g16,2048,6656,16,bfloat16,2048,96x128x2,1327.864,2,21,AMD Radeon RX 9070 XT,64,0,0,0
muse.o_proj  g16,2048,6656,16,bfloat16,2048,128x64,1369.660,2,21,AMD Radeon RX 9070 XT,64,0,0,0
muse.o_proj  g16,2048,6656,16,bfloat16,2048,128x128,1405.630,2,21,AMD Radeon RX 9070 XT,64,0,0,0
muse.o_proj  g16,2048,6656,16,bfloat16,2048,64x64x2,1423.497,2,21,AMD Radeon RX 9070 XT,64,0,0,0
muse.o_proj  g16,2048,6656,16,bfloat16,2048,128x32,1425.579,2,21,AMD Radeon RX 9070 XT,64,0,0,0
muse.o_proj  g16,2048,6656,16,bfloat16,2048,112x128,1590.222,2,21,AMD Radeon RX 9070 XT,64,0,0,0
muse.o_proj  g16,2048,6656,16,bfloat16,2048,64x128x2,1662.734,2,21,AMD Radeon RX 9070 XT,64,0,0,0
muse.o_proj  g16,2048,6656,16,bfloat16,2048,128x256,1776.479,2,21,AMD Radeon RX 9070 XT,64,0,0,0
muse.o_proj  g16,2048,6656,16,bfloat16,2048,64x32,1855.084,2,21,AMD Radeon RX 9070 XT,64,0,0,0
muse.o_proj  g16,2048,6656,16,bfloat16,2048,96x128,1896.750,2,21,AMD Radeon RX 9070 XT,64,0,0,0
muse.o_proj  g16,2048,6656,16,bfloat16,2048,32x64x4,1912.222,2,21,AMD Radeon RX 9070 XT,64,0,0,0
muse.o_proj  g16,2048,6656,16,bfloat16,2048,80x128,1923.392,2,21,AMD Radeon RX 9070 XT,64,0,0,0
muse.o_proj  g16,2048,6656,16,bfloat16,2048,64x64,2161.679,2,21,AMD Radeon RX 9070 XT,64,0,0,0
muse.o_proj  g16,2048,6656,16,bfloat16,2048,32x128x4,2656.799,2,21,AMD Radeon RX 9070 XT,64,0,0,0
muse.o_proj  g16,2048,6656,16,bfloat16,2048,64x128,2701.705,2,21,AMD Radeon RX 9070 XT,64,0,0,0
muse.o_proj  g16,2048,6656,16,bfloat16,2048,32x64x2,2741.809,2,21,AMD Radeon RX 9070 XT,64,0,0,0
muse.o_proj  g16,2048,6656,16,bfloat16,2048,prefill_wmma:smallm_off,3383.186,2,21,AMD Radeon RX 9070 XT,64,0,0,0
muse.o_proj  g16,2048,6656,16,bfloat16,2048,prefill_wmma,3439.354,2,21,AMD Radeon RX 9070 XT,64,0,0,0
muse.o_proj  g16,2048,6656,16,bfloat16,2048,32x32,3620.217,2,21,AMD Radeon RX 9070 XT,64,0,0,0
muse.o_proj  g16,2048,6656,16,bfloat16,2048,32x64,4892.087,2,21,AMD Radeon RX 9070 XT,64,0,0,0
muse.o_proj  g16,2048,6656,16,bfloat16,2048,16x64,12188.987,2,21,AMD Radeon RX 9070 XT,64,0,0,0
muse.o_proj  g16,2048,6656,16,bfloat16,2048,32x128,16127.087,2,21,AMD Radeon RX 9070 XT,64,0,0,0
muse.o_proj  g16,2048,6656,16,bfloat16,2048,16x128,24483.180,2,21,AMD Radeon RX 9070 XT,64,0,0,0
muse.gate_up g16,6656,19968,16,bfloat16,1,32x64x4,320.130,15,4,AMD Radeon RX 9070 XT,64,0,0,0
muse.gate_up g16,6656,19968,16,bfloat16,1,64x128x4,369.192,13,4,AMD Radeon RX 9070 XT,64,0,0,0
muse.gate_up g16,6656,19968,16,bfloat16,1,64x64x2,380.981,13,4,AMD Radeon RX 9070 XT,64,0,0,0
muse.gate_up g16,6656,19968,16,bfloat16,1,128x128x4,485.658,10,4,AMD Radeon RX 9070 XT,64,0,0,0
muse.gate_up g16,6656,19968,16,bfloat16,1,64x32,490.324,10,4,AMD Radeon RX 9070 XT,64,0,0,0
muse.gate_up g16,6656,19968,16,bfloat16,1,128x64x2,492.108,10,4,AMD Radeon RX 9070 XT,64,0,0,0
muse.gate_up g16,6656,19968,16,bfloat16,1,auto,496.570,9,4,AMD Radeon RX 9070 XT,64,0,0,0
muse.gate_up g16,6656,19968,16,bfloat16,1,128x128x2,506.579,9,4,AMD Radeon RX 9070 XT,64,0,0,0
muse.gate_up g16,6656,19968,16,bfloat16,1,32x128x4,518.790,9,4,AMD Radeon RX 9070 XT,64,0,0,0
muse.gate_up g16,6656,19968,16,bfloat16,1,32x64x2,522.764,9,4,AMD Radeon RX 9070 XT,64,0,0,0
muse.gate_up g16,6656,19968,16,bfloat16,1,96x128x2,523.990,9,4,AMD Radeon RX 9070 XT,64,0,0,0
muse.gate_up g16,6656,19968,16,bfloat16,1,32x32,568.511,8,4,AMD Radeon RX 9070 XT,64,0,0,0
muse.gate_up g16,6656,19968,16,bfloat16,1,64x128x2,574.238,8,4,AMD Radeon RX 9070 XT,64,0,0,0
muse.gate_up g16,6656,19968,16,bfloat16,1,128x32,583.048,8,4,AMD Radeon RX 9070 XT,64,0,0,0
muse.gate_up g16,6656,19968,16,bfloat16,1,64x64,604.832,8,4,AMD Radeon RX 9070 XT,64,0,0,0
muse.gate_up g16,6656,19968,16,bfloat16,1,128x64,614.907,8,4,AMD Radeon RX 9070 XT,64,0,0,0
muse.gate_up g16,6656,19968,16,bfloat16,1,192x128x2,654.559,7,4,AMD Radeon RX 9070 XT,64,0,0,0
muse.gate_up g16,6656,19968,16,bfloat16,1,128x128,700.327,7,4,AMD Radeon RX 9070 XT,64,0,0,0
muse.gate_up g16,6656,19968,16,bfloat16,1,112x128,754.323,6,4,AMD Radeon RX 9070 XT,64,0,0,0
muse.gate_up g16,6656,19968,16,bfloat16,1,96x128,806.854,6,4,AMD Radeon RX 9070 XT,64,0,0,0
muse.gate_up g16,6656,19968,16,bfloat16,1,256x128,812.493,6,4,AMD Radeon RX 9070 XT,64,0,0,0
muse.gate_up g16,6656,19968,16,bfloat16,1,192x128,846.301,5,4,AMD Radeon RX 9070 XT,64,0,0,0
muse.gate_up g16,6656,19968,16,bfloat16,1,80x128,860.222,5,4,AMD Radeon RX 9070 XT,64,0,0,0
muse.gate_up g16,6656,19968,16,bfloat16,1,256x64,874.078,5,4,AMD Radeon RX 9070 XT,64,0,0,0
muse.gate_up g16,6656,19968,16,bfloat16,1,256x128x2,878.506,5,4,AMD Radeon RX 9070 XT,64,0,0,0
muse.gate_up g16,6656,19968,16,bfloat16,1,256x32,884.932,5,4,AMD Radeon RX 9070 XT,64,0,0,0
muse.gate_up g16,6656,19968,16,bfloat16,1,prefill_wmma,990.131,5,4,AMD Radeon RX 9070 XT,64,0,0,0
muse.gate_up g16,6656,19968,16,bfloat16,1,32x64,1001.889,4,4,AMD Radeon RX 9070 XT,64,0,0,0
muse.gate_up g16,6656,19968,16,bfloat16,1,64x128,1253.187,4,4,AMD Radeon RX 9070 XT,64,0,0,0
muse.gate_up g16,6656,19968,16,bfloat16,1,128x256,1323.801,3,4,AMD Radeon RX 9070 XT,64,0,0,0
muse.gate_up g16,6656,19968,16,bfloat16,1,16x64,1921.491,2,4,AMD Radeon RX 9070 XT,64,0,0,0
muse.gate_up g16,6656,19968,16,bfloat16,1,16x128,1939.401,2,4,AMD Radeon RX 9070 XT,64,0,0,0
muse.gate_up g16,6656,19968,16,bfloat16,1,32x128,1975.447,2,4,AMD Radeon RX 9070 XT,64,0,0,0
muse.gate_up g16,6656,19968,16,bfloat16,1,prefill_wmma:smallm_off,2880.119,2,4,AMD Radeon RX 9070 XT,64,0,0,0
muse.gate_up g16,6656,19968,16,bfloat16,8,32x64x4,319.891,15,4,AMD Radeon RX 9070 XT,64,0,0,0
muse.gate_up g16,6656,19968,16,bfloat16,8,64x128x4,369.364,13,4,AMD Radeon RX 9070 XT,64,0,0,0
muse.gate_up g16,6656,19968,16,bfloat16,8,64x64x2,383.881,13,4,AMD Radeon RX 9070 XT,64,0,0,0
muse.gate_up g16,6656,19968,16,bfloat16,8,128x128x4,490.802,10,4,AMD Radeon RX 9070 XT,64,0,0,0
muse.gate_up g16,6656,19968,16,bfloat16,8,64x32,497.558,9,4,AMD Radeon RX 9070 XT,64,0,0,0
muse.gate_up g16,6656,19968,16,bfloat16,8,128x64x2,502.623,10,4,AMD Radeon RX 9070 XT,64,0,0,0
muse.gate_up g16,6656,19968,16,bfloat16,8,auto,502.788,9,4,AMD Radeon RX 9070 XT,64,0,0,0
muse.gate_up g16,6656,19968,16,bfloat16,8,128x128x2,513.837,9,4,AMD Radeon RX 9070 XT,64,0,0,0
muse.gate_up g16,6656,19968,16,bfloat16,8,32x128x4,519.003,9,4,AMD Radeon RX 9070 XT,64,0,0,0
muse.gate_up g16,6656,19968,16,bfloat16,8,96x128x2,522.799,9,4,AMD Radeon RX 9070 XT,64,0,0,0
muse.gate_up g16,6656,19968,16,bfloat16,8,32x64x2,527.895,9,4,AMD Radeon RX 9070 XT,64,0,0,0
muse.gate_up g16,6656,19968,16,bfloat16,8,64x128x2,570.520,8,4,AMD Radeon RX 9070 XT,64,0,0,0
muse.gate_up g16,6656,19968,16,bfloat16,8,32x32,586.534,8,4,AMD Radeon RX 9070 XT,64,0,0,0
muse.gate_up g16,6656,19968,16,bfloat16,8,128x32,596.241,8,4,AMD Radeon RX 9070 XT,64,0,0,0
muse.gate_up g16,6656,19968,16,bfloat16,8,64x64,608.117,8,4,AMD Radeon RX 9070 XT,64,0,0,0
muse.gate_up g16,6656,19968,16,bfloat16,8,128x64,621.580,7,4,AMD Radeon RX 9070 XT,64,0,0,0
muse.gate_up g16,6656,19968,16,bfloat16,8,192x128x2,665.273,7,4,AMD Radeon RX 9070 XT,64,0,0,0
muse.gate_up g16,6656,19968,16,bfloat16,8,128x128,699.013,6,4,AMD Radeon RX 9070 XT,64,0,0,0
muse.gate_up g16,6656,19968,16,bfloat16,8,112x128,752.040,6,4,AMD Radeon RX 9070 XT,64,0,0,0
muse.gate_up g16,6656,19968,16,bfloat16,8,96x128,804.698,6,4,AMD Radeon RX 9070 XT,64,0,0,0
muse.gate_up g16,6656,19968,16,bfloat16,8,256x128,821.755,6,4,AMD Radeon RX 9070 XT,64,0,0,0
muse.gate_up g16,6656,19968,16,bfloat16,8,192x128,849.074,5,4,AMD Radeon RX 9070 XT,64,0,0,0
muse.gate_up g16,6656,19968,16,bfloat16,8,80x128,857.608,5,4,AMD Radeon RX 9070 XT,64,0,0,0
muse.gate_up g16,6656,19968,16,bfloat16,8,256x128x2,876.232,5,4,AMD Radeon RX 9070 XT,64,0,0,0
muse.gate_up g16,6656,19968,16,bfloat16,8,256x64,883.508,5,4,AMD Radeon RX 9070 XT,64,0,0,0
muse.gate_up g16,6656,19968,16,bfloat16,8,256x32,901.150,5,4,AMD Radeon RX 9070 XT,64,0,0,0
muse.gate_up g16,6656,19968,16,bfloat16,8,prefill_wmma,972.633,5,4,AMD Radeon RX 9070 XT,64,0,0,0
muse.gate_up g16,6656,19968,16,bfloat16,8,32x64,1009.551,4,4,AMD Radeon RX 9070 XT,64,0,0,0
muse.gate_up g16,6656,19968,16,bfloat16,8,64x128,1251.557,4,4,AMD Radeon RX 9070 XT,64,0,0,0
muse.gate_up g16,6656,19968,16,bfloat16,8,128x256,1323.395,3,4,AMD Radeon RX 9070 XT,64,0,0,0
muse.gate_up g16,6656,19968,16,bfloat16,8,16x128,1929.126,2,4,AMD Radeon RX 9070 XT,64,0,0,0
muse.gate_up g16,6656,19968,16,bfloat16,8,32x128,1964.872,2,4,AMD Radeon RX 9070 XT,64,0,0,0
muse.gate_up g16,6656,19968,16,bfloat16,8,16x64,2023.177,2,4,AMD Radeon RX 9070 XT,64,0,0,0
muse.gate_up g16,6656,19968,16,bfloat16,8,prefill_wmma:smallm_off,2832.383,2,4,AMD Radeon RX 9070 XT,64,0,0,0
muse.gate_up g16,6656,19968,16,bfloat16,17,32x64x4,329.138,15,4,AMD Radeon RX 9070 XT,64,0,0,0
muse.gate_up g16,6656,19968,16,bfloat16,17,64x128x4,375.425,13,4,AMD Radeon RX 9070 XT,64,0,0,0
muse.gate_up g16,6656,19968,16,bfloat16,17,64x64x2,391.291,12,4,AMD Radeon RX 9070 XT,64,0,0,0
muse.gate_up g16,6656,19968,16,bfloat16,17,128x128x4,496.880,10,4,AMD Radeon RX 9070 XT,64,0,0,0
muse.gate_up g16,6656,19968,16,bfloat16,17,128x64x2,510.874,10,4,AMD Radeon RX 9070 XT,64,0,0,0
muse.gate_up g16,6656,19968,16,bfloat16,17,32x128x4,525.658,9,4,AMD Radeon RX 9070 XT,64,0,0,0
muse.gate_up g16,6656,19968,16,bfloat16,17,128x128x2,526.426,9,4,AMD Radeon RX 9070 XT,64,0,0,0
muse.gate_up g16,6656,19968,16,bfloat16,17,96x128x2,528.149,9,4,AMD Radeon RX 9070 XT,64,0,0,0
muse.gate_up g16,6656,19968,16,bfloat16,17,64x32,530.994,9,4,AMD Radeon RX 9070 XT,64,0,0,0
muse.gate_up g16,6656,19968,16,bfloat16,17,auto,538.981,9,4,AMD Radeon RX 9070 XT,64,0,0,0
muse.gate_up g16,6656,19968,16,bfloat16,17,32x64x2,541.605,9,4,AMD Radeon RX 9070 XT,64,0,0,0
muse.gate_up g16,6656,19968,16,bfloat16,17,64x128x2,581.613,8,4,AMD Radeon RX 9070 XT,64,0,0,0
muse.gate_up g16,6656,19968,16,bfloat16,17,128x32,616.846,8,4,AMD Radeon RX 9070 XT,64,0,0,0
muse.gate_up g16,6656,19968,16,bfloat16,17,64x64,619.176,7,4,AMD Radeon RX 9070 XT,64,0,0,0
muse.gate_up g16,6656,19968,16,bfloat16,17,32x32,634.761,7,4,AMD Radeon RX 9070 XT,64,0,0,0
muse.gate_up g16,6656,19968,16,bfloat16,17,128x64,635.064,7,4,AMD Radeon RX 9070 XT,64,0,0,0
muse.gate_up g16,6656,19968,16,bfloat16,17,192x128x2,667.659,7,4,AMD Radeon RX 9070 XT,64,0,0,0
muse.gate_up g16,6656,19968,16,bfloat16,17,128x128,704.674,6,4,AMD Radeon RX 9070 XT,64,0,0,0
muse.gate_up g16,6656,19968,16,bfloat16,17,112x128,754.057,6,4,AMD Radeon RX 9070 XT,64,0,0,0
muse.gate_up g16,6656,19968,16,bfloat16,17,96x128,812.916,6,4,AMD Radeon RX 9070 XT,64,0,0,0
muse.gate_up g16,6656,19968,16,bfloat16,17,256x128,830.970,6,4,AMD Radeon RX 9070 XT,64,0,0,0
muse.gate_up g16,6656,19968,16,bfloat16,17,192x128,858.142,5,4,AMD Radeon RX 9070 XT,64,0,0,0
muse.gate_up g16,6656,19968,16,bfloat16,17,80x128,867.352,5,4,AMD Radeon RX 9070 XT,64,0,0,0
muse.gate_up g16,6656,19968,16,bfloat16,17,256x128x2,884.578,5,4,AMD Radeon RX 9070 XT,64,0,0,0
muse.gate_up g16,6656,19968,16,bfloat16,17,256x64,898.144,5,4,AMD Radeon RX 9070 XT,64,0,0,0
muse.gate_up g16,6656,19968,16,bfloat16,17,256x32,914.398,5,4,AMD Radeon RX 9070 XT,64,0,0,0
muse.gate_up g16,6656,19968,16,bfloat16,17,32x64,1049.714,4,4,AMD Radeon RX 9070 XT,64,0,0,0
muse.gate_up g16,6656,19968,16,bfloat16,17,prefill_wmma,1061.800,4,4,AMD Radeon RX 9070 XT,64,0,0,0
muse.gate_up g16,6656,19968,16,bfloat16,17,64x128,1238.384,3,4,AMD Radeon RX 9070 XT,64,0,0,0
muse.gate_up g16,6656,19968,16,bfloat16,17,128x256,1326.971,3,4,AMD Radeon RX 9070 XT,64,0,0,0
muse.gate_up g16,6656,19968,16,bfloat16,17,32x128,1981.737,2,4,AMD Radeon RX 9070 XT,64,0,0,0
muse.gate_up g16,6656,19968,16,bfloat16,17,16x64,2699.872,2,4,AMD Radeon RX 9070 XT,64,0,0,0
muse.gate_up g16,6656,19968,16,bfloat16,17,prefill_wmma:smallm_off,2898.274,2,4,AMD Radeon RX 9070 XT,64,0,0,0
muse.gate_up g16,6656,19968,16,bfloat16,17,16x128,3389.971,2,4,AMD Radeon RX 9070 XT,64,0,0,0
muse.gate_up g16,6656,19968,16,bfloat16,24,32x64x4,336.528,14,4,AMD Radeon RX 9070 XT,64,0,0,0
muse.gate_up g16,6656,19968,16,bfloat16,24,64x128x4,378.504,13,4,AMD Radeon RX 9070 XT,64,0,0,0
muse.gate_up g16,6656,19968,16,bfloat16,24,64x64x2,397.260,12,4,AMD Radeon RX 9070 XT,64,0,0,0
muse.gate_up g16,6656,19968,16,bfloat16,24,128x128x4,499.759,10,4,AMD Radeon RX 9070 XT,64,0,0,0
muse.gate_up g16,6656,19968,16,bfloat16,24,128x64x2,514.413,9,4,AMD Radeon RX 9070 XT,64,0,0,0
muse.gate_up g16,6656,19968,16,bfloat16,24,128x128x2,527.558,9,4,AMD Radeon RX 9070 XT,64,0,0,0
muse.gate_up g16,6656,19968,16,bfloat16,24,96x128x2,528.510,9,4,AMD Radeon RX 9070 XT,64,0,0,0
muse.gate_up g16,6656,19968,16,bfloat16,24,32x128x4,534.119,9,4,AMD Radeon RX 9070 XT,64,0,0,0
muse.gate_up g16,6656,19968,16,bfloat16,24,64x32,551.265,9,4,AMD Radeon RX 9070 XT,64,0,0,0
muse.gate_up g16,6656,19968,16,bfloat16,24,auto,560.054,8,4,AMD Radeon RX 9070 XT,64,0,0,0
muse.gate_up g16,6656,19968,16,bfloat16,24,32x64x2,562.065,8,4,AMD Radeon RX 9070 XT,64,0,0,0
muse.gate_up g16,6656,19968,16,bfloat16,24,64x128x2,587.908,8,4,AMD Radeon RX 9070 XT,64,0,0,0
muse.gate_up g16,6656,19968,16,bfloat16,24,128x32,627.823,8,4,AMD Radeon RX 9070 XT,64,0,0,0
muse.gate_up g16,6656,19968,16,bfloat16,24,64x64,633.799,7,4,AMD Radeon RX 9070 XT,64,0,0,0
muse.gate_up g16,6656,19968,16,bfloat16,24,128x64,645.182,7,4,AMD Radeon RX 9070 XT,64,0,0,0
muse.gate_up g16,6656,19968,16,bfloat16,24,192x128x2,670.543,7,4,AMD Radeon RX 9070 XT,64,0,0,0
muse.gate_up g16,6656,19968,16,bfloat16,24,32x32,677.225,7,4,AMD Radeon RX 9070 XT,64,0,0,0
muse.gate_up g16,6656,19968,16,bfloat16,24,128x128,710.528,6,4,AMD Radeon RX 9070 XT,64,0,0,0
muse.gate_up g16,6656,19968,16,bfloat16,24,112x128,760.965,6,4,AMD Radeon RX 9070 XT,64,0,0,0
muse.gate_up g16,6656,19968,16,bfloat16,24,96x128,820.520,6,4,AMD Radeon RX 9070 XT,64,0,0,0
muse.gate_up g16,6656,19968,16,bfloat16,24,256x128,831.205,5,4,AMD Radeon RX 9070 XT,64,0,0,0
muse.gate_up g16,6656,19968,16,bfloat16,24,192x128,857.600,5,4,AMD Radeon RX 9070 XT,64,0,0,0
muse.gate_up g16,6656,19968,16,bfloat16,24,80x128,880.070,5,4,AMD Radeon RX 9070 XT,64,0,0,0
muse.gate_up g16,6656,19968,16,bfloat16,24,256x128x2,888.866,5,4,AMD Radeon RX 9070 XT,64,0,0,0
muse.gate_up g16,6656,19968,16,bfloat16,24,256x64,904.760,5,4,AMD Radeon RX 9070 XT,64,0,0,0
muse.gate_up g16,6656,19968,16,bfloat16,24,256x32,923.733,5,4,AMD Radeon RX 9070 XT,64,0,0,0
muse.gate_up g16,6656,19968,16,bfloat16,24,prefill_wmma,1044.621,3,4,AMD Radeon RX 9070 XT,64,0,0,0
muse.gate_up g16,6656,19968,16,bfloat16,24,32x64,1242.364,3,4,AMD Radeon RX 9070 XT,64,0,0,0
muse.gate_up g16,6656,19968,16,bfloat16,24,64x128,1246.524,3,4,AMD Radeon RX 9070 XT,64,0,0,0
muse.gate_up g16,6656,19968,16,bfloat16,24,128x256,1334.548,3,4,AMD Radeon RX 9070 XT,64,0,0,0
muse.gate_up g16,6656,19968,16,bfloat16,24,32x128,2009.272,2,4,AMD Radeon RX 9070 XT,64,0,0,0
muse.gate_up g16,6656,19968,16,bfloat16,24,prefill_wmma:smallm_off,2941.355,2,4,AMD Radeon RX 9070 XT,64,0,0,0
muse.gate_up g16,6656,19968,16,bfloat16,24,16x64,3396.286,2,4,AMD Radeon RX 9070 XT,64,0,0,0
muse.gate_up g16,6656,19968,16,bfloat16,24,16x128,3472.692,2,4,AMD Radeon RX 9070 XT,64,0,0,0
muse.gate_up g16,6656,19968,16,bfloat16,32,32x64x4,343.748,14,4,AMD Radeon RX 9070 XT,64,0,0,0
muse.gate_up g16,6656,19968,16,bfloat16,32,64x128x4,383.537,13,4,AMD Radeon RX 9070 XT,64,0,0,0
muse.gate_up g16,6656,19968,16,bfloat16,32,64x64x2,405.604,12,4,AMD Radeon RX 9070 XT,64,0,0,0
muse.gate_up g16,6656,19968,16,bfloat16,32,128x128x4,500.463,10,4,AMD Radeon RX 9070 XT,64,0,0,0
muse.gate_up g16,6656,19968,16,bfloat16,32,128x64x2,520.732,9,4,AMD Radeon RX 9070 XT,64,0,0,0
muse.gate_up g16,6656,19968,16,bfloat16,32,128x128x2,533.889,9,4,AMD Radeon RX 9070 XT,64,0,0,0
muse.gate_up g16,6656,19968,16,bfloat16,32,96x128x2,535.495,9,4,AMD Radeon RX 9070 XT,64,0,0,0
muse.gate_up g16,6656,19968,16,bfloat16,32,32x128x4,543.362,9,4,AMD Radeon RX 9070 XT,64,0,0,0
muse.gate_up g16,6656,19968,16,bfloat16,32,32x64x2,586.759,8,4,AMD Radeon RX 9070 XT,64,0,0,0
muse.gate_up g16,6656,19968,16,bfloat16,32,64x32,591.954,8,4,AMD Radeon RX 9070 XT,64,0,0,0
muse.gate_up g16,6656,19968,16,bfloat16,32,64x128x2,594.867,8,4,AMD Radeon RX 9070 XT,64,0,0,0
muse.gate_up g16,6656,19968,16,bfloat16,32,auto,597.481,8,4,AMD Radeon RX 9070 XT,64,0,0,0
muse.gate_up g16,6656,19968,16,bfloat16,32,128x32,643.990,7,4,AMD Radeon RX 9070 XT,64,0,0,0
muse.gate_up g16,6656,19968,16,bfloat16,32,64x64,650.057,7,4,AMD Radeon RX 9070 XT,64,0,0,0
muse.gate_up g16,6656,19968,16,bfloat16,32,128x64,655.430,7,4,AMD Radeon RX 9070 XT,64,0,0,0
muse.gate_up g16,6656,19968,16,bfloat16,32,192x128x2,680.734,7,4,AMD Radeon RX 9070 XT,64,0,0,0
muse.gate_up g16,6656,19968,16,bfloat16,32,128x128,719.601,6,4,AMD Radeon RX 9070 XT,64,0,0,0
muse.gate_up g16,6656,19968,16,bfloat16,32,32x32,728.287,6,4,AMD Radeon RX 9070 XT,64,0,0,0
muse.gate_up g16,6656,19968,16,bfloat16,32,112x128,768.240,6,4,AMD Radeon RX 9070 XT,64,0,0,0
muse.gate_up g16,6656,19968,16,bfloat16,32,96x128,831.353,5,4,AMD Radeon RX 9070 XT,64,0,0,0
muse.gate_up g16,6656,19968,16,bfloat16,32,256x128,842.129,5,4,AMD Radeon RX 9070 XT,64,0,0,0
muse.gate_up g16,6656,19968,16,bfloat16,32,192x128,868.852,5,4,AMD Radeon RX 9070 XT,64,0,0,0
muse.gate_up g16,6656,19968,16,bfloat16,32,80x128,891.118,5,4,AMD Radeon RX 9070 XT,64,0,0,0
muse.gate_up g16,6656,19968,16,bfloat16,32,256x128x2,916.819,5,4,AMD Radeon RX 9070 XT,64,0,0,0
muse.gate_up g16,6656,19968,16,bfloat16,32,256x64,919.870,5,4,AMD Radeon RX 9070 XT,64,0,0,0
muse.gate_up g16,6656,19968,16,bfloat16,32,256x32,930.839,5,4,AMD Radeon RX 9070 XT,64,0,0,0
muse.gate_up g16,6656,19968,16,bfloat16,32,prefill_wmma,1080.968,3,4,AMD Radeon RX 9070 XT,64,0,0,0
muse.gate_up g16,6656,19968,16,bfloat16,32,64x128,1261.874,3,4,AMD Radeon RX 9070 XT,64,0,0,0
muse.gate_up g16,6656,19968,16,bfloat16,32,32x64,1280.217,3,4,AMD Radeon RX 9070 XT,64,0,0,0
muse.gate_up g16,6656,19968,16,bfloat16,32,128x256,1341.512,3,4,AMD Radeon RX 9070 XT,64,0,0,0
muse.gate_up g16,6656,19968,16,bfloat16,32,32x128,2146.639,2,4,AMD Radeon RX 9070 XT,64,0,0,0
muse.gate_up g16,6656,19968,16,bfloat16,32,prefill_wmma:smallm_off,2907.540,2,4,AMD Radeon RX 9070 XT,64,0,0,0
muse.gate_up g16,6656,19968,16,bfloat16,32,16x128,3520.392,2,4,AMD Radeon RX 9070 XT,64,0,0,0
muse.gate_up g16,6656,19968,16,bfloat16,32,16x64,3560.939,2,4,AMD Radeon RX 9070 XT,64,0,0,0
muse.gate_up g16,6656,19968,16,bfloat16,48,64x128x4,394.055,12,4,AMD Radeon RX 9070 XT,64,0,0,0
muse.gate_up g16,6656,19968,16,bfloat16,48,64x64x2,421.043,12,4,AMD Radeon RX 9070 XT,64,0,0,0
muse.gate_up g16,6656,19968,16,bfloat16,48,128x128x4,505.196,9,4,AMD Radeon RX 9070 XT,64,0,0,0
muse.gate_up g16,6656,19968,16,bfloat16,48,128x64x2,533.584,9,4,AMD Radeon RX 9070 XT,64,0,0,0
muse.gate_up g16,6656,19968,16,bfloat16,48,128x128x2,540.796,9,4,AMD Radeon RX 9070 XT,64,0,0,0
muse.gate_up g16,6656,19968,16,bfloat16,48,96x128x2,543.542,9,4,AMD Radeon RX 9070 XT,64,0,0,0
muse.gate_up g16,6656,19968,16,bfloat16,48,32x64x4,566.478,8,4,AMD Radeon RX 9070 XT,64,0,0,0
muse.gate_up g16,6656,19968,16,bfloat16,48,64x128x2,613.143,8,4,AMD Radeon RX 9070 XT,64,0,0,0
muse.gate_up g16,6656,19968,16,bfloat16,48,64x32,662.499,7,4,AMD Radeon RX 9070 XT,64,0,0,0
muse.gate_up g16,6656,19968,16,bfloat16,48,auto,665.880,7,4,AMD Radeon RX 9070 XT,64,0,0,0
muse.gate_up g16,6656,19968,16,bfloat16,48,128x32,676.989,7,4,AMD Radeon RX 9070 XT,64,0,0,0
muse.gate_up g16,6656,19968,16,bfloat16,48,128x64,678.692,7,4,AMD Radeon RX 9070 XT,64,0,0,0
muse.gate_up g16,6656,19968,16,bfloat16,48,192x128x2,687.038,7,4,AMD Radeon RX 9070 XT,64,0,0,0
muse.gate_up g16,6656,19968,16,bfloat16,48,64x64,688.771,7,4,AMD Radeon RX 9070 XT,64,0,0,0
muse.gate_up g16,6656,19968,16,bfloat16,48,128x128,735.902,6,4,AMD Radeon RX 9070 XT,64,0,0,0
muse.gate_up g16,6656,19968,16,bfloat16,48,112x128,785.739,6,4,AMD Radeon RX 9070 XT,64,0,0,0
muse.gate_up g16,6656,19968,16,bfloat16,48,32x128x4,797.271,6,4,AMD Radeon RX 9070 XT,64,0,0,0
muse.gate_up g16,6656,19968,16,bfloat16,48,32x64x2,811.526,6,4,AMD Radeon RX 9070 XT,64,0,0,0
muse.gate_up g16,6656,19968,16,bfloat16,48,96x128,852.462,5,4,AMD Radeon RX 9070 XT,64,0,0,0
muse.gate_up g16,6656,19968,16,bfloat16,48,256x128,858.614,5,4,AMD Radeon RX 9070 XT,64,0,0,0
muse.gate_up g16,6656,19968,16,bfloat16,48,192x128,881.732,5,4,AMD Radeon RX 9070 XT,64,0,0,0
muse.gate_up g16,6656,19968,16,bfloat16,48,256x128x2,915.074,5,4,AMD Radeon RX 9070 XT,64,0,0,0
muse.gate_up g16,6656,19968,16,bfloat16,48,80x128,923.557,5,4,AMD Radeon RX 9070 XT,64,0,0,0
muse.gate_up g16,6656,19968,16,bfloat16,48,256x64,941.091,5,4,AMD Radeon RX 9070 XT,64,0,0,0
muse.gate_up g16,6656,19968,16,bfloat16,48,256x32,952.891,5,4,AMD Radeon RX 9070 XT,64,0,0,0
muse.gate_up g16,6656,19968,16,bfloat16,48,prefill_wmma,1156.296,3,4,AMD Radeon RX 9070 XT,64,0,0,0
muse.gate_up g16,6656,19968,16,bfloat16,48,64x128,1286.294,3,4,AMD Radeon RX 9070 XT,64,0,0,0
muse.gate_up g16,6656,19968,16,bfloat16,48,128x256,1358.115,3,4,AMD Radeon RX 9070 XT,64,0,0,0
muse.gate_up g16,6656,19968,16,bfloat16,48,32x32,1383.992,3,4,AMD Radeon RX 9070 XT,64,0,0,0
muse.gate_up g16,6656,19968,16,bfloat16,48,32x64,1656.273,2,4,AMD Radeon RX 9070 XT,64,0,0,0
muse.gate_up g16,6656,19968,16,bfloat16,48,32x128,2868.204,2,4,AMD Radeon RX 9070 XT,64,0,0,0
muse.gate_up g16,6656,19968,16,bfloat16,48,prefill_wmma:smallm_off,3042.082,2,4,AMD Radeon RX 9070 XT,64,0,0,0
muse.gate_up g16,6656,19968,16,bfloat16,48,16x64,4602.882,2,4,AMD Radeon RX 9070 XT,64,0,0,0
muse.gate_up g16,6656,19968,16,bfloat16,48,16x128,5121.870,2,4,AMD Radeon RX 9070 XT,64,0,0,0
muse.gate_up g16,6656,19968,16,bfloat16,63,64x128x4,403.058,12,4,AMD Radeon RX 9070 XT,64,0,0,0
muse.gate_up g16,6656,19968,16,bfloat16,63,64x64x2,437.498,11,4,AMD Radeon RX 9070 XT,64,0,0,0
muse.gate_up g16,6656,19968,16,bfloat16,63,128x128x4,514.936,9,4,AMD Radeon RX 9070 XT,64,0,0,0
muse.gate_up g16,6656,19968,16,bfloat16,63,128x64x2,543.262,9,4,AMD Radeon RX 9070 XT,64,0,0,0
muse.gate_up g16,6656,19968,16,bfloat16,63,128x128x2,550.549,9,4,AMD Radeon RX 9070 XT,64,0,0,0
muse.gate_up g16,6656,19968,16,bfloat16,63,96x128x2,559.935,8,4,AMD Radeon RX 9070 XT,64,0,0,0
muse.gate_up g16,6656,19968,16,bfloat16,63,32x64x4,582.515,8,4,AMD Radeon RX 9070 XT,64,0,0,0
muse.gate_up g16,6656,19968,16,bfloat16,63,64x128x2,631.167,7,4,AMD Radeon RX 9070 XT,64,0,0,0
muse.gate_up g16,6656,19968,16,bfloat16,63,192x128x2,700.159,7,4,AMD Radeon RX 9070 XT,64,0,0,0
muse.gate_up g16,6656,19968,16,bfloat16,63,128x64,701.188,7,4,AMD Radeon RX 9070 XT,64,0,0,0
muse.gate_up g16,6656,19968,16,bfloat16,63,128x32,709.984,7,4,AMD Radeon RX 9070 XT,64,0,0,0
muse.gate_up g16,6656,19968,16,bfloat16,63,64x64,724.303,6,4,AMD Radeon RX 9070 XT,64,0,0,0
muse.gate_up g16,6656,19968,16,bfloat16,63,64x32,737.162,6,4,AMD Radeon RX 9070 XT,64,0,0,0
muse.gate_up g16,6656,19968,16,bfloat16,63,auto,739.488,6,4,AMD Radeon RX 9070 XT,64,0,0,0
muse.gate_up g16,6656,19968,16,bfloat16,63,128x128,750.377,6,4,AMD Radeon RX 9070 XT,64,0,0,0
muse.gate_up g16,6656,19968,16,bfloat16,63,112x128,799.576,6,4,AMD Radeon RX 9070 XT,64,0,0,0
muse.gate_up g16,6656,19968,16,bfloat16,63,32x128x4,815.028,6,4,AMD Radeon RX 9070 XT,64,0,0,0
muse.gate_up g16,6656,19968,16,bfloat16,63,32x64x2,860.430,5,4,AMD Radeon RX 9070 XT,64,0,0,0
muse.gate_up g16,6656,19968,16,bfloat16,63,256x128,868.556,5,4,AMD Radeon RX 9070 XT,64,0,0,0
muse.gate_up g16,6656,19968,16,bfloat16,63,96x128,872.074,5,4,AMD Radeon RX 9070 XT,64,0,0,0
muse.gate_up g16,6656,19968,16,bfloat16,63,192x128,896.604,5,4,AMD Radeon RX 9070 XT,64,0,0,0
muse.gate_up g16,6656,19968,16,bfloat16,63,256x128x2,943.053,5,4,AMD Radeon RX 9070 XT,64,0,0,0
muse.gate_up g16,6656,19968,16,bfloat16,63,80x128,949.691,5,4,AMD Radeon RX 9070 XT,64,0,0,0
muse.gate_up g16,6656,19968,16,bfloat16,63,256x64,959.213,5,4,AMD Radeon RX 9070 XT,64,0,0,0
muse.gate_up g16,6656,19968,16,bfloat16,63,256x32,976.863,5,4,AMD Radeon RX 9070 XT,64,0,0,0
muse.gate_up g16,6656,19968,16,bfloat16,63,prefill_wmma,1230.187,3,4,AMD Radeon RX 9070 XT,64,0,0,0
muse.gate_up g16,6656,19968,16,bfloat16,63,64x128,1316.334,3,4,AMD Radeon RX 9070 XT,64,0,0,0
muse.gate_up g16,6656,19968,16,bfloat16,63,128x256,1373.842,3,4,AMD Radeon RX 9070 XT,64,0,0,0
muse.gate_up g16,6656,19968,16,bfloat16,63,32x32,1589.915,3,4,AMD Radeon RX 9070 XT,64,0,0,0
muse.gate_up g16,6656,19968,16,bfloat16,63,32x64,1844.115,2,4,AMD Radeon RX 9070 XT,64,0,0,0
muse.gate_up g16,6656,19968,16,bfloat16,63,32x128,3080.347,2,4,AMD Radeon RX 9070 XT,64,0,0,0
muse.gate_up g16,6656,19968,16,bfloat16,63,prefill_wmma:smallm_off,3138.078,2,4,AMD Radeon RX 9070 XT,64,0,0,0
muse.gate_up g16,6656,19968,16,bfloat16,63,16x64,6804.688,2,4,AMD Radeon RX 9070 XT,64,0,0,0
muse.gate_up g16,6656,19968,16,bfloat16,63,16x128,8059.875,2,4,AMD Radeon RX 9070 XT,64,0,0,0
muse.gate_up g16,6656,19968,16,bfloat16,64,64x128x4,405.301,12,4,AMD Radeon RX 9070 XT,64,0,0,0
muse.gate_up g16,6656,19968,16,bfloat16,64,64x64x2,438.851,11,4,AMD Radeon RX 9070 XT,64,0,0,0
muse.gate_up g16,6656,19968,16,bfloat16,64,128x128x4,515.200,9,4,AMD Radeon RX 9070 XT,64,0,0,0
muse.gate_up g16,6656,19968,16,bfloat16,64,128x64x2,545.023,9,4,AMD Radeon RX 9070 XT,64,0,0,0
muse.gate_up g16,6656,19968,16,bfloat16,64,128x128x2,553.611,9,4,AMD Radeon RX 9070 XT,64,0,0,0
muse.gate_up g16,6656,19968,16,bfloat16,64,96x128x2,562.195,8,4,AMD Radeon RX 9070 XT,64,0,0,0
muse.gate_up g16,6656,19968,16,bfloat16,64,32x64x4,580.688,8,4,AMD Radeon RX 9070 XT,64,0,0,0
muse.gate_up g16,6656,19968,16,bfloat16,64,64x128x2,637.160,7,4,AMD Radeon RX 9070 XT,64,0,0,0
muse.gate_up g16,6656,19968,16,bfloat16,64,192x128x2,697.881,7,4,AMD Radeon RX 9070 XT,64,0,0,0
muse.gate_up g16,6656,19968,16,bfloat16,64,128x64,702.800,7,4,AMD Radeon RX 9070 XT,64,0,0,0
muse.gate_up g16,6656,19968,16,bfloat16,64,128x32,712.348,7,4,AMD Radeon RX 9070 XT,64,0,0,0
muse.gate_up g16,6656,19968,16,bfloat16,64,64x64,730.350,6,4,AMD Radeon RX 9070 XT,64,0,0,0
muse.gate_up g16,6656,19968,16,bfloat16,64,64x32,739.263,6,4,AMD Radeon RX 9070 XT,64,0,0,0
muse.gate_up g16,6656,19968,16,bfloat16,64,auto,739.777,6,4,AMD Radeon RX 9070 XT,64,0,0,0
muse.gate_up g16,6656,19968,16,bfloat16,64,128x128,752.155,6,4,AMD Radeon RX 9070 XT,64,0,0,0
muse.gate_up g16,6656,19968,16,bfloat16,64,112x128,806.593,6,4,AMD Radeon RX 9070 XT,64,0,0,0
muse.gate_up g16,6656,19968,16,bfloat16,64,32x128x4,815.858,6,4,AMD Radeon RX 9070 XT,64,0,0,0
muse.gate_up g16,6656,19968,16,bfloat16,64,32x64x2,862.992,5,4,AMD Radeon RX 9070 XT,64,0,0,0
muse.gate_up g16,6656,19968,16,bfloat16,64,256x128,874.584,5,4,AMD Radeon RX 9070 XT,64,0,0,0
muse.gate_up g16,6656,19968,16,bfloat16,64,96x128,876.572,5,4,AMD Radeon RX 9070 XT,64,0,0,0
muse.gate_up g16,6656,19968,16,bfloat16,64,192x128,906.868,5,4,AMD Radeon RX 9070 XT,64,0,0,0
muse.gate_up g16,6656,19968,16,bfloat16,64,256x128x2,950.465,5,4,AMD Radeon RX 9070 XT,64,0,0,0
muse.gate_up g16,6656,19968,16,bfloat16,64,80x128,955.453,5,4,AMD Radeon RX 9070 XT,64,0,0,0
muse.gate_up g16,6656,19968,16,bfloat16,64,256x64,962.993,5,4,AMD Radeon RX 9070 XT,64,0,0,0
muse.gate_up g16,6656,19968,16,bfloat16,64,256x32,973.121,5,4,AMD Radeon RX 9070 XT,64,0,0,0
muse.gate_up g16,6656,19968,16,bfloat16,64,prefill_wmma,1251.250,3,4,AMD Radeon RX 9070 XT,64,0,0,0
muse.gate_up g16,6656,19968,16,bfloat16,64,64x128,1326.528,3,4,AMD Radeon RX 9070 XT,64,0,0,0
muse.gate_up g16,6656,19968,16,bfloat16,64,128x256,1379.329,3,4,AMD Radeon RX 9070 XT,64,0,0,0
muse.gate_up g16,6656,19968,16,bfloat16,64,32x32,1590.758,3,4,AMD Radeon RX 9070 XT,64,0,0,0
muse.gate_up g16,6656,19968,16,bfloat16,64,32x64,1863.900,2,4,AMD Radeon RX 9070 XT,64,0,0,0
muse.gate_up g16,6656,19968,16,bfloat16,64,prefill_wmma:smallm_off,3071.392,2,4,AMD Radeon RX 9070 XT,64,0,0,0
muse.gate_up g16,6656,19968,16,bfloat16,64,32x128,3079.717,2,4,AMD Radeon RX 9070 XT,64,0,0,0
muse.gate_up g16,6656,19968,16,bfloat16,64,16x64,6668.361,2,4,AMD Radeon RX 9070 XT,64,0,0,0
muse.gate_up g16,6656,19968,16,bfloat16,64,16x128,8021.214,2,4,AMD Radeon RX 9070 XT,64,0,0,0
muse.gate_up g16,6656,19968,16,bfloat16,96,128x128x4,536.247,9,4,AMD Radeon RX 9070 XT,64,0,0,0
muse.gate_up g16,6656,19968,16,bfloat16,96,128x64x2,574.147,8,4,AMD Radeon RX 9070 XT,64,0,0,0
muse.gate_up g16,6656,19968,16,bfloat16,96,128x128x2,577.699,8,4,AMD Radeon RX 9070 XT,64,0,0,0
muse.gate_up g16,6656,19968,16,bfloat16,96,96x128x2,589.505,8,4,AMD Radeon RX 9070 XT,64,0,0,0
muse.gate_up g16,6656,19968,16,bfloat16,96,64x128x4,690.011,7,4,AMD Radeon RX 9070 XT,64,0,0,0
muse.gate_up g16,6656,19968,16,bfloat16,96,192x128x2,720.230,7,4,AMD Radeon RX 9070 XT,64,0,0,0
muse.gate_up g16,6656,19968,16,bfloat16,96,128x64,746.718,6,4,AMD Radeon RX 9070 XT,64,0,0,0
muse.gate_up g16,6656,19968,16,bfloat16,96,auto,748.177,6,4,AMD Radeon RX 9070 XT,64,0,0,0
muse.gate_up g16,6656,19968,16,bfloat16,96,64x64x2,766.144,6,4,AMD Radeon RX 9070 XT,64,0,0,0
muse.gate_up g16,6656,19968,16,bfloat16,96,128x128,789.292,6,4,AMD Radeon RX 9070 XT,64,0,0,0
muse.gate_up g16,6656,19968,16,bfloat16,96,128x32,799.484,6,4,AMD Radeon RX 9070 XT,64,0,0,0
muse.gate_up g16,6656,19968,16,bfloat16,96,32x64x4,826.265,6,4,AMD Radeon RX 9070 XT,64,0,0,0
muse.gate_up g16,6656,19968,16,bfloat16,96,112x128,841.175,5,4,AMD Radeon RX 9070 XT,64,0,0,0
muse.gate_up g16,6656,19968,16,bfloat16,96,256x128,899.956,5,4,AMD Radeon RX 9070 XT,64,0,0,0
muse.gate_up g16,6656,19968,16,bfloat16,96,96x128,922.881,5,4,AMD Radeon RX 9070 XT,64,0,0,0
muse.gate_up g16,6656,19968,16,bfloat16,96,64x128x2,926.259,5,4,AMD Radeon RX 9070 XT,64,0,0,0
muse.gate_up g16,6656,19968,16,bfloat16,96,192x128,938.371,5,4,AMD Radeon RX 9070 XT,64,0,0,0
muse.gate_up g16,6656,19968,16,bfloat16,96,256x128x2,982.958,4,4,AMD Radeon RX 9070 XT,64,0,0,0
muse.gate_up g16,6656,19968,16,bfloat16,96,256x64,1007.461,4,4,AMD Radeon RX 9070 XT,64,0,0,0
muse.gate_up g16,6656,19968,16,bfloat16,96,256x32,1021.711,4,4,AMD Radeon RX 9070 XT,64,0,0,0
muse.gate_up g16,6656,19968,16,bfloat16,96,64x32,1030.642,4,4,AMD Radeon RX 9070 XT,64,0,0,0
muse.gate_up g16,6656,19968,16,bfloat16,96,32x128x4,1302.981,3,4,AMD Radeon RX 9070 XT,64,0,0,0
muse.gate_up g16,6656,19968,16,bfloat16,96,32x64x2,1333.735,3,4,AMD Radeon RX 9070 XT,64,0,0,0
muse.gate_up g16,6656,19968,16,bfloat16,96,64x64,1399.106,3,4,AMD Radeon RX 9070 XT,64,0,0,0
muse.gate_up g16,6656,19968,16,bfloat16,96,128x256,1420.869,3,4,AMD Radeon RX 9070 XT,64,0,0,0
muse.gate_up g16,6656,19968,16,bfloat16,96,80x128,1596.842,3,4,AMD Radeon RX 9070 XT,64,0,0,0
muse.gate_up g16,6656,19968,16,bfloat16,96,64x128,1701.213,2,4,AMD Radeon RX 9070 XT,64,0,0,0
muse.gate_up g16,6656,19968,16,bfloat16,96,32x32,1897.396,2,4,AMD Radeon RX 9070 XT,64,0,0,0
muse.gate_up g16,6656,19968,16,bfloat16,96,prefill_wmma,1963.092,2,4,AMD Radeon RX 9070 XT,64,0,0,0
muse.gate_up g16,6656,19968,16,bfloat16,96,32x64,2350.487,2,4,AMD Radeon RX 9070 XT,64,0,0,0
muse.gate_up g16,6656,19968,16,bfloat16,96,prefill_wmma:smallm_off,3304.410,2,4,AMD Radeon RX 9070 XT,64,0,0,0
muse.gate_up g16,6656,19968,16,bfloat16,96,32x128,3897.328,2,4,AMD Radeon RX 9070 XT,64,0,0,0
muse.gate_up g16,6656,19968,16,bfloat16,96,16x64,10185.938,2,4,AMD Radeon RX 9070 XT,64,0,0,0
muse.gate_up g16,6656,19968,16,bfloat16,96,16x128,13693.321,2,4,AMD Radeon RX 9070 XT,64,0,0,0
muse.gate_up g16,6656,19968,16,bfloat16,128,128x128x4,556.138,8,4,AMD Radeon RX 9070 XT,64,0,0,0
muse.gate_up g16,6656,19968,16,bfloat16,128,128x64x2,595.192,8,4,AMD Radeon RX 9070 XT,64,0,0,0
muse.gate_up g16,6656,19968,16,bfloat16,128,128x128x2,596.032,8,4,AMD Radeon RX 9070 XT,64,0,0,0
muse.gate_up g16,6656,19968,16,bfloat16,128,64x128x4,698.065,7,4,AMD Radeon RX 9070 XT,64,0,0,0
muse.gate_up g16,6656,19968,16,bfloat16,128,192x128x2,751.635,6,4,AMD Radeon RX 9070 XT,64,0,0,0
muse.gate_up g16,6656,19968,16,bfloat16,128,128x64,801.084,6,4,AMD Radeon RX 9070 XT,64,0,0,0
muse.gate_up g16,6656,19968,16,bfloat16,128,auto,804.851,6,4,AMD Radeon RX 9070 XT,64,0,0,0
muse.gate_up g16,6656,19968,16,bfloat16,128,64x64x2,808.688,6,4,AMD Radeon RX 9070 XT,64,0,0,0
muse.gate_up g16,6656,19968,16,bfloat16,128,128x128,833.159,5,4,AMD Radeon RX 9070 XT,64,0,0,0
muse.gate_up g16,6656,19968,16,bfloat16,128,128x32,905.512,5,4,AMD Radeon RX 9070 XT,64,0,0,0
muse.gate_up g16,6656,19968,16,bfloat16,128,256x128,933.021,5,4,AMD Radeon RX 9070 XT,64,0,0,0
muse.gate_up g16,6656,19968,16,bfloat16,128,64x128x2,957.381,5,4,AMD Radeon RX 9070 XT,64,0,0,0
muse.gate_up g16,6656,19968,16,bfloat16,128,192x128,979.493,4,4,AMD Radeon RX 9070 XT,64,0,0,0
muse.gate_up g16,6656,19968,16,bfloat16,128,256x128x2,1018.046,4,4,AMD Radeon RX 9070 XT,64,0,0,0
muse.gate_up g16,6656,19968,16,bfloat16,128,32x64x4,1065.527,4,4,AMD Radeon RX 9070 XT,64,0,0,0
muse.gate_up g16,6656,19968,16,bfloat16,128,96x128x2,1081.842,4,4,AMD Radeon RX 9070 XT,64,0,0,0
muse.gate_up g16,6656,19968,16,bfloat16,128,256x64,1107.663,4,4,AMD Radeon RX 9070 XT,64,0,0,0
muse.gate_up g16,6656,19968,16,bfloat16,128,256x32,1234.522,4,4,AMD Radeon RX 9070 XT,64,0,0,0
muse.gate_up g16,6656,19968,16,bfloat16,128,64x32,1376.572,3,4,AMD Radeon RX 9070 XT,64,0,0,0
muse.gate_up g16,6656,19968,16,bfloat16,128,128x256,1482.794,3,4,AMD Radeon RX 9070 XT,64,0,0,0
muse.gate_up g16,6656,19968,16,bfloat16,128,64x64,1559.965,3,4,AMD Radeon RX 9070 XT,64,0,0,0
muse.gate_up g16,6656,19968,16,bfloat16,128,80x128,1598.272,3,4,AMD Radeon RX 9070 XT,64,0,0,0
muse.gate_up g16,6656,19968,16,bfloat16,128,32x128x4,1609.632,2,4,AMD Radeon RX 9070 XT,64,0,0,0
muse.gate_up g16,6656,19968,16,bfloat16,128,32x64x2,1683.343,2,4,AMD Radeon RX 9070 XT,64,0,0,0
muse.gate_up g16,6656,19968,16,bfloat16,128,112x128,1688.158,2,4,AMD Radeon RX 9070 XT,64,0,0,0
muse.gate_up g16,6656,19968,16,bfloat16,128,96x128,1776.084,2,4,AMD Radeon RX 9070 XT,64,0,0,0
muse.gate_up g16,6656,19968,16,bfloat16,128,64x128,1903.776,2,4,AMD Radeon RX 9070 XT,64,0,0,0
muse.gate_up g16,6656,19968,16,bfloat16,128,32x32,2593.795,2,4,AMD Radeon RX 9070 XT,64,0,0,0
muse.gate_up g16,6656,19968,16,bfloat16,128,32x64,3000.066,2,4,AMD Radeon RX 9070 XT,64,0,0,0
muse.gate_up g16,6656,19968,16,bfloat16,128,prefill_wmma,3431.407,2,4,AMD Radeon RX 9070 XT,64,0,0,0
muse.gate_up g16,6656,19968,16,bfloat16,128,prefill_wmma:smallm_off,3470.337,2,4,AMD Radeon RX 9070 XT,64,0,0,0
muse.gate_up g16,6656,19968,16,bfloat16,128,32x128,7206.813,2,4,AMD Radeon RX 9070 XT,64,0,0,0
muse.gate_up g16,6656,19968,16,bfloat16,128,16x64,14932.388,2,4,AMD Radeon RX 9070 XT,64,0,0,0
muse.gate_up g16,6656,19968,16,bfloat16,128,16x128,21310.846,2,4,AMD Radeon RX 9070 XT,64,0,0,0
muse.gate_up g16,6656,19968,16,bfloat16,192,192x128x2,795.494,6,4,AMD Radeon RX 9070 XT,64,0,0,0
muse.gate_up g16,6656,19968,16,bfloat16,192,256x128,993.192,5,4,AMD Radeon RX 9070 XT,64,0,0,0
muse.gate_up g16,6656,19968,16,bfloat16,192,auto,994.024,5,4,AMD Radeon RX 9070 XT,64,0,0,0
muse.gate_up g16,6656,19968,16,bfloat16,192,128x128x4,1008.949,4,4,AMD Radeon RX 9070 XT,64,0,0,0
muse.gate_up g16,6656,19968,16,bfloat16,192,64x128x4,1013.411,4,4,AMD Radeon RX 9070 XT,64,0,0,0
muse.gate_up g16,6656,19968,16,bfloat16,192,128x64x2,1077.185,4,4,AMD Radeon RX 9070 XT,64,0,0,0
muse.gate_up g16,6656,19968,16,bfloat16,192,128x128x2,1145.428,4,4,AMD Radeon RX 9070 XT,64,0,0,0
muse.gate_up g16,6656,19968,16,bfloat16,192,192x128,1233.472,4,4,AMD Radeon RX 9070 XT,64,0,0,0
muse.gate_up g16,6656,19968,16,bfloat16,192,256x128x2,1235.583,3,4,AMD Radeon RX 9070 XT,64,0,0,0
muse.gate_up g16,6656,19968,16,bfloat16,192,96x128x2,1255.694,3,4,AMD Radeon RX 9070 XT,64,0,0,0
muse.gate_up g16,6656,19968,16,bfloat16,192,256x64,1278.991,3,4,AMD Radeon RX 9070 XT,64,0,0,0
muse.gate_up g16,6656,19968,16,bfloat16,192,256x32,1281.641,3,4,AMD Radeon RX 9070 XT,64,0,0,0
muse.gate_up g16,6656,19968,16,bfloat16,192,64x64x2,1319.925,3,4,AMD Radeon RX 9070 XT,64,0,0,0
muse.gate_up g16,6656,19968,16,bfloat16,192,128x64,1504.297,3,4,AMD Radeon RX 9070 XT,64,0,0,0
muse.gate_up g16,6656,19968,16,bfloat16,192,64x128x2,1520.144,3,4,AMD Radeon RX 9070 XT,64,0,0,0
muse.gate_up g16,6656,19968,16,bfloat16,192,128x128,1562.491,2,4,AMD Radeon RX 9070 XT,64,0,0,0
muse.gate_up g16,6656,19968,16,bfloat16,192,128x32,1600.667,2,4,AMD Radeon RX 9070 XT,64,0,0,0
muse.gate_up g16,6656,19968,16,bfloat16,192,32x64x4,1644.409,3,4,AMD Radeon RX 9070 XT,64,0,0,0
muse.gate_up g16,6656,19968,16,bfloat16,192,112x128,1701.738,2,4,AMD Radeon RX 9070 XT,64,0,0,0
muse.gate_up g16,6656,19968,16,bfloat16,192,64x32,1799.900,2,4,AMD Radeon RX 9070 XT,64,0,0,0
muse.gate_up g16,6656,19968,16,bfloat16,192,64x64,1968.297,2,4,AMD Radeon RX 9070 XT,64,0,0,0
muse.gate_up g16,6656,19968,16,bfloat16,192,128x256,1975.932,2,4,AMD Radeon RX 9070 XT,64,0,0,0
muse.gate_up g16,6656,19968,16,bfloat16,192,96x128,1976.047,2,4,AMD Radeon RX 9070 XT,64,0,0,0
muse.gate_up g16,6656,19968,16,bfloat16,192,80x128,2074.588,2,4,AMD Radeon RX 9070 XT,64,0,0,0
muse.gate_up g16,6656,19968,16,bfloat16,192,32x128x4,2307.281,2,4,AMD Radeon RX 9070 XT,64,0,0,0
muse.gate_up g16,6656,19968,16,bfloat16,192,32x64x2,2436.958,2,4,AMD Radeon RX 9070 XT,64,0,0,0
muse.gate_up g16,6656,19968,16,bfloat16,192,64x128,2486.324,2,4,AMD Radeon RX 9070 XT,64,0,0,0
muse.gate_up g16,6656,19968,16,bfloat16,192,32x32,3522.913,2,4,AMD Radeon RX 9070 XT,64,0,0,0
muse.gate_up g16,6656,19968,16,bfloat16,192,prefill_wmma,4007.734,2,4,AMD Radeon RX 9070 XT,64,0,0,0
muse.gate_up g16,6656,19968,16,bfloat16,192,prefill_wmma:smallm_off,4078.900,2,4,AMD Radeon RX 9070 XT,64,0,0,0
muse.gate_up g16,6656,19968,16,bfloat16,192,32x64,4534.142,2,4,AMD Radeon RX 9070 XT,64,0,0,0
muse.gate_up g16,6656,19968,16,bfloat16,192,32x128,7740.241,2,4,AMD Radeon RX 9070 XT,64,0,0,0
muse.gate_up g16,6656,19968,16,bfloat16,192,16x64,22010.580,2,4,AMD Radeon RX 9070 XT,64,0,0,0
muse.gate_up g16,6656,19968,16,bfloat16,192,16x128,23975.882,2,4,AMD Radeon RX 9070 XT,64,0,0,0
muse.gate_up g16,6656,19968,16,bfloat16,256,256x128,1128.188,4,4,AMD Radeon RX 9070 XT,64,0,0,0
muse.gate_up g16,6656,19968,16,bfloat16,256,auto,1161.406,4,4,AMD Radeon RX 9070 XT,64,0,0,0
muse.gate_up g16,6656,19968,16,bfloat16,256,128x128x4,1165.566,4,4,AMD Radeon RX 9070 XT,64,0,0,0
muse.gate_up g16,6656,19968,16,bfloat16,256,128x64x2,1199.439,4,4,AMD Radeon RX 9070 XT,64,0,0,0
muse.gate_up g16,6656,19968,16,bfloat16,256,128x128x2,1332.786,4,4,AMD Radeon RX 9070 XT,64,0,0,0
muse.gate_up g16,6656,19968,16,bfloat16,256,256x128x2,1369.209,3,4,AMD Radeon RX 9070 XT,64,0,0,0
muse.gate_up g16,6656,19968,16,bfloat16,256,64x128x4,1410.089,3,4,AMD Radeon RX 9070 XT,64,0,0,0
muse.gate_up g16,6656,19968,16,bfloat16,256,256x64,1455.370,3,4,AMD Radeon RX 9070 XT,64,0,0,0
muse.gate_up g16,6656,19968,16,bfloat16,256,192x128x2,1526.721,3,4,AMD Radeon RX 9070 XT,64,0,0,0
muse.gate_up g16,6656,19968,16,bfloat16,256,256x32,1587.248,3,4,AMD Radeon RX 9070 XT,64,0,0,0
muse.gate_up g16,6656,19968,16,bfloat16,256,128x64,1683.086,3,4,AMD Radeon RX 9070 XT,64,0,0,0
muse.gate_up g16,6656,19968,16,bfloat16,256,64x64x2,1731.399,2,4,AMD Radeon RX 9070 XT,64,0,0,0
muse.gate_up g16,6656,19968,16,bfloat16,256,96x128x2,1744.574,2,4,AMD Radeon RX 9070 XT,64,0,0,0
muse.gate_up g16,6656,19968,16,bfloat16,256,128x128,1807.670,2,4,AMD Radeon RX 9070 XT,64,0,0,0
muse.gate_up g16,6656,19968,16,bfloat16,256,128x32,1827.580,2,4,AMD Radeon RX 9070 XT,64,0,0,0
muse.gate_up g16,6656,19968,16,bfloat16,256,192x128,1985.307,2,4,AMD Radeon RX 9070 XT,64,0,0,0
muse.gate_up g16,6656,19968,16,bfloat16,256,64x128x2,2019.458,2,4,AMD Radeon RX 9070 XT,64,0,0,0
muse.gate_up g16,6656,19968,16,bfloat16,256,128x256,2200.020,2,4,AMD Radeon RX 9070 XT,64,0,0,0
muse.gate_up g16,6656,19968,16,bfloat16,256,32x64x4,2213.220,2,4,AMD Radeon RX 9070 XT,64,0,0,0
muse.gate_up g16,6656,19968,16,bfloat16,256,112x128,2341.097,2,4,AMD Radeon RX 9070 XT,64,0,0,0
muse.gate_up g16,6656,19968,16,bfloat16,256,64x32,2359.717,2,4,AMD Radeon RX 9070 XT,64,0,0,0
muse.gate_up g16,6656,19968,16,bfloat16,256,96x128,2534.240,2,4,AMD Radeon RX 9070 XT,64,0,0,0
muse.gate_up g16,6656,19968,16,bfloat16,256,80x128,2752.857,2,4,AMD Radeon RX 9070 XT,64,0,0,0
muse.gate_up g16,6656,19968,16,bfloat16,256,64x64,2773.318,2,4,AMD Radeon RX 9070 XT,64,0,0,0
muse.gate_up g16,6656,19968,16,bfloat16,256,32x128x4,3098.647,2,4,AMD Radeon RX 9070 XT,64,0,0,0
muse.gate_up g16,6656,19968,16,bfloat16,256,32x64x2,3217.954,2,4,AMD Radeon RX 9070 XT,64,0,0,0
muse.gate_up g16,6656,19968,16,bfloat16,256,64x128,3262.500,2,4,AMD Radeon RX 9070 XT,64,0,0,0
muse.gate_up g16,6656,19968,16,bfloat16,256,prefill_wmma,4315.209,2,4,AMD Radeon RX 9070 XT,64,0,0,0
muse.gate_up g16,6656,19968,16,bfloat16,256,prefill_wmma:smallm_off,4318.024,2,4,AMD Radeon RX 9070 XT,64,0,0,0
muse.gate_up g16,6656,19968,16,bfloat16,256,32x32,4533.802,2,4,AMD Radeon RX 9070 XT,64,0,0,0
muse.gate_up g16,6656,19968,16,bfloat16,256,32x64,5979.002,2,4,AMD Radeon RX 9070 XT,64,0,0,0
muse.gate_up g16,6656,19968,16,bfloat16,256,32x128,17212.555,2,4,AMD Radeon RX 9070 XT,64,0,0,0
muse.gate_up g16,6656,19968,16,bfloat16,256,16x64,33315.975,2,4,AMD Radeon RX 9070 XT,64,0,0,0
muse.gate_up g16,6656,19968,16,bfloat16,256,16x128,72352.180,2,4,AMD Radeon RX 9070 XT,64,0,0,0
muse.gate_up g16,6656,19968,16,bfloat16,512,256x128,2167.619,2,4,AMD Radeon RX 9070 XT,64,0,0,0
muse.gate_up g16,6656,19968,16,bfloat16,512,auto,2169.945,2,4,AMD Radeon RX 9070 XT,64,0,0,0
muse.gate_up g16,6656,19968,16,bfloat16,512,128x128x4,2181.565,2,4,AMD Radeon RX 9070 XT,64,0,0,0
muse.gate_up g16,6656,19968,16,bfloat16,512,128x64x2,2228.636,2,4,AMD Radeon RX 9070 XT,64,0,0,0
muse.gate_up g16,6656,19968,16,bfloat16,512,128x128x2,2315.727,2,4,AMD Radeon RX 9070 XT,64,0,0,0
muse.gate_up g16,6656,19968,16,bfloat16,512,192x128x2,2332.877,2,4,AMD Radeon RX 9070 XT,64,0,0,0
muse.gate_up g16,6656,19968,16,bfloat16,512,256x128x2,2431.593,2,4,AMD Radeon RX 9070 XT,64,0,0,0
muse.gate_up g16,6656,19968,16,bfloat16,512,256x64,2563.015,2,4,AMD Radeon RX 9070 XT,64,0,0,0
muse.gate_up g16,6656,19968,16,bfloat16,512,64x128x4,2641.376,2,4,AMD Radeon RX 9070 XT,64,0,0,0
muse.gate_up g16,6656,19968,16,bfloat16,512,256x32,2692.237,2,4,AMD Radeon RX 9070 XT,64,0,0,0
muse.gate_up g16,6656,19968,16,bfloat16,512,192x128,2904.045,2,4,AMD Radeon RX 9070 XT,64,0,0,0
muse.gate_up g16,6656,19968,16,bfloat16,512,128x64,2974.406,2,4,AMD Radeon RX 9070 XT,64,0,0,0
muse.gate_up g16,6656,19968,16,bfloat16,512,128x128,3035.096,2,4,AMD Radeon RX 9070 XT,64,0,0,0
muse.gate_up g16,6656,19968,16,bfloat16,512,96x128x2,3137.038,2,4,AMD Radeon RX 9070 XT,64,0,0,0
muse.gate_up g16,6656,19968,16,bfloat16,512,64x64x2,3140.023,2,4,AMD Radeon RX 9070 XT,64,0,0,0
muse.gate_up g16,6656,19968,16,bfloat16,512,128x32,3250.420,2,4,AMD Radeon RX 9070 XT,64,0,0,0
muse.gate_up g16,6656,19968,16,bfloat16,512,64x128x2,3633.384,2,4,AMD Radeon RX 9070 XT,64,0,0,0
muse.gate_up g16,6656,19968,16,bfloat16,512,128x256,3701.826,2,4,AMD Radeon RX 9070 XT,64,0,0,0
muse.gate_up g16,6656,19968,16,bfloat16,512,112x128,3768.867,2,4,AMD Radeon RX 9070 XT,64,0,0,0
muse.gate_up g16,6656,19968,16,bfloat16,512,32x64x4,4280.408,2,4,AMD Radeon RX 9070 XT,64,0,0,0
muse.gate_up g16,6656,19968,16,bfloat16,512,64x32,4284.248,2,4,AMD Radeon RX 9070 XT,64,0,0,0
muse.gate_up g16,6656,19968,16,bfloat16,512,80x128,4531.587,2,4,AMD Radeon RX 9070 XT,64,0,0,0
muse.gate_up g16,6656,19968,16,bfloat16,512,96x128,4602.373,2,4,AMD Radeon RX 9070 XT,64,0,0,0
muse.gate_up g16,6656,19968,16,bfloat16,512,64x64,4912.867,2,4,AMD Radeon RX 9070 XT,64,0,0,0
muse.gate_up g16,6656,19968,16,bfloat16,512,32x128x4,5900.381,2,4,AMD Radeon RX 9070 XT,64,0,0,0
muse.gate_up g16,6656,19968,16,bfloat16,512,32x64x2,5979.102,2,4,AMD Radeon RX 9070 XT,64,0,0,0
muse.gate_up g16,6656,19968,16,bfloat16,512,64x128,6272.586,2,4,AMD Radeon RX 9070 XT,64,0,0,0
muse.gate_up g16,6656,19968,16,bfloat16,512,prefill_wmma:smallm_off,8529.946,2,4,AMD Radeon RX 9070 XT,64,0,0,0
muse.gate_up g16,6656,19968,16,bfloat16,512,32x32,8556.552,2,4,AMD Radeon RX 9070 XT,64,0,0,0
muse.gate_up g16,6656,19968,16,bfloat16,512,prefill_wmma,8611.292,2,4,AMD Radeon RX 9070 XT,64,0,0,0
muse.gate_up g16,6656,19968,16,bfloat16,512,32x64,11292.499,2,4,AMD Radeon RX 9070 XT,64,0,0,0
muse.gate_up g16,6656,19968,16,bfloat16,512,16x64,31904.135,2,4,AMD Radeon RX 9070 XT,64,0,0,0
muse.gate_up g16,6656,19968,16,bfloat16,512,32x128,33682.858,2,4,AMD Radeon RX 9070 XT,64,0,0,0
muse.gate_up g16,6656,19968,16,bfloat16,512,16x128,173264.862,2,4,AMD Radeon RX 9070 XT,64,0,0,0
muse.gate_up g16,6656,19968,16,bfloat16,1024,256x128,4028.805,2,4,AMD Radeon RX 9070 XT,64,0,0,0
muse.gate_up g16,6656,19968,16,bfloat16,1024,auto,4065.495,2,4,AMD Radeon RX 9070 XT,64,0,0,0
muse.gate_up g16,6656,19968,16,bfloat16,1024,128x128x4,4082.841,2,4,AMD Radeon RX 9070 XT,64,0,0,0
muse.gate_up g16,6656,19968,16,bfloat16,1024,192x128x2,4322.999,2,4,AMD Radeon RX 9070 XT,64,0,0,0
muse.gate_up g16,6656,19968,16,bfloat16,1024,128x128x2,4325.974,2,4,AMD Radeon RX 9070 XT,64,0,0,0
muse.gate_up g16,6656,19968,16,bfloat16,1024,128x64x2,4343.975,2,4,AMD Radeon RX 9070 XT,64,0,0,0
muse.gate_up g16,6656,19968,16,bfloat16,1024,256x128x2,4568.498,2,4,AMD Radeon RX 9070 XT,64,0,0,0
muse.gate_up g16,6656,19968,16,bfloat16,1024,256x64,4800.896,2,4,AMD Radeon RX 9070 XT,64,0,0,0
muse.gate_up g16,6656,19968,16,bfloat16,1024,256x32,5145.570,2,4,AMD Radeon RX 9070 XT,64,0,0,0
muse.gate_up g16,6656,19968,16,bfloat16,1024,64x128x4,5193.301,2,4,AMD Radeon RX 9070 XT,64,0,0,0
muse.gate_up g16,6656,19968,16,bfloat16,1024,192x128,5331.083,2,4,AMD Radeon RX 9070 XT,64,0,0,0
muse.gate_up g16,6656,19968,16,bfloat16,1024,96x128x2,5473.350,2,4,AMD Radeon RX 9070 XT,64,0,0,0
muse.gate_up g16,6656,19968,16,bfloat16,1024,128x128,5635.997,2,4,AMD Radeon RX 9070 XT,64,0,0,0
muse.gate_up g16,6656,19968,16,bfloat16,1024,128x64,5661.598,2,4,AMD Radeon RX 9070 XT,64,0,0,0
muse.gate_up g16,6656,19968,16,bfloat16,1024,64x64x2,6001.722,2,4,AMD Radeon RX 9070 XT,64,0,0,0
muse.gate_up g16,6656,19968,16,bfloat16,1024,128x32,6148.274,2,4,AMD Radeon RX 9070 XT,64,0,0,0
muse.gate_up g16,6656,19968,16,bfloat16,1024,64x128x2,6932.630,2,4,AMD Radeon RX 9070 XT,64,0,0,0
muse.gate_up g16,6656,19968,16,bfloat16,1024,112x128,6985.001,2,4,AMD Radeon RX 9070 XT,64,0,0,0
muse.gate_up g16,6656,19968,16,bfloat16,1024,128x256,7168.113,2,4,AMD Radeon RX 9070 XT,64,0,0,0
muse.gate_up g16,6656,19968,16,bfloat16,1024,96x128,8160.377,2,4,AMD Radeon RX 9070 XT,64,0,0,0
muse.gate_up g16,6656,19968,16,bfloat16,1024,64x32,8198.182,2,4,AMD Radeon RX 9070 XT,64,0,0,0
muse.gate_up g16,6656,19968,16,bfloat16,1024,80x128,8230.372,2,4,AMD Radeon RX 9070 XT,64,0,0,0
muse.gate_up g16,6656,19968,16,bfloat16,1024,32x64x4,8337.974,2,4,AMD Radeon RX 9070 XT,64,0,0,0
muse.gate_up g16,6656,19968,16,bfloat16,1024,64x64,9752.723,2,4,AMD Radeon RX 9070 XT,64,0,0,0
muse.gate_up g16,6656,19968,16,bfloat16,1024,32x128x4,11399.316,2,4,AMD Radeon RX 9070 XT,64,0,0,0
muse.gate_up g16,6656,19968,16,bfloat16,1024,32x64x2,11784.096,2,4,AMD Radeon RX 9070 XT,64,0,0,0
muse.gate_up g16,6656,19968,16,bfloat16,1024,64x128,12327.554,2,4,AMD Radeon RX 9070 XT,64,0,0,0
muse.gate_up g16,6656,19968,16,bfloat16,1024,prefill_wmma:smallm_off,16863.747,2,4,AMD Radeon RX 9070 XT,64,0,0,0
muse.gate_up g16,6656,19968,16,bfloat16,1024,prefill_wmma,17086.147,2,4,AMD Radeon RX 9070 XT,64,0,0,0
muse.gate_up g16,6656,19968,16,bfloat16,1024,32x32,17550.585,2,4,AMD Radeon RX 9070 XT,64,0,0,0
muse.gate_up g16,6656,19968,16,bfloat16,1024,32x64,22713.369,2,4,AMD Radeon RX 9070 XT,64,0,0,0
muse.gate_up g16,6656,19968,16,bfloat16,1024,16x64,56677.895,2,4,AMD Radeon RX 9070 XT,64,0,0,0
muse.gate_up g16,6656,19968,16,bfloat16,1024,32x128,65129.593,2,4,AMD Radeon RX 9070 XT,64,0,0,0
muse.gate_up g16,6656,19968,16,bfloat16,1024,16x128,121819.183,2,4,AMD Radeon RX 9070 XT,64,0,0,0
muse.gate_up g16,6656,19968,16,bfloat16,2048,256x128,7732.921,2,4,AMD Radeon RX 9070 XT,64,0,0,0
muse.gate_up g16,6656,19968,16,bfloat16,2048,auto,7754.661,2,4,AMD Radeon RX 9070 XT,64,0,0,0
muse.gate_up g16,6656,19968,16,bfloat16,2048,192x128x2,7814.187,2,4,AMD Radeon RX 9070 XT,64,0,0,0
muse.gate_up g16,6656,19968,16,bfloat16,2048,128x128x4,8149.602,2,4,AMD Radeon RX 9070 XT,64,0,0,0
muse.gate_up g16,6656,19968,16,bfloat16,2048,128x128x2,8513.841,2,4,AMD Radeon RX 9070 XT,64,0,0,0
muse.gate_up g16,6656,19968,16,bfloat16,2048,128x64x2,8747.570,2,4,AMD Radeon RX 9070 XT,64,0,0,0
muse.gate_up g16,6656,19968,16,bfloat16,2048,256x128x2,8787.910,2,4,AMD Radeon RX 9070 XT,64,0,0,0
muse.gate_up g16,6656,19968,16,bfloat16,2048,192x128,9690.432,2,4,AMD Radeon RX 9070 XT,64,0,0,0
muse.gate_up g16,6656,19968,16,bfloat16,2048,256x64,9718.213,2,4,AMD Radeon RX 9070 XT,64,0,0,0
muse.gate_up g16,6656,19968,16,bfloat16,2048,256x32,10315.881,2,4,AMD Radeon RX 9070 XT,64,0,0,0
muse.gate_up g16,6656,19968,16,bfloat16,2048,64x128x4,10484.093,2,4,AMD Radeon RX 9070 XT,64,0,0,0
muse.gate_up g16,6656,19968,16,bfloat16,2048,96x128x2,10696.806,2,4,AMD Radeon RX 9070 XT,64,0,0,0
muse.gate_up g16,6656,19968,16,bfloat16,2048,128x64,11248.114,2,4,AMD Radeon RX 9070 XT,64,0,0,0
muse.gate_up g16,6656,19968,16,bfloat16,2048,128x128,11529.342,2,4,AMD Radeon RX 9070 XT,64,0,0,0
muse.gate_up g16,6656,19968,16,bfloat16,2048,64x64x2,11908.828,2,4,AMD Radeon RX 9070 XT,64,0,0,0
muse.gate_up g16,6656,19968,16,bfloat16,2048,128x32,12441.925,2,4,AMD Radeon RX 9070 XT,64,0,0,0
muse.gate_up g16,6656,19968,16,bfloat16,2048,112x128,13161.035,2,4,AMD Radeon RX 9070 XT,64,0,0,0
muse.gate_up g16,6656,19968,16,bfloat16,2048,64x128x2,13972.151,2,4,AMD Radeon RX 9070 XT,64,0,0,0
muse.gate_up g16,6656,19968,16,bfloat16,2048,128x256,14244.920,2,4,AMD Radeon RX 9070 XT,64,0,0,0
muse.gate_up g16,6656,19968,16,bfloat16,2048,96x128,15882.907,2,4,AMD Radeon RX 9070 XT,64,0,0,0
muse.gate_up g16,6656,19968,16,bfloat16,2048,80x128,16109.039,2,4,AMD Radeon RX 9070 XT,64,0,0,0
muse.gate_up g16,6656,19968,16,bfloat16,2048,64x32,16524.246,2,4,AMD Radeon RX 9070 XT,64,0,0,0
muse.gate_up g16,6656,19968,16,bfloat16,2048,32x64x4,16557.446,2,4,AMD Radeon RX 9070 XT,64,0,0,0
muse.gate_up g16,6656,19968,16,bfloat16,2048,64x64,19228.565,2,4,AMD Radeon RX 9070 XT,64,0,0,0
muse.gate_up g16,6656,19968,16,bfloat16,2048,32x128x4,22796.562,2,4,AMD Radeon RX 9070 XT,64,0,0,0
muse.gate_up g16,6656,19968,16,bfloat16,2048,64x128,24498.425,2,4,AMD Radeon RX 9070 XT,64,0,0,0
muse.gate_up g16,6656,19968,16,bfloat16,2048,32x64x2,24745.684,2,4,AMD Radeon RX 9070 XT,64,0,0,0
muse.gate_up g16,6656,19968,16,bfloat16,2048,prefill_wmma:smallm_off,32784.378,2,4,AMD Radeon RX 9070 XT,64,0,0,0
muse.gate_up g16,6656,19968,16,bfloat16,2048,prefill_wmma,33337.044,2,4,AMD Radeon RX 9070 XT,64,0,0,0
muse.gate_up g16,6656,19968,16,bfloat16,2048,32x32,35088.329,2,4,AMD Radeon RX 9070 XT,64,0,0,0
muse.gate_up g16,6656,19968,16,bfloat16,2048,32x64,45057.114,2,4,AMD Radeon RX 9070 XT,64,0,0,0
muse.gate_up g16,6656,19968,16,bfloat16,2048,16x64,120881.073,2,4,AMD Radeon RX 9070 XT,64,0,0,0
muse.gate_up g16,6656,19968,16,bfloat16,2048,32x128,124264.061,2,4,AMD Radeon RX 9070 XT,64,0,0,0
muse.gate_up g16,6656,19968,16,bfloat16,2048,16x128,227831.009,2,4,AMD Radeon RX 9070 XT,64,0,0,0
muse.down    g16,9984,6656,16,bfloat16,1,32x64x4,244.923,13,6,AMD Radeon RX 9070 XT,64,0,0,0
muse.down    g16,9984,6656,16,bfloat16,1,64x64x2,280.989,11,6,AMD Radeon RX 9070 XT,64,0,0,0
muse.down    g16,9984,6656,16,bfloat16,1,64x128x4,282.175,11,6,AMD Radeon RX 9070 XT,64,0,0,0
muse.down    g16,9984,6656,16,bfloat16,1,64x32,285.987,11,6,AMD Radeon RX 9070 XT,64,0,0,0
muse.down    g16,9984,6656,16,bfloat16,1,auto,290.419,10,6,AMD Radeon RX 9070 XT,64,0,0,0
muse.down    g16,9984,6656,16,bfloat16,1,128x128x4,297.557,11,6,AMD Radeon RX 9070 XT,64,0,0,0
muse.down    g16,9984,6656,16,bfloat16,1,128x64x2,318.561,10,6,AMD Radeon RX 9070 XT,64,0,0,0
muse.down    g16,9984,6656,16,bfloat16,1,128x32,356.872,9,6,AMD Radeon RX 9070 XT,64,0,0,0
muse.down    g16,9984,6656,16,bfloat16,1,128x128x2,362.232,8,6,AMD Radeon RX 9070 XT,64,0,0,0
muse.down    g16,9984,6656,16,bfloat16,1,128x64,377.223,8,6,AMD Radeon RX 9070 XT,64,0,0,0
muse.down    g16,9984,6656,16,bfloat16,1,96x128x2,393.618,8,6,AMD Radeon RX 9070 XT,64,0,0,0
muse.down    g16,9984,6656,16,bfloat16,1,192x128x2,399.445,8,6,AMD Radeon RX 9070 XT,64,0,0,0
muse.down    g16,9984,6656,16,bfloat16,1,32x128x4,406.906,8,6,AMD Radeon RX 9070 XT,64,0,0,0
muse.down    g16,9984,6656,16,bfloat16,1,32x64x2,407.355,8,6,AMD Radeon RX 9070 XT,64,0,0,0
muse.down    g16,9984,6656,16,bfloat16,1,32x32,430.705,7,6,AMD Radeon RX 9070 XT,64,0,0,0
muse.down    g16,9984,6656,16,bfloat16,1,64x128x2,447.317,7,6,AMD Radeon RX 9070 XT,64,0,0,0
muse.down    g16,9984,6656,16,bfloat16,1,64x64,455.150,7,6,AMD Radeon RX 9070 XT,64,0,0,0
muse.down    g16,9984,6656,16,bfloat16,1,256x32,479.763,6,6,AMD Radeon RX 9070 XT,64,0,0,0
muse.down    g16,9984,6656,16,bfloat16,1,256x128,490.983,6,6,AMD Radeon RX 9070 XT,64,0,0,0
muse.down    g16,9984,6656,16,bfloat16,1,192x128,494.206,6,6,AMD Radeon RX 9070 XT,64,0,0,0
muse.down    g16,9984,6656,16,bfloat16,1,128x128,520.747,6,6,AMD Radeon RX 9070 XT,64,0,0,0
muse.down    g16,9984,6656,16,bfloat16,1,256x128x2,524.890,6,6,AMD Radeon RX 9070 XT,64,0,0,0
muse.down    g16,9984,6656,16,bfloat16,1,256x64,533.089,6,6,AMD Radeon RX 9070 XT,64,0,0,0
muse.down    g16,9984,6656,16,bfloat16,1,112x128,579.725,5,6,AMD Radeon RX 9070 XT,64,0,0,0
muse.down    g16,9984,6656,16,bfloat16,1,96x128,611.002,5,6,AMD Radeon RX 9070 XT,64,0,0,0
muse.down    g16,9984,6656,16,bfloat16,1,80x128,675.808,4,6,AMD Radeon RX 9070 XT,64,0,0,0
muse.down    g16,9984,6656,16,bfloat16,1,prefill_wmma,727.952,4,6,AMD Radeon RX 9070 XT,64,0,0,0
muse.down    g16,9984,6656,16,bfloat16,1,32x64,779.659,4,6,AMD Radeon RX 9070 XT,64,0,0,0
muse.down    g16,9984,6656,16,bfloat16,1,64x128,805.008,4,6,AMD Radeon RX 9070 XT,64,0,0,0
muse.down    g16,9984,6656,16,bfloat16,1,128x256,870.619,3,6,AMD Radeon RX 9070 XT,64,0,0,0
muse.down    g16,9984,6656,16,bfloat16,1,16x64,1550.585,2,6,AMD Radeon RX 9070 XT,64,0,0,0
muse.down    g16,9984,6656,16,bfloat16,1,32x128,1570.981,2,6,AMD Radeon RX 9070 XT,64,0,0,0
muse.down    g16,9984,6656,16,bfloat16,1,prefill_wmma:smallm_off,1761.534,2,6,AMD Radeon RX 9070 XT,64,0,0,0
muse.down    g16,9984,6656,16,bfloat16,1,16x128,3277.549,2,6,AMD Radeon RX 9070 XT,64,0,0,0
muse.down    g16,9984,6656,16,bfloat16,8,32x64x4,243.103,13,6,AMD Radeon RX 9070 XT,64,0,0,0
muse.down    g16,9984,6656,16,bfloat16,8,64x128x4,276.613,11,6,AMD Radeon RX 9070 XT,64,0,0,0
muse.down    g16,9984,6656,16,bfloat16,8,64x64x2,278.161,11,6,AMD Radeon RX 9070 XT,64,0,0,0
muse.down    g16,9984,6656,16,bfloat16,8,64x32,284.871,11,6,AMD Radeon RX 9070 XT,64,0,0,0
muse.down    g16,9984,6656,16,bfloat16,8,auto,288.348,11,6,AMD Radeon RX 9070 XT,64,0,0,0
muse.down    g16,9984,6656,16,bfloat16,8,128x128x4,294.862,11,6,AMD Radeon RX 9070 XT,64,0,0,0
muse.down    g16,9984,6656,16,bfloat16,8,128x64x2,315.822,10,6,AMD Radeon RX 9070 XT,64,0,0,0
muse.down    g16,9984,6656,16,bfloat16,8,128x128x2,357.051,9,6,AMD Radeon RX 9070 XT,64,0,0,0
muse.down    g16,9984,6656,16,bfloat16,8,128x32,357.273,9,6,AMD Radeon RX 9070 XT,64,0,0,0
muse.down    g16,9984,6656,16,bfloat16,8,128x64,374.638,8,6,AMD Radeon RX 9070 XT,64,0,0,0
muse.down    g16,9984,6656,16,bfloat16,8,96x128x2,389.679,8,6,AMD Radeon RX 9070 XT,64,0,0,0
muse.down    g16,9984,6656,16,bfloat16,8,192x128x2,398.767,8,6,AMD Radeon RX 9070 XT,64,0,0,0
muse.down    g16,9984,6656,16,bfloat16,8,32x128x4,401.520,8,6,AMD Radeon RX 9070 XT,64,0,0,0
muse.down    g16,9984,6656,16,bfloat16,8,32x64x2,406.762,8,6,AMD Radeon RX 9070 XT,64,0,0,0
muse.down    g16,9984,6656,16,bfloat16,8,32x32,434.842,7,6,AMD Radeon RX 9070 XT,64,0,0,0
muse.down    g16,9984,6656,16,bfloat16,8,64x128x2,442.132,7,6,AMD Radeon RX 9070 XT,64,0,0,0
muse.down    g16,9984,6656,16,bfloat16,8,64x64,452.904,7,6,AMD Radeon RX 9070 XT,64,0,0,0
muse.down    g16,9984,6656,16,bfloat16,8,256x128,487.737,6,6,AMD Radeon RX 9070 XT,64,0,0,0
muse.down    g16,9984,6656,16,bfloat16,8,256x32,489.967,6,6,AMD Radeon RX 9070 XT,64,0,0,0
muse.down    g16,9984,6656,16,bfloat16,8,192x128,491.880,6,6,AMD Radeon RX 9070 XT,64,0,0,0
muse.down    g16,9984,6656,16,bfloat16,8,128x128,516.852,6,6,AMD Radeon RX 9070 XT,64,0,0,0
muse.down    g16,9984,6656,16,bfloat16,8,256x128x2,518.565,6,6,AMD Radeon RX 9070 XT,64,0,0,0
muse.down    g16,9984,6656,16,bfloat16,8,256x64,532.335,6,6,AMD Radeon RX 9070 XT,64,0,0,0
muse.down    g16,9984,6656,16,bfloat16,8,112x128,566.316,5,6,AMD Radeon RX 9070 XT,64,0,0,0
muse.down    g16,9984,6656,16,bfloat16,8,96x128,603.971,5,6,AMD Radeon RX 9070 XT,64,0,0,0
muse.down    g16,9984,6656,16,bfloat16,8,80x128,666.517,4,6,AMD Radeon RX 9070 XT,64,0,0,0
muse.down    g16,9984,6656,16,bfloat16,8,prefill_wmma,708.061,4,6,AMD Radeon RX 9070 XT,64,0,0,0
muse.down    g16,9984,6656,16,bfloat16,8,32x64,777.349,4,6,AMD Radeon RX 9070 XT,64,0,0,0
muse.down    g16,9984,6656,16,bfloat16,8,64x128,794.984,4,6,AMD Radeon RX 9070 XT,64,0,0,0
muse.down    g16,9984,6656,16,bfloat16,8,128x256,864.176,3,6,AMD Radeon RX 9070 XT,64,0,0,0
muse.down    g16,9984,6656,16,bfloat16,8,32x128,1543.494,2,6,AMD Radeon RX 9070 XT,64,0,0,0
muse.down    g16,9984,6656,16,bfloat16,8,prefill_wmma:smallm_off,1701.610,2,6,AMD Radeon RX 9070 XT,64,0,0,0
muse.down    g16,9984,6656,16,bfloat16,8,16x64,1783.088,2,6,AMD Radeon RX 9070 XT,64,0,0,0
muse.down    g16,9984,6656,16,bfloat16,8,16x128,3203.717,2,6,AMD Radeon RX 9070 XT,64,0,0,0
muse.down    g16,9984,6656,16,bfloat16,17,32x64x4,246.978,13,6,AMD Radeon RX 9070 XT,64,0,0,0
muse.down    g16,9984,6656,16,bfloat16,17,64x128x4,279.889,11,6,AMD Radeon RX 9070 XT,64,0,0,0
muse.down    g16,9984,6656,16,bfloat16,17,64x64x2,282.200,11,6,AMD Radeon RX 9070 XT,64,0,0,0
muse.down    g16,9984,6656,16,bfloat16,17,128x128x4,298.082,11,6,AMD Radeon RX 9070 XT,64,0,0,0
muse.down    g16,9984,6656,16,bfloat16,17,64x32,301.952,10,6,AMD Radeon RX 9070 XT,64,0,0,0
muse.down    g16,9984,6656,16,bfloat16,17,auto,303.573,10,6,AMD Radeon RX 9070 XT,64,0,0,0
muse.down    g16,9984,6656,16,bfloat16,17,128x64x2,319.150,10,6,AMD Radeon RX 9070 XT,64,0,0,0
muse.down    g16,9984,6656,16,bfloat16,17,128x128x2,361.163,9,6,AMD Radeon RX 9070 XT,64,0,0,0
muse.down    g16,9984,6656,16,bfloat16,17,128x32,366.391,9,6,AMD Radeon RX 9070 XT,64,0,0,0
muse.down    g16,9984,6656,16,bfloat16,17,128x64,378.692,8,6,AMD Radeon RX 9070 XT,64,0,0,0
muse.down    g16,9984,6656,16,bfloat16,17,96x128x2,394.768,8,6,AMD Radeon RX 9070 XT,64,0,0,0
muse.down    g16,9984,6656,16,bfloat16,17,192x128x2,401.054,8,6,AMD Radeon RX 9070 XT,64,0,0,0
muse.down    g16,9984,6656,16,bfloat16,17,32x128x4,405.607,8,6,AMD Radeon RX 9070 XT,64,0,0,0
muse.down    g16,9984,6656,16,bfloat16,17,32x64x2,413.774,7,6,AMD Radeon RX 9070 XT,64,0,0,0
muse.down    g16,9984,6656,16,bfloat16,17,64x128x2,447.321,7,6,AMD Radeon RX 9070 XT,64,0,0,0
muse.down    g16,9984,6656,16,bfloat16,17,64x64,462.346,7,6,AMD Radeon RX 9070 XT,64,0,0,0
muse.down    g16,9984,6656,16,bfloat16,17,32x32,483.481,6,6,AMD Radeon RX 9070 XT,64,0,0,0
muse.down    g16,9984,6656,16,bfloat16,17,256x128,492.601,6,6,AMD Radeon RX 9070 XT,64,0,0,0
muse.down    g16,9984,6656,16,bfloat16,17,192x128,496.752,6,6,AMD Radeon RX 9070 XT,64,0,0,0
muse.down    g16,9984,6656,16,bfloat16,17,256x32,501.709,6,6,AMD Radeon RX 9070 XT,64,0,0,0
muse.down    g16,9984,6656,16,bfloat16,17,256x128x2,521.856,6,6,AMD Radeon RX 9070 XT,64,0,0,0
muse.down    g16,9984,6656,16,bfloat16,17,128x128,522.347,6,6,AMD Radeon RX 9070 XT,64,0,0,0
muse.down    g16,9984,6656,16,bfloat16,17,256x64,541.350,6,6,AMD Radeon RX 9070 XT,64,0,0,0
muse.down    g16,9984,6656,16,bfloat16,17,112x128,572.069,5,6,AMD Radeon RX 9070 XT,64,0,0,0
muse.down    g16,9984,6656,16,bfloat16,17,96x128,612.162,5,6,AMD Radeon RX 9070 XT,64,0,0,0
muse.down    g16,9984,6656,16,bfloat16,17,80x128,677.744,4,6,AMD Radeon RX 9070 XT,64,0,0,0
muse.down    g16,9984,6656,16,bfloat16,17,prefill_wmma,751.517,4,6,AMD Radeon RX 9070 XT,64,0,0,0
muse.down    g16,9984,6656,16,bfloat16,17,64x128,809.399,4,6,AMD Radeon RX 9070 XT,64,0,0,0
muse.down    g16,9984,6656,16,bfloat16,17,32x64,823.326,4,6,AMD Radeon RX 9070 XT,64,0,0,0
muse.down    g16,9984,6656,16,bfloat16,17,128x256,869.183,3,6,AMD Radeon RX 9070 XT,64,0,0,0
muse.down    g16,9984,6656,16,bfloat16,17,16x64,1505.270,2,6,AMD Radeon RX 9070 XT,64,0,0,0
muse.down    g16,9984,6656,16,bfloat16,17,32x128,1561.215,2,6,AMD Radeon RX 9070 XT,64,0,0,0
muse.down    g16,9984,6656,16,bfloat16,17,prefill_wmma:smallm_off,1738.397,2,6,AMD Radeon RX 9070 XT,64,0,0,0
muse.down    g16,9984,6656,16,bfloat16,17,16x128,3218.581,2,6,AMD Radeon RX 9070 XT,64,0,0,0
muse.down    g16,9984,6656,16,bfloat16,24,32x64x4,251.276,13,6,AMD Radeon RX 9070 XT,64,0,0,0
muse.down    g16,9984,6656,16,bfloat16,24,64x128x4,280.605,11,6,AMD Radeon RX 9070 XT,64,0,0,0
muse.down    g16,9984,6656,16,bfloat16,24,64x64x2,285.288,11,6,AMD Radeon RX 9070 XT,64,0,0,0
muse.down    g16,9984,6656,16,bfloat16,24,128x128x4,299.117,11,6,AMD Radeon RX 9070 XT,64,0,0,0
muse.down    g16,9984,6656,16,bfloat16,24,64x32,308.774,10,6,AMD Radeon RX 9070 XT,64,0,0,0
muse.down    g16,9984,6656,16,bfloat16,24,auto,310.742,10,6,AMD Radeon RX 9070 XT,64,0,0,0
muse.down    g16,9984,6656,16,bfloat16,24,128x64x2,320.640,10,6,AMD Radeon RX 9070 XT,64,0,0,0
muse.down    g16,9984,6656,16,bfloat16,24,128x128x2,361.675,9,6,AMD Radeon RX 9070 XT,64,0,0,0
muse.down    g16,9984,6656,16,bfloat16,24,128x32,374.498,8,6,AMD Radeon RX 9070 XT,64,0,0,0
muse.down    g16,9984,6656,16,bfloat16,24,128x64,383.554,8,6,AMD Radeon RX 9070 XT,64,0,0,0
muse.down    g16,9984,6656,16,bfloat16,24,96x128x2,394.980,8,6,AMD Radeon RX 9070 XT,64,0,0,0
muse.down    g16,9984,6656,16,bfloat16,24,192x128x2,400.542,8,6,AMD Radeon RX 9070 XT,64,0,0,0
muse.down    g16,9984,6656,16,bfloat16,24,32x128x4,411.365,8,6,AMD Radeon RX 9070 XT,64,0,0,0
muse.down    g16,9984,6656,16,bfloat16,24,32x64x2,426.419,7,6,AMD Radeon RX 9070 XT,64,0,0,0
muse.down    g16,9984,6656,16,bfloat16,24,64x128x2,453.073,7,6,AMD Radeon RX 9070 XT,64,0,0,0
muse.down    g16,9984,6656,16,bfloat16,24,64x64,459.756,7,6,AMD Radeon RX 9070 XT,64,0,0,0
muse.down    g16,9984,6656,16,bfloat16,24,256x128,494.550,6,6,AMD Radeon RX 9070 XT,64,0,0,0
muse.down    g16,9984,6656,16,bfloat16,24,192x128,496.560,6,6,AMD Radeon RX 9070 XT,64,0,0,0
muse.down    g16,9984,6656,16,bfloat16,24,256x32,507.490,6,6,AMD Radeon RX 9070 XT,64,0,0,0
muse.down    g16,9984,6656,16,bfloat16,24,32x32,508.497,6,6,AMD Radeon RX 9070 XT,64,0,0,0
muse.down    g16,9984,6656,16,bfloat16,24,256x128x2,523.854,6,6,AMD Radeon RX 9070 XT,64,0,0,0
muse.down    g16,9984,6656,16,bfloat16,24,128x128,528.253,6,6,AMD Radeon RX 9070 XT,64,0,0,0
muse.down    g16,9984,6656,16,bfloat16,24,256x64,545.129,5,6,AMD Radeon RX 9070 XT,64,0,0,0
muse.down    g16,9984,6656,16,bfloat16,24,112x128,582.423,5,6,AMD Radeon RX 9070 XT,64,0,0,0
muse.down    g16,9984,6656,16,bfloat16,24,96x128,617.328,5,6,AMD Radeon RX 9070 XT,64,0,0,0
muse.down    g16,9984,6656,16,bfloat16,24,80x128,684.524,4,6,AMD Radeon RX 9070 XT,64,0,0,0
muse.down    g16,9984,6656,16,bfloat16,24,prefill_wmma,750.137,4,6,AMD Radeon RX 9070 XT,64,0,0,0
muse.down    g16,9984,6656,16,bfloat16,24,64x128,819.980,4,6,AMD Radeon RX 9070 XT,64,0,0,0
muse.down    g16,9984,6656,16,bfloat16,24,32x64,850.654,3,6,AMD Radeon RX 9070 XT,64,0,0,0
muse.down    g16,9984,6656,16,bfloat16,24,128x256,875.130,3,6,AMD Radeon RX 9070 XT,64,0,0,0
muse.down    g16,9984,6656,16,bfloat16,24,32x128,1692.026,2,6,AMD Radeon RX 9070 XT,64,0,0,0
muse.down    g16,9984,6656,16,bfloat16,24,16x64,1696.703,2,6,AMD Radeon RX 9070 XT,64,0,0,0
muse.down    g16,9984,6656,16,bfloat16,24,prefill_wmma:smallm_off,1740.250,2,6,AMD Radeon RX 9070 XT,64,0,0,0
muse.down    g16,9984,6656,16,bfloat16,24,16x128,3277.155,2,6,AMD Radeon RX 9070 XT,64,0,0,0
muse.down    g16,9984,6656,16,bfloat16,32,32x64x4,258.007,12,6,AMD Radeon RX 9070 XT,64,0,0,0
muse.down    g16,9984,6656,16,bfloat16,32,64x128x4,284.752,11,6,AMD Radeon RX 9070 XT,64,0,0,0
muse.down    g16,9984,6656,16,bfloat16,32,64x64x2,291.449,11,6,AMD Radeon RX 9070 XT,64,0,0,0
muse.down    g16,9984,6656,16,bfloat16,32,128x128x4,302.479,11,6,AMD Radeon RX 9070 XT,64,0,0,0
muse.down    g16,9984,6656,16,bfloat16,32,64x32,314.212,10,6,AMD Radeon RX 9070 XT,64,0,0,0
muse.down    g16,9984,6656,16,bfloat16,32,auto,316.852,10,6,AMD Radeon RX 9070 XT,64,0,0,0
muse.down    g16,9984,6656,16,bfloat16,32,128x64x2,325.560,10,6,AMD Radeon RX 9070 XT,64,0,0,0
muse.down    g16,9984,6656,16,bfloat16,32,128x128x2,365.883,8,6,AMD Radeon RX 9070 XT,64,0,0,0
muse.down    g16,9984,6656,16,bfloat16,32,128x32,383.045,8,6,AMD Radeon RX 9070 XT,64,0,0,0
muse.down    g16,9984,6656,16,bfloat16,32,128x64,387.687,8,6,AMD Radeon RX 9070 XT,64,0,0,0
muse.down    g16,9984,6656,16,bfloat16,32,96x128x2,400.281,8,6,AMD Radeon RX 9070 XT,64,0,0,0
muse.down    g16,9984,6656,16,bfloat16,32,192x128x2,403.416,8,6,AMD Radeon RX 9070 XT,64,0,0,0
muse.down    g16,9984,6656,16,bfloat16,32,32x128x4,416.452,7,6,AMD Radeon RX 9070 XT,64,0,0,0
muse.down    g16,9984,6656,16,bfloat16,32,32x64x2,442.940,7,6,AMD Radeon RX 9070 XT,64,0,0,0
muse.down    g16,9984,6656,16,bfloat16,32,64x128x2,458.360,7,6,AMD Radeon RX 9070 XT,64,0,0,0
muse.down    g16,9984,6656,16,bfloat16,32,64x64,475.208,6,6,AMD Radeon RX 9070 XT,64,0,0,0
muse.down    g16,9984,6656,16,bfloat16,32,256x128,499.177,6,6,AMD Radeon RX 9070 XT,64,0,0,0
muse.down    g16,9984,6656,16,bfloat16,32,192x128,502.100,6,6,AMD Radeon RX 9070 XT,64,0,0,0
muse.down    g16,9984,6656,16,bfloat16,32,256x32,512.548,6,6,AMD Radeon RX 9070 XT,64,0,0,0
muse.down    g16,9984,6656,16,bfloat16,32,256x128x2,531.237,6,6,AMD Radeon RX 9070 XT,64,0,0,0
muse.down    g16,9984,6656,16,bfloat16,32,128x128,534.137,6,6,AMD Radeon RX 9070 XT,64,0,0,0
muse.down    g16,9984,6656,16,bfloat16,32,32x32,542.963,6,6,AMD Radeon RX 9070 XT,64,0,0,0
muse.down    g16,9984,6656,16,bfloat16,32,256x64,557.060,5,6,AMD Radeon RX 9070 XT,64,0,0,0
muse.down    g16,9984,6656,16,bfloat16,32,112x128,586.135,5,6,AMD Radeon RX 9070 XT,64,0,0,0
muse.down    g16,9984,6656,16,bfloat16,32,96x128,626.558,5,6,AMD Radeon RX 9070 XT,64,0,0,0
muse.down    g16,9984,6656,16,bfloat16,32,80x128,694.521,4,6,AMD Radeon RX 9070 XT,64,0,0,0
muse.down    g16,9984,6656,16,bfloat16,32,prefill_wmma,779.692,4,6,AMD Radeon RX 9070 XT,64,0,0,0
muse.down    g16,9984,6656,16,bfloat16,32,64x128,831.603,4,6,AMD Radeon RX 9070 XT,64,0,0,0
muse.down    g16,9984,6656,16,bfloat16,32,32x64,879.561,3,6,AMD Radeon RX 9070 XT,64,0,0,0
muse.down    g16,9984,6656,16,bfloat16,32,128x256,883.043,3,6,AMD Radeon RX 9070 XT,64,0,0,0
muse.down    g16,9984,6656,16,bfloat16,32,prefill_wmma:smallm_off,1747.327,2,6,AMD Radeon RX 9070 XT,64,0,0,0
muse.down    g16,9984,6656,16,bfloat16,32,32x128,1948.467,2,6,AMD Radeon RX 9070 XT,64,0,0,0
muse.down    g16,9984,6656,16,bfloat16,32,16x64,2089.275,2,6,AMD Radeon RX 9070 XT,64,0,0,0
muse.down    g16,9984,6656,16,bfloat16,32,16x128,3370.649,2,6,AMD Radeon RX 9070 XT,64,0,0,0
muse.down    g16,9984,6656,16,bfloat16,48,64x128x4,293.856,11,6,AMD Radeon RX 9070 XT,64,0,0,0
muse.down    g16,9984,6656,16,bfloat16,48,128x128x4,304.357,10,6,AMD Radeon RX 9070 XT,64,0,0,0
muse.down    g16,9984,6656,16,bfloat16,48,64x64x2,309.462,10,6,AMD Radeon RX 9070 XT,64,0,0,0
muse.down    g16,9984,6656,16,bfloat16,48,128x64x2,330.511,10,6,AMD Radeon RX 9070 XT,64,0,0,0
muse.down    g16,9984,6656,16,bfloat16,48,32x64x4,335.604,10,6,AMD Radeon RX 9070 XT,64,0,0,0
muse.down    g16,9984,6656,16,bfloat16,48,64x32,351.786,9,6,AMD Radeon RX 9070 XT,64,0,0,0
muse.down    g16,9984,6656,16,bfloat16,48,auto,352.426,9,6,AMD Radeon RX 9070 XT,64,0,0,0
muse.down    g16,9984,6656,16,bfloat16,48,128x128x2,371.974,8,6,AMD Radeon RX 9070 XT,64,0,0,0
muse.down    g16,9984,6656,16,bfloat16,48,128x64,398.535,8,6,AMD Radeon RX 9070 XT,64,0,0,0
muse.down    g16,9984,6656,16,bfloat16,48,192x128x2,405.740,8,6,AMD Radeon RX 9070 XT,64,0,0,0
muse.down    g16,9984,6656,16,bfloat16,48,96x128x2,410.003,8,6,AMD Radeon RX 9070 XT,64,0,0,0
muse.down    g16,9984,6656,16,bfloat16,48,128x32,410.058,8,6,AMD Radeon RX 9070 XT,64,0,0,0
muse.down    g16,9984,6656,16,bfloat16,48,32x64x2,447.117,7,6,AMD Radeon RX 9070 XT,64,0,0,0
muse.down    g16,9984,6656,16,bfloat16,48,32x128x4,449.821,7,6,AMD Radeon RX 9070 XT,64,0,0,0
muse.down    g16,9984,6656,16,bfloat16,48,64x128x2,475.731,6,6,AMD Radeon RX 9070 XT,64,0,0,0
muse.down    g16,9984,6656,16,bfloat16,48,256x128,506.557,6,6,AMD Radeon RX 9070 XT,64,0,0,0
muse.down    g16,9984,6656,16,bfloat16,48,192x128,509.401,6,6,AMD Radeon RX 9070 XT,64,0,0,0
muse.down    g16,9984,6656,16,bfloat16,48,64x64,515.531,6,6,AMD Radeon RX 9070 XT,64,0,0,0
muse.down    g16,9984,6656,16,bfloat16,48,256x32,527.264,6,6,AMD Radeon RX 9070 XT,64,0,0,0
muse.down    g16,9984,6656,16,bfloat16,48,256x128x2,535.535,6,6,AMD Radeon RX 9070 XT,64,0,0,0
muse.down    g16,9984,6656,16,bfloat16,48,128x128,546.450,6,6,AMD Radeon RX 9070 XT,64,0,0,0
muse.down    g16,9984,6656,16,bfloat16,48,256x64,568.000,5,6,AMD Radeon RX 9070 XT,64,0,0,0
muse.down    g16,9984,6656,16,bfloat16,48,112x128,600.688,5,6,AMD Radeon RX 9070 XT,64,0,0,0
muse.down    g16,9984,6656,16,bfloat16,48,96x128,647.193,5,6,AMD Radeon RX 9070 XT,64,0,0,0
muse.down    g16,9984,6656,16,bfloat16,48,80x128,717.683,4,6,AMD Radeon RX 9070 XT,64,0,0,0
muse.down    g16,9984,6656,16,bfloat16,48,32x64,836.318,3,6,AMD Radeon RX 9070 XT,64,0,0,0
muse.down    g16,9984,6656,16,bfloat16,48,prefill_wmma,851.549,3,6,AMD Radeon RX 9070 XT,64,0,0,0
muse.down    g16,9984,6656,16,bfloat16,48,64x128,869.074,3,6,AMD Radeon RX 9070 XT,64,0,0,0
muse.down    g16,9984,6656,16,bfloat16,48,128x256,898.203,3,6,AMD Radeon RX 9070 XT,64,0,0,0
muse.down    g16,9984,6656,16,bfloat16,48,32x32,946.755,3,6,AMD Radeon RX 9070 XT,64,0,0,0
muse.down    g16,9984,6656,16,bfloat16,48,32x128,1695.140,2,6,AMD Radeon RX 9070 XT,64,0,0,0
muse.down    g16,9984,6656,16,bfloat16,48,prefill_wmma:smallm_off,1822.112,2,6,AMD Radeon RX 9070 XT,64,0,0,0
muse.down    g16,9984,6656,16,bfloat16,48,16x128,3423.489,2,6,AMD Radeon RX 9070 XT,64,0,0,0
muse.down    g16,9984,6656,16,bfloat16,48,16x64,4832.714,2,6,AMD Radeon RX 9070 XT,64,0,0,0
muse.down    g16,9984,6656,16,bfloat16,63,64x128x4,299.290,10,6,AMD Radeon RX 9070 XT,64,0,0,0
muse.down    g16,9984,6656,16,bfloat16,63,128x128x4,310.156,10,6,AMD Radeon RX 9070 XT,64,0,0,0
muse.down    g16,9984,6656,16,bfloat16,63,64x64x2,321.550,9,6,AMD Radeon RX 9070 XT,64,0,0,0
muse.down    g16,9984,6656,16,bfloat16,63,128x64x2,333.868,9,6,AMD Radeon RX 9070 XT,64,0,0,0
muse.down    g16,9984,6656,16,bfloat16,63,32x64x4,342.045,9,6,AMD Radeon RX 9070 XT,64,0,0,0
muse.down    g16,9984,6656,16,bfloat16,63,128x128x2,378.660,8,6,AMD Radeon RX 9070 XT,64,0,0,0
muse.down    g16,9984,6656,16,bfloat16,63,auto,387.435,8,6,AMD Radeon RX 9070 XT,64,0,0,0
muse.down    g16,9984,6656,16,bfloat16,63,64x32,387.711,8,6,AMD Radeon RX 9070 XT,64,0,0,0
muse.down    g16,9984,6656,16,bfloat16,63,192x128x2,410.909,7,6,AMD Radeon RX 9070 XT,64,0,0,0
muse.down    g16,9984,6656,16,bfloat16,63,128x64,410.925,7,6,AMD Radeon RX 9070 XT,64,0,0,0
muse.down    g16,9984,6656,16,bfloat16,63,96x128x2,420.472,7,6,AMD Radeon RX 9070 XT,64,0,0,0
muse.down    g16,9984,6656,16,bfloat16,63,128x32,443.684,7,6,AMD Radeon RX 9070 XT,64,0,0,0
muse.down    g16,9984,6656,16,bfloat16,63,32x64x2,452.592,6,6,AMD Radeon RX 9070 XT,64,0,0,0
muse.down    g16,9984,6656,16,bfloat16,63,32x128x4,461.851,6,6,AMD Radeon RX 9070 XT,64,0,0,0
muse.down    g16,9984,6656,16,bfloat16,63,64x128x2,475.172,6,6,AMD Radeon RX 9070 XT,64,0,0,0
muse.down    g16,9984,6656,16,bfloat16,63,256x128,510.398,6,6,AMD Radeon RX 9070 XT,64,0,0,0
muse.down    g16,9984,6656,16,bfloat16,63,192x128,520.724,6,6,AMD Radeon RX 9070 XT,64,0,0,0
muse.down    g16,9984,6656,16,bfloat16,63,256x32,542.774,6,6,AMD Radeon RX 9070 XT,64,0,0,0
muse.down    g16,9984,6656,16,bfloat16,63,256x128x2,546.669,5,6,AMD Radeon RX 9070 XT,64,0,0,0
muse.down    g16,9984,6656,16,bfloat16,63,64x64,548.261,5,6,AMD Radeon RX 9070 XT,64,0,0,0
muse.down    g16,9984,6656,16,bfloat16,63,128x128,564.389,5,6,AMD Radeon RX 9070 XT,64,0,0,0
muse.down    g16,9984,6656,16,bfloat16,63,256x64,583.425,5,6,AMD Radeon RX 9070 XT,64,0,0,0
muse.down    g16,9984,6656,16,bfloat16,63,112x128,617.307,5,6,AMD Radeon RX 9070 XT,64,0,0,0
muse.down    g16,9984,6656,16,bfloat16,63,96x128,668.391,4,6,AMD Radeon RX 9070 XT,64,0,0,0
muse.down    g16,9984,6656,16,bfloat16,63,80x128,743.265,4,6,AMD Radeon RX 9070 XT,64,0,0,0
muse.down    g16,9984,6656,16,bfloat16,63,64x128,894.137,3,6,AMD Radeon RX 9070 XT,64,0,0,0
muse.down    g16,9984,6656,16,bfloat16,63,32x64,903.410,3,6,AMD Radeon RX 9070 XT,64,0,0,0
muse.down    g16,9984,6656,16,bfloat16,63,prefill_wmma,908.301,3,6,AMD Radeon RX 9070 XT,64,0,0,0
muse.down    g16,9984,6656,16,bfloat16,63,128x256,916.728,3,6,AMD Radeon RX 9070 XT,64,0,0,0
muse.down    g16,9984,6656,16,bfloat16,63,32x32,1245.839,3,6,AMD Radeon RX 9070 XT,64,0,0,0
muse.down    g16,9984,6656,16,bfloat16,63,prefill_wmma:smallm_off,1882.666,2,6,AMD Radeon RX 9070 XT,64,0,0,0
muse.down    g16,9984,6656,16,bfloat16,63,32x128,2013.044,2,6,AMD Radeon RX 9070 XT,64,0,0,0
muse.down    g16,9984,6656,16,bfloat16,63,16x64,5011.695,2,6,AMD Radeon RX 9070 XT,64,0,0,0
muse.down    g16,9984,6656,16,bfloat16,63,16x128,7443.705,2,6,AMD Radeon RX 9070 XT,64,0,0,0
muse.down    g16,9984,6656,16,bfloat16,64,64x128x4,301.859,10,6,AMD Radeon RX 9070 XT,64,0,0,0
muse.down    g16,9984,6656,16,bfloat16,64,128x128x4,310.333,10,6,AMD Radeon RX 9070 XT,64,0,0,0
muse.down    g16,9984,6656,16,bfloat16,64,64x64x2,326.206,9,6,AMD Radeon RX 9070 XT,64,0,0,0
muse.down    g16,9984,6656,16,bfloat16,64,128x64x2,335.565,9,6,AMD Radeon RX 9070 XT,64,0,0,0
muse.down    g16,9984,6656,16,bfloat16,64,32x64x4,341.774,9,6,AMD Radeon RX 9070 XT,64,0,0,0
muse.down    g16,9984,6656,16,bfloat16,64,128x128x2,381.084,8,6,AMD Radeon RX 9070 XT,64,0,0,0
muse.down    g16,9984,6656,16,bfloat16,64,auto,387.652,8,6,AMD Radeon RX 9070 XT,64,0,0,0
muse.down    g16,9984,6656,16,bfloat16,64,64x32,390.368,8,6,AMD Radeon RX 9070 XT,64,0,0,0
muse.down    g16,9984,6656,16,bfloat16,64,192x128x2,412.460,7,6,AMD Radeon RX 9070 XT,64,0,0,0
muse.down    g16,9984,6656,16,bfloat16,64,128x64,412.706,7,6,AMD Radeon RX 9070 XT,64,0,0,0
muse.down    g16,9984,6656,16,bfloat16,64,96x128x2,424.331,7,6,AMD Radeon RX 9070 XT,64,0,0,0
muse.down    g16,9984,6656,16,bfloat16,64,128x32,445.479,7,6,AMD Radeon RX 9070 XT,64,0,0,0
muse.down    g16,9984,6656,16,bfloat16,64,32x64x2,452.949,7,6,AMD Radeon RX 9070 XT,64,0,0,0
muse.down    g16,9984,6656,16,bfloat16,64,32x128x4,462.223,6,6,AMD Radeon RX 9070 XT,64,0,0,0
muse.down    g16,9984,6656,16,bfloat16,64,64x128x2,478.654,6,6,AMD Radeon RX 9070 XT,64,0,0,0
muse.down    g16,9984,6656,16,bfloat16,64,256x128,510.420,6,6,AMD Radeon RX 9070 XT,64,0,0,0
muse.down    g16,9984,6656,16,bfloat16,64,192x128,524.764,6,6,AMD Radeon RX 9070 XT,64,0,0,0
muse.down    g16,9984,6656,16,bfloat16,64,256x32,541.400,6,6,AMD Radeon RX 9070 XT,64,0,0,0
muse.down    g16,9984,6656,16,bfloat16,64,256x128x2,552.738,5,6,AMD Radeon RX 9070 XT,64,0,0,0
muse.down    g16,9984,6656,16,bfloat16,64,64x64,556.949,5,6,AMD Radeon RX 9070 XT,64,0,0,0
muse.down    g16,9984,6656,16,bfloat16,64,128x128,568.965,5,6,AMD Radeon RX 9070 XT,64,0,0,0
muse.down    g16,9984,6656,16,bfloat16,64,256x64,582.680,5,6,AMD Radeon RX 9070 XT,64,0,0,0
muse.down    g16,9984,6656,16,bfloat16,64,112x128,623.398,5,6,AMD Radeon RX 9070 XT,64,0,0,0
muse.down    g16,9984,6656,16,bfloat16,64,96x128,673.548,4,6,AMD Radeon RX 9070 XT,64,0,0,0
muse.down    g16,9984,6656,16,bfloat16,64,80x128,745.070,4,6,AMD Radeon RX 9070 XT,64,0,0,0
muse.down    g16,9984,6656,16,bfloat16,64,64x128,901.670,3,6,AMD Radeon RX 9070 XT,64,0,0,0
muse.down    g16,9984,6656,16,bfloat16,64,32x64,905.043,3,6,AMD Radeon RX 9070 XT,64,0,0,0
muse.down    g16,9984,6656,16,bfloat16,64,prefill_wmma,905.199,3,6,AMD Radeon RX 9070 XT,64,0,0,0
muse.down    g16,9984,6656,16,bfloat16,64,128x256,923.115,3,6,AMD Radeon RX 9070 XT,64,0,0,0
muse.down    g16,9984,6656,16,bfloat16,64,32x32,1205.830,2,6,AMD Radeon RX 9070 XT,64,0,0,0
muse.down    g16,9984,6656,16,bfloat16,64,prefill_wmma:smallm_off,1858.365,2,6,AMD Radeon RX 9070 XT,64,0,0,0
muse.down    g16,9984,6656,16,bfloat16,64,32x128,1961.430,2,6,AMD Radeon RX 9070 XT,64,0,0,0
muse.down    g16,9984,6656,16,bfloat16,64,16x64,5062.359,2,6,AMD Radeon RX 9070 XT,64,0,0,0
muse.down    g16,9984,6656,16,bfloat16,64,16x128,7431.578,2,6,AMD Radeon RX 9070 XT,64,0,0,0
muse.down    g16,9984,6656,16,bfloat16,96,128x128x4,323.204,10,6,AMD Radeon RX 9070 XT,64,0,0,0
muse.down    g16,9984,6656,16,bfloat16,96,128x64x2,352.867,9,6,AMD Radeon RX 9070 XT,64,0,0,0
muse.down    g16,9984,6656,16,bfloat16,96,128x128x2,390.402,8,6,AMD Radeon RX 9070 XT,64,0,0,0
muse.down    g16,9984,6656,16,bfloat16,96,192x128x2,421.462,7,6,AMD Radeon RX 9070 XT,64,0,0,0
muse.down    g16,9984,6656,16,bfloat16,96,128x64,427.854,7,6,AMD Radeon RX 9070 XT,64,0,0,0
muse.down    g16,9984,6656,16,bfloat16,96,96x128x2,428.613,7,6,AMD Radeon RX 9070 XT,64,0,0,0
muse.down    g16,9984,6656,16,bfloat16,96,64x128x4,428.788,7,6,AMD Radeon RX 9070 XT,64,0,0,0
muse.down    g16,9984,6656,16,bfloat16,96,auto,433.217,7,6,AMD Radeon RX 9070 XT,64,0,0,0
muse.down    g16,9984,6656,16,bfloat16,96,32x64x4,495.138,6,6,AMD Radeon RX 9070 XT,64,0,0,0
muse.down    g16,9984,6656,16,bfloat16,96,128x32,501.288,6,6,AMD Radeon RX 9070 XT,64,0,0,0
muse.down    g16,9984,6656,16,bfloat16,96,64x64x2,524.629,6,6,AMD Radeon RX 9070 XT,64,0,0,0
muse.down    g16,9984,6656,16,bfloat16,96,256x128,526.704,6,6,AMD Radeon RX 9070 XT,64,0,0,0
muse.down    g16,9984,6656,16,bfloat16,96,192x128,529.754,6,6,AMD Radeon RX 9070 XT,64,0,0,0
muse.down    g16,9984,6656,16,bfloat16,96,64x128x2,549.804,5,6,AMD Radeon RX 9070 XT,64,0,0,0
muse.down    g16,9984,6656,16,bfloat16,96,256x128x2,576.661,5,6,AMD Radeon RX 9070 XT,64,0,0,0
muse.down    g16,9984,6656,16,bfloat16,96,128x128,588.345,5,6,AMD Radeon RX 9070 XT,64,0,0,0
muse.down    g16,9984,6656,16,bfloat16,96,256x32,588.489,5,6,AMD Radeon RX 9070 XT,64,0,0,0
muse.down    g16,9984,6656,16,bfloat16,96,256x64,607.054,5,6,AMD Radeon RX 9070 XT,64,0,0,0
muse.down    g16,9984,6656,16,bfloat16,96,64x32,631.709,5,6,AMD Radeon RX 9070 XT,64,0,0,0
muse.down    g16,9984,6656,16,bfloat16,96,112x128,635.709,5,6,AMD Radeon RX 9070 XT,64,0,0,0
muse.down    g16,9984,6656,16,bfloat16,96,96x128,691.088,4,6,AMD Radeon RX 9070 XT,64,0,0,0
muse.down    g16,9984,6656,16,bfloat16,96,80x128,787.322,4,6,AMD Radeon RX 9070 XT,64,0,0,0
muse.down    g16,9984,6656,16,bfloat16,96,32x128x4,840.723,3,6,AMD Radeon RX 9070 XT,64,0,0,0
muse.down    g16,9984,6656,16,bfloat16,96,32x64x2,898.070,3,6,AMD Radeon RX 9070 XT,64,0,0,0
muse.down    g16,9984,6656,16,bfloat16,96,64x128,905.723,3,6,AMD Radeon RX 9070 XT,64,0,0,0
muse.down    g16,9984,6656,16,bfloat16,96,128x256,943.551,3,6,AMD Radeon RX 9070 XT,64,0,0,0
muse.down    g16,9984,6656,16,bfloat16,96,prefill_wmma,961.635,3,6,AMD Radeon RX 9070 XT,64,0,0,0
muse.down    g16,9984,6656,16,bfloat16,96,64x64,964.802,3,6,AMD Radeon RX 9070 XT,64,0,0,0
muse.down    g16,9984,6656,16,bfloat16,96,32x32,1226.213,2,6,AMD Radeon RX 9070 XT,64,0,0,0
muse.down    g16,9984,6656,16,bfloat16,96,32x64,1924.200,2,6,AMD Radeon RX 9070 XT,64,0,0,0
muse.down    g16,9984,6656,16,bfloat16,96,prefill_wmma:smallm_off,1962.647,2,6,AMD Radeon RX 9070 XT,64,0,0,0
muse.down    g16,9984,6656,16,bfloat16,96,32x128,3839.752,2,6,AMD Radeon RX 9070 XT,64,0,0,0
muse.down    g16,9984,6656,16,bfloat16,96,16x128,6887.168,2,6,AMD Radeon RX 9070 XT,64,0,0,0
muse.down    g16,9984,6656,16,bfloat16,96,16x64,7254.406,2,6,AMD Radeon RX 9070 XT,64,0,0,0
muse.down    g16,9984,6656,16,bfloat16,128,128x128x4,329.943,10,6,AMD Radeon RX 9070 XT,64,0,0,0
muse.down    g16,9984,6656,16,bfloat16,128,128x64x2,359.703,9,6,AMD Radeon RX 9070 XT,64,0,0,0
muse.down    g16,9984,6656,16,bfloat16,128,128x128x2,402.455,8,6,AMD Radeon RX 9070 XT,64,0,0,0
muse.down    g16,9984,6656,16,bfloat16,128,192x128x2,429.974,7,6,AMD Radeon RX 9070 XT,64,0,0,0
muse.down    g16,9984,6656,16,bfloat16,128,64x128x4,436.976,7,6,AMD Radeon RX 9070 XT,64,0,0,0
muse.down    g16,9984,6656,16,bfloat16,128,128x64,451.100,7,6,AMD Radeon RX 9070 XT,64,0,0,0
muse.down    g16,9984,6656,16,bfloat16,128,auto,457.138,7,6,AMD Radeon RX 9070 XT,64,0,0,0
muse.down    g16,9984,6656,16,bfloat16,128,256x128,537.468,6,6,AMD Radeon RX 9070 XT,64,0,0,0
muse.down    g16,9984,6656,16,bfloat16,128,192x128,553.229,5,6,AMD Radeon RX 9070 XT,64,0,0,0
muse.down    g16,9984,6656,16,bfloat16,128,64x128x2,582.776,5,6,AMD Radeon RX 9070 XT,64,0,0,0
muse.down    g16,9984,6656,16,bfloat16,128,64x64x2,589.013,5,6,AMD Radeon RX 9070 XT,64,0,0,0
muse.down    g16,9984,6656,16,bfloat16,128,128x128,593.348,5,6,AMD Radeon RX 9070 XT,64,0,0,0
muse.down    g16,9984,6656,16,bfloat16,128,256x128x2,594.409,5,6,AMD Radeon RX 9070 XT,64,0,0,0
muse.down    g16,9984,6656,16,bfloat16,128,128x32,600.152,5,6,AMD Radeon RX 9070 XT,64,0,0,0
muse.down    g16,9984,6656,16,bfloat16,128,32x64x4,621.539,5,6,AMD Radeon RX 9070 XT,64,0,0,0
muse.down    g16,9984,6656,16,bfloat16,128,256x32,624.415,5,6,AMD Radeon RX 9070 XT,64,0,0,0
muse.down    g16,9984,6656,16,bfloat16,128,256x64,628.931,5,6,AMD Radeon RX 9070 XT,64,0,0,0
muse.down    g16,9984,6656,16,bfloat16,128,64x32,758.464,4,6,AMD Radeon RX 9070 XT,64,0,0,0
muse.down    g16,9984,6656,16,bfloat16,128,96x128x2,770.359,4,6,AMD Radeon RX 9070 XT,64,0,0,0
muse.down    g16,9984,6656,16,bfloat16,128,80x128,798.411,4,6,AMD Radeon RX 9070 XT,64,0,0,0
muse.down    g16,9984,6656,16,bfloat16,128,32x128x4,894.519,3,6,AMD Radeon RX 9070 XT,64,0,0,0
muse.down    g16,9984,6656,16,bfloat16,128,32x64x2,936.419,3,6,AMD Radeon RX 9070 XT,64,0,0,0
muse.down    g16,9984,6656,16,bfloat16,128,64x128,944.968,3,6,AMD Radeon RX 9070 XT,64,0,0,0
muse.down    g16,9984,6656,16,bfloat16,128,128x256,978.349,3,6,AMD Radeon RX 9070 XT,64,0,0,0
muse.down    g16,9984,6656,16,bfloat16,128,64x64,1233.920,2,6,AMD Radeon RX 9070 XT,64,0,0,0
muse.down    g16,9984,6656,16,bfloat16,128,112x128,1239.087,2,6,AMD Radeon RX 9070 XT,64,0,0,0
muse.down    g16,9984,6656,16,bfloat16,128,96x128,1348.225,2,6,AMD Radeon RX 9070 XT,64,0,0,0
muse.down    g16,9984,6656,16,bfloat16,128,32x32,1782.521,2,6,AMD Radeon RX 9070 XT,64,0,0,0
muse.down    g16,9984,6656,16,bfloat16,128,32x64,1934.070,2,6,AMD Radeon RX 9070 XT,64,0,0,0
muse.down    g16,9984,6656,16,bfloat16,128,prefill_wmma,2016.604,2,6,AMD Radeon RX 9070 XT,64,0,0,0
muse.down    g16,9984,6656,16,bfloat16,128,prefill_wmma:smallm_off,2040.834,2,6,AMD Radeon RX 9070 XT,64,0,0,0
muse.down    g16,9984,6656,16,bfloat16,128,32x128,4659.797,2,6,AMD Radeon RX 9070 XT,64,0,0,0
muse.down    g16,9984,6656,16,bfloat16,128,16x64,7219.342,2,6,AMD Radeon RX 9070 XT,64,0,0,0
muse.down    g16,9984,6656,16,bfloat16,128,16x128,12043.077,2,6,AMD Radeon RX 9070 XT,64,0,0,0
muse.down    g16,9984,6656,16,bfloat16,192,192x128x2,450.627,7,6,AMD Radeon RX 9070 XT,64,0,0,0
muse.down    g16,9984,6656,16,bfloat16,192,auto,568.974,5,6,AMD Radeon RX 9070 XT,64,0,0,0
muse.down    g16,9984,6656,16,bfloat16,192,256x128,570.432,5,6,AMD Radeon RX 9070 XT,64,0,0,0
muse.down    g16,9984,6656,16,bfloat16,192,192x128,593.993,5,6,AMD Radeon RX 9070 XT,64,0,0,0
muse.down    g16,9984,6656,16,bfloat16,192,128x64x2,595.380,5,6,AMD Radeon RX 9070 XT,64,0,0,0
muse.down    g16,9984,6656,16,bfloat16,192,64x128x4,599.512,5,6,AMD Radeon RX 9070 XT,64,0,0,0
muse.down    g16,9984,6656,16,bfloat16,192,128x128x4,610.003,5,6,AMD Radeon RX 9070 XT,64,0,0,0
muse.down    g16,9984,6656,16,bfloat16,192,256x128x2,631.643,5,6,AMD Radeon RX 9070 XT,64,0,0,0
muse.down    g16,9984,6656,16,bfloat16,192,64x64x2,653.353,5,6,AMD Radeon RX 9070 XT,64,0,0,0
muse.down    g16,9984,6656,16,bfloat16,192,256x64,675.668,4,6,AMD Radeon RX 9070 XT,64,0,0,0
muse.down    g16,9984,6656,16,bfloat16,192,128x128x2,690.673,4,6,AMD Radeon RX 9070 XT,64,0,0,0
muse.down    g16,9984,6656,16,bfloat16,192,256x32,709.725,4,6,AMD Radeon RX 9070 XT,64,0,0,0
muse.down    g16,9984,6656,16,bfloat16,192,128x64,752.252,4,6,AMD Radeon RX 9070 XT,64,0,0,0
muse.down    g16,9984,6656,16,bfloat16,192,128x32,810.833,4,6,AMD Radeon RX 9070 XT,64,0,0,0
muse.down    g16,9984,6656,16,bfloat16,192,96x128x2,831.276,3,6,AMD Radeon RX 9070 XT,64,0,0,0
muse.down    g16,9984,6656,16,bfloat16,192,32x64x4,848.447,3,6,AMD Radeon RX 9070 XT,64,0,0,0
muse.down    g16,9984,6656,16,bfloat16,192,64x128x2,955.380,3,6,AMD Radeon RX 9070 XT,64,0,0,0
muse.down    g16,9984,6656,16,bfloat16,192,128x256,1033.490,3,6,AMD Radeon RX 9070 XT,64,0,0,0
muse.down    g16,9984,6656,16,bfloat16,192,128x128,1190.396,2,6,AMD Radeon RX 9070 XT,64,0,0,0
muse.down    g16,9984,6656,16,bfloat16,192,64x32,1215.973,2,6,AMD Radeon RX 9070 XT,64,0,0,0
muse.down    g16,9984,6656,16,bfloat16,192,64x64,1245.534,2,6,AMD Radeon RX 9070 XT,64,0,0,0
muse.down    g16,9984,6656,16,bfloat16,192,112x128,1329.642,2,6,AMD Radeon RX 9070 XT,64,0,0,0
muse.down    g16,9984,6656,16,bfloat16,192,32x128x4,1460.160,2,6,AMD Radeon RX 9070 XT,64,0,0,0
muse.down    g16,9984,6656,16,bfloat16,192,80x128,1522.758,2,6,AMD Radeon RX 9070 XT,64,0,0,0
muse.down    g16,9984,6656,16,bfloat16,192,32x64x2,1535.154,2,6,AMD Radeon RX 9070 XT,64,0,0,0
muse.down    g16,9984,6656,16,bfloat16,192,96x128,1543.584,2,6,AMD Radeon RX 9070 XT,64,0,0,0
muse.down    g16,9984,6656,16,bfloat16,192,64x128,1970.304,2,6,AMD Radeon RX 9070 XT,64,0,0,0
muse.down    g16,9984,6656,16,bfloat16,192,32x32,2312.782,2,6,AMD Radeon RX 9070 XT,64,0,0,0
muse.down    g16,9984,6656,16,bfloat16,192,prefill_wmma,2346.659,2,6,AMD Radeon RX 9070 XT,64,0,0,0
muse.down    g16,9984,6656,16,bfloat16,192,prefill_wmma:smallm_off,2378.512,2,6,AMD Radeon RX 9070 XT,64,0,0,0
muse.down    g16,9984,6656,16,bfloat16,192,32x64,2799.765,2,6,AMD Radeon RX 9070 XT,64,0,0,0
muse.down    g16,9984,6656,16,bfloat16,192,32x128,5187.237,2,6,AMD Radeon RX 9070 XT,64,0,0,0
muse.down    g16,9984,6656,16,bfloat16,192,16x128,14442.065,2,6,AMD Radeon RX 9070 XT,64,0,0,0
muse.down    g16,9984,6656,16,bfloat16,192,16x64,14917.877,2,6,AMD Radeon RX 9070 XT,64,0,0,0
muse.down    g16,9984,6656,16,bfloat16,256,auto,603.643,5,6,AMD Radeon RX 9070 XT,64,0,0,0
muse.down    g16,9984,6656,16,bfloat16,256,256x128,607.963,5,6,AMD Radeon RX 9070 XT,64,0,0,0
muse.down    g16,9984,6656,16,bfloat16,256,128x128x4,622.056,5,6,AMD Radeon RX 9070 XT,64,0,0,0
muse.down    g16,9984,6656,16,bfloat16,256,128x64x2,626.578,5,6,AMD Radeon RX 9070 XT,64,0,0,0
muse.down    g16,9984,6656,16,bfloat16,256,256x128x2,672.913,4,6,AMD Radeon RX 9070 XT,64,0,0,0
muse.down    g16,9984,6656,16,bfloat16,256,256x64,693.318,4,6,AMD Radeon RX 9070 XT,64,0,0,0
muse.down    g16,9984,6656,16,bfloat16,256,128x128x2,748.705,4,6,AMD Radeon RX 9070 XT,64,0,0,0
muse.down    g16,9984,6656,16,bfloat16,256,64x128x4,749.020,4,6,AMD Radeon RX 9070 XT,64,0,0,0
muse.down    g16,9984,6656,16,bfloat16,256,192x128x2,816.629,4,6,AMD Radeon RX 9070 XT,64,0,0,0
muse.down    g16,9984,6656,16,bfloat16,256,128x64,819.940,4,6,AMD Radeon RX 9070 XT,64,0,0,0
muse.down    g16,9984,6656,16,bfloat16,256,256x32,826.065,3,6,AMD Radeon RX 9070 XT,64,0,0,0
muse.down    g16,9984,6656,16,bfloat16,256,96x128x2,860.387,3,6,AMD Radeon RX 9070 XT,64,0,0,0
muse.down    g16,9984,6656,16,bfloat16,256,64x64x2,892.294,3,6,AMD Radeon RX 9070 XT,64,0,0,0
muse.down    g16,9984,6656,16,bfloat16,256,128x32,897.790,3,6,AMD Radeon RX 9070 XT,64,0,0,0
muse.down    g16,9984,6656,16,bfloat16,256,192x128,1107.895,3,6,AMD Radeon RX 9070 XT,64,0,0,0
muse.down    g16,9984,6656,16,bfloat16,256,32x64x4,1236.233,2,6,AMD Radeon RX 9070 XT,64,0,0,0
muse.down    g16,9984,6656,16,bfloat16,256,64x128x2,1326.715,2,6,AMD Radeon RX 9070 XT,64,0,0,0
muse.down    g16,9984,6656,16,bfloat16,256,128x256,1346.992,2,6,AMD Radeon RX 9070 XT,64,0,0,0
muse.down    g16,9984,6656,16,bfloat16,256,64x32,1386.072,2,6,AMD Radeon RX 9070 XT,64,0,0,0
muse.down    g16,9984,6656,16,bfloat16,256,112x128,1437.456,2,6,AMD Radeon RX 9070 XT,64,0,0,0
muse.down    g16,9984,6656,16,bfloat16,256,128x128,1470.453,2,6,AMD Radeon RX 9070 XT,64,0,0,0
muse.down    g16,9984,6656,16,bfloat16,256,96x128,1613.602,2,6,AMD Radeon RX 9070 XT,64,0,0,0
muse.down    g16,9984,6656,16,bfloat16,256,80x128,1730.337,2,6,AMD Radeon RX 9070 XT,64,0,0,0
muse.down    g16,9984,6656,16,bfloat16,256,64x64,1920.900,2,6,AMD Radeon RX 9070 XT,64,0,0,0
muse.down    g16,9984,6656,16,bfloat16,256,32x128x4,1955.250,2,6,AMD Radeon RX 9070 XT,64,0,0,0
muse.down    g16,9984,6656,16,bfloat16,256,64x128,2134.159,2,6,AMD Radeon RX 9070 XT,64,0,0,0
muse.down    g16,9984,6656,16,bfloat16,256,32x64x2,2169.243,2,6,AMD Radeon RX 9070 XT,64,0,0,0
muse.down    g16,9984,6656,16,bfloat16,256,prefill_wmma:smallm_off,2603.062,2,6,AMD Radeon RX 9070 XT,64,0,0,0
muse.down    g16,9984,6656,16,bfloat16,256,prefill_wmma,2612.802,2,6,AMD Radeon RX 9070 XT,64,0,0,0
muse.down    g16,9984,6656,16,bfloat16,256,32x32,2970.067,2,6,AMD Radeon RX 9070 XT,64,0,0,0
muse.down    g16,9984,6656,16,bfloat16,256,32x64,3896.847,2,6,AMD Radeon RX 9070 XT,64,0,0,0
muse.down    g16,9984,6656,16,bfloat16,256,32x128,11151.658,2,6,AMD Radeon RX 9070 XT,64,0,0,0
muse.down    g16,9984,6656,16,bfloat16,256,16x64,23860.568,2,6,AMD Radeon RX 9070 XT,64,0,0,0
muse.down    g16,9984,6656,16,bfloat16,256,16x128,41826.408,2,6,AMD Radeon RX 9070 XT,64,0,0,0
muse.down    g16,9984,6656,16,bfloat16,512,128x64x2,1145.949,2,6,AMD Radeon RX 9070 XT,64,0,0,0
muse.down    g16,9984,6656,16,bfloat16,512,192x128x2,1291.174,2,6,AMD Radeon RX 9070 XT,64,0,0,0
muse.down    g16,9984,6656,16,bfloat16,512,128x128x4,1331.348,2,6,AMD Radeon RX 9070 XT,64,0,0,0
muse.down    g16,9984,6656,16,bfloat16,512,64x128x4,1331.448,2,6,AMD Radeon RX 9070 XT,64,0,0,0
muse.down    g16,9984,6656,16,bfloat16,512,auto,1409.826,2,6,AMD Radeon RX 9070 XT,64,0,0,0
muse.down    g16,9984,6656,16,bfloat16,512,256x128,1416.106,2,6,AMD Radeon RX 9070 XT,64,0,0,0
muse.down    g16,9984,6656,16,bfloat16,512,128x128x2,1419.556,2,6,AMD Radeon RX 9070 XT,64,0,0,0
muse.down    g16,9984,6656,16,bfloat16,512,256x128x2,1563.388,2,6,AMD Radeon RX 9070 XT,64,0,0,0
muse.down    g16,9984,6656,16,bfloat16,512,256x64,1586.772,2,6,AMD Radeon RX 9070 XT,64,0,0,0
muse.down    g16,9984,6656,16,bfloat16,512,256x32,1626.062,2,6,AMD Radeon RX 9070 XT,64,0,0,0
muse.down    g16,9984,6656,16,bfloat16,512,192x128,1768.991,2,6,AMD Radeon RX 9070 XT,64,0,0,0
muse.down    g16,9984,6656,16,bfloat16,512,64x64x2,1789.901,2,6,AMD Radeon RX 9070 XT,64,0,0,0
muse.down    g16,9984,6656,16,bfloat16,512,96x128x2,1820.182,2,6,AMD Radeon RX 9070 XT,64,0,0,0
muse.down    g16,9984,6656,16,bfloat16,512,128x64,1824.252,2,6,AMD Radeon RX 9070 XT,64,0,0,0
muse.down    g16,9984,6656,16,bfloat16,512,128x32,1920.593,2,6,AMD Radeon RX 9070 XT,64,0,0,0
muse.down    g16,9984,6656,16,bfloat16,512,128x128,2075.182,2,6,AMD Radeon RX 9070 XT,64,0,0,0
muse.down    g16,9984,6656,16,bfloat16,512,112x128,2161.406,2,6,AMD Radeon RX 9070 XT,64,0,0,0
muse.down    g16,9984,6656,16,bfloat16,512,64x128x2,2223.610,2,6,AMD Radeon RX 9070 XT,64,0,0,0
muse.down    g16,9984,6656,16,bfloat16,512,32x64x4,2310.871,2,6,AMD Radeon RX 9070 XT,64,0,0,0
muse.down    g16,9984,6656,16,bfloat16,512,128x256,2445.157,2,6,AMD Radeon RX 9070 XT,64,0,0,0
muse.down    g16,9984,6656,16,bfloat16,512,64x32,2523.368,2,6,AMD Radeon RX 9070 XT,64,0,0,0
muse.down    g16,9984,6656,16,bfloat16,512,80x128,2538.968,2,6,AMD Radeon RX 9070 XT,64,0,0,0
muse.down    g16,9984,6656,16,bfloat16,512,96x128,2767.164,2,6,AMD Radeon RX 9070 XT,64,0,0,0
muse.down    g16,9984,6656,16,bfloat16,512,64x64,3146.330,2,6,AMD Radeon RX 9070 XT,64,0,0,0
muse.down    g16,9984,6656,16,bfloat16,512,32x128x4,3334.449,2,6,AMD Radeon RX 9070 XT,64,0,0,0
muse.down    g16,9984,6656,16,bfloat16,512,32x64x2,3795.739,2,6,AMD Radeon RX 9070 XT,64,0,0,0
muse.down    g16,9984,6656,16,bfloat16,512,64x128,4120.540,2,6,AMD Radeon RX 9070 XT,64,0,0,0
muse.down    g16,9984,6656,16,bfloat16,512,prefill_wmma:smallm_off,4866.680,2,6,AMD Radeon RX 9070 XT,64,0,0,0
muse.down    g16,9984,6656,16,bfloat16,512,prefill_wmma,4918.224,2,6,AMD Radeon RX 9070 XT,64,0,0,0
muse.down    g16,9984,6656,16,bfloat16,512,32x32,5168.221,2,6,AMD Radeon RX 9070 XT,64,0,0,0
muse.down    g16,9984,6656,16,bfloat16,512,32x64,6782.119,2,6,AMD Radeon RX 9070 XT,64,0,0,0
muse.down    g16,9984,6656,16,bfloat16,512,32x128,24672.780,2,6,AMD Radeon RX 9070 XT,64,0,0,0
muse.down    g16,9984,6656,16,bfloat16,512,16x64,24969.986,2,6,AMD Radeon RX 9070 XT,64,0,0,0
muse.down    g16,9984,6656,16,bfloat16,512,16x128,70369.741,2,6,AMD Radeon RX 9070 XT,64,0,0,0
muse.down    g16,9984,6656,16,bfloat16,1024,128x128x4,2099.149,2,6,AMD Radeon RX 9070 XT,64,0,0,0
muse.down    g16,9984,6656,16,bfloat16,1024,128x64x2,2263.454,2,6,AMD Radeon RX 9070 XT,64,0,0,0
muse.down    g16,9984,6656,16,bfloat16,1024,192x128x2,2324.792,2,6,AMD Radeon RX 9070 XT,64,0,0,0
muse.down    g16,9984,6656,16,bfloat16,1024,auto,2328.132,2,6,AMD Radeon RX 9070 XT,64,0,0,0
muse.down    g16,9984,6656,16,bfloat16,1024,128x128x2,2368.949,2,6,AMD Radeon RX 9070 XT,64,0,0,0
muse.down    g16,9984,6656,16,bfloat16,1024,256x128,2377.866,2,6,AMD Radeon RX 9070 XT,64,0,0,0
muse.down    g16,9984,6656,16,bfloat16,1024,256x128x2,2587.499,2,6,AMD Radeon RX 9070 XT,64,0,0,0
muse.down    g16,9984,6656,16,bfloat16,1024,256x64,2596.209,2,6,AMD Radeon RX 9070 XT,64,0,0,0
muse.down    g16,9984,6656,16,bfloat16,1024,64x128x4,2729.951,2,6,AMD Radeon RX 9070 XT,64,0,0,0
muse.down    g16,9984,6656,16,bfloat16,1024,256x32,2859.852,2,6,AMD Radeon RX 9070 XT,64,0,0,0
muse.down    g16,9984,6656,16,bfloat16,1024,192x128,2887.613,2,6,AMD Radeon RX 9070 XT,64,0,0,0
muse.down    g16,9984,6656,16,bfloat16,1024,96x128x2,2998.228,2,6,AMD Radeon RX 9070 XT,64,0,0,0
muse.down    g16,9984,6656,16,bfloat16,1024,128x64,3103.052,2,6,AMD Radeon RX 9070 XT,64,0,0,0
muse.down    g16,9984,6656,16,bfloat16,1024,128x128,3277.068,2,6,AMD Radeon RX 9070 XT,64,0,0,0
muse.down    g16,9984,6656,16,bfloat16,1024,64x64x2,3282.348,2,6,AMD Radeon RX 9070 XT,64,0,0,0
muse.down    g16,9984,6656,16,bfloat16,1024,128x32,3514.245,2,6,AMD Radeon RX 9070 XT,64,0,0,0
muse.down    g16,9984,6656,16,bfloat16,1024,64x128x2,3811.459,2,6,AMD Radeon RX 9070 XT,64,0,0,0
muse.down    g16,9984,6656,16,bfloat16,1024,112x128,3837.956,2,6,AMD Radeon RX 9070 XT,64,0,0,0
muse.down    g16,9984,6656,16,bfloat16,1024,128x256,4390.391,2,6,AMD Radeon RX 9070 XT,64,0,0,0
muse.down    g16,9984,6656,16,bfloat16,1024,32x64x4,4397.227,2,6,AMD Radeon RX 9070 XT,64,0,0,0
muse.down    g16,9984,6656,16,bfloat16,1024,96x128,4428.737,2,6,AMD Radeon RX 9070 XT,64,0,0,0
muse.down    g16,9984,6656,16,bfloat16,1024,64x32,4634.657,2,6,AMD Radeon RX 9070 XT,64,0,0,0
muse.down    g16,9984,6656,16,bfloat16,1024,80x128,4697.681,2,6,AMD Radeon RX 9070 XT,64,0,0,0
muse.down    g16,9984,6656,16,bfloat16,1024,64x64,5359.163,2,6,AMD Radeon RX 9070 XT,64,0,0,0
muse.down    g16,9984,6656,16,bfloat16,1024,32x128x4,6209.298,2,6,AMD Radeon RX 9070 XT,64,0,0,0
muse.down    g16,9984,6656,16,bfloat16,1024,32x64x2,6981.892,2,6,AMD Radeon RX 9070 XT,64,0,0,0
muse.down    g16,9984,6656,16,bfloat16,1024,64x128,7139.135,2,6,AMD Radeon RX 9070 XT,64,0,0,0
muse.down    g16,9984,6656,16,bfloat16,1024,prefill_wmma:smallm_off,8551.914,2,6,AMD Radeon RX 9070 XT,64,0,0,0
muse.down    g16,9984,6656,16,bfloat16,1024,prefill_wmma,8611.181,2,6,AMD Radeon RX 9070 XT,64,0,0,0
muse.down    g16,9984,6656,16,bfloat16,1024,32x32,10157.649,2,6,AMD Radeon RX 9070 XT,64,0,0,0
muse.down    g16,9984,6656,16,bfloat16,1024,32x64,12441.443,2,6,AMD Radeon RX 9070 XT,64,0,0,0
muse.down    g16,9984,6656,16,bfloat16,1024,16x64,32792.430,2,6,AMD Radeon RX 9070 XT,64,0,0,0
muse.down    g16,9984,6656,16,bfloat16,1024,32x128,33799.235,2,6,AMD Radeon RX 9070 XT,64,0,0,0
muse.down    g16,9984,6656,16,bfloat16,1024,16x128,70358.231,2,6,AMD Radeon RX 9070 XT,64,0,0,0
muse.down    g16,9984,6656,16,bfloat16,2048,192x128x2,4089.569,2,6,AMD Radeon RX 9070 XT,64,0,0,0
muse.down    g16,9984,6656,16,bfloat16,2048,auto,4111.333,2,6,AMD Radeon RX 9070 XT,64,0,0,0
muse.down    g16,9984,6656,16,bfloat16,2048,256x128,4115.226,2,6,AMD Radeon RX 9070 XT,64,0,0,0
muse.down    g16,9984,6656,16,bfloat16,2048,128x128x4,4156.060,2,6,AMD Radeon RX 9070 XT,64,0,0,0
muse.down    g16,9984,6656,16,bfloat16,2048,128x128x2,4461.784,2,6,AMD Radeon RX 9070 XT,64,0,0,0
muse.down    g16,9984,6656,16,bfloat16,2048,128x64x2,4480.351,2,6,AMD Radeon RX 9070 XT,64,0,0,0
muse.down    g16,9984,6656,16,bfloat16,2048,256x128x2,4538.605,2,6,AMD Radeon RX 9070 XT,64,0,0,0
muse.down    g16,9984,6656,16,bfloat16,2048,256x64,5063.106,2,6,AMD Radeon RX 9070 XT,64,0,0,0
muse.down    g16,9984,6656,16,bfloat16,2048,192x128,5188.894,2,6,AMD Radeon RX 9070 XT,64,0,0,0
muse.down    g16,9984,6656,16,bfloat16,2048,64x128x4,5370.857,2,6,AMD Radeon RX 9070 XT,64,0,0,0
muse.down    g16,9984,6656,16,bfloat16,2048,256x32,5501.755,2,6,AMD Radeon RX 9070 XT,64,0,0,0
muse.down    g16,9984,6656,16,bfloat16,2048,96x128x2,5625.547,2,6,AMD Radeon RX 9070 XT,64,0,0,0
muse.down    g16,9984,6656,16,bfloat16,2048,128x128,5967.778,2,6,AMD Radeon RX 9070 XT,64,0,0,0
muse.down    g16,9984,6656,16,bfloat16,2048,128x64,5989.985,2,6,AMD Radeon RX 9070 XT,64,0,0,0
muse.down    g16,9984,6656,16,bfloat16,2048,64x64x2,6286.083,2,6,AMD Radeon RX 9070 XT,64,0,0,0
muse.down    g16,9984,6656,16,bfloat16,2048,128x32,6615.490,2,6,AMD Radeon RX 9070 XT,64,0,0,0
muse.down    g16,9984,6656,16,bfloat16,2048,112x128,6929.302,2,6,AMD Radeon RX 9070 XT,64,0,0,0
muse.down    g16,9984,6656,16,bfloat16,2048,64x128x2,7510.132,2,6,AMD Radeon RX 9070 XT,64,0,0,0
muse.down    g16,9984,6656,16,bfloat16,2048,128x256,7758.603,2,6,AMD Radeon RX 9070 XT,64,0,0,0
muse.down    g16,9984,6656,16,bfloat16,2048,96x128,8371.196,2,6,AMD Radeon RX 9070 XT,64,0,0,0
muse.down    g16,9984,6656,16,bfloat16,2048,32x64x4,8498.559,2,6,AMD Radeon RX 9070 XT,64,0,0,0
muse.down    g16,9984,6656,16,bfloat16,2048,80x128,8648.664,2,6,AMD Radeon RX 9070 XT,64,0,0,0
muse.down    g16,9984,6656,16,bfloat16,2048,64x32,8865.227,2,6,AMD Radeon RX 9070 XT,64,0,0,0
muse.down    g16,9984,6656,16,bfloat16,2048,64x64,10823.104,2,6,AMD Radeon RX 9070 XT,64,0,0,0
muse.down    g16,9984,6656,16,bfloat16,2048,32x128x4,12065.899,2,6,AMD Radeon RX 9070 XT,64,0,0,0
muse.down    g16,9984,6656,16,bfloat16,2048,32x64x2,12385.042,2,6,AMD Radeon RX 9070 XT,64,0,0,0
muse.down    g16,9984,6656,16,bfloat16,2048,64x128,13096.179,2,6,AMD Radeon RX 9070 XT,64,0,0,0
muse.down    g16,9984,6656,16,bfloat16,2048,prefill_wmma:smallm_off,16392.813,2,6,AMD Radeon RX 9070 XT,64,0,0,0
muse.down    g16,9984,6656,16,bfloat16,2048,prefill_wmma,16676.954,2,6,AMD Radeon RX 9070 XT,64,0,0,0
muse.down    g16,9984,6656,16,bfloat16,2048,32x32,18398.388,2,6,AMD Radeon RX 9070 XT,64,0,0,0
muse.down    g16,9984,6656,16,bfloat16,2048,32x64,24675.321,2,6,AMD Radeon RX 9070 XT,64,0,0,0
muse.down    g16,9984,6656,16,bfloat16,2048,16x64,62787.201,2,6,AMD Radeon RX 9070 XT,64,0,0,0
muse.down    g16,9984,6656,16,bfloat16,2048,32x128,63310.944,2,6,AMD Radeon RX 9070 XT,64,0,0,0
muse.down    g16,9984,6656,16,bfloat16,2048,16x128,137589.498,2,6,AMD Radeon RX 9070 XT,64,0,0,0
muse.qkv     g32,6656,2304,32,bfloat16,1,auto,110.780,8,21,AMD Radeon RX 9070 XT,64,0,0,0
muse.qkv     g32,6656,2304,32,bfloat16,1,128x128x4,112.266,8,21,AMD Radeon RX 9070 XT,64,0,0,0
muse.qkv     g32,6656,2304,32,bfloat16,1,128x64x2,115.257,8,21,AMD Radeon RX 9070 XT,64,0,0,0
muse.qkv     g32,6656,2304,32,bfloat16,1,128x32,118.910,7,21,AMD Radeon RX 9070 XT,64,0,0,0
muse.qkv     g32,6656,2304,32,bfloat16,1,32x64x4,129.658,7,21,AMD Radeon RX 9070 XT,64,0,0,0
muse.qkv     g32,6656,2304,32,bfloat16,1,256x32,134.806,6,21,AMD Radeon RX 9070 XT,64,0,0,0
muse.qkv     g32,6656,2304,32,bfloat16,1,64x128x4,137.003,6,21,AMD Radeon RX 9070 XT,64,0,0,0
muse.qkv     g32,6656,2304,32,bfloat16,1,64x64x2,138.030,6,21,AMD Radeon RX 9070 XT,64,0,0,0
muse.qkv     g32,6656,2304,32,bfloat16,1,256x128x2,143.161,6,21,AMD Radeon RX 9070 XT,64,0,0,0
muse.qkv     g32,6656,2304,32,bfloat16,1,64x32,148.025,6,21,AMD Radeon RX 9070 XT,64,0,0,0
muse.qkv     g32,6656,2304,32,bfloat16,1,192x128x2,152.908,6,21,AMD Radeon RX 9070 XT,64,0,0,0
muse.qkv     g32,6656,2304,32,bfloat16,1,128x128x2,157.090,5,21,AMD Radeon RX 9070 XT,64,0,0,0
muse.qkv     g32,6656,2304,32,bfloat16,1,256x64,158.797,5,21,AMD Radeon RX 9070 XT,64,0,0,0
muse.qkv     g32,6656,2304,32,bfloat16,1,128x64,164.565,5,21,AMD Radeon RX 9070 XT,64,0,0,0
muse.qkv     g32,6656,2304,32,bfloat16,1,256x128,200.216,4,21,AMD Radeon RX 9070 XT,64,0,0,0
muse.qkv     g32,6656,2304,32,bfloat16,1,96x128x2,202.266,4,21,AMD Radeon RX 9070 XT,64,0,0,0
muse.qkv     g32,6656,2304,32,bfloat16,1,32x128x4,226.065,4,21,AMD Radeon RX 9070 XT,64,0,0,0
muse.qkv     g32,6656,2304,32,bfloat16,1,32x64x2,229.686,4,21,AMD Radeon RX 9070 XT,64,0,0,0
muse.qkv     g32,6656,2304,32,bfloat16,1,prefill_wmma_ashuffle,238.421,4,21,AMD Radeon RX 9070 XT,64,0,0,0
muse.qkv     g32,6656,2304,32,bfloat16,1,64x128x2,239.166,4,21,AMD Radeon RX 9070 XT,64,0,0,0
muse.qkv     g32,6656,2304,32,bfloat16,1,192x128,242.041,3,21,AMD Radeon RX 9070 XT,64,0,0,0
muse.qkv     g32,6656,2304,32,bfloat16,1,64x64,243.499,3,21,AMD Radeon RX 9070 XT,64,0,0,0
muse.qkv     g32,6656,2304,32,bfloat16,1,32x32,244.315,3,21,AMD Radeon RX 9070 XT,64,0,0,0
muse.qkv     g32,6656,2304,32,bfloat16,1,prefill_wmma,260.797,3,21,AMD Radeon RX 9070 XT,64,0,0,0
muse.qkv     g32,6656,2304,32,bfloat16,1,128x128,264.580,3,21,AMD Radeon RX 9070 XT,64,0,0,0
muse.qkv     g32,6656,2304,32,bfloat16,1,112x128,302.456,3,21,AMD Radeon RX 9070 XT,64,0,0,0
muse.qkv     g32,6656,2304,32,bfloat16,1,96x128,335.557,2,21,AMD Radeon RX 9070 XT,64,0,0,0
muse.qkv     g32,6656,2304,32,bfloat16,1,prefill_wmma:smallm_off,354.586,2,21,AMD Radeon RX 9070 XT,64,0,0,0
muse.qkv     g32,6656,2304,32,bfloat16,1,80x128,363.779,2,21,AMD Radeon RX 9070 XT,64,0,0,0
muse.qkv     g32,6656,2304,32,bfloat16,1,64x128,439.365,2,21,AMD Radeon RX 9070 XT,64,0,0,0
muse.qkv     g32,6656,2304,32,bfloat16,1,32x64,441.910,2,21,AMD Radeon RX 9070 XT,64,0,0,0
muse.qkv     g32,6656,2304,32,bfloat16,1,128x256,487.926,2,21,AMD Radeon RX 9070 XT,64,0,0,0
muse.qkv     g32,6656,2304,32,bfloat16,1,16x64,829.716,2,21,AMD Radeon RX 9070 XT,64,0,0,0
muse.qkv     g32,6656,2304,32,bfloat16,1,32x128,837.643,2,21,AMD Radeon RX 9070 XT,64,0,0,0
muse.qkv     g32,6656,2304,32,bfloat16,1,16x128,4490.298,2,21,AMD Radeon RX 9070 XT,64,0,0,0
muse.qkv     g32,6656,2304,32,bfloat16,8,auto,108.305,8,21,AMD Radeon RX 9070 XT,64,0,0,0
muse.qkv     g32,6656,2304,32,bfloat16,8,128x128x4,112.916,8,21,AMD Radeon RX 9070 XT,64,0,0,0
muse.qkv     g32,6656,2304,32,bfloat16,8,128x64x2,118.574,7,21,AMD Radeon RX 9070 XT,64,0,0,0
muse.qkv     g32,6656,2304,32,bfloat16,8,128x32,119.511,7,21,AMD Radeon RX 9070 XT,64,0,0,0
muse.qkv     g32,6656,2304,32,bfloat16,8,32x64x4,130.095,7,21,AMD Radeon RX 9070 XT,64,0,0,0
muse.qkv     g32,6656,2304,32,bfloat16,8,256x32,135.922,6,21,AMD Radeon RX 9070 XT,64,0,0,0
muse.qkv     g32,6656,2304,32,bfloat16,8,64x128x4,136.199,6,21,AMD Radeon RX 9070 XT,64,0,0,0
muse.qkv     g32,6656,2304,32,bfloat16,8,64x64x2,139.806,6,21,AMD Radeon RX 9070 XT,64,0,0,0
muse.qkv     g32,6656,2304,32,bfloat16,8,256x128x2,147.211,6,21,AMD Radeon RX 9070 XT,64,0,0,0
muse.qkv     g32,6656,2304,32,bfloat16,8,64x32,151.197,6,21,AMD Radeon RX 9070 XT,64,0,0,0
muse.qkv     g32,6656,2304,32,bfloat16,8,192x128x2,154.470,6,21,AMD Radeon RX 9070 XT,64,0,0,0
muse.qkv     g32,6656,2304,32,bfloat16,8,128x128x2,158.273,5,21,AMD Radeon RX 9070 XT,64,0,0,0
muse.qkv     g32,6656,2304,32,bfloat16,8,256x64,162.388,5,21,AMD Radeon RX 9070 XT,64,0,0,0
muse.qkv     g32,6656,2304,32,bfloat16,8,128x64,167.637,5,21,AMD Radeon RX 9070 XT,64,0,0,0
muse.qkv     g32,6656,2304,32,bfloat16,8,256x128,203.197,4,21,AMD Radeon RX 9070 XT,64,0,0,0
muse.qkv     g32,6656,2304,32,bfloat16,8,96x128x2,204.628,4,21,AMD Radeon RX 9070 XT,64,0,0,0
muse.qkv     g32,6656,2304,32,bfloat16,8,32x128x4,225.861,4,21,AMD Radeon RX 9070 XT,64,0,0,0
muse.qkv     g32,6656,2304,32,bfloat16,8,prefill_wmma_ashuffle,229.056,4,21,AMD Radeon RX 9070 XT,64,0,0,0
muse.qkv     g32,6656,2304,32,bfloat16,8,32x64x2,231.946,4,21,AMD Radeon RX 9070 XT,64,0,0,0
muse.qkv     g32,6656,2304,32,bfloat16,8,64x128x2,240.670,4,21,AMD Radeon RX 9070 XT,64,0,0,0
muse.qkv     g32,6656,2304,32,bfloat16,8,64x64,247.754,3,21,AMD Radeon RX 9070 XT,64,0,0,0
muse.qkv     g32,6656,2304,32,bfloat16,8,192x128,248.922,3,21,AMD Radeon RX 9070 XT,64,0,0,0
muse.qkv     g32,6656,2304,32,bfloat16,8,32x32,250.701,3,21,AMD Radeon RX 9070 XT,64,0,0,0
muse.qkv     g32,6656,2304,32,bfloat16,8,prefill_wmma,254.551,3,21,AMD Radeon RX 9070 XT,64,0,0,0
muse.qkv     g32,6656,2304,32,bfloat16,8,128x128,268.491,3,21,AMD Radeon RX 9070 XT,64,0,0,0
muse.qkv     g32,6656,2304,32,bfloat16,8,112x128,304.273,3,21,AMD Radeon RX 9070 XT,64,0,0,0
muse.qkv     g32,6656,2304,32,bfloat16,8,96x128,336.606,2,21,AMD Radeon RX 9070 XT,64,0,0,0
muse.qkv     g32,6656,2304,32,bfloat16,8,prefill_wmma:smallm_off,344.148,2,21,AMD Radeon RX 9070 XT,64,0,0,0
muse.qkv     g32,6656,2304,32,bfloat16,8,80x128,363.340,2,21,AMD Radeon RX 9070 XT,64,0,0,0
muse.qkv     g32,6656,2304,32,bfloat16,8,64x128,440.414,2,21,AMD Radeon RX 9070 XT,64,0,0,0
muse.qkv     g32,6656,2304,32,bfloat16,8,32x64,443.355,2,21,AMD Radeon RX 9070 XT,64,0,0,0
muse.qkv     g32,6656,2304,32,bfloat16,8,128x256,492.695,2,21,AMD Radeon RX 9070 XT,64,0,0,0
muse.qkv     g32,6656,2304,32,bfloat16,8,32x128,854.984,2,21,AMD Radeon RX 9070 XT,64,0,0,0
muse.qkv     g32,6656,2304,32,bfloat16,8,16x64,1439.131,2,21,AMD Radeon RX 9070 XT,64,0,0,0
muse.qkv     g32,6656,2304,32,bfloat16,8,16x128,4238.928,2,21,AMD Radeon RX 9070 XT,64,0,0,0
muse.qkv     g32,6656,2304,32,bfloat16,17,128x128x4,115.697,8,21,AMD Radeon RX 9070 XT,64,0,0,0
muse.qkv     g32,6656,2304,32,bfloat16,17,auto,116.135,8,21,AMD Radeon RX 9070 XT,64,0,0,0
muse.qkv     g32,6656,2304,32,bfloat16,17,128x64x2,118.900,7,21,AMD Radeon RX 9070 XT,64,0,0,0
muse.qkv     g32,6656,2304,32,bfloat16,17,128x32,123.121,7,21,AMD Radeon RX 9070 XT,64,0,0,0
muse.qkv     g32,6656,2304,32,bfloat16,17,32x64x4,132.979,7,21,AMD Radeon RX 9070 XT,64,0,0,0
muse.qkv     g32,6656,2304,32,bfloat16,17,256x32,137.533,6,21,AMD Radeon RX 9070 XT,64,0,0,0
muse.qkv     g32,6656,2304,32,bfloat16,17,64x128x4,139.391,6,21,AMD Radeon RX 9070 XT,64,0,0,0
muse.qkv     g32,6656,2304,32,bfloat16,17,64x64x2,143.119,6,21,AMD Radeon RX 9070 XT,64,0,0,0
muse.qkv     g32,6656,2304,32,bfloat16,17,256x128x2,149.032,6,21,AMD Radeon RX 9070 XT,64,0,0,0
muse.qkv     g32,6656,2304,32,bfloat16,17,192x128x2,157.630,6,21,AMD Radeon RX 9070 XT,64,0,0,0
muse.qkv     g32,6656,2304,32,bfloat16,17,128x128x2,161.642,5,21,AMD Radeon RX 9070 XT,64,0,0,0
muse.qkv     g32,6656,2304,32,bfloat16,17,256x64,163.159,5,21,AMD Radeon RX 9070 XT,64,0,0,0
muse.qkv     g32,6656,2304,32,bfloat16,17,64x32,166.124,5,21,AMD Radeon RX 9070 XT,64,0,0,0
muse.qkv     g32,6656,2304,32,bfloat16,17,128x64,171.484,5,21,AMD Radeon RX 9070 XT,64,0,0,0
muse.qkv     g32,6656,2304,32,bfloat16,17,256x128,206.547,4,21,AMD Radeon RX 9070 XT,64,0,0,0
muse.qkv     g32,6656,2304,32,bfloat16,17,96x128x2,208.424,4,21,AMD Radeon RX 9070 XT,64,0,0,0
muse.qkv     g32,6656,2304,32,bfloat16,17,32x128x4,229.465,4,21,AMD Radeon RX 9070 XT,64,0,0,0
muse.qkv     g32,6656,2304,32,bfloat16,17,32x64x2,240.653,3,21,AMD Radeon RX 9070 XT,64,0,0,0
muse.qkv     g32,6656,2304,32,bfloat16,17,64x128x2,244.791,3,21,AMD Radeon RX 9070 XT,64,0,0,0
muse.qkv     g32,6656,2304,32,bfloat16,17,prefill_wmma_ashuffle,249.555,3,21,AMD Radeon RX 9070 XT,64,0,0,0
muse.qkv     g32,6656,2304,32,bfloat16,17,192x128,252.727,3,21,AMD Radeon RX 9070 XT,64,0,0,0
muse.qkv     g32,6656,2304,32,bfloat16,17,64x64,255.988,3,21,AMD Radeon RX 9070 XT,64,0,0,0
muse.qkv     g32,6656,2304,32,bfloat16,17,128x128,272.307,3,21,AMD Radeon RX 9070 XT,64,0,0,0
muse.qkv     g32,6656,2304,32,bfloat16,17,32x32,274.896,3,21,AMD Radeon RX 9070 XT,64,0,0,0
muse.qkv     g32,6656,2304,32,bfloat16,17,prefill_wmma,291.953,3,21,AMD Radeon RX 9070 XT,64,0,0,0
muse.qkv     g32,6656,2304,32,bfloat16,17,112x128,308.498,3,21,AMD Radeon RX 9070 XT,64,0,0,0
muse.qkv     g32,6656,2304,32,bfloat16,17,96x128,345.349,2,21,AMD Radeon RX 9070 XT,64,0,0,0
muse.qkv     g32,6656,2304,32,bfloat16,17,prefill_wmma:smallm_off,366.629,2,21,AMD Radeon RX 9070 XT,64,0,0,0
muse.qkv     g32,6656,2304,32,bfloat16,17,80x128,371.087,2,21,AMD Radeon RX 9070 XT,64,0,0,0
muse.qkv     g32,6656,2304,32,bfloat16,17,64x128,449.047,2,21,AMD Radeon RX 9070 XT,64,0,0,0
muse.qkv     g32,6656,2304,32,bfloat16,17,32x64,464.132,2,21,AMD Radeon RX 9070 XT,64,0,0,0
muse.qkv     g32,6656,2304,32,bfloat16,17,128x256,496.186,2,21,AMD Radeon RX 9070 XT,64,0,0,0
muse.qkv     g32,6656,2304,32,bfloat16,17,16x64,795.148,2,21,AMD Radeon RX 9070 XT,64,0,0,0
muse.qkv     g32,6656,2304,32,bfloat16,17,32x128,1228.463,2,21,AMD Radeon RX 9070 XT,64,0,0,0
muse.qkv     g32,6656,2304,32,bfloat16,17,16x128,5109.643,2,21,AMD Radeon RX 9070 XT,64,0,0,0
muse.qkv     g32,6656,2304,32,bfloat16,24,128x128x4,115.726,8,21,AMD Radeon RX 9070 XT,64,0,0,0
muse.qkv     g32,6656,2304,32,bfloat16,24,auto,117.805,7,21,AMD Radeon RX 9070 XT,64,0,0,0
muse.qkv     g32,6656,2304,32,bfloat16,24,128x64x2,122.208,7,21,AMD Radeon RX 9070 XT,64,0,0,0
muse.qkv     g32,6656,2304,32,bfloat16,24,128x32,124.629,7,21,AMD Radeon RX 9070 XT,64,0,0,0
muse.qkv     g32,6656,2304,32,bfloat16,24,256x32,137.904,6,21,AMD Radeon RX 9070 XT,64,0,0,0
muse.qkv     g32,6656,2304,32,bfloat16,24,32x64x4,137.906,6,21,AMD Radeon RX 9070 XT,64,0,0,0
muse.qkv     g32,6656,2304,32,bfloat16,24,64x128x4,140.853,6,21,AMD Radeon RX 9070 XT,64,0,0,0
muse.qkv     g32,6656,2304,32,bfloat16,24,64x64x2,146.545,6,21,AMD Radeon RX 9070 XT,64,0,0,0
muse.qkv     g32,6656,2304,32,bfloat16,24,256x128x2,149.065,6,21,AMD Radeon RX 9070 XT,64,0,0,0
muse.qkv     g32,6656,2304,32,bfloat16,24,192x128x2,157.599,5,21,AMD Radeon RX 9070 XT,64,0,0,0
muse.qkv     g32,6656,2304,32,bfloat16,24,128x128x2,163.229,5,21,AMD Radeon RX 9070 XT,64,0,0,0
muse.qkv     g32,6656,2304,32,bfloat16,24,256x64,166.445,5,21,AMD Radeon RX 9070 XT,64,0,0,0
muse.qkv     g32,6656,2304,32,bfloat16,24,64x32,173.672,5,21,AMD Radeon RX 9070 XT,64,0,0,0
muse.qkv     g32,6656,2304,32,bfloat16,24,128x64,174.538,5,21,AMD Radeon RX 9070 XT,64,0,0,0
muse.qkv     g32,6656,2304,32,bfloat16,24,96x128x2,208.533,4,21,AMD Radeon RX 9070 XT,64,0,0,0
muse.qkv     g32,6656,2304,32,bfloat16,24,256x128,208.852,4,21,AMD Radeon RX 9070 XT,64,0,0,0
muse.qkv     g32,6656,2304,32,bfloat16,24,32x128x4,233.808,4,21,AMD Radeon RX 9070 XT,64,0,0,0
muse.qkv     g32,6656,2304,32,bfloat16,24,prefill_wmma_ashuffle,249.586,3,21,AMD Radeon RX 9070 XT,64,0,0,0
muse.qkv     g32,6656,2304,32,bfloat16,24,64x128x2,250.124,3,21,AMD Radeon RX 9070 XT,64,0,0,0
muse.qkv     g32,6656,2304,32,bfloat16,24,32x64x2,250.621,3,21,AMD Radeon RX 9070 XT,64,0,0,0
muse.qkv     g32,6656,2304,32,bfloat16,24,192x128,253.302,3,21,AMD Radeon RX 9070 XT,64,0,0,0
muse.qkv     g32,6656,2304,32,bfloat16,24,64x64,265.385,3,21,AMD Radeon RX 9070 XT,64,0,0,0
muse.qkv     g32,6656,2304,32,bfloat16,24,128x128,277.378,3,21,AMD Radeon RX 9070 XT,64,0,0,0
muse.qkv     g32,6656,2304,32,bfloat16,24,32x32,291.468,3,21,AMD Radeon RX 9070 XT,64,0,0,0
muse.qkv     g32,6656,2304,32,bfloat16,24,prefill_wmma,293.017,3,21,AMD Radeon RX 9070 XT,64,0,0,0
muse.qkv     g32,6656,2304,32,bfloat16,24,112x128,312.457,3,21,AMD Radeon RX 9070 XT,64,0,0,0
muse.qkv     g32,6656,2304,32,bfloat16,24,96x128,349.950,2,21,AMD Radeon RX 9070 XT,64,0,0,0
muse.qkv     g32,6656,2304,32,bfloat16,24,prefill_wmma:smallm_off,366.895,2,21,AMD Radeon RX 9070 XT,64,0,0,0
muse.qkv     g32,6656,2304,32,bfloat16,24,80x128,378.743,2,21,AMD Radeon RX 9070 XT,64,0,0,0
muse.qkv     g32,6656,2304,32,bfloat16,24,64x128,456.697,2,21,AMD Radeon RX 9070 XT,64,0,0,0
muse.qkv     g32,6656,2304,32,bfloat16,24,32x64,483.692,2,21,AMD Radeon RX 9070 XT,64,0,0,0
muse.qkv     g32,6656,2304,32,bfloat16,24,128x256,500.570,2,21,AMD Radeon RX 9070 XT,64,0,0,0
muse.qkv     g32,6656,2304,32,bfloat16,24,32x128,1414.353,2,21,AMD Radeon RX 9070 XT,64,0,0,0
muse.qkv     g32,6656,2304,32,bfloat16,24,16x64,1543.143,2,21,AMD Radeon RX 9070 XT,64,0,0,0
muse.qkv     g32,6656,2304,32,bfloat16,24,16x128,3795.901,2,21,AMD Radeon RX 9070 XT,64,0,0,0
muse.qkv     g32,6656,2304,32,bfloat16,32,128x128x4,115.767,8,21,AMD Radeon RX 9070 XT,64,0,0,0
muse.qkv     g32,6656,2304,32,bfloat16,32,128x64x2,122.070,7,21,AMD Radeon RX 9070 XT,64,0,0,0
muse.qkv     g32,6656,2304,32,bfloat16,32,auto,123.253,7,21,AMD Radeon RX 9070 XT,64,0,0,0
muse.qkv     g32,6656,2304,32,bfloat16,32,128x32,129.611,7,21,AMD Radeon RX 9070 XT,64,0,0,0
muse.qkv     g32,6656,2304,32,bfloat16,32,256x32,139.069,6,21,AMD Radeon RX 9070 XT,64,0,0,0
muse.qkv     g32,6656,2304,32,bfloat16,32,32x64x4,143.077,6,21,AMD Radeon RX 9070 XT,64,0,0,0
muse.qkv     g32,6656,2304,32,bfloat16,32,64x128x4,144.303,6,21,AMD Radeon RX 9070 XT,64,0,0,0
muse.qkv     g32,6656,2304,32,bfloat16,32,256x128x2,149.750,6,21,AMD Radeon RX 9070 XT,64,0,0,0
muse.qkv     g32,6656,2304,32,bfloat16,32,64x64x2,150.544,6,21,AMD Radeon RX 9070 XT,64,0,0,0
muse.qkv     g32,6656,2304,32,bfloat16,32,192x128x2,160.523,5,21,AMD Radeon RX 9070 XT,64,0,0,0
muse.qkv     g32,6656,2304,32,bfloat16,32,128x128x2,166.637,5,21,AMD Radeon RX 9070 XT,64,0,0,0
muse.qkv     g32,6656,2304,32,bfloat16,32,256x64,166.665,5,21,AMD Radeon RX 9070 XT,64,0,0,0
muse.qkv     g32,6656,2304,32,bfloat16,32,128x64,173.426,5,21,AMD Radeon RX 9070 XT,64,0,0,0
muse.qkv     g32,6656,2304,32,bfloat16,32,64x32,184.186,5,21,AMD Radeon RX 9070 XT,64,0,0,0
muse.qkv     g32,6656,2304,32,bfloat16,32,256x128,211.621,4,21,AMD Radeon RX 9070 XT,64,0,0,0
muse.qkv     g32,6656,2304,32,bfloat16,32,96x128x2,212.605,4,21,AMD Radeon RX 9070 XT,64,0,0,0
muse.qkv     g32,6656,2304,32,bfloat16,32,32x128x4,238.851,3,21,AMD Radeon RX 9070 XT,64,0,0,0
muse.qkv     g32,6656,2304,32,bfloat16,32,prefill_wmma_ashuffle,249.722,3,21,AMD Radeon RX 9070 XT,64,0,0,0
muse.qkv     g32,6656,2304,32,bfloat16,32,192x128,254.304,3,21,AMD Radeon RX 9070 XT,64,0,0,0
muse.qkv     g32,6656,2304,32,bfloat16,32,64x128x2,256.001,3,21,AMD Radeon RX 9070 XT,64,0,0,0
muse.qkv     g32,6656,2304,32,bfloat16,32,32x64x2,260.682,3,21,AMD Radeon RX 9070 XT,64,0,0,0
muse.qkv     g32,6656,2304,32,bfloat16,32,64x64,275.719,3,21,AMD Radeon RX 9070 XT,64,0,0,0
muse.qkv     g32,6656,2304,32,bfloat16,32,128x128,282.087,3,21,AMD Radeon RX 9070 XT,64,0,0,0
muse.qkv     g32,6656,2304,32,bfloat16,32,prefill_wmma,310.503,3,21,AMD Radeon RX 9070 XT,64,0,0,0
muse.qkv     g32,6656,2304,32,bfloat16,32,32x32,311.948,3,21,AMD Radeon RX 9070 XT,64,0,0,0
muse.qkv     g32,6656,2304,32,bfloat16,32,112x128,316.597,2,21,AMD Radeon RX 9070 XT,64,0,0,0
muse.qkv     g32,6656,2304,32,bfloat16,32,96x128,354.937,2,21,AMD Radeon RX 9070 XT,64,0,0,0
muse.qkv     g32,6656,2304,32,bfloat16,32,prefill_wmma:smallm_off,368.585,2,21,AMD Radeon RX 9070 XT,64,0,0,0
muse.qkv     g32,6656,2304,32,bfloat16,32,80x128,386.078,2,21,AMD Radeon RX 9070 XT,64,0,0,0
muse.qkv     g32,6656,2304,32,bfloat16,32,64x128,467.084,2,21,AMD Radeon RX 9070 XT,64,0,0,0
muse.qkv     g32,6656,2304,32,bfloat16,32,32x64,503.840,2,21,AMD Radeon RX 9070 XT,64,0,0,0
muse.qkv     g32,6656,2304,32,bfloat16,32,128x256,504.933,2,21,AMD Radeon RX 9070 XT,64,0,0,0
muse.qkv     g32,6656,2304,32,bfloat16,32,32x128,1465.238,2,21,AMD Radeon RX 9070 XT,64,0,0,0
muse.qkv     g32,6656,2304,32,bfloat16,32,16x64,1679.275,2,21,AMD Radeon RX 9070 XT,64,0,0,0
muse.qkv     g32,6656,2304,32,bfloat16,32,16x128,4439.311,2,21,AMD Radeon RX 9070 XT,64,0,0,0
muse.qkv     g32,6656,2304,32,bfloat16,48,128x128x4,121.879,7,21,AMD Radeon RX 9070 XT,64,0,0,0
muse.qkv     g32,6656,2304,32,bfloat16,48,128x64x2,125.832,7,21,AMD Radeon RX 9070 XT,64,0,0,0
muse.qkv     g32,6656,2304,32,bfloat16,48,auto,131.515,6,21,AMD Radeon RX 9070 XT,64,0,0,0
muse.qkv     g32,6656,2304,32,bfloat16,48,128x32,141.096,6,21,AMD Radeon RX 9070 XT,64,0,0,0
muse.qkv     g32,6656,2304,32,bfloat16,48,256x32,141.633,6,21,AMD Radeon RX 9070 XT,64,0,0,0
muse.qkv     g32,6656,2304,32,bfloat16,48,32x64x4,141.916,6,21,AMD Radeon RX 9070 XT,64,0,0,0
muse.qkv     g32,6656,2304,32,bfloat16,48,64x128x4,149.752,6,21,AMD Radeon RX 9070 XT,64,0,0,0
muse.qkv     g32,6656,2304,32,bfloat16,48,256x128x2,155.210,5,21,AMD Radeon RX 9070 XT,64,0,0,0
muse.qkv     g32,6656,2304,32,bfloat16,48,64x64x2,161.069,5,21,AMD Radeon RX 9070 XT,64,0,0,0
muse.qkv     g32,6656,2304,32,bfloat16,48,192x128x2,163.376,5,21,AMD Radeon RX 9070 XT,64,0,0,0
muse.qkv     g32,6656,2304,32,bfloat16,48,256x64,170.568,5,21,AMD Radeon RX 9070 XT,64,0,0,0
muse.qkv     g32,6656,2304,32,bfloat16,48,128x128x2,172.465,5,21,AMD Radeon RX 9070 XT,64,0,0,0
muse.qkv     g32,6656,2304,32,bfloat16,48,128x64,182.484,5,21,AMD Radeon RX 9070 XT,64,0,0,0
muse.qkv     g32,6656,2304,32,bfloat16,48,64x32,207.461,4,21,AMD Radeon RX 9070 XT,64,0,0,0
muse.qkv     g32,6656,2304,32,bfloat16,48,256x128,217.337,4,21,AMD Radeon RX 9070 XT,64,0,0,0
muse.qkv     g32,6656,2304,32,bfloat16,48,96x128x2,217.587,4,21,AMD Radeon RX 9070 XT,64,0,0,0
muse.qkv     g32,6656,2304,32,bfloat16,48,32x128x4,236.431,3,21,AMD Radeon RX 9070 XT,64,0,0,0
muse.qkv     g32,6656,2304,32,bfloat16,48,32x64x2,245.242,3,21,AMD Radeon RX 9070 XT,64,0,0,0
muse.qkv     g32,6656,2304,32,bfloat16,48,192x128,259.342,3,21,AMD Radeon RX 9070 XT,64,0,0,0
muse.qkv     g32,6656,2304,32,bfloat16,48,64x128x2,263.060,3,21,AMD Radeon RX 9070 XT,64,0,0,0
muse.qkv     g32,6656,2304,32,bfloat16,48,prefill_wmma_ashuffle,266.470,3,21,AMD Radeon RX 9070 XT,64,0,0,0
muse.qkv     g32,6656,2304,32,bfloat16,48,32x32,279.126,3,21,AMD Radeon RX 9070 XT,64,0,0,0
muse.qkv     g32,6656,2304,32,bfloat16,48,128x128,292.196,3,21,AMD Radeon RX 9070 XT,64,0,0,0
muse.qkv     g32,6656,2304,32,bfloat16,48,64x64,300.252,3,21,AMD Radeon RX 9070 XT,64,0,0,0
muse.qkv     g32,6656,2304,32,bfloat16,48,112x128,326.780,2,21,AMD Radeon RX 9070 XT,64,0,0,0
muse.qkv     g32,6656,2304,32,bfloat16,48,prefill_wmma,359.330,2,21,AMD Radeon RX 9070 XT,64,0,0,0
muse.qkv     g32,6656,2304,32,bfloat16,48,96x128,371.570,2,21,AMD Radeon RX 9070 XT,64,0,0,0
muse.qkv     g32,6656,2304,32,bfloat16,48,prefill_wmma:smallm_off,387.841,2,21,AMD Radeon RX 9070 XT,64,0,0,0
muse.qkv     g32,6656,2304,32,bfloat16,48,80x128,401.491,2,21,AMD Radeon RX 9070 XT,64,0,0,0
muse.qkv     g32,6656,2304,32,bfloat16,48,32x64,465.360,2,21,AMD Radeon RX 9070 XT,64,0,0,0
muse.qkv     g32,6656,2304,32,bfloat16,48,64x128,487.286,2,21,AMD Radeon RX 9070 XT,64,0,0,0
muse.qkv     g32,6656,2304,32,bfloat16,48,128x256,513.475,2,21,AMD Radeon RX 9070 XT,64,0,0,0
muse.qkv     g32,6656,2304,32,bfloat16,48,32x128,1414.697,2,21,AMD Radeon RX 9070 XT,64,0,0,0
muse.qkv     g32,6656,2304,32,bfloat16,48,16x64,1687.231,2,21,AMD Radeon RX 9070 XT,64,0,0,0
muse.qkv     g32,6656,2304,32,bfloat16,48,16x128,4003.801,2,21,AMD Radeon RX 9070 XT,64,0,0,0
muse.qkv     g32,6656,2304,32,bfloat16,63,128x128x4,121.906,7,21,AMD Radeon RX 9070 XT,64,0,0,0
muse.qkv     g32,6656,2304,32,bfloat16,63,128x64x2,128.154,7,21,AMD Radeon RX 9070 XT,64,0,0,0
muse.qkv     g32,6656,2304,32,bfloat16,63,auto,140.110,6,21,AMD Radeon RX 9070 XT,64,0,0,0
muse.qkv     g32,6656,2304,32,bfloat16,63,32x64x4,144.936,6,21,AMD Radeon RX 9070 XT,64,0,0,0
muse.qkv     g32,6656,2304,32,bfloat16,63,256x32,147.376,6,21,AMD Radeon RX 9070 XT,64,0,0,0
muse.qkv     g32,6656,2304,32,bfloat16,63,128x32,151.594,6,21,AMD Radeon RX 9070 XT,64,0,0,0
muse.qkv     g32,6656,2304,32,bfloat16,63,64x128x4,153.198,6,21,AMD Radeon RX 9070 XT,64,0,0,0
muse.qkv     g32,6656,2304,32,bfloat16,63,256x128x2,156.551,5,21,AMD Radeon RX 9070 XT,64,0,0,0
muse.qkv     g32,6656,2304,32,bfloat16,63,192x128x2,167.598,5,21,AMD Radeon RX 9070 XT,64,0,0,0
muse.qkv     g32,6656,2304,32,bfloat16,63,64x64x2,170.589,5,21,AMD Radeon RX 9070 XT,64,0,0,0
muse.qkv     g32,6656,2304,32,bfloat16,63,256x64,174.074,5,21,AMD Radeon RX 9070 XT,64,0,0,0
muse.qkv     g32,6656,2304,32,bfloat16,63,128x128x2,175.914,5,21,AMD Radeon RX 9070 XT,64,0,0,0
muse.qkv     g32,6656,2304,32,bfloat16,63,128x64,192.024,4,21,AMD Radeon RX 9070 XT,64,0,0,0
muse.qkv     g32,6656,2304,32,bfloat16,63,256x128,221.100,4,21,AMD Radeon RX 9070 XT,64,0,0,0
muse.qkv     g32,6656,2304,32,bfloat16,63,96x128x2,224.652,4,21,AMD Radeon RX 9070 XT,64,0,0,0
muse.qkv     g32,6656,2304,32,bfloat16,63,64x32,227.597,4,21,AMD Radeon RX 9070 XT,64,0,0,0
muse.qkv     g32,6656,2304,32,bfloat16,63,32x128x4,239.040,3,21,AMD Radeon RX 9070 XT,64,0,0,0
muse.qkv     g32,6656,2304,32,bfloat16,63,32x64x2,263.828,3,21,AMD Radeon RX 9070 XT,64,0,0,0
muse.qkv     g32,6656,2304,32,bfloat16,63,192x128,266.680,3,21,AMD Radeon RX 9070 XT,64,0,0,0
muse.qkv     g32,6656,2304,32,bfloat16,63,64x128x2,271.339,3,21,AMD Radeon RX 9070 XT,64,0,0,0
muse.qkv     g32,6656,2304,32,bfloat16,63,prefill_wmma_ashuffle,290.624,3,21,AMD Radeon RX 9070 XT,64,0,0,0
muse.qkv     g32,6656,2304,32,bfloat16,63,128x128,300.555,3,21,AMD Radeon RX 9070 XT,64,0,0,0
muse.qkv     g32,6656,2304,32,bfloat16,63,32x32,315.194,2,21,AMD Radeon RX 9070 XT,64,0,0,0
muse.qkv     g32,6656,2304,32,bfloat16,63,64x64,319.409,2,21,AMD Radeon RX 9070 XT,64,0,0,0
muse.qkv     g32,6656,2304,32,bfloat16,63,112x128,337.729,2,21,AMD Radeon RX 9070 XT,64,0,0,0
muse.qkv     g32,6656,2304,32,bfloat16,63,96x128,377.532,2,21,AMD Radeon RX 9070 XT,64,0,0,0
muse.qkv     g32,6656,2304,32,bfloat16,63,prefill_wmma,401.491,2,21,AMD Radeon RX 9070 XT,64,0,0,0
muse.qkv     g32,6656,2304,32,bfloat16,63,prefill_wmma:smallm_off,406.362,2,21,AMD Radeon RX 9070 XT,64,0,0,0
muse.qkv     g32,6656,2304,32,bfloat16,63,80x128,417.180,2,21,AMD Radeon RX 9070 XT,64,0,0,0
muse.qkv     g32,6656,2304,32,bfloat16,63,32x64,500.261,2,21,AMD Radeon RX 9070 XT,64,0,0,0
muse.qkv     g32,6656,2304,32,bfloat16,63,64x128,504.712,2,21,AMD Radeon RX 9070 XT,64,0,0,0
muse.qkv     g32,6656,2304,32,bfloat16,63,128x256,521.636,2,21,AMD Radeon RX 9070 XT,64,0,0,0
muse.qkv     g32,6656,2304,32,bfloat16,63,32x128,1688.131,2,21,AMD Radeon RX 9070 XT,64,0,0,0
muse.qkv     g32,6656,2304,32,bfloat16,63,16x64,1703.307,2,21,AMD Radeon RX 9070 XT,64,0,0,0
muse.qkv     g32,6656,2304,32,bfloat16,63,16x128,3255.185,2,21,AMD Radeon RX 9070 XT,64,0,0,0
muse.qkv     g32,6656,2304,32,bfloat16,64,128x128x4,121.805,7,21,AMD Radeon RX 9070 XT,64,0,0,0
muse.qkv     g32,6656,2304,32,bfloat16,64,128x64x2,128.209,7,21,AMD Radeon RX 9070 XT,64,0,0,0
muse.qkv     g32,6656,2304,32,bfloat16,64,auto,140.594,6,21,AMD Radeon RX 9070 XT,64,0,0,0
muse.qkv     g32,6656,2304,32,bfloat16,64,32x64x4,145.094,6,21,AMD Radeon RX 9070 XT,64,0,0,0
muse.qkv     g32,6656,2304,32,bfloat16,64,256x32,147.570,6,21,AMD Radeon RX 9070 XT,64,0,0,0
muse.qkv     g32,6656,2304,32,bfloat16,64,128x32,152.014,6,21,AMD Radeon RX 9070 XT,64,0,0,0
muse.qkv     g32,6656,2304,32,bfloat16,64,64x128x4,155.206,5,21,AMD Radeon RX 9070 XT,64,0,0,0
muse.qkv     g32,6656,2304,32,bfloat16,64,256x128x2,156.577,5,21,AMD Radeon RX 9070 XT,64,0,0,0
muse.qkv     g32,6656,2304,32,bfloat16,64,192x128x2,169.637,5,21,AMD Radeon RX 9070 XT,64,0,0,0
muse.qkv     g32,6656,2304,32,bfloat16,64,64x64x2,171.397,5,21,AMD Radeon RX 9070 XT,64,0,0,0
muse.qkv     g32,6656,2304,32,bfloat16,64,256x64,173.860,5,21,AMD Radeon RX 9070 XT,64,0,0,0
muse.qkv     g32,6656,2304,32,bfloat16,64,128x128x2,177.783,5,21,AMD Radeon RX 9070 XT,64,0,0,0
muse.qkv     g32,6656,2304,32,bfloat16,64,128x64,192.783,4,21,AMD Radeon RX 9070 XT,64,0,0,0
muse.qkv     g32,6656,2304,32,bfloat16,64,256x128,222.782,4,21,AMD Radeon RX 9070 XT,64,0,0,0
muse.qkv     g32,6656,2304,32,bfloat16,64,64x32,228.450,4,21,AMD Radeon RX 9070 XT,64,0,0,0
muse.qkv     g32,6656,2304,32,bfloat16,64,96x128x2,229.706,4,21,AMD Radeon RX 9070 XT,64,0,0,0
muse.qkv     g32,6656,2304,32,bfloat16,64,32x128x4,239.937,3,21,AMD Radeon RX 9070 XT,64,0,0,0
muse.qkv     g32,6656,2304,32,bfloat16,64,32x64x2,265.232,3,21,AMD Radeon RX 9070 XT,64,0,0,0
muse.qkv     g32,6656,2304,32,bfloat16,64,192x128,271.005,3,21,AMD Radeon RX 9070 XT,64,0,0,0
muse.qkv     g32,6656,2304,32,bfloat16,64,64x128x2,273.498,3,21,AMD Radeon RX 9070 XT,64,0,0,0
muse.qkv     g32,6656,2304,32,bfloat16,64,prefill_wmma_ashuffle,290.981,3,21,AMD Radeon RX 9070 XT,64,0,0,0
muse.qkv     g32,6656,2304,32,bfloat16,64,128x128,302.998,3,21,AMD Radeon RX 9070 XT,64,0,0,0
muse.qkv     g32,6656,2304,32,bfloat16,64,32x32,316.544,2,21,AMD Radeon RX 9070 XT,64,0,0,0
muse.qkv     g32,6656,2304,32,bfloat16,64,64x64,320.742,2,21,AMD Radeon RX 9070 XT,64,0,0,0
muse.qkv     g32,6656,2304,32,bfloat16,64,112x128,341.394,2,21,AMD Radeon RX 9070 XT,64,0,0,0
muse.qkv     g32,6656,2304,32,bfloat16,64,96x128,382.572,2,21,AMD Radeon RX 9070 XT,64,0,0,0
muse.qkv     g32,6656,2304,32,bfloat16,64,prefill_wmma,401.542,2,21,AMD Radeon RX 9070 XT,64,0,0,0
muse.qkv     g32,6656,2304,32,bfloat16,64,prefill_wmma:smallm_off,406.502,2,21,AMD Radeon RX 9070 XT,64,0,0,0
muse.qkv     g32,6656,2304,32,bfloat16,64,80x128,420.163,2,21,AMD Radeon RX 9070 XT,64,0,0,0
muse.qkv     g32,6656,2304,32,bfloat16,64,32x64,503.608,2,21,AMD Radeon RX 9070 XT,64,0,0,0
muse.qkv     g32,6656,2304,32,bfloat16,64,64x128,508.967,2,21,AMD Radeon RX 9070 XT,64,0,0,0
muse.qkv     g32,6656,2304,32,bfloat16,64,128x256,524.600,2,21,AMD Radeon RX 9070 XT,64,0,0,0
muse.qkv     g32,6656,2304,32,bfloat16,64,32x128,1651.532,2,21,AMD Radeon RX 9070 XT,64,0,0,0
muse.qkv     g32,6656,2304,32,bfloat16,64,16x64,1732.118,2,21,AMD Radeon RX 9070 XT,64,0,0,0
muse.qkv     g32,6656,2304,32,bfloat16,64,16x128,3356.130,2,21,AMD Radeon RX 9070 XT,64,0,0,0
muse.qkv     g32,6656,2304,32,bfloat16,96,128x128x4,127.846,7,21,AMD Radeon RX 9070 XT,64,0,0,0
muse.qkv     g32,6656,2304,32,bfloat16,96,128x64x2,132.461,7,21,AMD Radeon RX 9070 XT,64,0,0,0
muse.qkv     g32,6656,2304,32,bfloat16,96,32x64x4,156.313,6,21,AMD Radeon RX 9070 XT,64,0,0,0
muse.qkv     g32,6656,2304,32,bfloat16,96,256x32,156.605,6,21,AMD Radeon RX 9070 XT,64,0,0,0
muse.qkv     g32,6656,2304,32,bfloat16,96,auto,157.303,6,21,AMD Radeon RX 9070 XT,64,0,0,0
muse.qkv     g32,6656,2304,32,bfloat16,96,64x64x2,159.901,5,21,AMD Radeon RX 9070 XT,64,0,0,0
muse.qkv     g32,6656,2304,32,bfloat16,96,256x128x2,162.742,5,21,AMD Radeon RX 9070 XT,64,0,0,0
muse.qkv     g32,6656,2304,32,bfloat16,96,64x128x4,163.254,5,21,AMD Radeon RX 9070 XT,64,0,0,0
muse.qkv     g32,6656,2304,32,bfloat16,96,128x32,172.736,5,21,AMD Radeon RX 9070 XT,64,0,0,0
muse.qkv     g32,6656,2304,32,bfloat16,96,192x128x2,174.382,5,21,AMD Radeon RX 9070 XT,64,0,0,0
muse.qkv     g32,6656,2304,32,bfloat16,96,256x64,180.913,5,21,AMD Radeon RX 9070 XT,64,0,0,0
muse.qkv     g32,6656,2304,32,bfloat16,96,128x128x2,188.543,4,21,AMD Radeon RX 9070 XT,64,0,0,0
muse.qkv     g32,6656,2304,32,bfloat16,96,64x32,212.652,4,21,AMD Radeon RX 9070 XT,64,0,0,0
muse.qkv     g32,6656,2304,32,bfloat16,96,128x64,213.684,4,21,AMD Radeon RX 9070 XT,64,0,0,0
muse.qkv     g32,6656,2304,32,bfloat16,96,256x128,233.433,4,21,AMD Radeon RX 9070 XT,64,0,0,0
muse.qkv     g32,6656,2304,32,bfloat16,96,96x128x2,238.481,3,21,AMD Radeon RX 9070 XT,64,0,0,0
muse.qkv     g32,6656,2304,32,bfloat16,96,32x128x4,242.006,3,21,AMD Radeon RX 9070 XT,64,0,0,0
muse.qkv     g32,6656,2304,32,bfloat16,96,64x128x2,265.266,3,21,AMD Radeon RX 9070 XT,64,0,0,0
muse.qkv     g32,6656,2304,32,bfloat16,96,32x64x2,266.108,3,21,AMD Radeon RX 9070 XT,64,0,0,0
muse.qkv     g32,6656,2304,32,bfloat16,96,192x128,280.299,3,21,AMD Radeon RX 9070 XT,64,0,0,0
muse.qkv     g32,6656,2304,32,bfloat16,96,64x64,288.737,3,21,AMD Radeon RX 9070 XT,64,0,0,0
muse.qkv     g32,6656,2304,32,bfloat16,96,32x32,316.738,2,21,AMD Radeon RX 9070 XT,64,0,0,0
muse.qkv     g32,6656,2304,32,bfloat16,96,128x128,323.634,2,21,AMD Radeon RX 9070 XT,64,0,0,0
muse.qkv     g32,6656,2304,32,bfloat16,96,prefill_wmma_ashuffle,327.297,2,21,AMD Radeon RX 9070 XT,64,0,0,0
muse.qkv     g32,6656,2304,32,bfloat16,96,112x128,363.758,2,21,AMD Radeon RX 9070 XT,64,0,0,0
muse.qkv     g32,6656,2304,32,bfloat16,96,prefill_wmma,398.119,2,21,AMD Radeon RX 9070 XT,64,0,0,0
muse.qkv     g32,6656,2304,32,bfloat16,96,96x128,408.088,2,21,AMD Radeon RX 9070 XT,64,0,0,0
muse.qkv     g32,6656,2304,32,bfloat16,96,80x128,424.266,2,21,AMD Radeon RX 9070 XT,64,0,0,0
muse.qkv     g32,6656,2304,32,bfloat16,96,prefill_wmma:smallm_off,465.600,2,21,AMD Radeon RX 9070 XT,64,0,0,0
muse.qkv     g32,6656,2304,32,bfloat16,96,64x128,473.477,2,21,AMD Radeon RX 9070 XT,64,0,0,0
muse.qkv     g32,6656,2304,32,bfloat16,96,32x64,506.264,2,21,AMD Radeon RX 9070 XT,64,0,0,0
muse.qkv     g32,6656,2304,32,bfloat16,96,128x256,545.207,2,21,AMD Radeon RX 9070 XT,64,0,0,0
muse.qkv     g32,6656,2304,32,bfloat16,96,16x64,1644.947,2,21,AMD Radeon RX 9070 XT,64,0,0,0
muse.qkv     g32,6656,2304,32,bfloat16,96,32x128,1652.913,2,21,AMD Radeon RX 9070 XT,64,0,0,0
muse.qkv     g32,6656,2304,32,bfloat16,96,16x128,3174.237,2,21,AMD Radeon RX 9070 XT,64,0,0,0
muse.qkv     g32,6656,2304,32,bfloat16,128,128x128x4,133.275,6,21,AMD Radeon RX 9070 XT,64,0,0,0
muse.qkv     g32,6656,2304,32,bfloat16,128,128x64x2,143.216,6,21,AMD Radeon RX 9070 XT,64,0,0,0
muse.qkv     g32,6656,2304,32,bfloat16,128,256x32,166.187,5,21,AMD Radeon RX 9070 XT,64,0,0,0
muse.qkv     g32,6656,2304,32,bfloat16,128,256x128x2,168.375,5,21,AMD Radeon RX 9070 XT,64,0,0,0
muse.qkv     g32,6656,2304,32,bfloat16,128,64x128x4,169.326,5,21,AMD Radeon RX 9070 XT,64,0,0,0
muse.qkv     g32,6656,2304,32,bfloat16,128,32x64x4,173.019,5,21,AMD Radeon RX 9070 XT,64,0,0,0
muse.qkv     g32,6656,2304,32,bfloat16,128,auto,173.524,5,21,AMD Radeon RX 9070 XT,64,0,0,0
muse.qkv     g32,6656,2304,32,bfloat16,128,64x64x2,177.319,5,21,AMD Radeon RX 9070 XT,64,0,0,0
muse.qkv     g32,6656,2304,32,bfloat16,128,192x128x2,182.426,5,21,AMD Radeon RX 9070 XT,64,0,0,0
muse.qkv     g32,6656,2304,32,bfloat16,128,256x64,187.424,4,21,AMD Radeon RX 9070 XT,64,0,0,0
muse.qkv     g32,6656,2304,32,bfloat16,128,128x32,194.726,4,21,AMD Radeon RX 9070 XT,64,0,0,0
muse.qkv     g32,6656,2304,32,bfloat16,128,128x128x2,198.389,4,21,AMD Radeon RX 9070 XT,64,0,0,0
muse.qkv     g32,6656,2304,32,bfloat16,128,96x128x2,232.859,4,21,AMD Radeon RX 9070 XT,64,0,0,0
muse.qkv     g32,6656,2304,32,bfloat16,128,64x32,233.180,4,21,AMD Radeon RX 9070 XT,64,0,0,0
muse.qkv     g32,6656,2304,32,bfloat16,128,128x64,234.268,3,21,AMD Radeon RX 9070 XT,64,0,0,0
muse.qkv     g32,6656,2304,32,bfloat16,128,256x128,243.697,3,21,AMD Radeon RX 9070 XT,64,0,0,0
muse.qkv     g32,6656,2304,32,bfloat16,128,32x128x4,252.302,3,21,AMD Radeon RX 9070 XT,64,0,0,0
muse.qkv     g32,6656,2304,32,bfloat16,128,32x64x2,268.418,3,21,AMD Radeon RX 9070 XT,64,0,0,0
muse.qkv     g32,6656,2304,32,bfloat16,128,64x128x2,273.635,3,21,AMD Radeon RX 9070 XT,64,0,0,0
muse.qkv     g32,6656,2304,32,bfloat16,128,192x128,296.414,3,21,AMD Radeon RX 9070 XT,64,0,0,0
muse.qkv     g32,6656,2304,32,bfloat16,128,32x32,319.788,2,21,AMD Radeon RX 9070 XT,64,0,0,0
muse.qkv     g32,6656,2304,32,bfloat16,128,64x64,327.204,2,21,AMD Radeon RX 9070 XT,64,0,0,0
muse.qkv     g32,6656,2304,32,bfloat16,128,128x128,343.826,2,21,AMD Radeon RX 9070 XT,64,0,0,0
muse.qkv     g32,6656,2304,32,bfloat16,128,112x128,352.813,2,21,AMD Radeon RX 9070 XT,64,0,0,0
muse.qkv     g32,6656,2304,32,bfloat16,128,prefill_wmma_ashuffle,358.257,2,21,AMD Radeon RX 9070 XT,64,0,0,0
muse.qkv     g32,6656,2304,32,bfloat16,128,96x128,370.451,2,21,AMD Radeon RX 9070 XT,64,0,0,0
muse.qkv     g32,6656,2304,32,bfloat16,128,80x128,409.356,2,21,AMD Radeon RX 9070 XT,64,0,0,0
muse.qkv     g32,6656,2304,32,bfloat16,128,prefill_wmma,500.420,2,21,AMD Radeon RX 9070 XT,64,0,0,0
muse.qkv     g32,6656,2304,32,bfloat16,128,prefill_wmma:smallm_off,505.144,2,21,AMD Radeon RX 9070 XT,64,0,0,0
muse.qkv     g32,6656,2304,32,bfloat16,128,64x128,507.924,2,21,AMD Radeon RX 9070 XT,64,0,0,0
muse.qkv     g32,6656,2304,32,bfloat16,128,32x64,512.376,2,21,AMD Radeon RX 9070 XT,64,0,0,0
muse.qkv     g32,6656,2304,32,bfloat16,128,128x256,572.311,2,21,AMD Radeon RX 9070 XT,64,0,0,0
muse.qkv     g32,6656,2304,32,bfloat16,128,32x128,1766.593,2,21,AMD Radeon RX 9070 XT,64,0,0,0
muse.qkv     g32,6656,2304,32,bfloat16,128,16x64,1924.019,2,21,AMD Radeon RX 9070 XT,64,0,0,0
muse.qkv     g32,6656,2304,32,bfloat16,128,16x128,2956.462,2,21,AMD Radeon RX 9070 XT,64,0,0,0
muse.qkv     g32,6656,2304,32,bfloat16,192,128x64x2,165.570,5,21,AMD Radeon RX 9070 XT,64,0,0,0
muse.qkv     g32,6656,2304,32,bfloat16,192,64x128x4,169.320,5,21,AMD Radeon RX 9070 XT,64,0,0,0
muse.qkv     g32,6656,2304,32,bfloat16,192,128x128x4,175.586,5,21,AMD Radeon RX 9070 XT,64,0,0,0
muse.qkv     g32,6656,2304,32,bfloat16,192,256x128x2,179.335,5,21,AMD Radeon RX 9070 XT,64,0,0,0
muse.qkv     g32,6656,2304,32,bfloat16,192,256x32,184.139,5,21,AMD Radeon RX 9070 XT,64,0,0,0
muse.qkv     g32,6656,2304,32,bfloat16,192,64x64x2,185.443,5,21,AMD Radeon RX 9070 XT,64,0,0,0
muse.qkv     g32,6656,2304,32,bfloat16,192,128x32,188.978,4,21,AMD Radeon RX 9070 XT,64,0,0,0
muse.qkv     g32,6656,2304,32,bfloat16,192,256x64,194.721,4,21,AMD Radeon RX 9070 XT,64,0,0,0
muse.qkv     g32,6656,2304,32,bfloat16,192,auto,194.904,4,21,AMD Radeon RX 9070 XT,64,0,0,0
muse.qkv     g32,6656,2304,32,bfloat16,192,192x128x2,195.254,4,21,AMD Radeon RX 9070 XT,64,0,0,0
muse.qkv     g32,6656,2304,32,bfloat16,192,128x128x2,210.370,4,21,AMD Radeon RX 9070 XT,64,0,0,0
muse.qkv     g32,6656,2304,32,bfloat16,192,32x64x4,213.312,4,21,AMD Radeon RX 9070 XT,64,0,0,0
muse.qkv     g32,6656,2304,32,bfloat16,192,128x64,224.391,4,21,AMD Radeon RX 9070 XT,64,0,0,0
muse.qkv     g32,6656,2304,32,bfloat16,192,64x32,235.426,3,21,AMD Radeon RX 9070 XT,64,0,0,0
muse.qkv     g32,6656,2304,32,bfloat16,192,96x128x2,237.539,3,21,AMD Radeon RX 9070 XT,64,0,0,0
muse.qkv     g32,6656,2304,32,bfloat16,192,256x128,264.529,3,21,AMD Radeon RX 9070 XT,64,0,0,0
muse.qkv     g32,6656,2304,32,bfloat16,192,32x128x4,268.102,3,21,AMD Radeon RX 9070 XT,64,0,0,0
muse.qkv     g32,6656,2304,32,bfloat16,192,64x128x2,273.679,3,21,AMD Radeon RX 9070 XT,64,0,0,0
muse.qkv     g32,6656,2304,32,bfloat16,192,32x64x2,275.413,3,21,AMD Radeon RX 9070 XT,64,0,0,0
muse.qkv     g32,6656,2304,32,bfloat16,192,128x128,318.572,2,21,AMD Radeon RX 9070 XT,64,0,0,0
muse.qkv     g32,6656,2304,32,bfloat16,192,192x128,318.716,2,21,AMD Radeon RX 9070 XT,64,0,0,0
muse.qkv     g32,6656,2304,32,bfloat16,192,64x64,329.189,2,21,AMD Radeon RX 9070 XT,64,0,0,0
muse.qkv     g32,6656,2304,32,bfloat16,192,112x128,360.866,2,21,AMD Radeon RX 9070 XT,64,0,0,0
muse.qkv     g32,6656,2304,32,bfloat16,192,96x128,405.613,2,21,AMD Radeon RX 9070 XT,64,0,0,0
muse.qkv     g32,6656,2304,32,bfloat16,192,80x128,411.110,2,21,AMD Radeon RX 9070 XT,64,0,0,0
muse.qkv     g32,6656,2304,32,bfloat16,192,prefill_wmma_ashuffle,430.178,2,21,AMD Radeon RX 9070 XT,64,0,0,0
muse.qkv     g32,6656,2304,32,bfloat16,192,32x64,514.191,2,21,AMD Radeon RX 9070 XT,64,0,0,0
muse.qkv     g32,6656,2304,32,bfloat16,192,64x128,516.618,2,21,AMD Radeon RX 9070 XT,64,0,0,0
muse.qkv     g32,6656,2304,32,bfloat16,192,128x256,527.969,2,21,AMD Radeon RX 9070 XT,64,0,0,0
muse.qkv     g32,6656,2304,32,bfloat16,192,prefill_wmma,607.216,2,21,AMD Radeon RX 9070 XT,64,0,0,0
muse.qkv     g32,6656,2304,32,bfloat16,192,32x32,608.527,2,21,AMD Radeon RX 9070 XT,64,0,0,0
muse.qkv     g32,6656,2304,32,bfloat16,192,prefill_wmma:smallm_off,611.197,2,21,AMD Radeon RX 9070 XT,64,0,0,0
muse.qkv     g32,6656,2304,32,bfloat16,192,32x128,1719.684,2,21,AMD Radeon RX 9070 XT,64,0,0,0
muse.qkv     g32,6656,2304,32,bfloat16,192,16x64,3793.538,2,21,AMD Radeon RX 9070 XT,64,0,0,0
muse.qkv     g32,6656,2304,32,bfloat16,192,16x128,8055.814,2,21,AMD Radeon RX 9070 XT,64,0,0,0
muse.qkv     g32,6656,2304,32,bfloat16,256,128x64x2,182.252,5,21,AMD Radeon RX 9070 XT,64,0,0,0
muse.qkv     g32,6656,2304,32,bfloat16,256,128x128x4,185.688,5,21,AMD Radeon RX 9070 XT,64,0,0,0
muse.qkv     g32,6656,2304,32,bfloat16,256,256x128x2,193.648,4,21,AMD Radeon RX 9070 XT,64,0,0,0
muse.qkv     g32,6656,2304,32,bfloat16,256,256x32,209.145,4,21,AMD Radeon RX 9070 XT,64,0,0,0
muse.qkv     g32,6656,2304,32,bfloat16,256,64x128x4,211.126,4,21,AMD Radeon RX 9070 XT,64,0,0,0
muse.qkv     g32,6656,2304,32,bfloat16,256,64x64x2,216.405,4,21,AMD Radeon RX 9070 XT,64,0,0,0
muse.qkv     g32,6656,2304,32,bfloat16,256,auto,219.493,4,21,AMD Radeon RX 9070 XT,64,0,0,0
muse.qkv     g32,6656,2304,32,bfloat16,256,256x64,219.709,4,21,AMD Radeon RX 9070 XT,64,0,0,0
muse.qkv     g32,6656,2304,32,bfloat16,256,128x32,221.337,4,21,AMD Radeon RX 9070 XT,64,0,0,0
muse.qkv     g32,6656,2304,32,bfloat16,256,128x128x2,228.961,4,21,AMD Radeon RX 9070 XT,64,0,0,0
muse.qkv     g32,6656,2304,32,bfloat16,256,96x128x2,248.784,3,21,AMD Radeon RX 9070 XT,64,0,0,0
muse.qkv     g32,6656,2304,32,bfloat16,256,128x64,250.008,3,21,AMD Radeon RX 9070 XT,64,0,0,0
muse.qkv     g32,6656,2304,32,bfloat16,256,64x32,267.021,3,21,AMD Radeon RX 9070 XT,64,0,0,0
muse.qkv     g32,6656,2304,32,bfloat16,256,64x128x2,288.508,3,21,AMD Radeon RX 9070 XT,64,0,0,0
muse.qkv     g32,6656,2304,32,bfloat16,256,256x128,288.712,3,21,AMD Radeon RX 9070 XT,64,0,0,0
muse.qkv     g32,6656,2304,32,bfloat16,256,32x64x4,305.988,3,21,AMD Radeon RX 9070 XT,64,0,0,0
muse.qkv     g32,6656,2304,32,bfloat16,256,192x128,318.210,2,21,AMD Radeon RX 9070 XT,64,0,0,0
muse.qkv     g32,6656,2304,32,bfloat16,256,192x128x2,336.365,2,21,AMD Radeon RX 9070 XT,64,0,0,0
muse.qkv     g32,6656,2304,32,bfloat16,256,64x64,340.597,2,21,AMD Radeon RX 9070 XT,64,0,0,0
muse.qkv     g32,6656,2304,32,bfloat16,256,128x128,352.419,2,21,AMD Radeon RX 9070 XT,64,0,0,0
muse.qkv     g32,6656,2304,32,bfloat16,256,112x128,365.957,2,21,AMD Radeon RX 9070 XT,64,0,0,0
muse.qkv     g32,6656,2304,32,bfloat16,256,96x128,392.664,2,21,AMD Radeon RX 9070 XT,64,0,0,0
muse.qkv     g32,6656,2304,32,bfloat16,256,80x128,438.782,2,21,AMD Radeon RX 9070 XT,64,0,0,0
muse.qkv     g32,6656,2304,32,bfloat16,256,32x128x4,479.426,2,21,AMD Radeon RX 9070 XT,64,0,0,0
muse.qkv     g32,6656,2304,32,bfloat16,256,prefill_wmma_ashuffle,502.560,2,21,AMD Radeon RX 9070 XT,64,0,0,0
muse.qkv     g32,6656,2304,32,bfloat16,256,32x64x2,516.280,2,21,AMD Radeon RX 9070 XT,64,0,0,0
muse.qkv     g32,6656,2304,32,bfloat16,256,64x128,535.321,2,21,AMD Radeon RX 9070 XT,64,0,0,0
muse.qkv     g32,6656,2304,32,bfloat16,256,128x256,581.836,2,21,AMD Radeon RX 9070 XT,64,0,0,0
muse.qkv     g32,6656,2304,32,bfloat16,256,32x32,615.874,2,21,AMD Radeon RX 9070 XT,64,0,0,0
muse.qkv     g32,6656,2304,32,bfloat16,256,prefill_wmma,701.960,2,21,AMD Radeon RX 9070 XT,64,0,0,0
muse.qkv     g32,6656,2304,32,bfloat16,256,prefill_wmma:smallm_off,705.814,2,21,AMD Radeon RX 9070 XT,64,0,0,0
muse.qkv     g32,6656,2304,32,bfloat16,256,32x64,1022.294,2,21,AMD Radeon RX 9070 XT,64,0,0,0
muse.qkv     g32,6656,2304,32,bfloat16,256,16x64,3494.651,2,21,AMD Radeon RX 9070 XT,64,0,0,0
muse.qkv     g32,6656,2304,32,bfloat16,256,32x128,3604.805,2,21,AMD Radeon RX 9070 XT,64,0,0,0
muse.qkv     g32,6656,2304,32,bfloat16,256,16x128,10537.897,2,21,AMD Radeon RX 9070 XT,64,0,0,0
muse.qkv     g32,6656,2304,32,bfloat16,512,128x128x4,293.464,3,21,AMD Radeon RX 9070 XT,64,0,0,0
muse.qkv     g32,6656,2304,32,bfloat16,512,auto,301.153,3,21,AMD Radeon RX 9070 XT,64,0,0,0
muse.qkv     g32,6656,2304,32,bfloat16,512,128x64x2,302.121,3,21,AMD Radeon RX 9070 XT,64,0,0,0
muse.qkv     g32,6656,2304,32,bfloat16,512,256x128,342.796,2,21,AMD Radeon RX 9070 XT,64,0,0,0
muse.qkv     g32,6656,2304,32,bfloat16,512,192x128,345.113,2,21,AMD Radeon RX 9070 XT,64,0,0,0
muse.qkv     g32,6656,2304,32,bfloat16,512,64x128x4,350.166,2,21,AMD Radeon RX 9070 XT,64,0,0,0
muse.qkv     g32,6656,2304,32,bfloat16,512,256x32,353.787,2,21,AMD Radeon RX 9070 XT,64,0,0,0
muse.qkv     g32,6656,2304,32,bfloat16,512,192x128x2,359.377,2,21,AMD Radeon RX 9070 XT,64,0,0,0
muse.qkv     g32,6656,2304,32,bfloat16,512,256x128x2,371.188,2,21,AMD Radeon RX 9070 XT,64,0,0,0
muse.qkv     g32,6656,2304,32,bfloat16,512,64x64x2,376.312,2,21,AMD Radeon RX 9070 XT,64,0,0,0
muse.qkv     g32,6656,2304,32,bfloat16,512,128x32,395.569,2,21,AMD Radeon RX 9070 XT,64,0,0,0
muse.qkv     g32,6656,2304,32,bfloat16,512,128x128,403.652,2,21,AMD Radeon RX 9070 XT,64,0,0,0
muse.qkv     g32,6656,2304,32,bfloat16,512,128x128x2,404.695,2,21,AMD Radeon RX 9070 XT,64,0,0,0
muse.qkv     g32,6656,2304,32,bfloat16,512,256x64,422.280,2,21,AMD Radeon RX 9070 XT,64,0,0,0
muse.qkv     g32,6656,2304,32,bfloat16,512,112x128,423.159,2,21,AMD Radeon RX 9070 XT,64,0,0,0
muse.qkv     g32,6656,2304,32,bfloat16,512,96x128x2,451.545,2,21,AMD Radeon RX 9070 XT,64,0,0,0
muse.qkv     g32,6656,2304,32,bfloat16,512,128x64,475.152,2,21,AMD Radeon RX 9070 XT,64,0,0,0
muse.qkv     g32,6656,2304,32,bfloat16,512,80x128,508.673,2,21,AMD Radeon RX 9070 XT,64,0,0,0
muse.qkv     g32,6656,2304,32,bfloat16,512,32x64x4,512.156,2,21,AMD Radeon RX 9070 XT,64,0,0,0
muse.qkv     g32,6656,2304,32,bfloat16,512,64x32,523.860,2,21,AMD Radeon RX 9070 XT,64,0,0,0
muse.qkv     g32,6656,2304,32,bfloat16,512,64x128x2,555.223,2,21,AMD Radeon RX 9070 XT,64,0,0,0
muse.qkv     g32,6656,2304,32,bfloat16,512,prefill_wmma_ashuffle,582.676,2,21,AMD Radeon RX 9070 XT,64,0,0,0
muse.qkv     g32,6656,2304,32,bfloat16,512,128x256,642.407,2,21,AMD Radeon RX 9070 XT,64,0,0,0
muse.qkv     g32,6656,2304,32,bfloat16,512,64x64,670.294,2,21,AMD Radeon RX 9070 XT,64,0,0,0
muse.qkv     g32,6656,2304,32,bfloat16,512,32x128x4,735.748,2,21,AMD Radeon RX 9070 XT,64,0,0,0
muse.qkv     g32,6656,2304,32,bfloat16,512,96x128,757.887,2,21,AMD Radeon RX 9070 XT,64,0,0,0
muse.qkv     g32,6656,2304,32,bfloat16,512,32x64x2,793.873,2,21,AMD Radeon RX 9070 XT,64,0,0,0
muse.qkv     g32,6656,2304,32,bfloat16,512,32x32,969.646,2,21,AMD Radeon RX 9070 XT,64,0,0,0
muse.qkv     g32,6656,2304,32,bfloat16,512,prefill_wmma:smallm_off,1275.290,2,21,AMD Radeon RX 9070 XT,64,0,0,0
muse.qkv     g32,6656,2304,32,bfloat16,512,prefill_wmma,1282.344,2,21,AMD Radeon RX 9070 XT,64,0,0,0
muse.qkv     g32,6656,2304,32,bfloat16,512,64x128,1350.404,2,21,AMD Radeon RX 9070 XT,64,0,0,0
muse.qkv     g32,6656,2304,32,bfloat16,512,32x64,1763.640,2,21,AMD Radeon RX 9070 XT,64,0,0,0
muse.qkv     g32,6656,2304,32,bfloat16,512,16x64,4862.400,2,21,AMD Radeon RX 9070 XT,64,0,0,0
muse.qkv     g32,6656,2304,32,bfloat16,512,32x128,5980.601,2,21,AMD Radeon RX 9070 XT,64,0,0,0
muse.qkv     g32,6656,2304,32,bfloat16,512,16x128,14753.443,2,21,AMD Radeon RX 9070 XT,64,0,0,0
muse.qkv     g32,6656,2304,32,bfloat16,1024,128x128x4,486.221,2,21,AMD Radeon RX 9070 XT,64,0,0,0
muse.qkv     g32,6656,2304,32,bfloat16,1024,128x64x2,504.589,2,21,AMD Radeon RX 9070 XT,64,0,0,0
muse.qkv     g32,6656,2304,32,bfloat16,1024,auto,516.817,2,21,AMD Radeon RX 9070 XT,64,0,0,0
muse.qkv     g32,6656,2304,32,bfloat16,1024,256x128x2,566.343,2,21,AMD Radeon RX 9070 XT,64,0,0,0
muse.qkv     g32,6656,2304,32,bfloat16,1024,64x128x4,594.081,2,21,AMD Radeon RX 9070 XT,64,0,0,0
muse.qkv     g32,6656,2304,32,bfloat16,1024,256x128,623.324,2,21,AMD Radeon RX 9070 XT,64,0,0,0
muse.qkv     g32,6656,2304,32,bfloat16,1024,128x128x2,641.683,2,21,AMD Radeon RX 9070 XT,64,0,0,0
muse.qkv     g32,6656,2304,32,bfloat16,1024,256x32,641.998,2,21,AMD Radeon RX 9070 XT,64,0,0,0
muse.qkv     g32,6656,2304,32,bfloat16,1024,256x64,663.228,2,21,AMD Radeon RX 9070 XT,64,0,0,0
muse.qkv     g32,6656,2304,32,bfloat16,1024,192x128,664.902,2,21,AMD Radeon RX 9070 XT,64,0,0,0
muse.qkv     g32,6656,2304,32,bfloat16,1024,192x128x2,699.931,2,21,AMD Radeon RX 9070 XT,64,0,0,0
muse.qkv     g32,6656,2304,32,bfloat16,1024,64x64x2,705.222,2,21,AMD Radeon RX 9070 XT,64,0,0,0
muse.qkv     g32,6656,2304,32,bfloat16,1024,96x128x2,728.510,2,21,AMD Radeon RX 9070 XT,64,0,0,0
muse.qkv     g32,6656,2304,32,bfloat16,1024,128x64,745.342,2,21,AMD Radeon RX 9070 XT,64,0,0,0
muse.qkv     g32,6656,2304,32,bfloat16,1024,128x128,777.981,2,21,AMD Radeon RX 9070 XT,64,0,0,0
muse.qkv     g32,6656,2304,32,bfloat16,1024,128x32,802.101,2,21,AMD Radeon RX 9070 XT,64,0,0,0
muse.qkv     g32,6656,2304,32,bfloat16,1024,112x128,818.794,2,21,AMD Radeon RX 9070 XT,64,0,0,0
muse.qkv     g32,6656,2304,32,bfloat16,1024,64x128x2,884.315,2,21,AMD Radeon RX 9070 XT,64,0,0,0
muse.qkv     g32,6656,2304,32,bfloat16,1024,32x64x4,956.477,2,21,AMD Radeon RX 9070 XT,64,0,0,0
muse.qkv     g32,6656,2304,32,bfloat16,1024,80x128,991.232,2,21,AMD Radeon RX 9070 XT,64,0,0,0
muse.qkv     g32,6656,2304,32,bfloat16,1024,64x32,1009.891,2,21,AMD Radeon RX 9070 XT,64,0,0,0
muse.qkv     g32,6656,2304,32,bfloat16,1024,prefill_wmma_ashuffle,1047.172,2,21,AMD Radeon RX 9070 XT,64,0,0,0
muse.qkv     g32,6656,2304,32,bfloat16,1024,64x64,1113.677,2,21,AMD Radeon RX 9070 XT,64,0,0,0
muse.qkv     g32,6656,2304,32,bfloat16,1024,96x128,1428.656,2,21,AMD Radeon RX 9070 XT,64,0,0,0
muse.qkv     g32,6656,2304,32,bfloat16,1024,32x128x4,1461.625,2,21,AMD Radeon RX 9070 XT,64,0,0,0
muse.qkv     g32,6656,2304,32,bfloat16,1024,128x256,1492.060,2,21,AMD Radeon RX 9070 XT,64,0,0,0
muse.qkv     g32,6656,2304,32,bfloat16,1024,32x64x2,1588.647,2,21,AMD Radeon RX 9070 XT,64,0,0,0
muse.qkv     g32,6656,2304,32,bfloat16,1024,prefill_wmma:smallm_off,1926.763,2,21,AMD Radeon RX 9070 XT,64,0,0,0
muse.qkv     g32,6656,2304,32,bfloat16,1024,prefill_wmma,1933.314,2,21,AMD Radeon RX 9070 XT,64,0,0,0
muse.qkv     g32,6656,2304,32,bfloat16,1024,64x128,1952.262,2,21,AMD Radeon RX 9070 XT,64,0,0,0
muse.qkv     g32,6656,2304,32,bfloat16,1024,32x32,2111.432,2,21,AMD Radeon RX 9070 XT,64,0,0,0
muse.qkv     g32,6656,2304,32,bfloat16,1024,32x64,2827.613,2,21,AMD Radeon RX 9070 XT,64,0,0,0
muse.qkv     g32,6656,2304,32,bfloat16,1024,16x64,7019.310,2,21,AMD Radeon RX 9070 XT,64,0,0,0
muse.qkv     g32,6656,2304,32,bfloat16,1024,32x128,8859.401,2,21,AMD Radeon RX 9070 XT,64,0,0,0
muse.qkv     g32,6656,2304,32,bfloat16,1024,16x128,14647.568,2,21,AMD Radeon RX 9070 XT,64,0,0,0
muse.qkv     g32,6656,2304,32,bfloat16,2048,128x128x4,888.486,2,21,AMD Radeon RX 9070 XT,64,0,0,0
muse.qkv     g32,6656,2304,32,bfloat16,2048,auto,910.321,2,21,AMD Radeon RX 9070 XT,64,0,0,0
muse.qkv     g32,6656,2304,32,bfloat16,2048,128x64x2,971.908,2,21,AMD Radeon RX 9070 XT,64,0,0,0
muse.qkv     g32,6656,2304,32,bfloat16,2048,256x128,973.057,2,21,AMD Radeon RX 9070 XT,64,0,0,0
muse.qkv     g32,6656,2304,32,bfloat16,2048,256x128x2,981.865,2,21,AMD Radeon RX 9070 XT,64,0,0,0
muse.qkv     g32,6656,2304,32,bfloat16,2048,64x128x4,1164.770,2,21,AMD Radeon RX 9070 XT,64,0,0,0
muse.qkv     g32,6656,2304,32,bfloat16,2048,128x128x2,1227.723,2,21,AMD Radeon RX 9070 XT,64,0,0,0
muse.qkv     g32,6656,2304,32,bfloat16,2048,256x64,1333.307,2,21,AMD Radeon RX 9070 XT,64,0,0,0
muse.qkv     g32,6656,2304,32,bfloat16,2048,128x128,1389.217,2,21,AMD Radeon RX 9070 XT,64,0,0,0
muse.qkv     g32,6656,2304,32,bfloat16,2048,96x128x2,1424.047,2,21,AMD Radeon RX 9070 XT,64,0,0,0
muse.qkv     g32,6656,2304,32,bfloat16,2048,256x32,1437.550,2,21,AMD Radeon RX 9070 XT,64,0,0,0
muse.qkv     g32,6656,2304,32,bfloat16,2048,192x128x2,1476.157,2,21,AMD Radeon RX 9070 XT,64,0,0,0
muse.qkv     g32,6656,2304,32,bfloat16,2048,128x64,1484.274,2,21,AMD Radeon RX 9070 XT,64,0,0,0
muse.qkv     g32,6656,2304,32,bfloat16,2048,192x128,1502.195,2,21,AMD Radeon RX 9070 XT,64,0,0,0
muse.qkv     g32,6656,2304,32,bfloat16,2048,64x64x2,1569.477,2,21,AMD Radeon RX 9070 XT,64,0,0,0
muse.qkv     g32,6656,2304,32,bfloat16,2048,prefill_wmma_ashuffle,1632.751,2,21,AMD Radeon RX 9070 XT,64,0,0,0
muse.qkv     g32,6656,2304,32,bfloat16,2048,64x128x2,1706.937,2,21,AMD Radeon RX 9070 XT,64,0,0,0
muse.qkv     g32,6656,2304,32,bfloat16,2048,128x32,1763.873,2,21,AMD Radeon RX 9070 XT,64,0,0,0
muse.qkv     g32,6656,2304,32,bfloat16,2048,112x128,1774.101,2,21,AMD Radeon RX 9070 XT,64,0,0,0
muse.qkv     g32,6656,2304,32,bfloat16,2048,32x64x4,1989.304,2,21,AMD Radeon RX 9070 XT,64,0,0,0
muse.qkv     g32,6656,2304,32,bfloat16,2048,80x128,2055.726,2,21,AMD Radeon RX 9070 XT,64,0,0,0
muse.qkv     g32,6656,2304,32,bfloat16,2048,128x256,2138.927,2,21,AMD Radeon RX 9070 XT,64,0,0,0
muse.qkv     g32,6656,2304,32,bfloat16,2048,96x128,2172.627,2,21,AMD Radeon RX 9070 XT,64,0,0,0
muse.qkv     g32,6656,2304,32,bfloat16,2048,64x32,2196.144,2,21,AMD Radeon RX 9070 XT,64,0,0,0
muse.qkv     g32,6656,2304,32,bfloat16,2048,64x64,2304.340,2,21,AMD Radeon RX 9070 XT,64,0,0,0
muse.qkv     g32,6656,2304,32,bfloat16,2048,32x128x4,2566.581,2,21,AMD Radeon RX 9070 XT,64,0,0,0
muse.qkv     g32,6656,2304,32,bfloat16,2048,32x64x2,2711.086,2,21,AMD Radeon RX 9070 XT,64,0,0,0
muse.qkv     g32,6656,2304,32,bfloat16,2048,64x128,3110.757,2,21,AMD Radeon RX 9070 XT,64,0,0,0
muse.qkv     g32,6656,2304,32,bfloat16,2048,prefill_wmma,3235.748,2,21,AMD Radeon RX 9070 XT,64,0,0,0
muse.qkv     g32,6656,2304,32,bfloat16,2048,prefill_wmma:smallm_off,3245.291,2,21,AMD Radeon RX 9070 XT,64,0,0,0
muse.qkv     g32,6656,2304,32,bfloat16,2048,32x32,3985.628,2,21,AMD Radeon RX 9070 XT,64,0,0,0
muse.qkv     g32,6656,2304,32,bfloat16,2048,32x64,4999.752,2,21,AMD Radeon RX 9070 XT,64,0,0,0
muse.qkv     g32,6656,2304,32,bfloat16,2048,16x64,13058.832,2,21,AMD Radeon RX 9070 XT,64,0,0,0
muse.qkv     g32,6656,2304,32,bfloat16,2048,32x128,13484.741,2,21,AMD Radeon RX 9070 XT,64,0,0,0
muse.qkv     g32,6656,2304,32,bfloat16,2048,16x128,34702.875,2,21,AMD Radeon RX 9070 XT,64,0,0,0
muse.o_proj  g32,2048,6656,32,bfloat16,1,32x64x4,54.169,15,23,AMD Radeon RX 9070 XT,64,0,0,0
muse.o_proj  g32,2048,6656,32,bfloat16,1,64x128x4,56.582,15,23,AMD Radeon RX 9070 XT,64,0,0,0
muse.o_proj  g32,2048,6656,32,bfloat16,1,64x64x2,58.235,14,23,AMD Radeon RX 9070 XT,64,0,0,0
muse.o_proj  g32,2048,6656,32,bfloat16,1,64x32,60.399,14,23,AMD Radeon RX 9070 XT,64,0,0,0
muse.o_proj  g32,2048,6656,32,bfloat16,1,auto,60.750,13,23,AMD Radeon RX 9070 XT,64,0,0,0
muse.o_proj  g32,2048,6656,32,bfloat16,1,128x128x4,61.226,14,23,AMD Radeon RX 9070 XT,64,0,0,0
muse.o_proj  g32,2048,6656,32,bfloat16,1,128x64x2,64.259,13,23,AMD Radeon RX 9070 XT,64,0,0,0
muse.o_proj  g32,2048,6656,32,bfloat16,1,128x128x2,67.855,12,23,AMD Radeon RX 9070 XT,64,0,0,0
muse.o_proj  g32,2048,6656,32,bfloat16,1,128x64,71.953,11,23,AMD Radeon RX 9070 XT,64,0,0,0
muse.o_proj  g32,2048,6656,32,bfloat16,1,96x128x2,74.771,11,23,AMD Radeon RX 9070 XT,64,0,0,0
muse.o_proj  g32,2048,6656,32,bfloat16,1,128x32,75.122,11,23,AMD Radeon RX 9070 XT,64,0,0,0
muse.o_proj  g32,2048,6656,32,bfloat16,1,32x128x4,76.781,11,23,AMD Radeon RX 9070 XT,64,0,0,0
muse.o_proj  g32,2048,6656,32,bfloat16,1,32x64x2,78.192,10,23,AMD Radeon RX 9070 XT,64,0,0,0
muse.o_proj  g32,2048,6656,32,bfloat16,1,64x128x2,81.793,10,23,AMD Radeon RX 9070 XT,64,0,0,0
muse.o_proj  g32,2048,6656,32,bfloat16,1,64x64,85.761,10,23,AMD Radeon RX 9070 XT,64,0,0,0
muse.o_proj  g32,2048,6656,32,bfloat16,1,32x32,87.214,9,23,AMD Radeon RX 9070 XT,64,0,0,0
muse.o_proj  g32,2048,6656,32,bfloat16,1,192x128,93.065,9,23,AMD Radeon RX 9070 XT,64,0,0,0
muse.o_proj  g32,2048,6656,32,bfloat16,1,256x128,94.179,9,23,AMD Radeon RX 9070 XT,64,0,0,0
muse.o_proj  g32,2048,6656,32,bfloat16,1,256x32,94.805,8,23,AMD Radeon RX 9070 XT,64,0,0,0
muse.o_proj  g32,2048,6656,32,bfloat16,1,128x128,94.828,9,23,AMD Radeon RX 9070 XT,64,0,0,0
muse.o_proj  g32,2048,6656,32,bfloat16,1,prefill_wmma,95.926,9,23,AMD Radeon RX 9070 XT,64,0,0,0
muse.o_proj  g32,2048,6656,32,bfloat16,1,prefill_wmma_ashuffle,96.780,8,23,AMD Radeon RX 9070 XT,64,0,0,0
muse.o_proj  g32,2048,6656,32,bfloat16,1,256x128x2,98.220,8,23,AMD Radeon RX 9070 XT,64,0,0,0
muse.o_proj  g32,2048,6656,32,bfloat16,1,256x64,100.537,8,23,AMD Radeon RX 9070 XT,64,0,0,0
muse.o_proj  g32,2048,6656,32,bfloat16,1,192x128x2,100.882,8,23,AMD Radeon RX 9070 XT,64,0,0,0
muse.o_proj  g32,2048,6656,32,bfloat16,1,112x128,106.344,8,23,AMD Radeon RX 9070 XT,64,0,0,0
muse.o_proj  g32,2048,6656,32,bfloat16,1,96x128,110.371,7,23,AMD Radeon RX 9070 XT,64,0,0,0
muse.o_proj  g32,2048,6656,32,bfloat16,1,80x128,121.183,7,23,AMD Radeon RX 9070 XT,64,0,0,0
muse.o_proj  g32,2048,6656,32,bfloat16,1,32x64,139.228,6,23,AMD Radeon RX 9070 XT,64,0,0,0
muse.o_proj  g32,2048,6656,32,bfloat16,1,64x128,139.576,6,23,AMD Radeon RX 9070 XT,64,0,0,0
muse.o_proj  g32,2048,6656,32,bfloat16,1,128x256,152.705,5,23,AMD Radeon RX 9070 XT,64,0,0,0
muse.o_proj  g32,2048,6656,32,bfloat16,1,prefill_wmma:smallm_off,221.969,3,23,AMD Radeon RX 9070 XT,64,0,0,0
muse.o_proj  g32,2048,6656,32,bfloat16,1,16x64,247.426,3,23,AMD Radeon RX 9070 XT,64,0,0,0
muse.o_proj  g32,2048,6656,32,bfloat16,1,32x128,254.717,3,23,AMD Radeon RX 9070 XT,64,0,0,0
muse.o_proj  g32,2048,6656,32,bfloat16,1,16x128,743.639,2,23,AMD Radeon RX 9070 XT,64,0,0,0
muse.o_proj  g32,2048,6656,32,bfloat16,8,32x64x4,54.817,15,23,AMD Radeon RX 9070 XT,64,0,0,0
muse.o_proj  g32,2048,6656,32,bfloat16,8,64x128x4,57.151,14,23,AMD Radeon RX 9070 XT,64,0,0,0
muse.o_proj  g32,2048,6656,32,bfloat16,8,64x64x2,59.177,14,23,AMD Radeon RX 9070 XT,64,0,0,0
muse.o_proj  g32,2048,6656,32,bfloat16,8,128x128x4,61.800,13,23,AMD Radeon RX 9070 XT,64,0,0,0
muse.o_proj  g32,2048,6656,32,bfloat16,8,64x32,62.064,13,23,AMD Radeon RX 9070 XT,64,0,0,0
muse.o_proj  g32,2048,6656,32,bfloat16,8,auto,62.189,12,23,AMD Radeon RX 9070 XT,64,0,0,0
muse.o_proj  g32,2048,6656,32,bfloat16,8,128x64x2,65.391,13,23,AMD Radeon RX 9070 XT,64,0,0,0
muse.o_proj  g32,2048,6656,32,bfloat16,8,128x128x2,68.972,12,23,AMD Radeon RX 9070 XT,64,0,0,0
muse.o_proj  g32,2048,6656,32,bfloat16,8,128x64,73.570,11,23,AMD Radeon RX 9070 XT,64,0,0,0
muse.o_proj  g32,2048,6656,32,bfloat16,8,96x128x2,76.336,11,23,AMD Radeon RX 9070 XT,64,0,0,0
muse.o_proj  g32,2048,6656,32,bfloat16,8,128x32,76.360,11,23,AMD Radeon RX 9070 XT,64,0,0,0
muse.o_proj  g32,2048,6656,32,bfloat16,8,32x128x4,77.849,11,23,AMD Radeon RX 9070 XT,64,0,0,0
muse.o_proj  g32,2048,6656,32,bfloat16,8,32x64x2,79.716,10,23,AMD Radeon RX 9070 XT,64,0,0,0
muse.o_proj  g32,2048,6656,32,bfloat16,8,64x128x2,83.450,10,23,AMD Radeon RX 9070 XT,64,0,0,0
muse.o_proj  g32,2048,6656,32,bfloat16,8,64x64,87.684,9,23,AMD Radeon RX 9070 XT,64,0,0,0
muse.o_proj  g32,2048,6656,32,bfloat16,8,32x32,90.335,9,23,AMD Radeon RX 9070 XT,64,0,0,0
muse.o_proj  g32,2048,6656,32,bfloat16,8,prefill_wmma,94.403,9,23,AMD Radeon RX 9070 XT,64,0,0,0
muse.o_proj  g32,2048,6656,32,bfloat16,8,192x128,95.867,8,23,AMD Radeon RX 9070 XT,64,0,0,0
muse.o_proj  g32,2048,6656,32,bfloat16,8,256x128,96.588,8,23,AMD Radeon RX 9070 XT,64,0,0,0
muse.o_proj  g32,2048,6656,32,bfloat16,8,prefill_wmma_ashuffle,96.817,8,23,AMD Radeon RX 9070 XT,64,0,0,0
muse.o_proj  g32,2048,6656,32,bfloat16,8,128x128,97.491,8,23,AMD Radeon RX 9070 XT,64,0,0,0
muse.o_proj  g32,2048,6656,32,bfloat16,8,256x32,98.652,8,23,AMD Radeon RX 9070 XT,64,0,0,0
muse.o_proj  g32,2048,6656,32,bfloat16,8,256x128x2,99.956,8,23,AMD Radeon RX 9070 XT,64,0,0,0
muse.o_proj  g32,2048,6656,32,bfloat16,8,192x128x2,102.426,8,23,AMD Radeon RX 9070 XT,64,0,0,0
muse.o_proj  g32,2048,6656,32,bfloat16,8,256x64,105.045,8,23,AMD Radeon RX 9070 XT,64,0,0,0
muse.o_proj  g32,2048,6656,32,bfloat16,8,112x128,108.188,7,23,AMD Radeon RX 9070 XT,64,0,0,0
muse.o_proj  g32,2048,6656,32,bfloat16,8,96x128,112.592,7,23,AMD Radeon RX 9070 XT,64,0,0,0
muse.o_proj  g32,2048,6656,32,bfloat16,8,80x128,123.487,6,23,AMD Radeon RX 9070 XT,64,0,0,0
muse.o_proj  g32,2048,6656,32,bfloat16,8,64x128,141.203,6,23,AMD Radeon RX 9070 XT,64,0,0,0
muse.o_proj  g32,2048,6656,32,bfloat16,8,32x64,142.306,6,23,AMD Radeon RX 9070 XT,64,0,0,0
muse.o_proj  g32,2048,6656,32,bfloat16,8,128x256,156.536,5,23,AMD Radeon RX 9070 XT,64,0,0,0
muse.o_proj  g32,2048,6656,32,bfloat16,8,prefill_wmma:smallm_off,218.236,4,23,AMD Radeon RX 9070 XT,64,0,0,0
muse.o_proj  g32,2048,6656,32,bfloat16,8,16x64,253.661,3,23,AMD Radeon RX 9070 XT,64,0,0,0
muse.o_proj  g32,2048,6656,32,bfloat16,8,32x128,304.872,2,23,AMD Radeon RX 9070 XT,64,0,0,0
muse.o_proj  g32,2048,6656,32,bfloat16,8,16x128,743.828,2,23,AMD Radeon RX 9070 XT,64,0,0,0
muse.o_proj  g32,2048,6656,32,bfloat16,17,32x64x4,56.184,15,23,AMD Radeon RX 9070 XT,64,0,0,0
muse.o_proj  g32,2048,6656,32,bfloat16,17,64x128x4,58.383,14,23,AMD Radeon RX 9070 XT,64,0,0,0
muse.o_proj  g32,2048,6656,32,bfloat16,17,64x64x2,60.395,13,23,AMD Radeon RX 9070 XT,64,0,0,0
muse.o_proj  g32,2048,6656,32,bfloat16,17,128x128x4,62.732,13,23,AMD Radeon RX 9070 XT,64,0,0,0
muse.o_proj  g32,2048,6656,32,bfloat16,17,128x64x2,65.522,12,23,AMD Radeon RX 9070 XT,64,0,0,0
muse.o_proj  g32,2048,6656,32,bfloat16,17,64x32,66.172,12,23,AMD Radeon RX 9070 XT,64,0,0,0
muse.o_proj  g32,2048,6656,32,bfloat16,17,auto,66.252,12,23,AMD Radeon RX 9070 XT,64,0,0,0
muse.o_proj  g32,2048,6656,32,bfloat16,17,128x128x2,69.820,12,23,AMD Radeon RX 9070 XT,64,0,0,0
muse.o_proj  g32,2048,6656,32,bfloat16,17,128x64,74.339,11,23,AMD Radeon RX 9070 XT,64,0,0,0
muse.o_proj  g32,2048,6656,32,bfloat16,17,96x128x2,77.817,11,23,AMD Radeon RX 9070 XT,64,0,0,0
muse.o_proj  g32,2048,6656,32,bfloat16,17,32x128x4,79.412,10,23,AMD Radeon RX 9070 XT,64,0,0,0
muse.o_proj  g32,2048,6656,32,bfloat16,17,128x32,80.874,10,23,AMD Radeon RX 9070 XT,64,0,0,0
muse.o_proj  g32,2048,6656,32,bfloat16,17,32x64x2,82.418,9,23,AMD Radeon RX 9070 XT,64,0,0,0
muse.o_proj  g32,2048,6656,32,bfloat16,17,64x128x2,84.914,10,23,AMD Radeon RX 9070 XT,64,0,0,0
muse.o_proj  g32,2048,6656,32,bfloat16,17,64x64,90.537,9,23,AMD Radeon RX 9070 XT,64,0,0,0
muse.o_proj  g32,2048,6656,32,bfloat16,17,192x128,97.203,8,23,AMD Radeon RX 9070 XT,64,0,0,0
muse.o_proj  g32,2048,6656,32,bfloat16,17,256x128,97.519,8,23,AMD Radeon RX 9070 XT,64,0,0,0
muse.o_proj  g32,2048,6656,32,bfloat16,17,32x32,97.672,8,23,AMD Radeon RX 9070 XT,64,0,0,0
muse.o_proj  g32,2048,6656,32,bfloat16,17,128x128,98.767,8,23,AMD Radeon RX 9070 XT,64,0,0,0
muse.o_proj  g32,2048,6656,32,bfloat16,17,256x32,101.097,8,23,AMD Radeon RX 9070 XT,64,0,0,0
muse.o_proj  g32,2048,6656,32,bfloat16,17,256x128x2,101.325,8,23,AMD Radeon RX 9070 XT,64,0,0,0
muse.o_proj  g32,2048,6656,32,bfloat16,17,prefill_wmma_ashuffle,102.426,8,23,AMD Radeon RX 9070 XT,64,0,0,0
muse.o_proj  g32,2048,6656,32,bfloat16,17,192x128x2,104.346,8,23,AMD Radeon RX 9070 XT,64,0,0,0
muse.o_proj  g32,2048,6656,32,bfloat16,17,256x64,105.359,8,23,AMD Radeon RX 9070 XT,64,0,0,0
muse.o_proj  g32,2048,6656,32,bfloat16,17,prefill_wmma,107.905,8,23,AMD Radeon RX 9070 XT,64,0,0,0
muse.o_proj  g32,2048,6656,32,bfloat16,17,112x128,109.607,7,23,AMD Radeon RX 9070 XT,64,0,0,0
muse.o_proj  g32,2048,6656,32,bfloat16,17,96x128,114.381,7,23,AMD Radeon RX 9070 XT,64,0,0,0
muse.o_proj  g32,2048,6656,32,bfloat16,17,80x128,125.622,6,23,AMD Radeon RX 9070 XT,64,0,0,0
muse.o_proj  g32,2048,6656,32,bfloat16,17,64x128,143.897,5,23,AMD Radeon RX 9070 XT,64,0,0,0
muse.o_proj  g32,2048,6656,32,bfloat16,17,32x64,147.683,5,23,AMD Radeon RX 9070 XT,64,0,0,0
muse.o_proj  g32,2048,6656,32,bfloat16,17,128x256,157.761,5,23,AMD Radeon RX 9070 XT,64,0,0,0
muse.o_proj  g32,2048,6656,32,bfloat16,17,prefill_wmma:smallm_off,232.221,3,23,AMD Radeon RX 9070 XT,64,0,0,0
muse.o_proj  g32,2048,6656,32,bfloat16,17,16x64,243.931,3,23,AMD Radeon RX 9070 XT,64,0,0,0
muse.o_proj  g32,2048,6656,32,bfloat16,17,32x128,396.581,2,23,AMD Radeon RX 9070 XT,64,0,0,0
muse.o_proj  g32,2048,6656,32,bfloat16,17,16x128,667.248,2,23,AMD Radeon RX 9070 XT,64,0,0,0
muse.o_proj  g32,2048,6656,32,bfloat16,24,32x64x4,57.678,14,23,AMD Radeon RX 9070 XT,64,0,0,0
muse.o_proj  g32,2048,6656,32,bfloat16,24,64x128x4,58.872,14,23,AMD Radeon RX 9070 XT,64,0,0,0
muse.o_proj  g32,2048,6656,32,bfloat16,24,64x64x2,61.630,13,23,AMD Radeon RX 9070 XT,64,0,0,0
muse.o_proj  g32,2048,6656,32,bfloat16,24,128x128x4,62.712,13,23,AMD Radeon RX 9070 XT,64,0,0,0
muse.o_proj  g32,2048,6656,32,bfloat16,24,128x64x2,66.160,12,23,AMD Radeon RX 9070 XT,64,0,0,0
muse.o_proj  g32,2048,6656,32,bfloat16,24,64x32,68.408,12,23,AMD Radeon RX 9070 XT,64,0,0,0
muse.o_proj  g32,2048,6656,32,bfloat16,24,auto,68.434,12,23,AMD Radeon RX 9070 XT,64,0,0,0
muse.o_proj  g32,2048,6656,32,bfloat16,24,128x128x2,70.337,12,23,AMD Radeon RX 9070 XT,64,0,0,0
muse.o_proj  g32,2048,6656,32,bfloat16,24,128x64,75.382,11,23,AMD Radeon RX 9070 XT,64,0,0,0
muse.o_proj  g32,2048,6656,32,bfloat16,24,96x128x2,77.767,10,23,AMD Radeon RX 9070 XT,64,0,0,0
muse.o_proj  g32,2048,6656,32,bfloat16,24,128x32,80.907,10,23,AMD Radeon RX 9070 XT,64,0,0,0
muse.o_proj  g32,2048,6656,32,bfloat16,24,32x128x4,80.919,10,23,AMD Radeon RX 9070 XT,64,0,0,0
muse.o_proj  g32,2048,6656,32,bfloat16,24,64x128x2,86.443,9,23,AMD Radeon RX 9070 XT,64,0,0,0
muse.o_proj  g32,2048,6656,32,bfloat16,24,32x64x2,90.663,9,23,AMD Radeon RX 9070 XT,64,0,0,0
muse.o_proj  g32,2048,6656,32,bfloat16,24,64x64,92.828,9,23,AMD Radeon RX 9070 XT,64,0,0,0
muse.o_proj  g32,2048,6656,32,bfloat16,24,256x128,95.435,9,23,AMD Radeon RX 9070 XT,64,0,0,0
muse.o_proj  g32,2048,6656,32,bfloat16,24,192x128,97.170,8,23,AMD Radeon RX 9070 XT,64,0,0,0
muse.o_proj  g32,2048,6656,32,bfloat16,24,256x128x2,98.092,8,23,AMD Radeon RX 9070 XT,64,0,0,0
muse.o_proj  g32,2048,6656,32,bfloat16,24,256x32,99.887,8,23,AMD Radeon RX 9070 XT,64,0,0,0
muse.o_proj  g32,2048,6656,32,bfloat16,24,128x128,100.184,8,23,AMD Radeon RX 9070 XT,64,0,0,0
muse.o_proj  g32,2048,6656,32,bfloat16,24,prefill_wmma_ashuffle,102.615,8,23,AMD Radeon RX 9070 XT,64,0,0,0
muse.o_proj  g32,2048,6656,32,bfloat16,24,32x32,103.289,8,23,AMD Radeon RX 9070 XT,64,0,0,0
muse.o_proj  g32,2048,6656,32,bfloat16,24,192x128x2,104.684,8,23,AMD Radeon RX 9070 XT,64,0,0,0
muse.o_proj  g32,2048,6656,32,bfloat16,24,256x64,105.337,8,23,AMD Radeon RX 9070 XT,64,0,0,0
muse.o_proj  g32,2048,6656,32,bfloat16,24,prefill_wmma,108.521,7,23,AMD Radeon RX 9070 XT,64,0,0,0
muse.o_proj  g32,2048,6656,32,bfloat16,24,112x128,110.857,7,23,AMD Radeon RX 9070 XT,64,0,0,0
muse.o_proj  g32,2048,6656,32,bfloat16,24,96x128,115.700,7,23,AMD Radeon RX 9070 XT,64,0,0,0
muse.o_proj  g32,2048,6656,32,bfloat16,24,80x128,127.359,6,23,AMD Radeon RX 9070 XT,64,0,0,0
muse.o_proj  g32,2048,6656,32,bfloat16,24,64x128,147.151,5,23,AMD Radeon RX 9070 XT,64,0,0,0
muse.o_proj  g32,2048,6656,32,bfloat16,24,32x64,153.762,5,23,AMD Radeon RX 9070 XT,64,0,0,0
muse.o_proj  g32,2048,6656,32,bfloat16,24,128x256,159.298,5,23,AMD Radeon RX 9070 XT,64,0,0,0
muse.o_proj  g32,2048,6656,32,bfloat16,24,prefill_wmma:smallm_off,232.913,3,23,AMD Radeon RX 9070 XT,64,0,0,0
muse.o_proj  g32,2048,6656,32,bfloat16,24,16x64,260.207,3,23,AMD Radeon RX 9070 XT,64,0,0,0
muse.o_proj  g32,2048,6656,32,bfloat16,24,32x128,418.722,2,23,AMD Radeon RX 9070 XT,64,0,0,0
muse.o_proj  g32,2048,6656,32,bfloat16,24,16x128,682.471,2,23,AMD Radeon RX 9070 XT,64,0,0,0
muse.o_proj  g32,2048,6656,32,bfloat16,32,32x64x4,58.952,14,23,AMD Radeon RX 9070 XT,64,0,0,0
muse.o_proj  g32,2048,6656,32,bfloat16,32,64x128x4,59.777,14,23,AMD Radeon RX 9070 XT,64,0,0,0
muse.o_proj  g32,2048,6656,32,bfloat16,32,64x64x2,63.105,13,23,AMD Radeon RX 9070 XT,64,0,0,0
muse.o_proj  g32,2048,6656,32,bfloat16,32,128x128x4,63.667,13,23,AMD Radeon RX 9070 XT,64,0,0,0
muse.o_proj  g32,2048,6656,32,bfloat16,32,128x64x2,66.366,12,23,AMD Radeon RX 9070 XT,64,0,0,0
muse.o_proj  g32,2048,6656,32,bfloat16,32,128x128x2,71.092,12,23,AMD Radeon RX 9070 XT,64,0,0,0
muse.o_proj  g32,2048,6656,32,bfloat16,32,64x32,72.336,11,23,AMD Radeon RX 9070 XT,64,0,0,0
muse.o_proj  g32,2048,6656,32,bfloat16,32,auto,72.436,11,23,AMD Radeon RX 9070 XT,64,0,0,0
muse.o_proj  g32,2048,6656,32,bfloat16,32,128x64,76.422,11,23,AMD Radeon RX 9070 XT,64,0,0,0
muse.o_proj  g32,2048,6656,32,bfloat16,32,96x128x2,79.350,10,23,AMD Radeon RX 9070 XT,64,0,0,0
muse.o_proj  g32,2048,6656,32,bfloat16,32,32x128x4,82.201,10,23,AMD Radeon RX 9070 XT,64,0,0,0
muse.o_proj  g32,2048,6656,32,bfloat16,32,128x32,83.860,10,23,AMD Radeon RX 9070 XT,64,0,0,0
muse.o_proj  g32,2048,6656,32,bfloat16,32,64x128x2,88.057,9,23,AMD Radeon RX 9070 XT,64,0,0,0
muse.o_proj  g32,2048,6656,32,bfloat16,32,32x64x2,94.189,9,23,AMD Radeon RX 9070 XT,64,0,0,0
muse.o_proj  g32,2048,6656,32,bfloat16,32,64x64,95.769,8,23,AMD Radeon RX 9070 XT,64,0,0,0
muse.o_proj  g32,2048,6656,32,bfloat16,32,192x128,98.550,8,23,AMD Radeon RX 9070 XT,64,0,0,0
muse.o_proj  g32,2048,6656,32,bfloat16,32,256x128,99.285,8,23,AMD Radeon RX 9070 XT,64,0,0,0
muse.o_proj  g32,2048,6656,32,bfloat16,32,128x128,101.376,8,23,AMD Radeon RX 9070 XT,64,0,0,0
muse.o_proj  g32,2048,6656,32,bfloat16,32,256x32,101.820,8,23,AMD Radeon RX 9070 XT,64,0,0,0
muse.o_proj  g32,2048,6656,32,bfloat16,32,256x128x2,102.609,8,23,AMD Radeon RX 9070 XT,64,0,0,0
muse.o_proj  g32,2048,6656,32,bfloat16,32,prefill_wmma_ashuffle,103.002,8,23,AMD Radeon RX 9070 XT,64,0,0,0
muse.o_proj  g32,2048,6656,32,bfloat16,32,192x128x2,106.938,8,23,AMD Radeon RX 9070 XT,64,0,0,0
muse.o_proj  g32,2048,6656,32,bfloat16,32,256x64,107.502,7,23,AMD Radeon RX 9070 XT,64,0,0,0
muse.o_proj  g32,2048,6656,32,bfloat16,32,32x32,109.993,7,23,AMD Radeon RX 9070 XT,64,0,0,0
muse.o_proj  g32,2048,6656,32,bfloat16,32,112x128,112.042,7,23,AMD Radeon RX 9070 XT,64,0,0,0
muse.o_proj  g32,2048,6656,32,bfloat16,32,prefill_wmma,114.604,7,23,AMD Radeon RX 9070 XT,64,0,0,0
muse.o_proj  g32,2048,6656,32,bfloat16,32,96x128,117.969,7,23,AMD Radeon RX 9070 XT,64,0,0,0
muse.o_proj  g32,2048,6656,32,bfloat16,32,80x128,129.388,6,23,AMD Radeon RX 9070 XT,64,0,0,0
muse.o_proj  g32,2048,6656,32,bfloat16,32,64x128,149.693,5,23,AMD Radeon RX 9070 XT,64,0,0,0
muse.o_proj  g32,2048,6656,32,bfloat16,32,32x64,159.940,5,23,AMD Radeon RX 9070 XT,64,0,0,0
muse.o_proj  g32,2048,6656,32,bfloat16,32,128x256,160.723,5,23,AMD Radeon RX 9070 XT,64,0,0,0
muse.o_proj  g32,2048,6656,32,bfloat16,32,prefill_wmma:smallm_off,234.092,3,23,AMD Radeon RX 9070 XT,64,0,0,0
muse.o_proj  g32,2048,6656,32,bfloat16,32,16x64,378.563,2,23,AMD Radeon RX 9070 XT,64,0,0,0
muse.o_proj  g32,2048,6656,32,bfloat16,32,32x128,416.941,2,23,AMD Radeon RX 9070 XT,64,0,0,0
muse.o_proj  g32,2048,6656,32,bfloat16,32,16x128,693.189,2,23,AMD Radeon RX 9070 XT,64,0,0,0
muse.o_proj  g32,2048,6656,32,bfloat16,48,64x128x4,62.036,13,23,AMD Radeon RX 9070 XT,64,0,0,0
muse.o_proj  g32,2048,6656,32,bfloat16,48,128x128x4,64.150,13,23,AMD Radeon RX 9070 XT,64,0,0,0
muse.o_proj  g32,2048,6656,32,bfloat16,48,64x64x2,66.951,12,23,AMD Radeon RX 9070 XT,64,0,0,0
muse.o_proj  g32,2048,6656,32,bfloat16,48,128x64x2,67.639,12,23,AMD Radeon RX 9070 XT,64,0,0,0
muse.o_proj  g32,2048,6656,32,bfloat16,48,32x64x4,70.225,12,23,AMD Radeon RX 9070 XT,64,0,0,0
muse.o_proj  g32,2048,6656,32,bfloat16,48,128x128x2,72.990,11,23,AMD Radeon RX 9070 XT,64,0,0,0
muse.o_proj  g32,2048,6656,32,bfloat16,48,128x64,79.214,10,23,AMD Radeon RX 9070 XT,64,0,0,0
muse.o_proj  g32,2048,6656,32,bfloat16,48,auto,79.250,10,23,AMD Radeon RX 9070 XT,64,0,0,0
muse.o_proj  g32,2048,6656,32,bfloat16,48,64x32,80.310,10,23,AMD Radeon RX 9070 XT,64,0,0,0
muse.o_proj  g32,2048,6656,32,bfloat16,48,96x128x2,81.566,10,23,AMD Radeon RX 9070 XT,64,0,0,0
muse.o_proj  g32,2048,6656,32,bfloat16,48,32x128x4,86.926,9,23,AMD Radeon RX 9070 XT,64,0,0,0
muse.o_proj  g32,2048,6656,32,bfloat16,48,32x64x2,88.955,9,23,AMD Radeon RX 9070 XT,64,0,0,0
muse.o_proj  g32,2048,6656,32,bfloat16,48,128x32,90.805,9,23,AMD Radeon RX 9070 XT,64,0,0,0
muse.o_proj  g32,2048,6656,32,bfloat16,48,64x128x2,91.984,9,23,AMD Radeon RX 9070 XT,64,0,0,0
muse.o_proj  g32,2048,6656,32,bfloat16,48,192x128,100.426,8,23,AMD Radeon RX 9070 XT,64,0,0,0
muse.o_proj  g32,2048,6656,32,bfloat16,48,256x128,101.002,8,23,AMD Radeon RX 9070 XT,64,0,0,0
muse.o_proj  g32,2048,6656,32,bfloat16,48,256x32,103.281,8,23,AMD Radeon RX 9070 XT,64,0,0,0
muse.o_proj  g32,2048,6656,32,bfloat16,48,64x64,103.994,8,23,AMD Radeon RX 9070 XT,64,0,0,0
muse.o_proj  g32,2048,6656,32,bfloat16,48,128x128,105.075,8,23,AMD Radeon RX 9070 XT,64,0,0,0
muse.o_proj  g32,2048,6656,32,bfloat16,48,256x128x2,105.983,8,23,AMD Radeon RX 9070 XT,64,0,0,0
muse.o_proj  g32,2048,6656,32,bfloat16,48,192x128x2,108.383,7,23,AMD Radeon RX 9070 XT,64,0,0,0
muse.o_proj  g32,2048,6656,32,bfloat16,48,prefill_wmma_ashuffle,108.755,7,23,AMD Radeon RX 9070 XT,64,0,0,0
muse.o_proj  g32,2048,6656,32,bfloat16,48,256x64,111.035,7,23,AMD Radeon RX 9070 XT,64,0,0,0
muse.o_proj  g32,2048,6656,32,bfloat16,48,112x128,116.033,7,23,AMD Radeon RX 9070 XT,64,0,0,0
muse.o_proj  g32,2048,6656,32,bfloat16,48,96x128,123.421,6,23,AMD Radeon RX 9070 XT,64,0,0,0
muse.o_proj  g32,2048,6656,32,bfloat16,48,prefill_wmma,131.044,6,23,AMD Radeon RX 9070 XT,64,0,0,0
muse.o_proj  g32,2048,6656,32,bfloat16,48,80x128,136.246,6,23,AMD Radeon RX 9070 XT,64,0,0,0
muse.o_proj  g32,2048,6656,32,bfloat16,48,32x64,153.076,5,23,AMD Radeon RX 9070 XT,64,0,0,0
muse.o_proj  g32,2048,6656,32,bfloat16,48,64x128,157.913,5,23,AMD Radeon RX 9070 XT,64,0,0,0
muse.o_proj  g32,2048,6656,32,bfloat16,48,128x256,165.035,5,23,AMD Radeon RX 9070 XT,64,0,0,0
muse.o_proj  g32,2048,6656,32,bfloat16,48,32x32,175.448,4,23,AMD Radeon RX 9070 XT,64,0,0,0
muse.o_proj  g32,2048,6656,32,bfloat16,48,prefill_wmma:smallm_off,246.241,3,23,AMD Radeon RX 9070 XT,64,0,0,0
muse.o_proj  g32,2048,6656,32,bfloat16,48,32x128,310.431,2,23,AMD Radeon RX 9070 XT,64,0,0,0
muse.o_proj  g32,2048,6656,32,bfloat16,48,16x128,685.993,2,23,AMD Radeon RX 9070 XT,64,0,0,0
muse.o_proj  g32,2048,6656,32,bfloat16,48,16x64,843.572,2,23,AMD Radeon RX 9070 XT,64,0,0,0
muse.o_proj  g32,2048,6656,32,bfloat16,63,64x128x4,63.436,13,23,AMD Radeon RX 9070 XT,64,0,0,0
muse.o_proj  g32,2048,6656,32,bfloat16,63,128x128x4,64.532,13,23,AMD Radeon RX 9070 XT,64,0,0,0
muse.o_proj  g32,2048,6656,32,bfloat16,63,128x64x2,69.057,12,23,AMD Radeon RX 9070 XT,64,0,0,0
muse.o_proj  g32,2048,6656,32,bfloat16,63,64x64x2,70.452,11,23,AMD Radeon RX 9070 XT,64,0,0,0
muse.o_proj  g32,2048,6656,32,bfloat16,63,32x64x4,72.918,10,23,AMD Radeon RX 9070 XT,64,0,0,0
muse.o_proj  g32,2048,6656,32,bfloat16,63,128x128x2,74.374,11,23,AMD Radeon RX 9070 XT,64,0,0,0
muse.o_proj  g32,2048,6656,32,bfloat16,63,128x64,81.413,10,23,AMD Radeon RX 9070 XT,64,0,0,0
muse.o_proj  g32,2048,6656,32,bfloat16,63,96x128x2,83.850,10,23,AMD Radeon RX 9070 XT,64,0,0,0
muse.o_proj  g32,2048,6656,32,bfloat16,63,auto,85.874,9,23,AMD Radeon RX 9070 XT,64,0,0,0
muse.o_proj  g32,2048,6656,32,bfloat16,63,64x32,86.526,9,23,AMD Radeon RX 9070 XT,64,0,0,0
muse.o_proj  g32,2048,6656,32,bfloat16,63,32x128x4,88.883,9,23,AMD Radeon RX 9070 XT,64,0,0,0
muse.o_proj  g32,2048,6656,32,bfloat16,63,64x128x2,94.717,8,23,AMD Radeon RX 9070 XT,64,0,0,0
muse.o_proj  g32,2048,6656,32,bfloat16,63,128x32,96.733,8,23,AMD Radeon RX 9070 XT,64,0,0,0
muse.o_proj  g32,2048,6656,32,bfloat16,63,32x64x2,98.106,8,23,AMD Radeon RX 9070 XT,64,0,0,0
muse.o_proj  g32,2048,6656,32,bfloat16,63,256x128,99.848,8,23,AMD Radeon RX 9070 XT,64,0,0,0
muse.o_proj  g32,2048,6656,32,bfloat16,63,192x128,102.190,8,23,AMD Radeon RX 9070 XT,64,0,0,0
muse.o_proj  g32,2048,6656,32,bfloat16,63,256x128x2,104.148,8,23,AMD Radeon RX 9070 XT,64,0,0,0
muse.o_proj  g32,2048,6656,32,bfloat16,63,256x32,106.557,8,23,AMD Radeon RX 9070 XT,64,0,0,0
muse.o_proj  g32,2048,6656,32,bfloat16,63,128x128,107.216,8,23,AMD Radeon RX 9070 XT,64,0,0,0
muse.o_proj  g32,2048,6656,32,bfloat16,63,256x64,110.473,7,23,AMD Radeon RX 9070 XT,64,0,0,0
muse.o_proj  g32,2048,6656,32,bfloat16,63,64x64,110.482,7,23,AMD Radeon RX 9070 XT,64,0,0,0
muse.o_proj  g32,2048,6656,32,bfloat16,63,192x128x2,110.576,7,23,AMD Radeon RX 9070 XT,64,0,0,0
muse.o_proj  g32,2048,6656,32,bfloat16,63,prefill_wmma_ashuffle,114.585,7,23,AMD Radeon RX 9070 XT,64,0,0,0
muse.o_proj  g32,2048,6656,32,bfloat16,63,112x128,118.641,7,23,AMD Radeon RX 9070 XT,64,0,0,0
muse.o_proj  g32,2048,6656,32,bfloat16,63,96x128,127.456,6,23,AMD Radeon RX 9070 XT,64,0,0,0
muse.o_proj  g32,2048,6656,32,bfloat16,63,80x128,140.869,6,23,AMD Radeon RX 9070 XT,64,0,0,0
muse.o_proj  g32,2048,6656,32,bfloat16,63,prefill_wmma,146.074,5,23,AMD Radeon RX 9070 XT,64,0,0,0
muse.o_proj  g32,2048,6656,32,bfloat16,63,64x128,163.202,5,23,AMD Radeon RX 9070 XT,64,0,0,0
muse.o_proj  g32,2048,6656,32,bfloat16,63,32x64,163.302,5,23,AMD Radeon RX 9070 XT,64,0,0,0
muse.o_proj  g32,2048,6656,32,bfloat16,63,128x256,168.068,5,23,AMD Radeon RX 9070 XT,64,0,0,0
muse.o_proj  g32,2048,6656,32,bfloat16,63,32x32,202.361,4,23,AMD Radeon RX 9070 XT,64,0,0,0
muse.o_proj  g32,2048,6656,32,bfloat16,63,prefill_wmma:smallm_off,257.707,3,23,AMD Radeon RX 9070 XT,64,0,0,0
muse.o_proj  g32,2048,6656,32,bfloat16,63,32x128,407.770,2,23,AMD Radeon RX 9070 XT,64,0,0,0
muse.o_proj  g32,2048,6656,32,bfloat16,63,16x64,719.714,2,23,AMD Radeon RX 9070 XT,64,0,0,0
muse.o_proj  g32,2048,6656,32,bfloat16,63,16x128,1692.898,2,23,AMD Radeon RX 9070 XT,64,0,0,0
muse.o_proj  g32,2048,6656,32,bfloat16,64,64x128x4,63.498,13,23,AMD Radeon RX 9070 XT,64,0,0,0
muse.o_proj  g32,2048,6656,32,bfloat16,64,128x128x4,64.251,13,23,AMD Radeon RX 9070 XT,64,0,0,0
muse.o_proj  g32,2048,6656,32,bfloat16,64,128x64x2,69.064,12,23,AMD Radeon RX 9070 XT,64,0,0,0
muse.o_proj  g32,2048,6656,32,bfloat16,64,64x64x2,70.178,12,23,AMD Radeon RX 9070 XT,64,0,0,0
muse.o_proj  g32,2048,6656,32,bfloat16,64,32x64x4,73.222,11,23,AMD Radeon RX 9070 XT,64,0,0,0
muse.o_proj  g32,2048,6656,32,bfloat16,64,128x128x2,74.423,11,23,AMD Radeon RX 9070 XT,64,0,0,0
muse.o_proj  g32,2048,6656,32,bfloat16,64,128x64,81.337,10,23,AMD Radeon RX 9070 XT,64,0,0,0
muse.o_proj  g32,2048,6656,32,bfloat16,64,96x128x2,85.612,10,23,AMD Radeon RX 9070 XT,64,0,0,0
muse.o_proj  g32,2048,6656,32,bfloat16,64,auto,85.965,9,23,AMD Radeon RX 9070 XT,64,0,0,0
muse.o_proj  g32,2048,6656,32,bfloat16,64,64x32,86.264,9,23,AMD Radeon RX 9070 XT,64,0,0,0
muse.o_proj  g32,2048,6656,32,bfloat16,64,32x128x4,89.041,9,23,AMD Radeon RX 9070 XT,64,0,0,0
muse.o_proj  g32,2048,6656,32,bfloat16,64,64x128x2,95.131,8,23,AMD Radeon RX 9070 XT,64,0,0,0
muse.o_proj  g32,2048,6656,32,bfloat16,64,128x32,95.978,8,23,AMD Radeon RX 9070 XT,64,0,0,0
muse.o_proj  g32,2048,6656,32,bfloat16,64,32x64x2,98.212,8,23,AMD Radeon RX 9070 XT,64,0,0,0
muse.o_proj  g32,2048,6656,32,bfloat16,64,192x128,102.990,8,23,AMD Radeon RX 9070 XT,64,0,0,0
muse.o_proj  g32,2048,6656,32,bfloat16,64,256x128,103.428,8,23,AMD Radeon RX 9070 XT,64,0,0,0
muse.o_proj  g32,2048,6656,32,bfloat16,64,256x32,106.750,8,23,AMD Radeon RX 9070 XT,64,0,0,0
muse.o_proj  g32,2048,6656,32,bfloat16,64,256x128x2,107.024,8,23,AMD Radeon RX 9070 XT,64,0,0,0
muse.o_proj  g32,2048,6656,32,bfloat16,64,128x128,107.684,8,23,AMD Radeon RX 9070 XT,64,0,0,0
muse.o_proj  g32,2048,6656,32,bfloat16,64,256x64,110.529,7,23,AMD Radeon RX 9070 XT,64,0,0,0
muse.o_proj  g32,2048,6656,32,bfloat16,64,64x64,110.769,7,23,AMD Radeon RX 9070 XT,64,0,0,0
muse.o_proj  g32,2048,6656,32,bfloat16,64,192x128x2,111.139,7,23,AMD Radeon RX 9070 XT,64,0,0,0
muse.o_proj  g32,2048,6656,32,bfloat16,64,prefill_wmma_ashuffle,114.628,7,23,AMD Radeon RX 9070 XT,64,0,0,0
muse.o_proj  g32,2048,6656,32,bfloat16,64,112x128,119.375,7,23,AMD Radeon RX 9070 XT,64,0,0,0
muse.o_proj  g32,2048,6656,32,bfloat16,64,96x128,127.499,6,23,AMD Radeon RX 9070 XT,64,0,0,0
muse.o_proj  g32,2048,6656,32,bfloat16,64,80x128,140.303,6,23,AMD Radeon RX 9070 XT,64,0,0,0
muse.o_proj  g32,2048,6656,32,bfloat16,64,prefill_wmma,145.664,5,23,AMD Radeon RX 9070 XT,64,0,0,0
muse.o_proj  g32,2048,6656,32,bfloat16,64,64x128,163.256,5,23,AMD Radeon RX 9070 XT,64,0,0,0
muse.o_proj  g32,2048,6656,32,bfloat16,64,32x64,164.318,5,23,AMD Radeon RX 9070 XT,64,0,0,0
muse.o_proj  g32,2048,6656,32,bfloat16,64,128x256,167.926,5,23,AMD Radeon RX 9070 XT,64,0,0,0
muse.o_proj  g32,2048,6656,32,bfloat16,64,32x32,203.211,4,23,AMD Radeon RX 9070 XT,64,0,0,0
muse.o_proj  g32,2048,6656,32,bfloat16,64,prefill_wmma:smallm_off,257.805,3,23,AMD Radeon RX 9070 XT,64,0,0,0
muse.o_proj  g32,2048,6656,32,bfloat16,64,32x128,427.458,2,23,AMD Radeon RX 9070 XT,64,0,0,0
muse.o_proj  g32,2048,6656,32,bfloat16,64,16x64,749.089,2,23,AMD Radeon RX 9070 XT,64,0,0,0
muse.o_proj  g32,2048,6656,32,bfloat16,64,16x128,1701.945,2,23,AMD Radeon RX 9070 XT,64,0,0,0
muse.o_proj  g32,2048,6656,32,bfloat16,96,128x128x4,66.841,12,23,AMD Radeon RX 9070 XT,64,0,0,0
muse.o_proj  g32,2048,6656,32,bfloat16,96,128x64x2,72.603,11,23,AMD Radeon RX 9070 XT,64,0,0,0
muse.o_proj  g32,2048,6656,32,bfloat16,96,128x128x2,78.189,10,23,AMD Radeon RX 9070 XT,64,0,0,0
muse.o_proj  g32,2048,6656,32,bfloat16,96,64x128x4,86.553,9,23,AMD Radeon RX 9070 XT,64,0,0,0
muse.o_proj  g32,2048,6656,32,bfloat16,96,128x64,87.414,9,23,AMD Radeon RX 9070 XT,64,0,0,0
muse.o_proj  g32,2048,6656,32,bfloat16,96,auto,87.482,9,23,AMD Radeon RX 9070 XT,64,0,0,0
muse.o_proj  g32,2048,6656,32,bfloat16,96,96x128x2,90.807,9,23,AMD Radeon RX 9070 XT,64,0,0,0
muse.o_proj  g32,2048,6656,32,bfloat16,96,32x64x4,100.537,8,23,AMD Radeon RX 9070 XT,64,0,0,0
muse.o_proj  g32,2048,6656,32,bfloat16,96,256x128,103.645,7,23,AMD Radeon RX 9070 XT,64,0,0,0
muse.o_proj  g32,2048,6656,32,bfloat16,96,192x128,106.194,7,23,AMD Radeon RX 9070 XT,64,0,0,0
muse.o_proj  g32,2048,6656,32,bfloat16,96,64x64x2,106.422,7,23,AMD Radeon RX 9070 XT,64,0,0,0
muse.o_proj  g32,2048,6656,32,bfloat16,96,64x128x2,106.751,7,23,AMD Radeon RX 9070 XT,64,0,0,0
muse.o_proj  g32,2048,6656,32,bfloat16,96,256x128x2,109.509,7,23,AMD Radeon RX 9070 XT,64,0,0,0
muse.o_proj  g32,2048,6656,32,bfloat16,96,128x32,111.412,7,23,AMD Radeon RX 9070 XT,64,0,0,0
muse.o_proj  g32,2048,6656,32,bfloat16,96,256x32,113.995,7,23,AMD Radeon RX 9070 XT,64,0,0,0
muse.o_proj  g32,2048,6656,32,bfloat16,96,128x128,114.234,7,23,AMD Radeon RX 9070 XT,64,0,0,0
muse.o_proj  g32,2048,6656,32,bfloat16,96,192x128x2,115.052,7,23,AMD Radeon RX 9070 XT,64,0,0,0
muse.o_proj  g32,2048,6656,32,bfloat16,96,256x64,115.420,7,23,AMD Radeon RX 9070 XT,64,0,0,0
muse.o_proj  g32,2048,6656,32,bfloat16,96,112x128,125.398,6,23,AMD Radeon RX 9070 XT,64,0,0,0
muse.o_proj  g32,2048,6656,32,bfloat16,96,prefill_wmma_ashuffle,127.134,6,23,AMD Radeon RX 9070 XT,64,0,0,0
muse.o_proj  g32,2048,6656,32,bfloat16,96,64x32,130.478,6,23,AMD Radeon RX 9070 XT,64,0,0,0
muse.o_proj  g32,2048,6656,32,bfloat16,96,96x128,134.851,6,23,AMD Radeon RX 9070 XT,64,0,0,0
muse.o_proj  g32,2048,6656,32,bfloat16,96,80x128,149.403,5,23,AMD Radeon RX 9070 XT,64,0,0,0
muse.o_proj  g32,2048,6656,32,bfloat16,96,32x128x4,153.046,5,23,AMD Radeon RX 9070 XT,64,0,0,0
muse.o_proj  g32,2048,6656,32,bfloat16,96,64x128,161.623,5,23,AMD Radeon RX 9070 XT,64,0,0,0
muse.o_proj  g32,2048,6656,32,bfloat16,96,32x64x2,165.636,5,23,AMD Radeon RX 9070 XT,64,0,0,0
muse.o_proj  g32,2048,6656,32,bfloat16,96,prefill_wmma,171.380,4,23,AMD Radeon RX 9070 XT,64,0,0,0
muse.o_proj  g32,2048,6656,32,bfloat16,96,128x256,174.842,4,23,AMD Radeon RX 9070 XT,64,0,0,0
muse.o_proj  g32,2048,6656,32,bfloat16,96,64x64,184.023,4,23,AMD Radeon RX 9070 XT,64,0,0,0
muse.o_proj  g32,2048,6656,32,bfloat16,96,32x32,192.862,4,23,AMD Radeon RX 9070 XT,64,0,0,0
muse.o_proj  g32,2048,6656,32,bfloat16,96,prefill_wmma:smallm_off,299.815,2,23,AMD Radeon RX 9070 XT,64,0,0,0
muse.o_proj  g32,2048,6656,32,bfloat16,96,32x64,307.383,2,23,AMD Radeon RX 9070 XT,64,0,0,0
muse.o_proj  g32,2048,6656,32,bfloat16,96,32x128,784.070,2,23,AMD Radeon RX 9070 XT,64,0,0,0
muse.o_proj  g32,2048,6656,32,bfloat16,96,16x64,1319.237,2,23,AMD Radeon RX 9070 XT,64,0,0,0
muse.o_proj  g32,2048,6656,32,bfloat16,96,16x128,1611.586,2,23,AMD Radeon RX 9070 XT,64,0,0,0
muse.o_proj  g32,2048,6656,32,bfloat16,128,128x128x4,69.515,11,23,AMD Radeon RX 9070 XT,64,0,0,0
muse.o_proj  g32,2048,6656,32,bfloat16,128,128x64x2,78.054,10,23,AMD Radeon RX 9070 XT,64,0,0,0
muse.o_proj  g32,2048,6656,32,bfloat16,128,128x128x2,82.229,9,23,AMD Radeon RX 9070 XT,64,0,0,0
muse.o_proj  g32,2048,6656,32,bfloat16,128,64x128x4,89.897,9,23,AMD Radeon RX 9070 XT,64,0,0,0
muse.o_proj  g32,2048,6656,32,bfloat16,128,auto,96.629,8,23,AMD Radeon RX 9070 XT,64,0,0,0
muse.o_proj  g32,2048,6656,32,bfloat16,128,128x64,97.189,8,23,AMD Radeon RX 9070 XT,64,0,0,0
muse.o_proj  g32,2048,6656,32,bfloat16,128,256x128,110.274,7,23,AMD Radeon RX 9070 XT,64,0,0,0
muse.o_proj  g32,2048,6656,32,bfloat16,128,192x128,112.454,7,23,AMD Radeon RX 9070 XT,64,0,0,0
muse.o_proj  g32,2048,6656,32,bfloat16,128,64x128x2,113.637,7,23,AMD Radeon RX 9070 XT,64,0,0,0
muse.o_proj  g32,2048,6656,32,bfloat16,128,256x128x2,118.107,5,23,AMD Radeon RX 9070 XT,64,0,0,0
muse.o_proj  g32,2048,6656,32,bfloat16,128,256x64,119.426,6,23,AMD Radeon RX 9070 XT,64,0,0,0
muse.o_proj  g32,2048,6656,32,bfloat16,128,256x32,120.391,6,23,AMD Radeon RX 9070 XT,64,0,0,0
muse.o_proj  g32,2048,6656,32,bfloat16,128,192x128x2,120.586,6,23,AMD Radeon RX 9070 XT,64,0,0,0
muse.o_proj  g32,2048,6656,32,bfloat16,128,64x64x2,121.019,6,23,AMD Radeon RX 9070 XT,64,0,0,0
muse.o_proj  g32,2048,6656,32,bfloat16,128,128x128,122.132,6,23,AMD Radeon RX 9070 XT,64,0,0,0
muse.o_proj  g32,2048,6656,32,bfloat16,128,32x64x4,122.743,6,23,AMD Radeon RX 9070 XT,64,0,0,0
muse.o_proj  g32,2048,6656,32,bfloat16,128,128x32,128.551,6,23,AMD Radeon RX 9070 XT,64,0,0,0
muse.o_proj  g32,2048,6656,32,bfloat16,128,prefill_wmma_ashuffle,137.236,6,23,AMD Radeon RX 9070 XT,64,0,0,0
muse.o_proj  g32,2048,6656,32,bfloat16,128,64x32,146.775,5,23,AMD Radeon RX 9070 XT,64,0,0,0
muse.o_proj  g32,2048,6656,32,bfloat16,128,96x128x2,149.259,5,23,AMD Radeon RX 9070 XT,64,0,0,0
muse.o_proj  g32,2048,6656,32,bfloat16,128,80x128,152.269,5,23,AMD Radeon RX 9070 XT,64,0,0,0
muse.o_proj  g32,2048,6656,32,bfloat16,128,32x128x4,159.872,5,23,AMD Radeon RX 9070 XT,64,0,0,0
muse.o_proj  g32,2048,6656,32,bfloat16,128,32x64x2,167.009,5,23,AMD Radeon RX 9070 XT,64,0,0,0
muse.o_proj  g32,2048,6656,32,bfloat16,128,64x128,177.821,4,23,AMD Radeon RX 9070 XT,64,0,0,0
muse.o_proj  g32,2048,6656,32,bfloat16,128,128x256,183.796,4,23,AMD Radeon RX 9070 XT,64,0,0,0
muse.o_proj  g32,2048,6656,32,bfloat16,128,64x64,212.305,4,23,AMD Radeon RX 9070 XT,64,0,0,0
muse.o_proj  g32,2048,6656,32,bfloat16,128,112x128,226.603,3,23,AMD Radeon RX 9070 XT,64,0,0,0
muse.o_proj  g32,2048,6656,32,bfloat16,128,96x128,231.992,3,23,AMD Radeon RX 9070 XT,64,0,0,0
muse.o_proj  g32,2048,6656,32,bfloat16,128,32x32,279.597,3,23,AMD Radeon RX 9070 XT,64,0,0,0
muse.o_proj  g32,2048,6656,32,bfloat16,128,32x64,312.362,2,23,AMD Radeon RX 9070 XT,64,0,0,0
muse.o_proj  g32,2048,6656,32,bfloat16,128,prefill_wmma,320.434,2,23,AMD Radeon RX 9070 XT,64,0,0,0
muse.o_proj  g32,2048,6656,32,bfloat16,128,prefill_wmma:smallm_off,325.000,2,23,AMD Radeon RX 9070 XT,64,0,0,0
muse.o_proj  g32,2048,6656,32,bfloat16,128,32x128,772.199,2,23,AMD Radeon RX 9070 XT,64,0,0,0
muse.o_proj  g32,2048,6656,32,bfloat16,128,16x64,1278.524,2,23,AMD Radeon RX 9070 XT,64,0,0,0
muse.o_proj  g32,2048,6656,32,bfloat16,128,16x128,2496.644,2,23,AMD Radeon RX 9070 XT,64,0,0,0
muse.o_proj  g32,2048,6656,32,bfloat16,192,128x64x2,115.360,7,23,AMD Radeon RX 9070 XT,64,0,0,0
muse.o_proj  g32,2048,6656,32,bfloat16,192,128x128x4,115.499,7,23,AMD Radeon RX 9070 XT,64,0,0,0
muse.o_proj  g32,2048,6656,32,bfloat16,192,256x128,116.038,7,23,AMD Radeon RX 9070 XT,64,0,0,0
muse.o_proj  g32,2048,6656,32,bfloat16,192,auto,116.362,7,23,AMD Radeon RX 9070 XT,64,0,0,0
muse.o_proj  g32,2048,6656,32,bfloat16,192,64x128x4,116.821,7,23,AMD Radeon RX 9070 XT,64,0,0,0
muse.o_proj  g32,2048,6656,32,bfloat16,192,192x128,123.064,6,23,AMD Radeon RX 9070 XT,64,0,0,0
muse.o_proj  g32,2048,6656,32,bfloat16,192,256x128x2,124.249,6,23,AMD Radeon RX 9070 XT,64,0,0,0
muse.o_proj  g32,2048,6656,32,bfloat16,192,64x64x2,127.462,6,23,AMD Radeon RX 9070 XT,64,0,0,0
muse.o_proj  g32,2048,6656,32,bfloat16,192,192x128x2,128.932,6,23,AMD Radeon RX 9070 XT,64,0,0,0
muse.o_proj  g32,2048,6656,32,bfloat16,192,256x64,133.137,6,23,AMD Radeon RX 9070 XT,64,0,0,0
muse.o_proj  g32,2048,6656,32,bfloat16,192,128x128x2,137.405,6,23,AMD Radeon RX 9070 XT,64,0,0,0
muse.o_proj  g32,2048,6656,32,bfloat16,192,256x32,141.260,6,23,AMD Radeon RX 9070 XT,64,0,0,0
muse.o_proj  g32,2048,6656,32,bfloat16,192,128x64,144.864,5,23,AMD Radeon RX 9070 XT,64,0,0,0
muse.o_proj  g32,2048,6656,32,bfloat16,192,128x32,162.292,5,23,AMD Radeon RX 9070 XT,64,0,0,0
muse.o_proj  g32,2048,6656,32,bfloat16,192,96x128x2,164.623,5,23,AMD Radeon RX 9070 XT,64,0,0,0
muse.o_proj  g32,2048,6656,32,bfloat16,192,prefill_wmma_ashuffle,166.341,5,23,AMD Radeon RX 9070 XT,64,0,0,0
muse.o_proj  g32,2048,6656,32,bfloat16,192,32x64x4,167.899,5,23,AMD Radeon RX 9070 XT,64,0,0,0
muse.o_proj  g32,2048,6656,32,bfloat16,192,64x128x2,177.774,4,23,AMD Radeon RX 9070 XT,64,0,0,0
muse.o_proj  g32,2048,6656,32,bfloat16,192,128x256,187.936,4,23,AMD Radeon RX 9070 XT,64,0,0,0
muse.o_proj  g32,2048,6656,32,bfloat16,192,128x128,198.399,4,23,AMD Radeon RX 9070 XT,64,0,0,0
muse.o_proj  g32,2048,6656,32,bfloat16,192,64x32,201.194,4,23,AMD Radeon RX 9070 XT,64,0,0,0
muse.o_proj  g32,2048,6656,32,bfloat16,192,64x64,203.748,4,23,AMD Radeon RX 9070 XT,64,0,0,0
muse.o_proj  g32,2048,6656,32,bfloat16,192,32x128x4,225.452,3,23,AMD Radeon RX 9070 XT,64,0,0,0
muse.o_proj  g32,2048,6656,32,bfloat16,192,112x128,226.855,3,23,AMD Radeon RX 9070 XT,64,0,0,0
muse.o_proj  g32,2048,6656,32,bfloat16,192,32x64x2,240.177,3,23,AMD Radeon RX 9070 XT,64,0,0,0
muse.o_proj  g32,2048,6656,32,bfloat16,192,80x128,256.742,3,23,AMD Radeon RX 9070 XT,64,0,0,0
muse.o_proj  g32,2048,6656,32,bfloat16,192,96x128,262.945,3,23,AMD Radeon RX 9070 XT,64,0,0,0
muse.o_proj  g32,2048,6656,32,bfloat16,192,64x128,327.465,2,23,AMD Radeon RX 9070 XT,64,0,0,0
muse.o_proj  g32,2048,6656,32,bfloat16,192,32x32,358.102,2,23,AMD Radeon RX 9070 XT,64,0,0,0
muse.o_proj  g32,2048,6656,32,bfloat16,192,prefill_wmma,381.232,2,23,AMD Radeon RX 9070 XT,64,0,0,0
muse.o_proj  g32,2048,6656,32,bfloat16,192,prefill_wmma:smallm_off,388.875,2,23,AMD Radeon RX 9070 XT,64,0,0,0
muse.o_proj  g32,2048,6656,32,bfloat16,192,32x64,454.154,2,23,AMD Radeon RX 9070 XT,64,0,0,0
muse.o_proj  g32,2048,6656,32,bfloat16,192,32x128,1012.527,2,23,AMD Radeon RX 9070 XT,64,0,0,0
muse.o_proj  g32,2048,6656,32,bfloat16,192,16x64,2136.016,2,23,AMD Radeon RX 9070 XT,64,0,0,0
muse.o_proj  g32,2048,6656,32,bfloat16,192,16x128,3172.848,2,23,AMD Radeon RX 9070 XT,64,0,0,0
muse.o_proj  g32,2048,6656,32,bfloat16,256,128x64x2,127.945,6,23,AMD Radeon RX 9070 XT,64,0,0,0
muse.o_proj  g32,2048,6656,32,bfloat16,256,128x128x4,129.330,6,23,AMD Radeon RX 9070 XT,64,0,0,0
muse.o_proj  g32,2048,6656,32,bfloat16,256,auto,130.344,6,23,AMD Radeon RX 9070 XT,64,0,0,0
muse.o_proj  g32,2048,6656,32,bfloat16,256,256x128,130.930,6,23,AMD Radeon RX 9070 XT,64,0,0,0
muse.o_proj  g32,2048,6656,32,bfloat16,256,256x128x2,139.955,6,23,AMD Radeon RX 9070 XT,64,0,0,0
muse.o_proj  g32,2048,6656,32,bfloat16,256,64x128x4,150.041,5,23,AMD Radeon RX 9070 XT,64,0,0,0
muse.o_proj  g32,2048,6656,32,bfloat16,256,256x64,154.891,5,23,AMD Radeon RX 9070 XT,64,0,0,0
muse.o_proj  g32,2048,6656,32,bfloat16,256,128x128x2,156.273,5,23,AMD Radeon RX 9070 XT,64,0,0,0
muse.o_proj  g32,2048,6656,32,bfloat16,256,256x32,170.204,4,23,AMD Radeon RX 9070 XT,64,0,0,0
muse.o_proj  g32,2048,6656,32,bfloat16,256,128x64,170.589,4,23,AMD Radeon RX 9070 XT,64,0,0,0
muse.o_proj  g32,2048,6656,32,bfloat16,256,96x128x2,172.490,4,23,AMD Radeon RX 9070 XT,64,0,0,0
muse.o_proj  g32,2048,6656,32,bfloat16,256,64x64x2,176.317,4,23,AMD Radeon RX 9070 XT,64,0,0,0
muse.o_proj  g32,2048,6656,32,bfloat16,256,128x32,189.620,4,23,AMD Radeon RX 9070 XT,64,0,0,0
muse.o_proj  g32,2048,6656,32,bfloat16,256,prefill_wmma_ashuffle,197.230,4,23,AMD Radeon RX 9070 XT,64,0,0,0
muse.o_proj  g32,2048,6656,32,bfloat16,256,64x128x2,198.964,4,23,AMD Radeon RX 9070 XT,64,0,0,0
muse.o_proj  g32,2048,6656,32,bfloat16,256,128x256,211.481,4,23,AMD Radeon RX 9070 XT,64,0,0,0
muse.o_proj  g32,2048,6656,32,bfloat16,256,192x128,211.505,4,23,AMD Radeon RX 9070 XT,64,0,0,0
muse.o_proj  g32,2048,6656,32,bfloat16,256,192x128x2,217.480,3,23,AMD Radeon RX 9070 XT,64,0,0,0
muse.o_proj  g32,2048,6656,32,bfloat16,256,64x32,220.299,3,23,AMD Radeon RX 9070 XT,64,0,0,0
muse.o_proj  g32,2048,6656,32,bfloat16,256,32x64x4,221.525,3,23,AMD Radeon RX 9070 XT,64,0,0,0
muse.o_proj  g32,2048,6656,32,bfloat16,256,128x128,239.691,3,23,AMD Radeon RX 9070 XT,64,0,0,0
muse.o_proj  g32,2048,6656,32,bfloat16,256,112x128,247.763,3,23,AMD Radeon RX 9070 XT,64,0,0,0
muse.o_proj  g32,2048,6656,32,bfloat16,256,96x128,261.765,3,23,AMD Radeon RX 9070 XT,64,0,0,0
muse.o_proj  g32,2048,6656,32,bfloat16,256,80x128,286.895,2,23,AMD Radeon RX 9070 XT,64,0,0,0
muse.o_proj  g32,2048,6656,32,bfloat16,256,32x128x4,305.162,2,23,AMD Radeon RX 9070 XT,64,0,0,0
muse.o_proj  g32,2048,6656,32,bfloat16,256,64x64,305.463,2,23,AMD Radeon RX 9070 XT,64,0,0,0
muse.o_proj  g32,2048,6656,32,bfloat16,256,32x64x2,329.183,2,23,AMD Radeon RX 9070 XT,64,0,0,0
muse.o_proj  g32,2048,6656,32,bfloat16,256,64x128,339.871,2,23,AMD Radeon RX 9070 XT,64,0,0,0
muse.o_proj  g32,2048,6656,32,bfloat16,256,prefill_wmma,423.314,2,23,AMD Radeon RX 9070 XT,64,0,0,0
muse.o_proj  g32,2048,6656,32,bfloat16,256,prefill_wmma:smallm_off,423.766,2,23,AMD Radeon RX 9070 XT,64,0,0,0
muse.o_proj  g32,2048,6656,32,bfloat16,256,32x32,460.298,2,23,AMD Radeon RX 9070 XT,64,0,0,0
muse.o_proj  g32,2048,6656,32,bfloat16,256,32x64,640.719,2,23,AMD Radeon RX 9070 XT,64,0,0,0
muse.o_proj  g32,2048,6656,32,bfloat16,256,32x128,2045.302,2,23,AMD Radeon RX 9070 XT,64,0,0,0
muse.o_proj  g32,2048,6656,32,bfloat16,256,16x64,2939.037,2,23,AMD Radeon RX 9070 XT,64,0,0,0
muse.o_proj  g32,2048,6656,32,bfloat16,256,16x128,9185.301,2,23,AMD Radeon RX 9070 XT,64,0,0,0
muse.o_proj  g32,2048,6656,32,bfloat16,512,128x128x4,213.379,4,23,AMD Radeon RX 9070 XT,64,0,0,0
muse.o_proj  g32,2048,6656,32,bfloat16,512,128x64x2,221.369,3,23,AMD Radeon RX 9070 XT,64,0,0,0
muse.o_proj  g32,2048,6656,32,bfloat16,512,auto,229.204,3,23,AMD Radeon RX 9070 XT,64,0,0,0
muse.o_proj  g32,2048,6656,32,bfloat16,512,256x128,229.472,3,23,AMD Radeon RX 9070 XT,64,0,0,0
muse.o_proj  g32,2048,6656,32,bfloat16,512,256x128x2,243.602,3,23,AMD Radeon RX 9070 XT,64,0,0,0
muse.o_proj  g32,2048,6656,32,bfloat16,512,64x128x4,260.639,3,23,AMD Radeon RX 9070 XT,64,0,0,0
muse.o_proj  g32,2048,6656,32,bfloat16,512,128x128x2,265.401,3,23,AMD Radeon RX 9070 XT,64,0,0,0
muse.o_proj  g32,2048,6656,32,bfloat16,512,256x64,267.678,3,23,AMD Radeon RX 9070 XT,64,0,0,0
muse.o_proj  g32,2048,6656,32,bfloat16,512,256x32,271.685,3,23,AMD Radeon RX 9070 XT,64,0,0,0
muse.o_proj  g32,2048,6656,32,bfloat16,512,192x128x2,286.832,3,23,AMD Radeon RX 9070 XT,64,0,0,0
muse.o_proj  g32,2048,6656,32,bfloat16,512,128x64,297.501,2,23,AMD Radeon RX 9070 XT,64,0,0,0
muse.o_proj  g32,2048,6656,32,bfloat16,512,192x128,301.838,2,23,AMD Radeon RX 9070 XT,64,0,0,0
muse.o_proj  g32,2048,6656,32,bfloat16,512,64x64x2,303.908,2,23,AMD Radeon RX 9070 XT,64,0,0,0
muse.o_proj  g32,2048,6656,32,bfloat16,512,96x128x2,304.735,2,23,AMD Radeon RX 9070 XT,64,0,0,0
muse.o_proj  g32,2048,6656,32,bfloat16,512,128x32,330.312,2,23,AMD Radeon RX 9070 XT,64,0,0,0
muse.o_proj  g32,2048,6656,32,bfloat16,512,128x128,339.475,2,23,AMD Radeon RX 9070 XT,64,0,0,0
muse.o_proj  g32,2048,6656,32,bfloat16,512,64x128x2,361.362,2,23,AMD Radeon RX 9070 XT,64,0,0,0
muse.o_proj  g32,2048,6656,32,bfloat16,512,prefill_wmma_ashuffle,369.309,2,23,AMD Radeon RX 9070 XT,64,0,0,0
muse.o_proj  g32,2048,6656,32,bfloat16,512,112x128,381.524,2,23,AMD Radeon RX 9070 XT,64,0,0,0
muse.o_proj  g32,2048,6656,32,bfloat16,512,128x256,404.329,2,23,AMD Radeon RX 9070 XT,64,0,0,0
muse.o_proj  g32,2048,6656,32,bfloat16,512,32x64x4,412.043,2,23,AMD Radeon RX 9070 XT,64,0,0,0
muse.o_proj  g32,2048,6656,32,bfloat16,512,64x32,419.234,2,23,AMD Radeon RX 9070 XT,64,0,0,0
muse.o_proj  g32,2048,6656,32,bfloat16,512,80x128,448.250,2,23,AMD Radeon RX 9070 XT,64,0,0,0
muse.o_proj  g32,2048,6656,32,bfloat16,512,96x128,486.063,2,23,AMD Radeon RX 9070 XT,64,0,0,0
muse.o_proj  g32,2048,6656,32,bfloat16,512,64x64,493.913,2,23,AMD Radeon RX 9070 XT,64,0,0,0
muse.o_proj  g32,2048,6656,32,bfloat16,512,32x128x4,547.641,2,23,AMD Radeon RX 9070 XT,64,0,0,0
muse.o_proj  g32,2048,6656,32,bfloat16,512,32x64x2,592.948,2,23,AMD Radeon RX 9070 XT,64,0,0,0
muse.o_proj  g32,2048,6656,32,bfloat16,512,64x128,665.633,2,23,AMD Radeon RX 9070 XT,64,0,0,0
muse.o_proj  g32,2048,6656,32,bfloat16,512,prefill_wmma,779.893,2,23,AMD Radeon RX 9070 XT,64,0,0,0
muse.o_proj  g32,2048,6656,32,bfloat16,512,prefill_wmma:smallm_off,786.874,2,23,AMD Radeon RX 9070 XT,64,0,0,0
muse.o_proj  g32,2048,6656,32,bfloat16,512,32x32,832.433,2,23,AMD Radeon RX 9070 XT,64,0,0,0
muse.o_proj  g32,2048,6656,32,bfloat16,512,32x64,1348.754,2,23,AMD Radeon RX 9070 XT,64,0,0,0
muse.o_proj  g32,2048,6656,32,bfloat16,512,32x128,3097.251,2,23,AMD Radeon RX 9070 XT,64,0,0,0
muse.o_proj  g32,2048,6656,32,bfloat16,512,16x64,3689.913,2,23,AMD Radeon RX 9070 XT,64,0,0,0
muse.o_proj  g32,2048,6656,32,bfloat16,512,16x128,17094.114,2,23,AMD Radeon RX 9070 XT,64,0,0,0
muse.o_proj  g32,2048,6656,32,bfloat16,1024,128x128x4,394.384,2,23,AMD Radeon RX 9070 XT,64,0,0,0
muse.o_proj  g32,2048,6656,32,bfloat16,1024,256x128,397.462,2,23,AMD Radeon RX 9070 XT,64,0,0,0
muse.o_proj  g32,2048,6656,32,bfloat16,1024,auto,404.104,2,23,AMD Radeon RX 9070 XT,64,0,0,0
muse.o_proj  g32,2048,6656,32,bfloat16,1024,256x128x2,408.598,2,23,AMD Radeon RX 9070 XT,64,0,0,0
muse.o_proj  g32,2048,6656,32,bfloat16,1024,128x64x2,423.771,2,23,AMD Radeon RX 9070 XT,64,0,0,0
muse.o_proj  g32,2048,6656,32,bfloat16,1024,256x64,462.599,2,23,AMD Radeon RX 9070 XT,64,0,0,0
muse.o_proj  g32,2048,6656,32,bfloat16,1024,128x128x2,474.579,2,23,AMD Radeon RX 9070 XT,64,0,0,0
muse.o_proj  g32,2048,6656,32,bfloat16,1024,256x32,502.253,2,23,AMD Radeon RX 9070 XT,64,0,0,0
muse.o_proj  g32,2048,6656,32,bfloat16,1024,64x128x4,503.875,2,23,AMD Radeon RX 9070 XT,64,0,0,0
muse.o_proj  g32,2048,6656,32,bfloat16,1024,96x128x2,508.970,2,23,AMD Radeon RX 9070 XT,64,0,0,0
muse.o_proj  g32,2048,6656,32,bfloat16,1024,192x128,512.229,2,23,AMD Radeon RX 9070 XT,64,0,0,0
muse.o_proj  g32,2048,6656,32,bfloat16,1024,192x128x2,537.916,2,23,AMD Radeon RX 9070 XT,64,0,0,0
muse.o_proj  g32,2048,6656,32,bfloat16,1024,128x64,538.371,2,23,AMD Radeon RX 9070 XT,64,0,0,0
muse.o_proj  g32,2048,6656,32,bfloat16,1024,128x128,554.777,2,23,AMD Radeon RX 9070 XT,64,0,0,0
muse.o_proj  g32,2048,6656,32,bfloat16,1024,64x64x2,596.060,2,23,AMD Radeon RX 9070 XT,64,0,0,0
muse.o_proj  g32,2048,6656,32,bfloat16,1024,128x32,626.774,2,23,AMD Radeon RX 9070 XT,64,0,0,0
muse.o_proj  g32,2048,6656,32,bfloat16,1024,64x128x2,654.381,2,23,AMD Radeon RX 9070 XT,64,0,0,0
muse.o_proj  g32,2048,6656,32,bfloat16,1024,prefill_wmma_ashuffle,674.219,2,23,AMD Radeon RX 9070 XT,64,0,0,0
muse.o_proj  g32,2048,6656,32,bfloat16,1024,112x128,698.644,2,23,AMD Radeon RX 9070 XT,64,0,0,0
muse.o_proj  g32,2048,6656,32,bfloat16,1024,128x256,768.296,2,23,AMD Radeon RX 9070 XT,64,0,0,0
muse.o_proj  g32,2048,6656,32,bfloat16,1024,96x128,808.773,2,23,AMD Radeon RX 9070 XT,64,0,0,0
muse.o_proj  g32,2048,6656,32,bfloat16,1024,64x32,813.267,2,23,AMD Radeon RX 9070 XT,64,0,0,0
muse.o_proj  g32,2048,6656,32,bfloat16,1024,32x64x4,814.654,2,23,AMD Radeon RX 9070 XT,64,0,0,0
muse.o_proj  g32,2048,6656,32,bfloat16,1024,80x128,849.651,2,23,AMD Radeon RX 9070 XT,64,0,0,0
muse.o_proj  g32,2048,6656,32,bfloat16,1024,64x64,898.767,2,23,AMD Radeon RX 9070 XT,64,0,0,0
muse.o_proj  g32,2048,6656,32,bfloat16,1024,32x128x4,1297.372,2,23,AMD Radeon RX 9070 XT,64,0,0,0
muse.o_proj  g32,2048,6656,32,bfloat16,1024,32x64x2,1338.313,2,23,AMD Radeon RX 9070 XT,64,0,0,0
muse.o_proj  g32,2048,6656,32,bfloat16,1024,prefill_wmma:smallm_off,1403.188,2,23,AMD Radeon RX 9070 XT,64,0,0,0
muse.o_proj  g32,2048,6656,32,bfloat16,1024,prefill_wmma,1410.595,2,23,AMD Radeon RX 9070 XT,64,0,0,0
muse.o_proj  g32,2048,6656,32,bfloat16,1024,64x128,1411.192,2,23,AMD Radeon RX 9070 XT,64,0,0,0
muse.o_proj  g32,2048,6656,32,bfloat16,1024,32x32,1892.663,2,23,AMD Radeon RX 9070 XT,64,0,0,0
muse.o_proj  g32,2048,6656,32,bfloat16,1024,32x64,2293.177,2,23,AMD Radeon RX 9070 XT,64,0,0,0
muse.o_proj  g32,2048,6656,32,bfloat16,1024,32x128,5684.538,2,23,AMD Radeon RX 9070 XT,64,0,0,0
muse.o_proj  g32,2048,6656,32,bfloat16,1024,16x64,6614.576,2,23,AMD Radeon RX 9070 XT,64,0,0,0
muse.o_proj  g32,2048,6656,32,bfloat16,1024,16x128,19683.180,2,23,AMD Radeon RX 9070 XT,64,0,0,0
muse.o_proj  g32,2048,6656,32,bfloat16,2048,auto,723.695,2,23,AMD Radeon RX 9070 XT,64,0,0,0
muse.o_proj  g32,2048,6656,32,bfloat16,2048,256x128,726.744,2,23,AMD Radeon RX 9070 XT,64,0,0,0
muse.o_proj  g32,2048,6656,32,bfloat16,2048,256x128x2,757.527,2,23,AMD Radeon RX 9070 XT,64,0,0,0
muse.o_proj  g32,2048,6656,32,bfloat16,2048,128x128x4,768.904,2,23,AMD Radeon RX 9070 XT,64,0,0,0
muse.o_proj  g32,2048,6656,32,bfloat16,2048,128x64x2,827.766,2,23,AMD Radeon RX 9070 XT,64,0,0,0
muse.o_proj  g32,2048,6656,32,bfloat16,2048,256x64,890.784,2,23,AMD Radeon RX 9070 XT,64,0,0,0
muse.o_proj  g32,2048,6656,32,bfloat16,2048,128x128x2,921.696,2,23,AMD Radeon RX 9070 XT,64,0,0,0
muse.o_proj  g32,2048,6656,32,bfloat16,2048,192x128,958.200,2,23,AMD Radeon RX 9070 XT,64,0,0,0
muse.o_proj  g32,2048,6656,32,bfloat16,2048,256x32,983.020,2,23,AMD Radeon RX 9070 XT,64,0,0,0
muse.o_proj  g32,2048,6656,32,bfloat16,2048,64x128x4,993.213,2,23,AMD Radeon RX 9070 XT,64,0,0,0
muse.o_proj  g32,2048,6656,32,bfloat16,2048,96x128x2,994.109,2,23,AMD Radeon RX 9070 XT,64,0,0,0
muse.o_proj  g32,2048,6656,32,bfloat16,2048,192x128x2,1015.795,2,23,AMD Radeon RX 9070 XT,64,0,0,0
muse.o_proj  g32,2048,6656,32,bfloat16,2048,128x64,1102.105,2,23,AMD Radeon RX 9070 XT,64,0,0,0
muse.o_proj  g32,2048,6656,32,bfloat16,2048,128x128,1120.815,2,23,AMD Radeon RX 9070 XT,64,0,0,0
muse.o_proj  g32,2048,6656,32,bfloat16,2048,prefill_wmma_ashuffle,1251.194,2,23,AMD Radeon RX 9070 XT,64,0,0,0
muse.o_proj  g32,2048,6656,32,bfloat16,2048,64x64x2,1318.742,2,23,AMD Radeon RX 9070 XT,64,0,0,0
muse.o_proj  g32,2048,6656,32,bfloat16,2048,128x32,1387.784,2,23,AMD Radeon RX 9070 XT,64,0,0,0
muse.o_proj  g32,2048,6656,32,bfloat16,2048,64x128x2,1468.237,2,23,AMD Radeon RX 9070 XT,64,0,0,0
muse.o_proj  g32,2048,6656,32,bfloat16,2048,112x128,1503.511,2,23,AMD Radeon RX 9070 XT,64,0,0,0
muse.o_proj  g32,2048,6656,32,bfloat16,2048,128x256,1587.340,2,23,AMD Radeon RX 9070 XT,64,0,0,0
muse.o_proj  g32,2048,6656,32,bfloat16,2048,64x32,1755.190,2,23,AMD Radeon RX 9070 XT,64,0,0,0
muse.o_proj  g32,2048,6656,32,bfloat16,2048,32x64x4,1780.235,2,23,AMD Radeon RX 9070 XT,64,0,0,0
muse.o_proj  g32,2048,6656,32,bfloat16,2048,96x128,1786.737,2,23,AMD Radeon RX 9070 XT,64,0,0,0
muse.o_proj  g32,2048,6656,32,bfloat16,2048,80x128,1786.820,2,23,AMD Radeon RX 9070 XT,64,0,0,0
muse.o_proj  g32,2048,6656,32,bfloat16,2048,64x64,2028.003,2,23,AMD Radeon RX 9070 XT,64,0,0,0
muse.o_proj  g32,2048,6656,32,bfloat16,2048,32x128x4,2279.195,2,23,AMD Radeon RX 9070 XT,64,0,0,0
muse.o_proj  g32,2048,6656,32,bfloat16,2048,32x64x2,2387.511,2,23,AMD Radeon RX 9070 XT,64,0,0,0
muse.o_proj  g32,2048,6656,32,bfloat16,2048,64x128,2417.501,2,23,AMD Radeon RX 9070 XT,64,0,0,0
muse.o_proj  g32,2048,6656,32,bfloat16,2048,prefill_wmma:smallm_off,2713.017,2,23,AMD Radeon RX 9070 XT,64,0,0,0
muse.o_proj  g32,2048,6656,32,bfloat16,2048,prefill_wmma,2721.030,2,23,AMD Radeon RX 9070 XT,64,0,0,0
muse.o_proj  g32,2048,6656,32,bfloat16,2048,32x32,3328.793,2,23,AMD Radeon RX 9070 XT,64,0,0,0
muse.o_proj  g32,2048,6656,32,bfloat16,2048,32x64,4291.643,2,23,AMD Radeon RX 9070 XT,64,0,0,0
muse.o_proj  g32,2048,6656,32,bfloat16,2048,16x64,11418.775,2,23,AMD Radeon RX 9070 XT,64,0,0,0
muse.o_proj  g32,2048,6656,32,bfloat16,2048,32x128,14612.132,2,23,AMD Radeon RX 9070 XT,64,0,0,0
muse.o_proj  g32,2048,6656,32,bfloat16,2048,16x128,24059.040,2,23,AMD Radeon RX 9070 XT,64,0,0,0
muse.gate_up g32,6656,19968,32,bfloat16,1,32x64x4,296.318,16,4,AMD Radeon RX 9070 XT,64,0,0,0
muse.gate_up g32,6656,19968,32,bfloat16,1,64x128x4,325.172,15,4,AMD Radeon RX 9070 XT,64,0,0,0
muse.gate_up g32,6656,19968,32,bfloat16,1,64x64x2,342.590,14,4,AMD Radeon RX 9070 XT,64,0,0,0
muse.gate_up g32,6656,19968,32,bfloat16,1,128x128x4,413.500,12,4,AMD Radeon RX 9070 XT,64,0,0,0
muse.gate_up g32,6656,19968,32,bfloat16,1,128x64x2,426.438,11,4,AMD Radeon RX 9070 XT,64,0,0,0
muse.gate_up g32,6656,19968,32,bfloat16,1,64x32,448.823,11,4,AMD Radeon RX 9070 XT,64,0,0,0
muse.gate_up g32,6656,19968,32,bfloat16,1,96x128x2,451.240,11,4,AMD Radeon RX 9070 XT,64,0,0,0
muse.gate_up g32,6656,19968,32,bfloat16,1,auto,452.478,10,4,AMD Radeon RX 9070 XT,64,0,0,0
muse.gate_up g32,6656,19968,32,bfloat16,1,32x128x4,455.599,10,4,AMD Radeon RX 9070 XT,64,0,0,0
muse.gate_up g32,6656,19968,32,bfloat16,1,32x64x2,464.459,10,4,AMD Radeon RX 9070 XT,64,0,0,0
muse.gate_up g32,6656,19968,32,bfloat16,1,64x128x2,491.018,10,4,AMD Radeon RX 9070 XT,64,0,0,0
muse.gate_up g32,6656,19968,32,bfloat16,1,128x128x2,501.658,9,4,AMD Radeon RX 9070 XT,64,0,0,0
muse.gate_up g32,6656,19968,32,bfloat16,1,32x32,515.450,9,4,AMD Radeon RX 9070 XT,64,0,0,0
muse.gate_up g32,6656,19968,32,bfloat16,1,64x64,522.296,9,4,AMD Radeon RX 9070 XT,64,0,0,0
muse.gate_up g32,6656,19968,32,bfloat16,1,128x64,522.505,9,4,AMD Radeon RX 9070 XT,64,0,0,0
muse.gate_up g32,6656,19968,32,bfloat16,1,128x32,529.807,9,4,AMD Radeon RX 9070 XT,64,0,0,0
muse.gate_up g32,6656,19968,32,bfloat16,1,prefill_wmma,590.916,8,4,AMD Radeon RX 9070 XT,64,0,0,0
muse.gate_up g32,6656,19968,32,bfloat16,1,128x128,611.017,8,4,AMD Radeon RX 9070 XT,64,0,0,0
muse.gate_up g32,6656,19968,32,bfloat16,1,112x128,680.042,7,4,AMD Radeon RX 9070 XT,64,0,0,0
muse.gate_up g32,6656,19968,32,bfloat16,1,256x128,697.248,7,4,AMD Radeon RX 9070 XT,64,0,0,0
muse.gate_up g32,6656,19968,32,bfloat16,1,256x128x2,708.640,7,4,AMD Radeon RX 9070 XT,64,0,0,0
muse.gate_up g32,6656,19968,32,bfloat16,1,96x128,718.422,6,4,AMD Radeon RX 9070 XT,64,0,0,0
muse.gate_up g32,6656,19968,32,bfloat16,1,192x128x2,738.707,6,4,AMD Radeon RX 9070 XT,64,0,0,0
muse.gate_up g32,6656,19968,32,bfloat16,1,192x128,755.109,6,4,AMD Radeon RX 9070 XT,64,0,0,0
muse.gate_up g32,6656,19968,32,bfloat16,1,256x64,756.927,6,4,AMD Radeon RX 9070 XT,64,0,0,0
muse.gate_up g32,6656,19968,32,bfloat16,1,prefill_wmma_ashuffle,764.309,6,4,AMD Radeon RX 9070 XT,64,0,0,0
muse.gate_up g32,6656,19968,32,bfloat16,1,80x128,772.006,6,4,AMD Radeon RX 9070 XT,64,0,0,0
muse.gate_up g32,6656,19968,32,bfloat16,1,256x32,781.809,6,4,AMD Radeon RX 9070 XT,64,0,0,0
muse.gate_up g32,6656,19968,32,bfloat16,1,32x64,889.828,5,4,AMD Radeon RX 9070 XT,64,0,0,0
muse.gate_up g32,6656,19968,32,bfloat16,1,64x128,917.593,5,4,AMD Radeon RX 9070 XT,64,0,0,0
muse.gate_up g32,6656,19968,32,bfloat16,1,128x256,1014.251,4,4,AMD Radeon RX 9070 XT,64,0,0,0
muse.gate_up g32,6656,19968,32,bfloat16,1,16x64,1744.359,2,4,AMD Radeon RX 9070 XT,64,0,0,0
muse.gate_up g32,6656,19968,32,bfloat16,1,32x128,1785.254,2,4,AMD Radeon RX 9070 XT,64,0,0,0
muse.gate_up g32,6656,19968,32,bfloat16,1,16x128,1793.100,2,4,AMD Radeon RX 9070 XT,64,0,0,0
muse.gate_up g32,6656,19968,32,bfloat16,1,prefill_wmma:smallm_off,1802.110,2,4,AMD Radeon RX 9070 XT,64,0,0,0
muse.gate_up g32,6656,19968,32,bfloat16,8,32x64x4,296.219,16,4,AMD Radeon RX 9070 XT,64,0,0,0
muse.gate_up g32,6656,19968,32,bfloat16,8,64x128x4,324.906,15,4,AMD Radeon RX 9070 XT,64,0,0,0
muse.gate_up g32,6656,19968,32,bfloat16,8,64x64x2,345.479,14,4,AMD Radeon RX 9070 XT,64,0,0,0
muse.gate_up g32,6656,19968,32,bfloat16,8,128x128x4,422.905,12,4,AMD Radeon RX 9070 XT,64,0,0,0
muse.gate_up g32,6656,19968,32,bfloat16,8,128x64x2,441.019,11,4,AMD Radeon RX 9070 XT,64,0,0,0
muse.gate_up g32,6656,19968,32,bfloat16,8,96x128x2,452.995,10,4,AMD Radeon RX 9070 XT,64,0,0,0
muse.gate_up g32,6656,19968,32,bfloat16,8,64x32,455.740,10,4,AMD Radeon RX 9070 XT,64,0,0,0
muse.gate_up g32,6656,19968,32,bfloat16,8,32x128x4,456.253,10,4,AMD Radeon RX 9070 XT,64,0,0,0
muse.gate_up g32,6656,19968,32,bfloat16,8,auto,458.169,10,4,AMD Radeon RX 9070 XT,64,0,0,0
muse.gate_up g32,6656,19968,32,bfloat16,8,32x64x2,471.485,10,4,AMD Radeon RX 9070 XT,64,0,0,0
muse.gate_up g32,6656,19968,32,bfloat16,8,64x128x2,493.071,10,4,AMD Radeon RX 9070 XT,64,0,0,0
muse.gate_up g32,6656,19968,32,bfloat16,8,128x128x2,502.007,9,4,AMD Radeon RX 9070 XT,64,0,0,0
muse.gate_up g32,6656,19968,32,bfloat16,8,32x32,529.439,9,4,AMD Radeon RX 9070 XT,64,0,0,0
muse.gate_up g32,6656,19968,32,bfloat16,8,64x64,529.726,9,4,AMD Radeon RX 9070 XT,64,0,0,0
muse.gate_up g32,6656,19968,32,bfloat16,8,128x64,534.005,9,4,AMD Radeon RX 9070 XT,64,0,0,0
muse.gate_up g32,6656,19968,32,bfloat16,8,128x32,537.716,9,4,AMD Radeon RX 9070 XT,64,0,0,0
muse.gate_up g32,6656,19968,32,bfloat16,8,prefill_wmma,588.846,8,4,AMD Radeon RX 9070 XT,64,0,0,0
muse.gate_up g32,6656,19968,32,bfloat16,8,128x128,613.584,7,4,AMD Radeon RX 9070 XT,64,0,0,0
muse.gate_up g32,6656,19968,32,bfloat16,8,112x128,679.038,7,4,AMD Radeon RX 9070 XT,64,0,0,0
muse.gate_up g32,6656,19968,32,bfloat16,8,256x128,706.720,7,4,AMD Radeon RX 9070 XT,64,0,0,0
muse.gate_up g32,6656,19968,32,bfloat16,8,96x128,719.956,6,4,AMD Radeon RX 9070 XT,64,0,0,0
muse.gate_up g32,6656,19968,32,bfloat16,8,256x128x2,733.605,6,4,AMD Radeon RX 9070 XT,64,0,0,0
muse.gate_up g32,6656,19968,32,bfloat16,8,192x128x2,736.045,6,4,AMD Radeon RX 9070 XT,64,0,0,0
muse.gate_up g32,6656,19968,32,bfloat16,8,192x128,761.765,6,4,AMD Radeon RX 9070 XT,64,0,0,0
muse.gate_up g32,6656,19968,32,bfloat16,8,prefill_wmma_ashuffle,769.812,6,4,AMD Radeon RX 9070 XT,64,0,0,0
muse.gate_up g32,6656,19968,32,bfloat16,8,80x128,771.552,6,4,AMD Radeon RX 9070 XT,64,0,0,0
muse.gate_up g32,6656,19968,32,bfloat16,8,256x64,777.306,6,4,AMD Radeon RX 9070 XT,64,0,0,0
muse.gate_up g32,6656,19968,32,bfloat16,8,256x32,801.076,6,4,AMD Radeon RX 9070 XT,64,0,0,0
muse.gate_up g32,6656,19968,32,bfloat16,8,32x64,902.326,5,4,AMD Radeon RX 9070 XT,64,0,0,0
muse.gate_up g32,6656,19968,32,bfloat16,8,64x128,918.251,5,4,AMD Radeon RX 9070 XT,64,0,0,0
muse.gate_up g32,6656,19968,32,bfloat16,8,128x256,1017.179,4,4,AMD Radeon RX 9070 XT,64,0,0,0
muse.gate_up g32,6656,19968,32,bfloat16,8,prefill_wmma:smallm_off,1776.709,2,4,AMD Radeon RX 9070 XT,64,0,0,0
muse.gate_up g32,6656,19968,32,bfloat16,8,32x128,1787.954,2,4,AMD Radeon RX 9070 XT,64,0,0,0
muse.gate_up g32,6656,19968,32,bfloat16,8,16x128,1792.789,2,4,AMD Radeon RX 9070 XT,64,0,0,0
muse.gate_up g32,6656,19968,32,bfloat16,8,16x64,2004.917,2,4,AMD Radeon RX 9070 XT,64,0,0,0
muse.gate_up g32,6656,19968,32,bfloat16,17,32x64x4,302.960,16,4,AMD Radeon RX 9070 XT,64,0,0,0
muse.gate_up g32,6656,19968,32,bfloat16,17,64x128x4,333.162,15,4,AMD Radeon RX 9070 XT,64,0,0,0
muse.gate_up g32,6656,19968,32,bfloat16,17,64x64x2,352.566,14,4,AMD Radeon RX 9070 XT,64,0,0,0
muse.gate_up g32,6656,19968,32,bfloat16,17,128x128x4,431.463,11,4,AMD Radeon RX 9070 XT,64,0,0,0
muse.gate_up g32,6656,19968,32,bfloat16,17,128x64x2,446.092,11,4,AMD Radeon RX 9070 XT,64,0,0,0
muse.gate_up g32,6656,19968,32,bfloat16,17,96x128x2,458.490,10,4,AMD Radeon RX 9070 XT,64,0,0,0
muse.gate_up g32,6656,19968,32,bfloat16,17,32x128x4,463.675,10,4,AMD Radeon RX 9070 XT,64,0,0,0
muse.gate_up g32,6656,19968,32,bfloat16,17,32x64x2,484.999,10,4,AMD Radeon RX 9070 XT,64,0,0,0
muse.gate_up g32,6656,19968,32,bfloat16,17,64x32,493.350,10,4,AMD Radeon RX 9070 XT,64,0,0,0
muse.gate_up g32,6656,19968,32,bfloat16,17,auto,495.332,9,4,AMD Radeon RX 9070 XT,64,0,0,0
muse.gate_up g32,6656,19968,32,bfloat16,17,64x128x2,498.279,9,4,AMD Radeon RX 9070 XT,64,0,0,0
muse.gate_up g32,6656,19968,32,bfloat16,17,128x128x2,516.645,9,4,AMD Radeon RX 9070 XT,64,0,0,0
muse.gate_up g32,6656,19968,32,bfloat16,17,64x64,543.757,9,4,AMD Radeon RX 9070 XT,64,0,0,0
muse.gate_up g32,6656,19968,32,bfloat16,17,128x64,547.253,9,4,AMD Radeon RX 9070 XT,64,0,0,0
muse.gate_up g32,6656,19968,32,bfloat16,17,128x32,564.528,9,4,AMD Radeon RX 9070 XT,64,0,0,0
muse.gate_up g32,6656,19968,32,bfloat16,17,32x32,589.641,8,4,AMD Radeon RX 9070 XT,64,0,0,0
muse.gate_up g32,6656,19968,32,bfloat16,17,128x128,619.814,7,4,AMD Radeon RX 9070 XT,64,0,0,0
muse.gate_up g32,6656,19968,32,bfloat16,17,prefill_wmma,677.572,7,4,AMD Radeon RX 9070 XT,64,0,0,0
muse.gate_up g32,6656,19968,32,bfloat16,17,112x128,684.381,7,4,AMD Radeon RX 9070 XT,64,0,0,0
muse.gate_up g32,6656,19968,32,bfloat16,17,256x128,716.958,7,4,AMD Radeon RX 9070 XT,64,0,0,0
muse.gate_up g32,6656,19968,32,bfloat16,17,96x128,728.345,6,4,AMD Radeon RX 9070 XT,64,0,0,0
muse.gate_up g32,6656,19968,32,bfloat16,17,256x128x2,745.909,6,4,AMD Radeon RX 9070 XT,64,0,0,0
muse.gate_up g32,6656,19968,32,bfloat16,17,192x128x2,754.247,6,4,AMD Radeon RX 9070 XT,64,0,0,0
muse.gate_up g32,6656,19968,32,bfloat16,17,192x128,772.114,6,4,AMD Radeon RX 9070 XT,64,0,0,0
muse.gate_up g32,6656,19968,32,bfloat16,17,80x128,785.122,6,4,AMD Radeon RX 9070 XT,64,0,0,0
muse.gate_up g32,6656,19968,32,bfloat16,17,256x64,785.743,6,4,AMD Radeon RX 9070 XT,64,0,0,0
muse.gate_up g32,6656,19968,32,bfloat16,17,256x32,817.043,6,4,AMD Radeon RX 9070 XT,64,0,0,0
muse.gate_up g32,6656,19968,32,bfloat16,17,prefill_wmma_ashuffle,819.270,6,4,AMD Radeon RX 9070 XT,64,0,0,0
muse.gate_up g32,6656,19968,32,bfloat16,17,64x128,928.041,5,4,AMD Radeon RX 9070 XT,64,0,0,0
muse.gate_up g32,6656,19968,32,bfloat16,17,32x64,929.871,5,4,AMD Radeon RX 9070 XT,64,0,0,0
muse.gate_up g32,6656,19968,32,bfloat16,17,128x256,1020.476,4,4,AMD Radeon RX 9070 XT,64,0,0,0
muse.gate_up g32,6656,19968,32,bfloat16,17,32x128,1778.119,2,4,AMD Radeon RX 9070 XT,64,0,0,0
muse.gate_up g32,6656,19968,32,bfloat16,17,prefill_wmma:smallm_off,1876.791,2,4,AMD Radeon RX 9070 XT,64,0,0,0
muse.gate_up g32,6656,19968,32,bfloat16,17,16x64,2493.099,2,4,AMD Radeon RX 9070 XT,64,0,0,0
muse.gate_up g32,6656,19968,32,bfloat16,17,16x128,3185.619,2,4,AMD Radeon RX 9070 XT,64,0,0,0
muse.gate_up g32,6656,19968,32,bfloat16,24,32x64x4,310.395,16,4,AMD Radeon RX 9070 XT,64,0,0,0
muse.gate_up g32,6656,19968,32,bfloat16,24,64x128x4,335.147,14,4,AMD Radeon RX 9070 XT,64,0,0,0
muse.gate_up g32,6656,19968,32,bfloat16,24,64x64x2,359.001,13,4,AMD Radeon RX 9070 XT,64,0,0,0
muse.gate_up g32,6656,19968,32,bfloat16,24,128x128x4,432.716,11,4,AMD Radeon RX 9070 XT,64,0,0,0
muse.gate_up g32,6656,19968,32,bfloat16,24,128x64x2,450.375,11,4,AMD Radeon RX 9070 XT,64,0,0,0
muse.gate_up g32,6656,19968,32,bfloat16,24,96x128x2,458.390,10,4,AMD Radeon RX 9070 XT,64,0,0,0
muse.gate_up g32,6656,19968,32,bfloat16,24,32x128x4,473.056,10,4,AMD Radeon RX 9070 XT,64,0,0,0
muse.gate_up g32,6656,19968,32,bfloat16,24,32x64x2,504.126,9,4,AMD Radeon RX 9070 XT,64,0,0,0
muse.gate_up g32,6656,19968,32,bfloat16,24,64x128x2,507.102,9,4,AMD Radeon RX 9070 XT,64,0,0,0
muse.gate_up g32,6656,19968,32,bfloat16,24,64x32,512.224,9,4,AMD Radeon RX 9070 XT,64,0,0,0
muse.gate_up g32,6656,19968,32,bfloat16,24,auto,514.797,9,4,AMD Radeon RX 9070 XT,64,0,0,0
muse.gate_up g32,6656,19968,32,bfloat16,24,128x128x2,517.120,9,4,AMD Radeon RX 9070 XT,64,0,0,0
muse.gate_up g32,6656,19968,32,bfloat16,24,128x64,561.850,8,4,AMD Radeon RX 9070 XT,64,0,0,0
muse.gate_up g32,6656,19968,32,bfloat16,24,64x64,567.023,8,4,AMD Radeon RX 9070 XT,64,0,0,0
muse.gate_up g32,6656,19968,32,bfloat16,24,128x32,573.175,8,4,AMD Radeon RX 9070 XT,64,0,0,0
muse.gate_up g32,6656,19968,32,bfloat16,24,128x128,626.746,7,4,AMD Radeon RX 9070 XT,64,0,0,0
muse.gate_up g32,6656,19968,32,bfloat16,24,32x32,632.124,7,4,AMD Radeon RX 9070 XT,64,0,0,0
muse.gate_up g32,6656,19968,32,bfloat16,24,prefill_wmma,690.051,7,4,AMD Radeon RX 9070 XT,64,0,0,0
muse.gate_up g32,6656,19968,32,bfloat16,24,112x128,693.044,7,4,AMD Radeon RX 9070 XT,64,0,0,0
muse.gate_up g32,6656,19968,32,bfloat16,24,256x128,720.650,6,4,AMD Radeon RX 9070 XT,64,0,0,0
muse.gate_up g32,6656,19968,32,bfloat16,24,96x128,736.020,6,4,AMD Radeon RX 9070 XT,64,0,0,0
muse.gate_up g32,6656,19968,32,bfloat16,24,256x128x2,748.297,6,4,AMD Radeon RX 9070 XT,64,0,0,0
muse.gate_up g32,6656,19968,32,bfloat16,24,192x128x2,750.924,6,4,AMD Radeon RX 9070 XT,64,0,0,0
muse.gate_up g32,6656,19968,32,bfloat16,24,192x128,771.661,6,4,AMD Radeon RX 9070 XT,64,0,0,0
muse.gate_up g32,6656,19968,32,bfloat16,24,80x128,798.013,6,4,AMD Radeon RX 9070 XT,64,0,0,0
muse.gate_up g32,6656,19968,32,bfloat16,24,256x64,799.106,6,4,AMD Radeon RX 9070 XT,64,0,0,0
muse.gate_up g32,6656,19968,32,bfloat16,24,256x32,819.975,6,4,AMD Radeon RX 9070 XT,64,0,0,0
muse.gate_up g32,6656,19968,32,bfloat16,24,prefill_wmma_ashuffle,827.105,6,4,AMD Radeon RX 9070 XT,64,0,0,0
muse.gate_up g32,6656,19968,32,bfloat16,24,64x128,945.307,5,4,AMD Radeon RX 9070 XT,64,0,0,0
muse.gate_up g32,6656,19968,32,bfloat16,24,32x64,970.685,5,4,AMD Radeon RX 9070 XT,64,0,0,0
muse.gate_up g32,6656,19968,32,bfloat16,24,128x256,1028.609,4,4,AMD Radeon RX 9070 XT,64,0,0,0
muse.gate_up g32,6656,19968,32,bfloat16,24,prefill_wmma:smallm_off,1885.866,2,4,AMD Radeon RX 9070 XT,64,0,0,0
muse.gate_up g32,6656,19968,32,bfloat16,24,32x128,1919.866,2,4,AMD Radeon RX 9070 XT,64,0,0,0
muse.gate_up g32,6656,19968,32,bfloat16,24,16x64,3235.670,2,4,AMD Radeon RX 9070 XT,64,0,0,0
muse.gate_up g32,6656,19968,32,bfloat16,24,16x128,3240.505,2,4,AMD Radeon RX 9070 XT,64,0,0,0
muse.gate_up g32,6656,19968,32,bfloat16,32,32x64x4,317.198,15,4,AMD Radeon RX 9070 XT,64,0,0,0
muse.gate_up g32,6656,19968,32,bfloat16,32,64x128x4,338.620,14,4,AMD Radeon RX 9070 XT,64,0,0,0
muse.gate_up g32,6656,19968,32,bfloat16,32,64x64x2,365.690,13,4,AMD Radeon RX 9070 XT,64,0,0,0
muse.gate_up g32,6656,19968,32,bfloat16,32,128x128x4,434.903,11,4,AMD Radeon RX 9070 XT,64,0,0,0
muse.gate_up g32,6656,19968,32,bfloat16,32,128x64x2,452.337,11,4,AMD Radeon RX 9070 XT,64,0,0,0
muse.gate_up g32,6656,19968,32,bfloat16,32,96x128x2,465.593,10,4,AMD Radeon RX 9070 XT,64,0,0,0
muse.gate_up g32,6656,19968,32,bfloat16,32,32x128x4,482.390,10,4,AMD Radeon RX 9070 XT,64,0,0,0
muse.gate_up g32,6656,19968,32,bfloat16,32,64x128x2,514.704,9,4,AMD Radeon RX 9070 XT,64,0,0,0
muse.gate_up g32,6656,19968,32,bfloat16,32,32x64x2,526.828,9,4,AMD Radeon RX 9070 XT,64,0,0,0
muse.gate_up g32,6656,19968,32,bfloat16,32,128x128x2,528.301,9,4,AMD Radeon RX 9070 XT,64,0,0,0
muse.gate_up g32,6656,19968,32,bfloat16,32,64x32,546.541,9,4,AMD Radeon RX 9070 XT,64,0,0,0
muse.gate_up g32,6656,19968,32,bfloat16,32,auto,546.922,9,4,AMD Radeon RX 9070 XT,64,0,0,0
muse.gate_up g32,6656,19968,32,bfloat16,32,128x64,575.029,8,4,AMD Radeon RX 9070 XT,64,0,0,0
muse.gate_up g32,6656,19968,32,bfloat16,32,64x64,587.547,8,4,AMD Radeon RX 9070 XT,64,0,0,0
muse.gate_up g32,6656,19968,32,bfloat16,32,128x32,593.693,8,4,AMD Radeon RX 9070 XT,64,0,0,0
muse.gate_up g32,6656,19968,32,bfloat16,32,128x128,633.756,7,4,AMD Radeon RX 9070 XT,64,0,0,0
muse.gate_up g32,6656,19968,32,bfloat16,32,32x32,677.891,7,4,AMD Radeon RX 9070 XT,64,0,0,0
muse.gate_up g32,6656,19968,32,bfloat16,32,112x128,698.974,7,4,AMD Radeon RX 9070 XT,64,0,0,0
muse.gate_up g32,6656,19968,32,bfloat16,32,256x128,729.095,6,4,AMD Radeon RX 9070 XT,64,0,0,0
muse.gate_up g32,6656,19968,32,bfloat16,32,prefill_wmma,730.791,7,4,AMD Radeon RX 9070 XT,64,0,0,0
muse.gate_up g32,6656,19968,32,bfloat16,32,96x128,745.840,6,4,AMD Radeon RX 9070 XT,64,0,0,0
muse.gate_up g32,6656,19968,32,bfloat16,32,256x128x2,752.050,6,4,AMD Radeon RX 9070 XT,64,0,0,0
muse.gate_up g32,6656,19968,32,bfloat16,32,192x128x2,771.249,6,4,AMD Radeon RX 9070 XT,64,0,0,0
muse.gate_up g32,6656,19968,32,bfloat16,32,192x128,784.486,6,4,AMD Radeon RX 9070 XT,64,0,0,0
muse.gate_up g32,6656,19968,32,bfloat16,32,256x64,803.011,6,4,AMD Radeon RX 9070 XT,64,0,0,0
muse.gate_up g32,6656,19968,32,bfloat16,32,80x128,809.056,6,4,AMD Radeon RX 9070 XT,64,0,0,0
muse.gate_up g32,6656,19968,32,bfloat16,32,256x32,821.016,6,4,AMD Radeon RX 9070 XT,64,0,0,0
muse.gate_up g32,6656,19968,32,bfloat16,32,prefill_wmma_ashuffle,834.925,5,4,AMD Radeon RX 9070 XT,64,0,0,0
muse.gate_up g32,6656,19968,32,bfloat16,32,64x128,959.627,5,4,AMD Radeon RX 9070 XT,64,0,0,0
muse.gate_up g32,6656,19968,32,bfloat16,32,32x64,1016.634,4,4,AMD Radeon RX 9070 XT,64,0,0,0
muse.gate_up g32,6656,19968,32,bfloat16,32,128x256,1072.520,4,4,AMD Radeon RX 9070 XT,64,0,0,0
muse.gate_up g32,6656,19968,32,bfloat16,32,prefill_wmma:smallm_off,1853.935,2,4,AMD Radeon RX 9070 XT,64,0,0,0
muse.gate_up g32,6656,19968,32,bfloat16,32,32x128,2241.680,2,4,AMD Radeon RX 9070 XT,64,0,0,0
muse.gate_up g32,6656,19968,32,bfloat16,32,16x128,3282.855,2,4,AMD Radeon RX 9070 XT,64,0,0,0
muse.gate_up g32,6656,19968,32,bfloat16,32,16x64,3375.411,2,4,AMD Radeon RX 9070 XT,64,0,0,0
muse.gate_up g32,6656,19968,32,bfloat16,48,64x128x4,349.249,14,4,AMD Radeon RX 9070 XT,64,0,0,0
muse.gate_up g32,6656,19968,32,bfloat16,48,64x64x2,380.864,13,4,AMD Radeon RX 9070 XT,64,0,0,0
muse.gate_up g32,6656,19968,32,bfloat16,48,128x128x4,442.631,11,4,AMD Radeon RX 9070 XT,64,0,0,0
muse.gate_up g32,6656,19968,32,bfloat16,48,128x64x2,464.947,11,4,AMD Radeon RX 9070 XT,64,0,0,0
muse.gate_up g32,6656,19968,32,bfloat16,48,96x128x2,474.089,10,4,AMD Radeon RX 9070 XT,64,0,0,0
muse.gate_up g32,6656,19968,32,bfloat16,48,32x64x4,523.724,9,4,AMD Radeon RX 9070 XT,64,0,0,0
muse.gate_up g32,6656,19968,32,bfloat16,48,64x128x2,540.014,9,4,AMD Radeon RX 9070 XT,64,0,0,0
muse.gate_up g32,6656,19968,32,bfloat16,48,128x128x2,545.560,9,4,AMD Radeon RX 9070 XT,64,0,0,0
muse.gate_up g32,6656,19968,32,bfloat16,48,128x64,599.003,8,4,AMD Radeon RX 9070 XT,64,0,0,0
muse.gate_up g32,6656,19968,32,bfloat16,48,64x64,629.072,7,4,AMD Radeon RX 9070 XT,64,0,0,0
muse.gate_up g32,6656,19968,32,bfloat16,48,128x32,633.052,8,4,AMD Radeon RX 9070 XT,64,0,0,0
muse.gate_up g32,6656,19968,32,bfloat16,48,64x32,634.083,7,4,AMD Radeon RX 9070 XT,64,0,0,0
muse.gate_up g32,6656,19968,32,bfloat16,48,auto,635.250,7,4,AMD Radeon RX 9070 XT,64,0,0,0
muse.gate_up g32,6656,19968,32,bfloat16,48,128x128,652.519,7,4,AMD Radeon RX 9070 XT,64,0,0,0
muse.gate_up g32,6656,19968,32,bfloat16,48,32x128x4,705.450,6,4,AMD Radeon RX 9070 XT,64,0,0,0
muse.gate_up g32,6656,19968,32,bfloat16,48,112x128,714.231,6,4,AMD Radeon RX 9070 XT,64,0,0,0
muse.gate_up g32,6656,19968,32,bfloat16,48,32x64x2,732.525,6,4,AMD Radeon RX 9070 XT,64,0,0,0
muse.gate_up g32,6656,19968,32,bfloat16,48,256x128,743.177,6,4,AMD Radeon RX 9070 XT,64,0,0,0
muse.gate_up g32,6656,19968,32,bfloat16,48,96x128,769.939,6,4,AMD Radeon RX 9070 XT,64,0,0,0
muse.gate_up g32,6656,19968,32,bfloat16,48,256x128x2,777.149,6,4,AMD Radeon RX 9070 XT,64,0,0,0
muse.gate_up g32,6656,19968,32,bfloat16,48,192x128x2,790.229,6,4,AMD Radeon RX 9070 XT,64,0,0,0
muse.gate_up g32,6656,19968,32,bfloat16,48,192x128,798.153,6,4,AMD Radeon RX 9070 XT,64,0,0,0
muse.gate_up g32,6656,19968,32,bfloat16,48,256x64,825.831,5,4,AMD Radeon RX 9070 XT,64,0,0,0
muse.gate_up g32,6656,19968,32,bfloat16,48,prefill_wmma,838.111,6,4,AMD Radeon RX 9070 XT,64,0,0,0
muse.gate_up g32,6656,19968,32,bfloat16,48,80x128,838.848,5,4,AMD Radeon RX 9070 XT,64,0,0,0
muse.gate_up g32,6656,19968,32,bfloat16,48,256x32,846.838,6,4,AMD Radeon RX 9070 XT,64,0,0,0
muse.gate_up g32,6656,19968,32,bfloat16,48,prefill_wmma_ashuffle,884.036,5,4,AMD Radeon RX 9070 XT,64,0,0,0
muse.gate_up g32,6656,19968,32,bfloat16,48,64x128,995.864,4,4,AMD Radeon RX 9070 XT,64,0,0,0
muse.gate_up g32,6656,19968,32,bfloat16,48,128x256,1254.437,4,4,AMD Radeon RX 9070 XT,64,0,0,0
muse.gate_up g32,6656,19968,32,bfloat16,48,32x32,1277.947,3,4,AMD Radeon RX 9070 XT,64,0,0,0
muse.gate_up g32,6656,19968,32,bfloat16,48,32x64,1554.115,3,4,AMD Radeon RX 9070 XT,64,0,0,0
muse.gate_up g32,6656,19968,32,bfloat16,48,prefill_wmma:smallm_off,1979.357,2,4,AMD Radeon RX 9070 XT,64,0,0,0
muse.gate_up g32,6656,19968,32,bfloat16,48,32x128,2605.561,2,4,AMD Radeon RX 9070 XT,64,0,0,0
muse.gate_up g32,6656,19968,32,bfloat16,48,16x64,4201.832,2,4,AMD Radeon RX 9070 XT,64,0,0,0
muse.gate_up g32,6656,19968,32,bfloat16,48,16x128,4825.516,2,4,AMD Radeon RX 9070 XT,64,0,0,0
muse.gate_up g32,6656,19968,32,bfloat16,63,64x128x4,358.841,14,4,AMD Radeon RX 9070 XT,64,0,0,0
muse.gate_up g32,6656,19968,32,bfloat16,63,64x64x2,396.353,12,4,AMD Radeon RX 9070 XT,64,0,0,0
muse.gate_up g32,6656,19968,32,bfloat16,63,128x128x4,446.613,11,4,AMD Radeon RX 9070 XT,64,0,0,0
muse.gate_up g32,6656,19968,32,bfloat16,63,128x64x2,476.028,10,4,AMD Radeon RX 9070 XT,64,0,0,0
muse.gate_up g32,6656,19968,32,bfloat16,63,96x128x2,485.881,10,4,AMD Radeon RX 9070 XT,64,0,0,0
muse.gate_up g32,6656,19968,32,bfloat16,63,32x64x4,535.583,9,4,AMD Radeon RX 9070 XT,64,0,0,0
muse.gate_up g32,6656,19968,32,bfloat16,63,128x128x2,560.130,9,4,AMD Radeon RX 9070 XT,64,0,0,0
muse.gate_up g32,6656,19968,32,bfloat16,63,64x128x2,560.305,8,4,AMD Radeon RX 9070 XT,64,0,0,0
muse.gate_up g32,6656,19968,32,bfloat16,63,128x64,618.580,8,4,AMD Radeon RX 9070 XT,64,0,0,0
muse.gate_up g32,6656,19968,32,bfloat16,63,128x128,665.875,7,4,AMD Radeon RX 9070 XT,64,0,0,0
muse.gate_up g32,6656,19968,32,bfloat16,63,64x64,675.281,7,4,AMD Radeon RX 9070 XT,64,0,0,0
muse.gate_up g32,6656,19968,32,bfloat16,63,128x32,679.928,7,4,AMD Radeon RX 9070 XT,64,0,0,0
muse.gate_up g32,6656,19968,32,bfloat16,63,64x32,699.417,7,4,AMD Radeon RX 9070 XT,64,0,0,0
muse.gate_up g32,6656,19968,32,bfloat16,63,auto,703.825,7,4,AMD Radeon RX 9070 XT,64,0,0,0
muse.gate_up g32,6656,19968,32,bfloat16,63,32x128x4,719.950,6,4,AMD Radeon RX 9070 XT,64,0,0,0
muse.gate_up g32,6656,19968,32,bfloat16,63,112x128,732.952,6,4,AMD Radeon RX 9070 XT,64,0,0,0
muse.gate_up g32,6656,19968,32,bfloat16,63,256x128,752.254,6,4,AMD Radeon RX 9070 XT,64,0,0,0
muse.gate_up g32,6656,19968,32,bfloat16,63,32x64x2,783.377,6,4,AMD Radeon RX 9070 XT,64,0,0,0
muse.gate_up g32,6656,19968,32,bfloat16,63,256x128x2,784.406,6,4,AMD Radeon RX 9070 XT,64,0,0,0
muse.gate_up g32,6656,19968,32,bfloat16,63,96x128,786.804,6,4,AMD Radeon RX 9070 XT,64,0,0,0
muse.gate_up g32,6656,19968,32,bfloat16,63,192x128x2,811.424,6,4,AMD Radeon RX 9070 XT,64,0,0,0
muse.gate_up g32,6656,19968,32,bfloat16,63,192x128,812.751,5,4,AMD Radeon RX 9070 XT,64,0,0,0
muse.gate_up g32,6656,19968,32,bfloat16,63,256x64,842.164,5,4,AMD Radeon RX 9070 XT,64,0,0,0
muse.gate_up g32,6656,19968,32,bfloat16,63,256x32,868.160,5,4,AMD Radeon RX 9070 XT,64,0,0,0
muse.gate_up g32,6656,19968,32,bfloat16,63,80x128,871.258,5,4,AMD Radeon RX 9070 XT,64,0,0,0
muse.gate_up g32,6656,19968,32,bfloat16,63,prefill_wmma,919.811,5,4,AMD Radeon RX 9070 XT,64,0,0,0
muse.gate_up g32,6656,19968,32,bfloat16,63,prefill_wmma_ashuffle,939.733,5,4,AMD Radeon RX 9070 XT,64,0,0,0
muse.gate_up g32,6656,19968,32,bfloat16,63,64x128,1087.950,4,4,AMD Radeon RX 9070 XT,64,0,0,0
muse.gate_up g32,6656,19968,32,bfloat16,63,128x256,1193.883,3,4,AMD Radeon RX 9070 XT,64,0,0,0
muse.gate_up g32,6656,19968,32,bfloat16,63,32x32,1473.150,3,4,AMD Radeon RX 9070 XT,64,0,0,0
muse.gate_up g32,6656,19968,32,bfloat16,63,32x64,1692.783,2,4,AMD Radeon RX 9070 XT,64,0,0,0
muse.gate_up g32,6656,19968,32,bfloat16,63,prefill_wmma:smallm_off,2069.203,2,4,AMD Radeon RX 9070 XT,64,0,0,0
muse.gate_up g32,6656,19968,32,bfloat16,63,32x128,3310.055,2,4,AMD Radeon RX 9070 XT,64,0,0,0
muse.gate_up g32,6656,19968,32,bfloat16,63,16x64,6649.876,2,4,AMD Radeon RX 9070 XT,64,0,0,0
muse.gate_up g32,6656,19968,32,bfloat16,63,16x128,8288.089,2,4,AMD Radeon RX 9070 XT,64,0,0,0
muse.gate_up g32,6656,19968,32,bfloat16,64,64x128x4,359.557,13,4,AMD Radeon RX 9070 XT,64,0,0,0
muse.gate_up g32,6656,19968,32,bfloat16,64,64x64x2,397.822,12,4,AMD Radeon RX 9070 XT,64,0,0,0
muse.gate_up g32,6656,19968,32,bfloat16,64,128x128x4,446.670,11,4,AMD Radeon RX 9070 XT,64,0,0,0
muse.gate_up g32,6656,19968,32,bfloat16,64,128x64x2,476.685,10,4,AMD Radeon RX 9070 XT,64,0,0,0
muse.gate_up g32,6656,19968,32,bfloat16,64,96x128x2,489.481,10,4,AMD Radeon RX 9070 XT,64,0,0,0
muse.gate_up g32,6656,19968,32,bfloat16,64,32x64x4,535.858,9,4,AMD Radeon RX 9070 XT,64,0,0,0
muse.gate_up g32,6656,19968,32,bfloat16,64,64x128x2,562.289,8,4,AMD Radeon RX 9070 XT,64,0,0,0
muse.gate_up g32,6656,19968,32,bfloat16,64,128x128x2,562.826,9,4,AMD Radeon RX 9070 XT,64,0,0,0
muse.gate_up g32,6656,19968,32,bfloat16,64,128x64,619.593,7,4,AMD Radeon RX 9070 XT,64,0,0,0
muse.gate_up g32,6656,19968,32,bfloat16,64,128x128,668.958,7,4,AMD Radeon RX 9070 XT,64,0,0,0
muse.gate_up g32,6656,19968,32,bfloat16,64,64x64,676.669,7,4,AMD Radeon RX 9070 XT,64,0,0,0
muse.gate_up g32,6656,19968,32,bfloat16,64,128x32,678.866,7,4,AMD Radeon RX 9070 XT,64,0,0,0
muse.gate_up g32,6656,19968,32,bfloat16,64,64x32,701.007,7,4,AMD Radeon RX 9070 XT,64,0,0,0
muse.gate_up g32,6656,19968,32,bfloat16,64,auto,701.535,7,4,AMD Radeon RX 9070 XT,64,0,0,0
muse.gate_up g32,6656,19968,32,bfloat16,64,32x128x4,723.623,6,4,AMD Radeon RX 9070 XT,64,0,0,0
muse.gate_up g32,6656,19968,32,bfloat16,64,112x128,750.489,6,4,AMD Radeon RX 9070 XT,64,0,0,0
muse.gate_up g32,6656,19968,32,bfloat16,64,256x128,756.704,6,4,AMD Radeon RX 9070 XT,64,0,0,0
muse.gate_up g32,6656,19968,32,bfloat16,64,256x128x2,784.223,6,4,AMD Radeon RX 9070 XT,64,0,0,0
muse.gate_up g32,6656,19968,32,bfloat16,64,32x64x2,784.586,6,4,AMD Radeon RX 9070 XT,64,0,0,0
muse.gate_up g32,6656,19968,32,bfloat16,64,96x128,789.006,6,4,AMD Radeon RX 9070 XT,64,0,0,0
muse.gate_up g32,6656,19968,32,bfloat16,64,192x128x2,820.991,6,4,AMD Radeon RX 9070 XT,64,0,0,0
muse.gate_up g32,6656,19968,32,bfloat16,64,192x128,821.188,6,4,AMD Radeon RX 9070 XT,64,0,0,0
muse.gate_up g32,6656,19968,32,bfloat16,64,256x64,845.860,5,4,AMD Radeon RX 9070 XT,64,0,0,0
muse.gate_up g32,6656,19968,32,bfloat16,64,256x32,867.358,5,4,AMD Radeon RX 9070 XT,64,0,0,0
muse.gate_up g32,6656,19968,32,bfloat16,64,80x128,871.482,5,4,AMD Radeon RX 9070 XT,64,0,0,0
muse.gate_up g32,6656,19968,32,bfloat16,64,prefill_wmma,931.335,5,4,AMD Radeon RX 9070 XT,64,0,0,0
muse.gate_up g32,6656,19968,32,bfloat16,64,prefill_wmma_ashuffle,940.861,5,4,AMD Radeon RX 9070 XT,64,0,0,0
muse.gate_up g32,6656,19968,32,bfloat16,64,64x128,1195.474,4,4,AMD Radeon RX 9070 XT,64,0,0,0
muse.gate_up g32,6656,19968,32,bfloat16,64,128x256,1267.625,4,4,AMD Radeon RX 9070 XT,64,0,0,0
muse.gate_up g32,6656,19968,32,bfloat16,64,32x32,1449.003,3,4,AMD Radeon RX 9070 XT,64,0,0,0
muse.gate_up g32,6656,19968,32,bfloat16,64,32x64,1699.138,2,4,AMD Radeon RX 9070 XT,64,0,0,0
muse.gate_up g32,6656,19968,32,bfloat16,64,prefill_wmma:smallm_off,2068.323,2,4,AMD Radeon RX 9070 XT,64,0,0,0
muse.gate_up g32,6656,19968,32,bfloat16,64,32x128,3332.691,2,4,AMD Radeon RX 9070 XT,64,0,0,0
muse.gate_up g32,6656,19968,32,bfloat16,64,16x64,6844.114,2,4,AMD Radeon RX 9070 XT,64,0,0,0
muse.gate_up g32,6656,19968,32,bfloat16,64,16x128,7896.393,2,4,AMD Radeon RX 9070 XT,64,0,0,0
muse.gate_up g32,6656,19968,32,bfloat16,96,128x128x4,461.139,10,4,AMD Radeon RX 9070 XT,64,0,0,0
muse.gate_up g32,6656,19968,32,bfloat16,96,128x64x2,499.301,10,4,AMD Radeon RX 9070 XT,64,0,0,0
muse.gate_up g32,6656,19968,32,bfloat16,96,96x128x2,510.784,9,4,AMD Radeon RX 9070 XT,64,0,0,0
muse.gate_up g32,6656,19968,32,bfloat16,96,128x128x2,600.297,8,4,AMD Radeon RX 9070 XT,64,0,0,0
muse.gate_up g32,6656,19968,32,bfloat16,96,64x128x4,609.611,8,4,AMD Radeon RX 9070 XT,64,0,0,0
muse.gate_up g32,6656,19968,32,bfloat16,96,128x64,676.754,7,4,AMD Radeon RX 9070 XT,64,0,0,0
muse.gate_up g32,6656,19968,32,bfloat16,96,auto,678.728,7,4,AMD Radeon RX 9070 XT,64,0,0,0
muse.gate_up g32,6656,19968,32,bfloat16,96,64x64x2,706.344,7,4,AMD Radeon RX 9070 XT,64,0,0,0
muse.gate_up g32,6656,19968,32,bfloat16,96,128x128,706.563,6,4,AMD Radeon RX 9070 XT,64,0,0,0
muse.gate_up g32,6656,19968,32,bfloat16,96,32x64x4,765.679,6,4,AMD Radeon RX 9070 XT,64,0,0,0
muse.gate_up g32,6656,19968,32,bfloat16,96,128x32,768.579,6,4,AMD Radeon RX 9070 XT,64,0,0,0
muse.gate_up g32,6656,19968,32,bfloat16,96,256x128,789.566,6,4,AMD Radeon RX 9070 XT,64,0,0,0
muse.gate_up g32,6656,19968,32,bfloat16,96,112x128,790.447,6,4,AMD Radeon RX 9070 XT,64,0,0,0
muse.gate_up g32,6656,19968,32,bfloat16,96,64x128x2,804.636,6,4,AMD Radeon RX 9070 XT,64,0,0,0
muse.gate_up g32,6656,19968,32,bfloat16,96,256x128x2,824.795,5,4,AMD Radeon RX 9070 XT,64,0,0,0
muse.gate_up g32,6656,19968,32,bfloat16,96,96x128,850.154,5,4,AMD Radeon RX 9070 XT,64,0,0,0
muse.gate_up g32,6656,19968,32,bfloat16,96,192x128x2,853.598,5,4,AMD Radeon RX 9070 XT,64,0,0,0
muse.gate_up g32,6656,19968,32,bfloat16,96,192x128,855.800,5,4,AMD Radeon RX 9070 XT,64,0,0,0
muse.gate_up g32,6656,19968,32,bfloat16,96,256x64,890.550,5,4,AMD Radeon RX 9070 XT,64,0,0,0
muse.gate_up g32,6656,19968,32,bfloat16,96,256x32,914.745,5,4,AMD Radeon RX 9070 XT,64,0,0,0
muse.gate_up g32,6656,19968,32,bfloat16,96,64x32,954.497,5,4,AMD Radeon RX 9070 XT,64,0,0,0
muse.gate_up g32,6656,19968,32,bfloat16,96,32x128x4,988.751,4,4,AMD Radeon RX 9070 XT,64,0,0,0
muse.gate_up g32,6656,19968,32,bfloat16,96,prefill_wmma_ashuffle,1058.751,3,4,AMD Radeon RX 9070 XT,64,0,0,0
muse.gate_up g32,6656,19968,32,bfloat16,96,32x64x2,1231.412,4,4,AMD Radeon RX 9070 XT,64,0,0,0
muse.gate_up g32,6656,19968,32,bfloat16,96,128x256,1290.944,3,4,AMD Radeon RX 9070 XT,64,0,0,0
muse.gate_up g32,6656,19968,32,bfloat16,96,64x64,1301.548,3,4,AMD Radeon RX 9070 XT,64,0,0,0
muse.gate_up g32,6656,19968,32,bfloat16,96,80x128,1448.703,3,4,AMD Radeon RX 9070 XT,64,0,0,0
muse.gate_up g32,6656,19968,32,bfloat16,96,prefill_wmma,1529.378,3,4,AMD Radeon RX 9070 XT,64,0,0,0
muse.gate_up g32,6656,19968,32,bfloat16,96,64x128,1596.542,2,4,AMD Radeon RX 9070 XT,64,0,0,0
muse.gate_up g32,6656,19968,32,bfloat16,96,32x32,1749.074,2,4,AMD Radeon RX 9070 XT,64,0,0,0
muse.gate_up g32,6656,19968,32,bfloat16,96,32x64,2126.229,2,4,AMD Radeon RX 9070 XT,64,0,0,0
muse.gate_up g32,6656,19968,32,bfloat16,96,prefill_wmma:smallm_off,2381.944,2,4,AMD Radeon RX 9070 XT,64,0,0,0
muse.gate_up g32,6656,19968,32,bfloat16,96,32x128,3494.898,2,4,AMD Radeon RX 9070 XT,64,0,0,0
muse.gate_up g32,6656,19968,32,bfloat16,96,16x64,10395.838,2,4,AMD Radeon RX 9070 XT,64,0,0,0
muse.gate_up g32,6656,19968,32,bfloat16,96,16x128,13154.366,2,4,AMD Radeon RX 9070 XT,64,0,0,0
muse.gate_up g32,6656,19968,32,bfloat16,128,128x128x4,478.763,10,4,AMD Radeon RX 9070 XT,64,0,0,0
muse.gate_up g32,6656,19968,32,bfloat16,128,128x64x2,518.293,9,4,AMD Radeon RX 9070 XT,64,0,0,0
muse.gate_up g32,6656,19968,32,bfloat16,128,64x128x4,615.684,7,4,AMD Radeon RX 9070 XT,64,0,0,0
muse.gate_up g32,6656,19968,32,bfloat16,128,128x128x2,629.151,7,4,AMD Radeon RX 9070 XT,64,0,0,0
muse.gate_up g32,6656,19968,32,bfloat16,128,64x64x2,731.575,6,4,AMD Radeon RX 9070 XT,64,0,0,0
muse.gate_up g32,6656,19968,32,bfloat16,128,128x64,741.027,6,4,AMD Radeon RX 9070 XT,64,0,0,0
muse.gate_up g32,6656,19968,32,bfloat16,128,auto,744.534,6,4,AMD Radeon RX 9070 XT,64,0,0,0
muse.gate_up g32,6656,19968,32,bfloat16,128,128x128,749.595,6,4,AMD Radeon RX 9070 XT,64,0,0,0
muse.gate_up g32,6656,19968,32,bfloat16,128,256x128,819.813,6,4,AMD Radeon RX 9070 XT,64,0,0,0
muse.gate_up g32,6656,19968,32,bfloat16,128,128x32,831.295,5,4,AMD Radeon RX 9070 XT,64,0,0,0
muse.gate_up g32,6656,19968,32,bfloat16,128,64x128x2,838.169,5,4,AMD Radeon RX 9070 XT,64,0,0,0
muse.gate_up g32,6656,19968,32,bfloat16,128,256x128x2,859.586,5,4,AMD Radeon RX 9070 XT,64,0,0,0
muse.gate_up g32,6656,19968,32,bfloat16,128,192x128x2,892.626,5,4,AMD Radeon RX 9070 XT,64,0,0,0
muse.gate_up g32,6656,19968,32,bfloat16,128,96x128x2,894.012,5,4,AMD Radeon RX 9070 XT,64,0,0,0
muse.gate_up g32,6656,19968,32,bfloat16,128,192x128,894.946,5,4,AMD Radeon RX 9070 XT,64,0,0,0
muse.gate_up g32,6656,19968,32,bfloat16,128,256x64,931.533,5,4,AMD Radeon RX 9070 XT,64,0,0,0
muse.gate_up g32,6656,19968,32,bfloat16,128,256x32,975.975,5,4,AMD Radeon RX 9070 XT,64,0,0,0
muse.gate_up g32,6656,19968,32,bfloat16,128,32x64x4,983.588,5,4,AMD Radeon RX 9070 XT,64,0,0,0
muse.gate_up g32,6656,19968,32,bfloat16,128,prefill_wmma_ashuffle,1174.803,3,4,AMD Radeon RX 9070 XT,64,0,0,0
muse.gate_up g32,6656,19968,32,bfloat16,128,64x32,1306.781,3,4,AMD Radeon RX 9070 XT,64,0,0,0
muse.gate_up g32,6656,19968,32,bfloat16,128,128x256,1325.415,3,4,AMD Radeon RX 9070 XT,64,0,0,0
muse.gate_up g32,6656,19968,32,bfloat16,128,32x128x4,1452.093,3,4,AMD Radeon RX 9070 XT,64,0,0,0
muse.gate_up g32,6656,19968,32,bfloat16,128,80x128,1460.370,3,4,AMD Radeon RX 9070 XT,64,0,0,0
muse.gate_up g32,6656,19968,32,bfloat16,128,64x64,1511.677,3,4,AMD Radeon RX 9070 XT,64,0,0,0
muse.gate_up g32,6656,19968,32,bfloat16,128,112x128,1521.298,3,4,AMD Radeon RX 9070 XT,64,0,0,0
muse.gate_up g32,6656,19968,32,bfloat16,128,32x64x2,1554.868,3,4,AMD Radeon RX 9070 XT,64,0,0,0
muse.gate_up g32,6656,19968,32,bfloat16,128,96x128,1634.512,2,4,AMD Radeon RX 9070 XT,64,0,0,0
muse.gate_up g32,6656,19968,32,bfloat16,128,64x128,1726.379,2,4,AMD Radeon RX 9070 XT,64,0,0,0
muse.gate_up g32,6656,19968,32,bfloat16,128,32x32,2323.932,2,4,AMD Radeon RX 9070 XT,64,0,0,0
muse.gate_up g32,6656,19968,32,bfloat16,128,prefill_wmma,2524.920,2,4,AMD Radeon RX 9070 XT,64,0,0,0
muse.gate_up g32,6656,19968,32,bfloat16,128,prefill_wmma:smallm_off,2546.080,2,4,AMD Radeon RX 9070 XT,64,0,0,0
muse.gate_up g32,6656,19968,32,bfloat16,128,32x64,2689.457,2,4,AMD Radeon RX 9070 XT,64,0,0,0
muse.gate_up g32,6656,19968,32,bfloat16,128,32x128,7832.007,2,4,AMD Radeon RX 9070 XT,64,0,0,0
muse.gate_up g32,6656,19968,32,bfloat16,128,16x64,13952.882,2,4,AMD Radeon RX 9070 XT,64,0,0,0
muse.gate_up g32,6656,19968,32,bfloat16,128,16x128,21443.640,2,4,AMD Radeon RX 9070 XT,64,0,0,0
muse.gate_up g32,6656,19968,32,bfloat16,192,auto,876.978,5,4,AMD Radeon RX 9070 XT,64,0,0,0
muse.gate_up g32,6656,19968,32,bfloat16,192,256x128,879.964,5,4,AMD Radeon RX 9070 XT,64,0,0,0
muse.gate_up g32,6656,19968,32,bfloat16,192,128x128x4,886.358,5,4,AMD Radeon RX 9070 XT,64,0,0,0
muse.gate_up g32,6656,19968,32,bfloat16,192,64x128x4,900.378,5,4,AMD Radeon RX 9070 XT,64,0,0,0
muse.gate_up g32,6656,19968,32,bfloat16,192,256x128x2,923.505,5,4,AMD Radeon RX 9070 XT,64,0,0,0
muse.gate_up g32,6656,19968,32,bfloat16,192,128x64x2,954.347,5,4,AMD Radeon RX 9070 XT,64,0,0,0
muse.gate_up g32,6656,19968,32,bfloat16,192,192x128x2,960.851,5,4,AMD Radeon RX 9070 XT,64,0,0,0
muse.gate_up g32,6656,19968,32,bfloat16,192,96x128x2,965.206,4,4,AMD Radeon RX 9070 XT,64,0,0,0
muse.gate_up g32,6656,19968,32,bfloat16,192,192x128,971.333,5,4,AMD Radeon RX 9070 XT,64,0,0,0
muse.gate_up g32,6656,19968,32,bfloat16,192,256x64,1017.984,4,4,AMD Radeon RX 9070 XT,64,0,0,0
muse.gate_up g32,6656,19968,32,bfloat16,192,64x64x2,1184.436,4,4,AMD Radeon RX 9070 XT,64,0,0,0
muse.gate_up g32,6656,19968,32,bfloat16,192,128x128x2,1214.882,4,4,AMD Radeon RX 9070 XT,64,0,0,0
muse.gate_up g32,6656,19968,32,bfloat16,192,256x32,1276.883,4,4,AMD Radeon RX 9070 XT,64,0,0,0
muse.gate_up g32,6656,19968,32,bfloat16,192,64x128x2,1316.451,3,4,AMD Radeon RX 9070 XT,64,0,0,0
muse.gate_up g32,6656,19968,32,bfloat16,192,128x64,1353.812,3,4,AMD Radeon RX 9070 XT,64,0,0,0
muse.gate_up g32,6656,19968,32,bfloat16,192,prefill_wmma_ashuffle,1437.376,3,4,AMD Radeon RX 9070 XT,64,0,0,0
muse.gate_up g32,6656,19968,32,bfloat16,192,128x128,1453.503,3,4,AMD Radeon RX 9070 XT,64,0,0,0
muse.gate_up g32,6656,19968,32,bfloat16,192,128x32,1539.421,3,4,AMD Radeon RX 9070 XT,64,0,0,0
muse.gate_up g32,6656,19968,32,bfloat16,192,32x64x4,1578.162,3,4,AMD Radeon RX 9070 XT,64,0,0,0
muse.gate_up g32,6656,19968,32,bfloat16,192,112x128,1615.752,3,4,AMD Radeon RX 9070 XT,64,0,0,0
muse.gate_up g32,6656,19968,32,bfloat16,192,64x32,1693.493,2,4,AMD Radeon RX 9070 XT,64,0,0,0
muse.gate_up g32,6656,19968,32,bfloat16,192,96x128,1749.209,2,4,AMD Radeon RX 9070 XT,64,0,0,0
muse.gate_up g32,6656,19968,32,bfloat16,192,128x256,1769.949,2,4,AMD Radeon RX 9070 XT,64,0,0,0
muse.gate_up g32,6656,19968,32,bfloat16,192,64x64,1808.310,2,4,AMD Radeon RX 9070 XT,64,0,0,0
muse.gate_up g32,6656,19968,32,bfloat16,192,80x128,1885.691,2,4,AMD Radeon RX 9070 XT,64,0,0,0
muse.gate_up g32,6656,19968,32,bfloat16,192,32x128x4,2032.733,2,4,AMD Radeon RX 9070 XT,64,0,0,0
muse.gate_up g32,6656,19968,32,bfloat16,192,32x64x2,2171.135,2,4,AMD Radeon RX 9070 XT,64,0,0,0
muse.gate_up g32,6656,19968,32,bfloat16,192,64x128,2199.300,2,4,AMD Radeon RX 9070 XT,64,0,0,0
muse.gate_up g32,6656,19968,32,bfloat16,192,prefill_wmma,2968.686,2,4,AMD Radeon RX 9070 XT,64,0,0,0
muse.gate_up g32,6656,19968,32,bfloat16,192,prefill_wmma:smallm_off,3008.887,2,4,AMD Radeon RX 9070 XT,64,0,0,0
muse.gate_up g32,6656,19968,32,bfloat16,192,32x32,3203.439,2,4,AMD Radeon RX 9070 XT,64,0,0,0
muse.gate_up g32,6656,19968,32,bfloat16,192,32x64,4003.885,2,4,AMD Radeon RX 9070 XT,64,0,0,0
muse.gate_up g32,6656,19968,32,bfloat16,192,32x128,7491.518,2,4,AMD Radeon RX 9070 XT,64,0,0,0
muse.gate_up g32,6656,19968,32,bfloat16,192,16x64,19813.189,2,4,AMD Radeon RX 9070 XT,64,0,0,0
muse.gate_up g32,6656,19968,32,bfloat16,192,16x128,23268.623,2,4,AMD Radeon RX 9070 XT,64,0,0,0
muse.gate_up g32,6656,19968,32,bfloat16,256,128x128x4,914.409,5,4,AMD Radeon RX 9070 XT,64,0,0,0
muse.gate_up g32,6656,19968,32,bfloat16,256,256x128,930.867,5,4,AMD Radeon RX 9070 XT,64,0,0,0
muse.gate_up g32,6656,19968,32,bfloat16,256,auto,938.009,5,4,AMD Radeon RX 9070 XT,64,0,0,0
muse.gate_up g32,6656,19968,32,bfloat16,256,256x128x2,981.626,4,4,AMD Radeon RX 9070 XT,64,0,0,0
muse.gate_up g32,6656,19968,32,bfloat16,256,128x64x2,994.770,5,4,AMD Radeon RX 9070 XT,64,0,0,0
muse.gate_up g32,6656,19968,32,bfloat16,256,64x128x4,1177.756,4,4,AMD Radeon RX 9070 XT,64,0,0,0
muse.gate_up g32,6656,19968,32,bfloat16,256,128x128x2,1357.525,3,4,AMD Radeon RX 9070 XT,64,0,0,0
muse.gate_up g32,6656,19968,32,bfloat16,256,256x64,1362.722,3,4,AMD Radeon RX 9070 XT,64,0,0,0
muse.gate_up g32,6656,19968,32,bfloat16,256,256x32,1495.001,3,4,AMD Radeon RX 9070 XT,64,0,0,0
muse.gate_up g32,6656,19968,32,bfloat16,256,128x64,1527.988,3,4,AMD Radeon RX 9070 XT,64,0,0,0
muse.gate_up g32,6656,19968,32,bfloat16,256,96x128x2,1586.845,3,4,AMD Radeon RX 9070 XT,64,0,0,0
muse.gate_up g32,6656,19968,32,bfloat16,256,64x64x2,1607.985,3,4,AMD Radeon RX 9070 XT,64,0,0,0
muse.gate_up g32,6656,19968,32,bfloat16,256,prefill_wmma_ashuffle,1649.518,2,4,AMD Radeon RX 9070 XT,64,0,0,0
muse.gate_up g32,6656,19968,32,bfloat16,256,128x128,1655.799,3,4,AMD Radeon RX 9070 XT,64,0,0,0
muse.gate_up g32,6656,19968,32,bfloat16,256,192x128,1744.604,2,4,AMD Radeon RX 9070 XT,64,0,0,0
muse.gate_up g32,6656,19968,32,bfloat16,256,64x128x2,1789.545,2,4,AMD Radeon RX 9070 XT,64,0,0,0
muse.gate_up g32,6656,19968,32,bfloat16,256,128x32,1792.364,2,4,AMD Radeon RX 9070 XT,64,0,0,0
muse.gate_up g32,6656,19968,32,bfloat16,256,192x128x2,1885.201,2,4,AMD Radeon RX 9070 XT,64,0,0,0
muse.gate_up g32,6656,19968,32,bfloat16,256,32x64x4,1975.222,2,4,AMD Radeon RX 9070 XT,64,0,0,0
muse.gate_up g32,6656,19968,32,bfloat16,256,128x256,1992.162,2,4,AMD Radeon RX 9070 XT,64,0,0,0
muse.gate_up g32,6656,19968,32,bfloat16,256,112x128,2145.519,2,4,AMD Radeon RX 9070 XT,64,0,0,0
muse.gate_up g32,6656,19968,32,bfloat16,256,64x32,2187.115,2,4,AMD Radeon RX 9070 XT,64,0,0,0
muse.gate_up g32,6656,19968,32,bfloat16,256,96x128,2297.522,2,4,AMD Radeon RX 9070 XT,64,0,0,0
muse.gate_up g32,6656,19968,32,bfloat16,256,64x64,2480.084,2,4,AMD Radeon RX 9070 XT,64,0,0,0
muse.gate_up g32,6656,19968,32,bfloat16,256,80x128,2491.354,2,4,AMD Radeon RX 9070 XT,64,0,0,0
muse.gate_up g32,6656,19968,32,bfloat16,256,32x128x4,2720.123,2,4,AMD Radeon RX 9070 XT,64,0,0,0
muse.gate_up g32,6656,19968,32,bfloat16,256,32x64x2,2928.930,2,4,AMD Radeon RX 9070 XT,64,0,0,0
muse.gate_up g32,6656,19968,32,bfloat16,256,64x128,2984.316,2,4,AMD Radeon RX 9070 XT,64,0,0,0
muse.gate_up g32,6656,19968,32,bfloat16,256,prefill_wmma,3421.422,2,4,AMD Radeon RX 9070 XT,64,0,0,0
muse.gate_up g32,6656,19968,32,bfloat16,256,prefill_wmma:smallm_off,3450.307,2,4,AMD Radeon RX 9070 XT,64,0,0,0
muse.gate_up g32,6656,19968,32,bfloat16,256,32x32,4103.157,2,4,AMD Radeon RX 9070 XT,64,0,0,0
muse.gate_up g32,6656,19968,32,bfloat16,256,32x64,5328.009,2,4,AMD Radeon RX 9070 XT,64,0,0,0
muse.gate_up g32,6656,19968,32,bfloat16,256,32x128,16241.068,2,4,AMD Radeon RX 9070 XT,64,0,0,0
muse.gate_up g32,6656,19968,32,bfloat16,256,16x64,35258.507,2,4,AMD Radeon RX 9070 XT,64,0,0,0
muse.gate_up g32,6656,19968,32,bfloat16,256,16x128,62543.022,2,4,AMD Radeon RX 9070 XT,64,0,0,0
muse.gate_up g32,6656,19968,32,bfloat16,512,128x128x4,1902.481,2,4,AMD Radeon RX 9070 XT,64,0,0,0
muse.gate_up g32,6656,19968,32,bfloat16,512,256x128,1932.222,2,4,AMD Radeon RX 9070 XT,64,0,0,0
muse.gate_up g32,6656,19968,32,bfloat16,512,auto,1937.117,2,4,AMD Radeon RX 9070 XT,64,0,0,0
muse.gate_up g32,6656,19968,32,bfloat16,512,128x64x2,1988.277,2,4,AMD Radeon RX 9070 XT,64,0,0,0
muse.gate_up g32,6656,19968,32,bfloat16,512,256x128x2,2097.139,2,4,AMD Radeon RX 9070 XT,64,0,0,0
muse.gate_up g32,6656,19968,32,bfloat16,512,64x128x4,2352.032,2,4,AMD Radeon RX 9070 XT,64,0,0,0
muse.gate_up g32,6656,19968,32,bfloat16,512,256x64,2421.659,2,4,AMD Radeon RX 9070 XT,64,0,0,0
muse.gate_up g32,6656,19968,32,bfloat16,512,128x128x2,2422.194,2,4,AMD Radeon RX 9070 XT,64,0,0,0
muse.gate_up g32,6656,19968,32,bfloat16,512,256x32,2532.935,2,4,AMD Radeon RX 9070 XT,64,0,0,0
muse.gate_up g32,6656,19968,32,bfloat16,512,192x128,2656.626,2,4,AMD Radeon RX 9070 XT,64,0,0,0
muse.gate_up g32,6656,19968,32,bfloat16,512,128x64,2723.138,2,4,AMD Radeon RX 9070 XT,64,0,0,0
muse.gate_up g32,6656,19968,32,bfloat16,512,128x128,2751.028,2,4,AMD Radeon RX 9070 XT,64,0,0,0
muse.gate_up g32,6656,19968,32,bfloat16,512,96x128x2,2759.153,2,4,AMD Radeon RX 9070 XT,64,0,0,0
muse.gate_up g32,6656,19968,32,bfloat16,512,192x128x2,2759.738,2,4,AMD Radeon RX 9070 XT,64,0,0,0
muse.gate_up g32,6656,19968,32,bfloat16,512,64x64x2,2884.720,2,4,AMD Radeon RX 9070 XT,64,0,0,0
muse.gate_up g32,6656,19968,32,bfloat16,512,prefill_wmma_ashuffle,2957.691,2,4,AMD Radeon RX 9070 XT,64,0,0,0
muse.gate_up g32,6656,19968,32,bfloat16,512,128x32,3114.618,2,4,AMD Radeon RX 9070 XT,64,0,0,0
muse.gate_up g32,6656,19968,32,bfloat16,512,64x128x2,3164.943,2,4,AMD Radeon RX 9070 XT,64,0,0,0
muse.gate_up g32,6656,19968,32,bfloat16,512,128x256,3322.836,2,4,AMD Radeon RX 9070 XT,64,0,0,0
muse.gate_up g32,6656,19968,32,bfloat16,512,112x128,3472.653,2,4,AMD Radeon RX 9070 XT,64,0,0,0
muse.gate_up g32,6656,19968,32,bfloat16,512,32x64x4,3923.239,2,4,AMD Radeon RX 9070 XT,64,0,0,0
muse.gate_up g32,6656,19968,32,bfloat16,512,64x32,3981.179,2,4,AMD Radeon RX 9070 XT,64,0,0,0
muse.gate_up g32,6656,19968,32,bfloat16,512,80x128,4063.351,2,4,AMD Radeon RX 9070 XT,64,0,0,0
muse.gate_up g32,6656,19968,32,bfloat16,512,96x128,4135.707,2,4,AMD Radeon RX 9070 XT,64,0,0,0
muse.gate_up g32,6656,19968,32,bfloat16,512,64x64,4604.253,2,4,AMD Radeon RX 9070 XT,64,0,0,0
muse.gate_up g32,6656,19968,32,bfloat16,512,32x128x4,5108.335,2,4,AMD Radeon RX 9070 XT,64,0,0,0
muse.gate_up g32,6656,19968,32,bfloat16,512,32x64x2,5376.084,2,4,AMD Radeon RX 9070 XT,64,0,0,0
muse.gate_up g32,6656,19968,32,bfloat16,512,64x128,5796.105,2,4,AMD Radeon RX 9070 XT,64,0,0,0
muse.gate_up g32,6656,19968,32,bfloat16,512,prefill_wmma,6781.328,2,4,AMD Radeon RX 9070 XT,64,0,0,0
muse.gate_up g32,6656,19968,32,bfloat16,512,prefill_wmma:smallm_off,6795.063,2,4,AMD Radeon RX 9070 XT,64,0,0,0
muse.gate_up g32,6656,19968,32,bfloat16,512,32x32,7755.772,2,4,AMD Radeon RX 9070 XT,64,0,0,0
muse.gate_up g32,6656,19968,32,bfloat16,512,32x64,9944.037,2,4,AMD Radeon RX 9070 XT,64,0,0,0
muse.gate_up g32,6656,19968,32,bfloat16,512,16x64,29786.579,2,4,AMD Radeon RX 9070 XT,64,0,0,0
muse.gate_up g32,6656,19968,32,bfloat16,512,32x128,33069.641,2,4,AMD Radeon RX 9070 XT,64,0,0,0
muse.gate_up g32,6656,19968,32,bfloat16,512,16x128,167912.842,2,4,AMD Radeon RX 9070 XT,64,0,0,0
muse.gate_up g32,6656,19968,32,bfloat16,1024,128x128x4,3606.225,2,4,AMD Radeon RX 9070 XT,64,0,0,0
muse.gate_up g32,6656,19968,32,bfloat16,1024,auto,3612.175,2,4,AMD Radeon RX 9070 XT,64,0,0,0
muse.gate_up g32,6656,19968,32,bfloat16,1024,256x128,3615.210,2,4,AMD Radeon RX 9070 XT,64,0,0,0
muse.gate_up g32,6656,19968,32,bfloat16,1024,128x64x2,3874.328,2,4,AMD Radeon RX 9070 XT,64,0,0,0
muse.gate_up g32,6656,19968,32,bfloat16,1024,256x128x2,3916.289,2,4,AMD Radeon RX 9070 XT,64,0,0,0
muse.gate_up g32,6656,19968,32,bfloat16,1024,256x64,4412.601,2,4,AMD Radeon RX 9070 XT,64,0,0,0
muse.gate_up g32,6656,19968,32,bfloat16,1024,128x128x2,4478.511,2,4,AMD Radeon RX 9070 XT,64,0,0,0
muse.gate_up g32,6656,19968,32,bfloat16,1024,64x128x4,4629.664,2,4,AMD Radeon RX 9070 XT,64,0,0,0
muse.gate_up g32,6656,19968,32,bfloat16,1024,256x32,4747.490,2,4,AMD Radeon RX 9070 XT,64,0,0,0
muse.gate_up g32,6656,19968,32,bfloat16,1024,96x128x2,4768.931,2,4,AMD Radeon RX 9070 XT,64,0,0,0
muse.gate_up g32,6656,19968,32,bfloat16,1024,192x128,4887.348,2,4,AMD Radeon RX 9070 XT,64,0,0,0
muse.gate_up g32,6656,19968,32,bfloat16,1024,128x64,5064.940,2,4,AMD Radeon RX 9070 XT,64,0,0,0
muse.gate_up g32,6656,19968,32,bfloat16,1024,128x128,5121.305,2,4,AMD Radeon RX 9070 XT,64,0,0,0
muse.gate_up g32,6656,19968,32,bfloat16,1024,192x128x2,5251.963,2,4,AMD Radeon RX 9070 XT,64,0,0,0
muse.gate_up g32,6656,19968,32,bfloat16,1024,64x64x2,5507.586,2,4,AMD Radeon RX 9070 XT,64,0,0,0
muse.gate_up g32,6656,19968,32,bfloat16,1024,128x32,5850.481,2,4,AMD Radeon RX 9070 XT,64,0,0,0
muse.gate_up g32,6656,19968,32,bfloat16,1024,prefill_wmma_ashuffle,5856.551,2,4,AMD Radeon RX 9070 XT,64,0,0,0
muse.gate_up g32,6656,19968,32,bfloat16,1024,64x128x2,6061.433,2,4,AMD Radeon RX 9070 XT,64,0,0,0
muse.gate_up g32,6656,19968,32,bfloat16,1024,112x128,6304.782,2,4,AMD Radeon RX 9070 XT,64,0,0,0
muse.gate_up g32,6656,19968,32,bfloat16,1024,128x256,6323.917,2,4,AMD Radeon RX 9070 XT,64,0,0,0
muse.gate_up g32,6656,19968,32,bfloat16,1024,96x128,7365.441,2,4,AMD Radeon RX 9070 XT,64,0,0,0
muse.gate_up g32,6656,19968,32,bfloat16,1024,80x128,7419.677,2,4,AMD Radeon RX 9070 XT,64,0,0,0
muse.gate_up g32,6656,19968,32,bfloat16,1024,64x32,7631.065,2,4,AMD Radeon RX 9070 XT,64,0,0,0
muse.gate_up g32,6656,19968,32,bfloat16,1024,32x64x4,7712.746,2,4,AMD Radeon RX 9070 XT,64,0,0,0
muse.gate_up g32,6656,19968,32,bfloat16,1024,64x64,8928.448,2,4,AMD Radeon RX 9070 XT,64,0,0,0
muse.gate_up g32,6656,19968,32,bfloat16,1024,32x128x4,9987.528,2,4,AMD Radeon RX 9070 XT,64,0,0,0
muse.gate_up g32,6656,19968,32,bfloat16,1024,32x64x2,10571.146,2,4,AMD Radeon RX 9070 XT,64,0,0,0
muse.gate_up g32,6656,19968,32,bfloat16,1024,64x128,11472.708,2,4,AMD Radeon RX 9070 XT,64,0,0,0
muse.gate_up g32,6656,19968,32,bfloat16,1024,prefill_wmma:smallm_off,13308.043,2,4,AMD Radeon RX 9070 XT,64,0,0,0
muse.gate_up g32,6656,19968,32,bfloat16,1024,prefill_wmma,13353.569,2,4,AMD Radeon RX 9070 XT,64,0,0,0
muse.gate_up g32,6656,19968,32,bfloat16,1024,32x32,15383.998,2,4,AMD Radeon RX 9070 XT,64,0,0,0
muse.gate_up g32,6656,19968,32,bfloat16,1024,32x64,19729.656,2,4,AMD Radeon RX 9070 XT,64,0,0,0
muse.gate_up g32,6656,19968,32,bfloat16,1024,16x64,52850.609,2,4,AMD Radeon RX 9070 XT,64,0,0,0
muse.gate_up g32,6656,19968,32,bfloat16,1024,32x128,61168.808,2,4,AMD Radeon RX 9070 XT,64,0,0,0
muse.gate_up g32,6656,19968,32,bfloat16,1024,16x128,105240.868,2,4,AMD Radeon RX 9070 XT,64,0,0,0
muse.gate_up g32,6656,19968,32,bfloat16,2048,auto,6854.074,2,4,AMD Radeon RX 9070 XT,64,0,0,0
muse.gate_up g32,6656,19968,32,bfloat16,2048,256x128,6924.076,2,4,AMD Radeon RX 9070 XT,64,0,0,0
muse.gate_up g32,6656,19968,32,bfloat16,2048,128x128x4,7229.539,2,4,AMD Radeon RX 9070 XT,64,0,0,0
muse.gate_up g32,6656,19968,32,bfloat16,2048,256x128x2,7486.777,2,4,AMD Radeon RX 9070 XT,64,0,0,0
muse.gate_up g32,6656,19968,32,bfloat16,2048,128x64x2,7792.552,2,4,AMD Radeon RX 9070 XT,64,0,0,0
muse.gate_up g32,6656,19968,32,bfloat16,2048,256x64,8669.434,2,4,AMD Radeon RX 9070 XT,64,0,0,0
muse.gate_up g32,6656,19968,32,bfloat16,2048,192x128,8866.037,2,4,AMD Radeon RX 9070 XT,64,0,0,0
muse.gate_up g32,6656,19968,32,bfloat16,2048,128x128x2,9005.789,2,4,AMD Radeon RX 9070 XT,64,0,0,0
muse.gate_up g32,6656,19968,32,bfloat16,2048,64x128x4,9404.565,2,4,AMD Radeon RX 9070 XT,64,0,0,0
muse.gate_up g32,6656,19968,32,bfloat16,2048,96x128x2,9439.270,2,4,AMD Radeon RX 9070 XT,64,0,0,0
muse.gate_up g32,6656,19968,32,bfloat16,2048,192x128x2,9614.512,2,4,AMD Radeon RX 9070 XT,64,0,0,0
muse.gate_up g32,6656,19968,32,bfloat16,2048,256x32,9692.918,2,4,AMD Radeon RX 9070 XT,64,0,0,0
muse.gate_up g32,6656,19968,32,bfloat16,2048,128x64,9891.006,2,4,AMD Radeon RX 9070 XT,64,0,0,0
muse.gate_up g32,6656,19968,32,bfloat16,2048,128x128,10219.356,2,4,AMD Radeon RX 9070 XT,64,0,0,0
muse.gate_up g32,6656,19968,32,bfloat16,2048,64x64x2,10894.160,2,4,AMD Radeon RX 9070 XT,64,0,0,0
muse.gate_up g32,6656,19968,32,bfloat16,2048,prefill_wmma_ashuffle,11532.819,2,4,AMD Radeon RX 9070 XT,64,0,0,0
muse.gate_up g32,6656,19968,32,bfloat16,2048,128x32,11888.259,2,4,AMD Radeon RX 9070 XT,64,0,0,0
muse.gate_up g32,6656,19968,32,bfloat16,2048,112x128,12010.347,2,4,AMD Radeon RX 9070 XT,64,0,0,0
muse.gate_up g32,6656,19968,32,bfloat16,2048,64x128x2,12031.651,2,4,AMD Radeon RX 9070 XT,64,0,0,0
muse.gate_up g32,6656,19968,32,bfloat16,2048,128x256,12597.408,2,4,AMD Radeon RX 9070 XT,64,0,0,0
muse.gate_up g32,6656,19968,32,bfloat16,2048,96x128,14498.042,2,4,AMD Radeon RX 9070 XT,64,0,0,0
muse.gate_up g32,6656,19968,32,bfloat16,2048,80x128,14691.442,2,4,AMD Radeon RX 9070 XT,64,0,0,0
muse.gate_up g32,6656,19968,32,bfloat16,2048,64x32,15444.193,2,4,AMD Radeon RX 9070 XT,64,0,0,0
muse.gate_up g32,6656,19968,32,bfloat16,2048,32x64x4,15455.213,2,4,AMD Radeon RX 9070 XT,64,0,0,0
muse.gate_up g32,6656,19968,32,bfloat16,2048,64x64,17519.121,2,4,AMD Radeon RX 9070 XT,64,0,0,0
muse.gate_up g32,6656,19968,32,bfloat16,2048,32x128x4,19878.328,2,4,AMD Radeon RX 9070 XT,64,0,0,0
muse.gate_up g32,6656,19968,32,bfloat16,2048,32x64x2,21266.705,2,4,AMD Radeon RX 9070 XT,64,0,0,0
muse.gate_up g32,6656,19968,32,bfloat16,2048,64x128,21675.568,2,4,AMD Radeon RX 9070 XT,64,0,0,0
muse.gate_up g32,6656,19968,32,bfloat16,2048,prefill_wmma:smallm_off,25934.128,2,4,AMD Radeon RX 9070 XT,64,0,0,0
muse.gate_up g32,6656,19968,32,bfloat16,2048,prefill_wmma,26178.520,2,4,AMD Radeon RX 9070 XT,64,0,0,0
muse.gate_up g32,6656,19968,32,bfloat16,2048,32x32,31709.381,2,4,AMD Radeon RX 9070 XT,64,0,0,0
muse.gate_up g32,6656,19968,32,bfloat16,2048,32x64,40112.785,2,4,AMD Radeon RX 9070 XT,64,0,0,0
muse.gate_up g32,6656,19968,32,bfloat16,2048,16x64,112860.664,2,4,AMD Radeon RX 9070 XT,64,0,0,0
muse.gate_up g32,6656,19968,32,bfloat16,2048,32x128,116027.641,2,4,AMD Radeon RX 9070 XT,64,0,0,0
muse.gate_up g32,6656,19968,32,bfloat16,2048,16x128,214710.999,2,4,AMD Radeon RX 9070 XT,64,0,0,0
muse.down    g32,9984,6656,32,bfloat16,1,32x64x4,229.107,14,6,AMD Radeon RX 9070 XT,64,0,0,0
muse.down    g32,9984,6656,32,bfloat16,1,64x128x4,244.188,13,6,AMD Radeon RX 9070 XT,64,0,0,0
muse.down    g32,9984,6656,32,bfloat16,1,64x64x2,252.434,13,6,AMD Radeon RX 9070 XT,64,0,0,0
muse.down    g32,9984,6656,32,bfloat16,1,64x32,262.114,12,6,AMD Radeon RX 9070 XT,64,0,0,0
muse.down    g32,9984,6656,32,bfloat16,1,128x128x4,264.174,12,6,AMD Radeon RX 9070 XT,64,0,0,0
muse.down    g32,9984,6656,32,bfloat16,1,auto,266.011,11,6,AMD Radeon RX 9070 XT,64,0,0,0
muse.down    g32,9984,6656,32,bfloat16,1,128x64x2,279.651,11,6,AMD Radeon RX 9070 XT,64,0,0,0
muse.down    g32,9984,6656,32,bfloat16,1,128x128x2,304.735,10,6,AMD Radeon RX 9070 XT,64,0,0,0
muse.down    g32,9984,6656,32,bfloat16,1,128x64,324.127,10,6,AMD Radeon RX 9070 XT,64,0,0,0
muse.down    g32,9984,6656,32,bfloat16,1,128x32,340.865,9,6,AMD Radeon RX 9070 XT,64,0,0,0
muse.down    g32,9984,6656,32,bfloat16,1,96x128x2,342.245,9,6,AMD Radeon RX 9070 XT,64,0,0,0
muse.down    g32,9984,6656,32,bfloat16,1,32x128x4,360.497,9,6,AMD Radeon RX 9070 XT,64,0,0,0
muse.down    g32,9984,6656,32,bfloat16,1,32x64x2,365.179,9,6,AMD Radeon RX 9070 XT,64,0,0,0
muse.down    g32,9984,6656,32,bfloat16,1,64x128x2,388.408,8,6,AMD Radeon RX 9070 XT,64,0,0,0
muse.down    g32,9984,6656,32,bfloat16,1,32x32,389.545,8,6,AMD Radeon RX 9070 XT,64,0,0,0
muse.down    g32,9984,6656,32,bfloat16,1,64x64,403.938,8,6,AMD Radeon RX 9070 XT,64,0,0,0
muse.down    g32,9984,6656,32,bfloat16,1,256x128x2,419.678,7,6,AMD Radeon RX 9070 XT,64,0,0,0
muse.down    g32,9984,6656,32,bfloat16,1,256x128,420.649,7,6,AMD Radeon RX 9070 XT,64,0,0,0
muse.down    g32,9984,6656,32,bfloat16,1,prefill_wmma_ashuffle,434.345,7,6,AMD Radeon RX 9070 XT,64,0,0,0
muse.down    g32,9984,6656,32,bfloat16,1,prefill_wmma,434.743,7,6,AMD Radeon RX 9070 XT,64,0,0,0
muse.down    g32,9984,6656,32,bfloat16,1,256x32,436.447,7,6,AMD Radeon RX 9070 XT,64,0,0,0
muse.down    g32,9984,6656,32,bfloat16,1,192x128,438.175,7,6,AMD Radeon RX 9070 XT,64,0,0,0
muse.down    g32,9984,6656,32,bfloat16,1,192x128x2,452.330,7,6,AMD Radeon RX 9070 XT,64,0,0,0
muse.down    g32,9984,6656,32,bfloat16,1,128x128,458.590,7,6,AMD Radeon RX 9070 XT,64,0,0,0
muse.down    g32,9984,6656,32,bfloat16,1,256x64,461.895,7,6,AMD Radeon RX 9070 XT,64,0,0,0
muse.down    g32,9984,6656,32,bfloat16,1,112x128,517.218,6,6,AMD Radeon RX 9070 XT,64,0,0,0
muse.down    g32,9984,6656,32,bfloat16,1,96x128,542.731,6,6,AMD Radeon RX 9070 XT,64,0,0,0
muse.down    g32,9984,6656,32,bfloat16,1,80x128,612.292,5,6,AMD Radeon RX 9070 XT,64,0,0,0
muse.down    g32,9984,6656,32,bfloat16,1,32x64,698.913,4,6,AMD Radeon RX 9070 XT,64,0,0,0
muse.down    g32,9984,6656,32,bfloat16,1,64x128,717.508,4,6,AMD Radeon RX 9070 XT,64,0,0,0
muse.down    g32,9984,6656,32,bfloat16,1,128x256,776.231,4,6,AMD Radeon RX 9070 XT,64,0,0,0
muse.down    g32,9984,6656,32,bfloat16,1,prefill_wmma:smallm_off,1049.401,2,6,AMD Radeon RX 9070 XT,64,0,0,0
muse.down    g32,9984,6656,32,bfloat16,1,32x128,1399.603,2,6,AMD Radeon RX 9070 XT,64,0,0,0
muse.down    g32,9984,6656,32,bfloat16,1,16x64,1446.150,2,6,AMD Radeon RX 9070 XT,64,0,0,0
muse.down    g32,9984,6656,32,bfloat16,1,16x128,3027.592,2,6,AMD Radeon RX 9070 XT,64,0,0,0
muse.down    g32,9984,6656,32,bfloat16,8,32x64x4,227.109,14,6,AMD Radeon RX 9070 XT,64,0,0,0
muse.down    g32,9984,6656,32,bfloat16,8,64x128x4,239.619,13,6,AMD Radeon RX 9070 XT,64,0,0,0
muse.down    g32,9984,6656,32,bfloat16,8,64x64x2,249.902,13,6,AMD Radeon RX 9070 XT,64,0,0,0
muse.down    g32,9984,6656,32,bfloat16,8,128x128x4,260.024,12,6,AMD Radeon RX 9070 XT,64,0,0,0
muse.down    g32,9984,6656,32,bfloat16,8,64x32,260.949,12,6,AMD Radeon RX 9070 XT,64,0,0,0
muse.down    g32,9984,6656,32,bfloat16,8,auto,264.459,12,6,AMD Radeon RX 9070 XT,64,0,0,0
muse.down    g32,9984,6656,32,bfloat16,8,128x64x2,277.955,11,6,AMD Radeon RX 9070 XT,64,0,0,0
muse.down    g32,9984,6656,32,bfloat16,8,128x128x2,299.475,11,6,AMD Radeon RX 9070 XT,64,0,0,0
muse.down    g32,9984,6656,32,bfloat16,8,128x64,320.596,10,6,AMD Radeon RX 9070 XT,64,0,0,0
muse.down    g32,9984,6656,32,bfloat16,8,128x32,336.319,9,6,AMD Radeon RX 9070 XT,64,0,0,0
muse.down    g32,9984,6656,32,bfloat16,8,96x128x2,338.625,9,6,AMD Radeon RX 9070 XT,64,0,0,0
muse.down    g32,9984,6656,32,bfloat16,8,32x128x4,356.626,9,6,AMD Radeon RX 9070 XT,64,0,0,0
muse.down    g32,9984,6656,32,bfloat16,8,32x64x2,364.936,9,6,AMD Radeon RX 9070 XT,64,0,0,0
muse.down    g32,9984,6656,32,bfloat16,8,64x128x2,383.267,8,6,AMD Radeon RX 9070 XT,64,0,0,0
muse.down    g32,9984,6656,32,bfloat16,8,32x32,392.904,8,6,AMD Radeon RX 9070 XT,64,0,0,0
muse.down    g32,9984,6656,32,bfloat16,8,64x64,403.653,8,6,AMD Radeon RX 9070 XT,64,0,0,0
muse.down    g32,9984,6656,32,bfloat16,8,256x128,419.091,7,6,AMD Radeon RX 9070 XT,64,0,0,0
muse.down    g32,9984,6656,32,bfloat16,8,prefill_wmma_ashuffle,419.614,7,6,AMD Radeon RX 9070 XT,64,0,0,0
muse.down    g32,9984,6656,32,bfloat16,8,prefill_wmma,421.171,7,6,AMD Radeon RX 9070 XT,64,0,0,0
muse.down    g32,9984,6656,32,bfloat16,8,256x128x2,424.206,7,6,AMD Radeon RX 9070 XT,64,0,0,0
muse.down    g32,9984,6656,32,bfloat16,8,192x128,435.156,7,6,AMD Radeon RX 9070 XT,64,0,0,0
muse.down    g32,9984,6656,32,bfloat16,8,256x32,438.889,7,6,AMD Radeon RX 9070 XT,64,0,0,0
muse.down    g32,9984,6656,32,bfloat16,8,192x128x2,446.953,7,6,AMD Radeon RX 9070 XT,64,0,0,0
muse.down    g32,9984,6656,32,bfloat16,8,128x128,452.438,7,6,AMD Radeon RX 9070 XT,64,0,0,0
muse.down    g32,9984,6656,32,bfloat16,8,256x64,463.879,7,6,AMD Radeon RX 9070 XT,64,0,0,0
muse.down    g32,9984,6656,32,bfloat16,8,112x128,508.367,6,6,AMD Radeon RX 9070 XT,64,0,0,0
muse.down    g32,9984,6656,32,bfloat16,8,96x128,535.122,6,6,AMD Radeon RX 9070 XT,64,0,0,0
muse.down    g32,9984,6656,32,bfloat16,8,80x128,604.272,5,6,AMD Radeon RX 9070 XT,64,0,0,0
muse.down    g32,9984,6656,32,bfloat16,8,32x64,703.060,4,6,AMD Radeon RX 9070 XT,64,0,0,0
muse.down    g32,9984,6656,32,bfloat16,8,64x128,706.025,4,6,AMD Radeon RX 9070 XT,64,0,0,0
muse.down    g32,9984,6656,32,bfloat16,8,128x256,765.919,4,6,AMD Radeon RX 9070 XT,64,0,0,0
muse.down    g32,9984,6656,32,bfloat16,8,prefill_wmma:smallm_off,1018.218,3,6,AMD Radeon RX 9070 XT,64,0,0,0
muse.down    g32,9984,6656,32,bfloat16,8,32x128,1389.312,2,6,AMD Radeon RX 9070 XT,64,0,0,0
muse.down    g32,9984,6656,32,bfloat16,8,16x64,1453.330,2,6,AMD Radeon RX 9070 XT,64,0,0,0
muse.down    g32,9984,6656,32,bfloat16,8,16x128,2970.741,2,6,AMD Radeon RX 9070 XT,64,0,0,0
muse.down    g32,9984,6656,32,bfloat16,17,32x64x4,230.655,14,6,AMD Radeon RX 9070 XT,64,0,0,0
muse.down    g32,9984,6656,32,bfloat16,17,64x128x4,243.216,13,6,AMD Radeon RX 9070 XT,64,0,0,0
muse.down    g32,9984,6656,32,bfloat16,17,64x64x2,253.259,13,6,AMD Radeon RX 9070 XT,64,0,0,0
muse.down    g32,9984,6656,32,bfloat16,17,128x128x4,261.867,12,6,AMD Radeon RX 9070 XT,64,0,0,0
muse.down    g32,9984,6656,32,bfloat16,17,64x32,275.374,12,6,AMD Radeon RX 9070 XT,64,0,0,0
muse.down    g32,9984,6656,32,bfloat16,17,auto,277.544,11,6,AMD Radeon RX 9070 XT,64,0,0,0
muse.down    g32,9984,6656,32,bfloat16,17,128x64x2,279.097,11,6,AMD Radeon RX 9070 XT,64,0,0,0
muse.down    g32,9984,6656,32,bfloat16,17,128x128x2,305.338,10,6,AMD Radeon RX 9070 XT,64,0,0,0
muse.down    g32,9984,6656,32,bfloat16,17,128x64,325.132,10,6,AMD Radeon RX 9070 XT,64,0,0,0
muse.down    g32,9984,6656,32,bfloat16,17,96x128x2,343.555,9,6,AMD Radeon RX 9070 XT,64,0,0,0
muse.down    g32,9984,6656,32,bfloat16,17,128x32,354.209,9,6,AMD Radeon RX 9070 XT,64,0,0,0
muse.down    g32,9984,6656,32,bfloat16,17,32x128x4,358.668,9,6,AMD Radeon RX 9070 XT,64,0,0,0
muse.down    g32,9984,6656,32,bfloat16,17,32x64x2,372.514,8,6,AMD Radeon RX 9070 XT,64,0,0,0
muse.down    g32,9984,6656,32,bfloat16,17,64x128x2,387.252,8,6,AMD Radeon RX 9070 XT,64,0,0,0
muse.down    g32,9984,6656,32,bfloat16,17,64x64,412.501,8,6,AMD Radeon RX 9070 XT,64,0,0,0
muse.down    g32,9984,6656,32,bfloat16,17,256x128,422.896,7,6,AMD Radeon RX 9070 XT,64,0,0,0
muse.down    g32,9984,6656,32,bfloat16,17,256x128x2,430.932,7,6,AMD Radeon RX 9070 XT,64,0,0,0
muse.down    g32,9984,6656,32,bfloat16,17,32x32,438.731,7,6,AMD Radeon RX 9070 XT,64,0,0,0
muse.down    g32,9984,6656,32,bfloat16,17,192x128,440.233,7,6,AMD Radeon RX 9070 XT,64,0,0,0
muse.down    g32,9984,6656,32,bfloat16,17,256x32,449.986,7,6,AMD Radeon RX 9070 XT,64,0,0,0
muse.down    g32,9984,6656,32,bfloat16,17,prefill_wmma_ashuffle,450.509,7,6,AMD Radeon RX 9070 XT,64,0,0,0
muse.down    g32,9984,6656,32,bfloat16,17,192x128x2,456.376,7,6,AMD Radeon RX 9070 XT,64,0,0,0
muse.down    g32,9984,6656,32,bfloat16,17,128x128,458.060,7,6,AMD Radeon RX 9070 XT,64,0,0,0
muse.down    g32,9984,6656,32,bfloat16,17,256x64,467.446,7,6,AMD Radeon RX 9070 XT,64,0,0,0
muse.down    g32,9984,6656,32,bfloat16,17,prefill_wmma,483.139,6,6,AMD Radeon RX 9070 XT,64,0,0,0
muse.down    g32,9984,6656,32,bfloat16,17,112x128,513.916,6,6,AMD Radeon RX 9070 XT,64,0,0,0
muse.down    g32,9984,6656,32,bfloat16,17,96x128,542.637,6,6,AMD Radeon RX 9070 XT,64,0,0,0
muse.down    g32,9984,6656,32,bfloat16,17,80x128,611.307,5,6,AMD Radeon RX 9070 XT,64,0,0,0
muse.down    g32,9984,6656,32,bfloat16,17,64x128,715.117,4,6,AMD Radeon RX 9070 XT,64,0,0,0
muse.down    g32,9984,6656,32,bfloat16,17,32x64,736.697,4,6,AMD Radeon RX 9070 XT,64,0,0,0
muse.down    g32,9984,6656,32,bfloat16,17,128x256,772.187,4,6,AMD Radeon RX 9070 XT,64,0,0,0
muse.down    g32,9984,6656,32,bfloat16,17,prefill_wmma:smallm_off,1073.555,2,6,AMD Radeon RX 9070 XT,64,0,0,0
muse.down    g32,9984,6656,32,bfloat16,17,16x64,1365.672,2,6,AMD Radeon RX 9070 XT,64,0,0,0
muse.down    g32,9984,6656,32,bfloat16,17,32x128,1401.376,2,6,AMD Radeon RX 9070 XT,64,0,0,0
muse.down    g32,9984,6656,32,bfloat16,17,16x128,2930.270,2,6,AMD Radeon RX 9070 XT,64,0,0,0
muse.down    g32,9984,6656,32,bfloat16,24,32x64x4,236.134,14,6,AMD Radeon RX 9070 XT,64,0,0,0
muse.down    g32,9984,6656,32,bfloat16,24,64x128x4,244.456,13,6,AMD Radeon RX 9070 XT,64,0,0,0
muse.down    g32,9984,6656,32,bfloat16,24,64x64x2,257.273,12,6,AMD Radeon RX 9070 XT,64,0,0,0
muse.down    g32,9984,6656,32,bfloat16,24,128x128x4,261.919,12,6,AMD Radeon RX 9070 XT,64,0,0,0
muse.down    g32,9984,6656,32,bfloat16,24,64x32,281.184,11,6,AMD Radeon RX 9070 XT,64,0,0,0
muse.down    g32,9984,6656,32,bfloat16,24,128x64x2,282.398,11,6,AMD Radeon RX 9070 XT,64,0,0,0
muse.down    g32,9984,6656,32,bfloat16,24,auto,283.664,11,6,AMD Radeon RX 9070 XT,64,0,0,0
muse.down    g32,9984,6656,32,bfloat16,24,128x128x2,306.280,10,6,AMD Radeon RX 9070 XT,64,0,0,0
muse.down    g32,9984,6656,32,bfloat16,24,128x64,329.529,9,6,AMD Radeon RX 9070 XT,64,0,0,0
muse.down    g32,9984,6656,32,bfloat16,24,96x128x2,343.539,9,6,AMD Radeon RX 9070 XT,64,0,0,0
muse.down    g32,9984,6656,32,bfloat16,24,128x32,357.455,9,6,AMD Radeon RX 9070 XT,64,0,0,0
muse.down    g32,9984,6656,32,bfloat16,24,32x128x4,364.580,8,6,AMD Radeon RX 9070 XT,64,0,0,0
muse.down    g32,9984,6656,32,bfloat16,24,32x64x2,384.135,8,6,AMD Radeon RX 9070 XT,64,0,0,0
muse.down    g32,9984,6656,32,bfloat16,24,64x128x2,392.925,8,6,AMD Radeon RX 9070 XT,64,0,0,0
muse.down    g32,9984,6656,32,bfloat16,24,64x64,417.448,7,6,AMD Radeon RX 9070 XT,64,0,0,0
muse.down    g32,9984,6656,32,bfloat16,24,256x128,425.481,7,6,AMD Radeon RX 9070 XT,64,0,0,0
muse.down    g32,9984,6656,32,bfloat16,24,256x128x2,431.421,7,6,AMD Radeon RX 9070 XT,64,0,0,0
muse.down    g32,9984,6656,32,bfloat16,24,192x128,440.786,7,6,AMD Radeon RX 9070 XT,64,0,0,0
muse.down    g32,9984,6656,32,bfloat16,24,prefill_wmma_ashuffle,453.160,7,6,AMD Radeon RX 9070 XT,64,0,0,0
muse.down    g32,9984,6656,32,bfloat16,24,256x32,453.216,7,6,AMD Radeon RX 9070 XT,64,0,0,0
muse.down    g32,9984,6656,32,bfloat16,24,192x128x2,455.989,7,6,AMD Radeon RX 9070 XT,64,0,0,0
muse.down    g32,9984,6656,32,bfloat16,24,32x32,463.845,7,6,AMD Radeon RX 9070 XT,64,0,0,0
muse.down    g32,9984,6656,32,bfloat16,24,128x128,463.899,7,6,AMD Radeon RX 9070 XT,64,0,0,0
muse.down    g32,9984,6656,32,bfloat16,24,256x64,476.037,6,6,AMD Radeon RX 9070 XT,64,0,0,0
muse.down    g32,9984,6656,32,bfloat16,24,prefill_wmma,485.593,6,6,AMD Radeon RX 9070 XT,64,0,0,0
muse.down    g32,9984,6656,32,bfloat16,24,112x128,519.331,6,6,AMD Radeon RX 9070 XT,64,0,0,0
muse.down    g32,9984,6656,32,bfloat16,24,96x128,547.940,6,6,AMD Radeon RX 9070 XT,64,0,0,0
muse.down    g32,9984,6656,32,bfloat16,24,80x128,619.655,5,6,AMD Radeon RX 9070 XT,64,0,0,0
muse.down    g32,9984,6656,32,bfloat16,24,64x128,728.133,4,6,AMD Radeon RX 9070 XT,64,0,0,0
muse.down    g32,9984,6656,32,bfloat16,24,32x64,761.509,4,6,AMD Radeon RX 9070 XT,64,0,0,0
muse.down    g32,9984,6656,32,bfloat16,24,128x256,779.566,4,6,AMD Radeon RX 9070 XT,64,0,0,0
muse.down    g32,9984,6656,32,bfloat16,24,prefill_wmma:smallm_off,1076.315,2,6,AMD Radeon RX 9070 XT,64,0,0,0
muse.down    g32,9984,6656,32,bfloat16,24,16x64,1696.131,2,6,AMD Radeon RX 9070 XT,64,0,0,0
muse.down    g32,9984,6656,32,bfloat16,24,32x128,1752.691,2,6,AMD Radeon RX 9070 XT,64,0,0,0
muse.down    g32,9984,6656,32,bfloat16,24,16x128,3027.215,2,6,AMD Radeon RX 9070 XT,64,0,0,0
muse.down    g32,9984,6656,32,bfloat16,32,32x64x4,240.662,13,6,AMD Radeon RX 9070 XT,64,0,0,0
muse.down    g32,9984,6656,32,bfloat16,32,64x128x4,248.430,13,6,AMD Radeon RX 9070 XT,64,0,0,0
muse.down    g32,9984,6656,32,bfloat16,32,64x64x2,263.205,12,6,AMD Radeon RX 9070 XT,64,0,0,0
muse.down    g32,9984,6656,32,bfloat16,32,128x128x4,269.468,12,6,AMD Radeon RX 9070 XT,64,0,0,0
muse.down    g32,9984,6656,32,bfloat16,32,128x64x2,284.701,11,6,AMD Radeon RX 9070 XT,64,0,0,0
muse.down    g32,9984,6656,32,bfloat16,32,64x32,291.069,11,6,AMD Radeon RX 9070 XT,64,0,0,0
muse.down    g32,9984,6656,32,bfloat16,32,auto,292.866,11,6,AMD Radeon RX 9070 XT,64,0,0,0
muse.down    g32,9984,6656,32,bfloat16,32,128x128x2,309.276,10,6,AMD Radeon RX 9070 XT,64,0,0,0
muse.down    g32,9984,6656,32,bfloat16,32,128x64,333.759,9,6,AMD Radeon RX 9070 XT,64,0,0,0
muse.down    g32,9984,6656,32,bfloat16,32,96x128x2,348.797,9,6,AMD Radeon RX 9070 XT,64,0,0,0
muse.down    g32,9984,6656,32,bfloat16,32,32x128x4,367.976,8,6,AMD Radeon RX 9070 XT,64,0,0,0
muse.down    g32,9984,6656,32,bfloat16,32,128x32,375.198,8,6,AMD Radeon RX 9070 XT,64,0,0,0
muse.down    g32,9984,6656,32,bfloat16,32,64x128x2,398.312,8,6,AMD Radeon RX 9070 XT,64,0,0,0
muse.down    g32,9984,6656,32,bfloat16,32,32x64x2,401.638,8,6,AMD Radeon RX 9070 XT,64,0,0,0
muse.down    g32,9984,6656,32,bfloat16,32,256x128,430.200,7,6,AMD Radeon RX 9070 XT,64,0,0,0
muse.down    g32,9984,6656,32,bfloat16,32,64x64,433.068,7,6,AMD Radeon RX 9070 XT,64,0,0,0
muse.down    g32,9984,6656,32,bfloat16,32,256x128x2,433.589,7,6,AMD Radeon RX 9070 XT,64,0,0,0
muse.down    g32,9984,6656,32,bfloat16,32,192x128,445.578,7,6,AMD Radeon RX 9070 XT,64,0,0,0
muse.down    g32,9984,6656,32,bfloat16,32,prefill_wmma_ashuffle,455.092,7,6,AMD Radeon RX 9070 XT,64,0,0,0
muse.down    g32,9984,6656,32,bfloat16,32,256x32,458.996,7,6,AMD Radeon RX 9070 XT,64,0,0,0
muse.down    g32,9984,6656,32,bfloat16,32,192x128x2,462.724,7,6,AMD Radeon RX 9070 XT,64,0,0,0
muse.down    g32,9984,6656,32,bfloat16,32,128x128,469.082,6,6,AMD Radeon RX 9070 XT,64,0,0,0
muse.down    g32,9984,6656,32,bfloat16,32,256x64,479.537,6,6,AMD Radeon RX 9070 XT,64,0,0,0
muse.down    g32,9984,6656,32,bfloat16,32,32x32,497.226,6,6,AMD Radeon RX 9070 XT,64,0,0,0
muse.down    g32,9984,6656,32,bfloat16,32,prefill_wmma,514.518,6,6,AMD Radeon RX 9070 XT,64,0,0,0
muse.down    g32,9984,6656,32,bfloat16,32,112x128,523.549,6,6,AMD Radeon RX 9070 XT,64,0,0,0
muse.down    g32,9984,6656,32,bfloat16,32,96x128,561.344,5,6,AMD Radeon RX 9070 XT,64,0,0,0
muse.down    g32,9984,6656,32,bfloat16,32,80x128,627.381,5,6,AMD Radeon RX 9070 XT,64,0,0,0
muse.down    g32,9984,6656,32,bfloat16,32,64x128,740.698,4,6,AMD Radeon RX 9070 XT,64,0,0,0
muse.down    g32,9984,6656,32,bfloat16,32,128x256,787.038,4,6,AMD Radeon RX 9070 XT,64,0,0,0
muse.down    g32,9984,6656,32,bfloat16,32,32x64,795.323,4,6,AMD Radeon RX 9070 XT,64,0,0,0
muse.down    g32,9984,6656,32,bfloat16,32,prefill_wmma:smallm_off,1083.352,2,6,AMD Radeon RX 9070 XT,64,0,0,0
muse.down    g32,9984,6656,32,bfloat16,32,32x128,1777.918,2,6,AMD Radeon RX 9070 XT,64,0,0,0
muse.down    g32,9984,6656,32,bfloat16,32,16x64,1972.527,2,6,AMD Radeon RX 9070 XT,64,0,0,0
muse.down    g32,9984,6656,32,bfloat16,32,16x128,3108.366,2,6,AMD Radeon RX 9070 XT,64,0,0,0
muse.down    g32,9984,6656,32,bfloat16,48,64x128x4,257.047,12,6,AMD Radeon RX 9070 XT,64,0,0,0
muse.down    g32,9984,6656,32,bfloat16,48,128x128x4,267.272,12,6,AMD Radeon RX 9070 XT,64,0,0,0
muse.down    g32,9984,6656,32,bfloat16,48,64x64x2,277.463,11,6,AMD Radeon RX 9070 XT,64,0,0,0
muse.down    g32,9984,6656,32,bfloat16,48,128x64x2,290.228,11,6,AMD Radeon RX 9070 XT,64,0,0,0
muse.down    g32,9984,6656,32,bfloat16,48,32x64x4,310.867,10,6,AMD Radeon RX 9070 XT,64,0,0,0
muse.down    g32,9984,6656,32,bfloat16,48,128x128x2,313.998,10,6,AMD Radeon RX 9070 XT,64,0,0,0
muse.down    g32,9984,6656,32,bfloat16,48,auto,327.847,10,6,AMD Radeon RX 9070 XT,64,0,0,0
muse.down    g32,9984,6656,32,bfloat16,48,64x32,330.918,9,6,AMD Radeon RX 9070 XT,64,0,0,0
muse.down    g32,9984,6656,32,bfloat16,48,128x64,344.144,9,6,AMD Radeon RX 9070 XT,64,0,0,0
muse.down    g32,9984,6656,32,bfloat16,48,96x128x2,357.957,9,6,AMD Radeon RX 9070 XT,64,0,0,0
muse.down    g32,9984,6656,32,bfloat16,48,32x128x4,397.481,8,6,AMD Radeon RX 9070 XT,64,0,0,0
muse.down    g32,9984,6656,32,bfloat16,48,32x64x2,401.592,8,6,AMD Radeon RX 9070 XT,64,0,0,0
muse.down    g32,9984,6656,32,bfloat16,48,128x32,402.511,8,6,AMD Radeon RX 9070 XT,64,0,0,0
muse.down    g32,9984,6656,32,bfloat16,48,64x128x2,410.105,8,6,AMD Radeon RX 9070 XT,64,0,0,0
muse.down    g32,9984,6656,32,bfloat16,48,256x128,435.960,7,6,AMD Radeon RX 9070 XT,64,0,0,0
muse.down    g32,9984,6656,32,bfloat16,48,256x128x2,449.392,7,6,AMD Radeon RX 9070 XT,64,0,0,0
muse.down    g32,9984,6656,32,bfloat16,48,192x128,453.520,7,6,AMD Radeon RX 9070 XT,64,0,0,0
muse.down    g32,9984,6656,32,bfloat16,48,64x64,471.553,6,6,AMD Radeon RX 9070 XT,64,0,0,0
muse.down    g32,9984,6656,32,bfloat16,48,256x32,471.900,7,6,AMD Radeon RX 9070 XT,64,0,0,0
muse.down    g32,9984,6656,32,bfloat16,48,192x128x2,474.730,6,6,AMD Radeon RX 9070 XT,64,0,0,0
muse.down    g32,9984,6656,32,bfloat16,48,prefill_wmma_ashuffle,479.807,6,6,AMD Radeon RX 9070 XT,64,0,0,0
muse.down    g32,9984,6656,32,bfloat16,48,128x128,481.542,6,6,AMD Radeon RX 9070 XT,64,0,0,0
muse.down    g32,9984,6656,32,bfloat16,48,256x64,488.743,6,6,AMD Radeon RX 9070 XT,64,0,0,0
muse.down    g32,9984,6656,32,bfloat16,48,112x128,540.196,6,6,AMD Radeon RX 9070 XT,64,0,0,0
muse.down    g32,9984,6656,32,bfloat16,48,96x128,584.656,5,6,AMD Radeon RX 9070 XT,64,0,0,0
muse.down    g32,9984,6656,32,bfloat16,48,prefill_wmma,598.640,5,6,AMD Radeon RX 9070 XT,64,0,0,0
muse.down    g32,9984,6656,32,bfloat16,48,80x128,654.320,5,6,AMD Radeon RX 9070 XT,64,0,0,0
muse.down    g32,9984,6656,32,bfloat16,48,32x64,747.587,4,6,AMD Radeon RX 9070 XT,64,0,0,0
muse.down    g32,9984,6656,32,bfloat16,48,64x128,776.501,4,6,AMD Radeon RX 9070 XT,64,0,0,0
muse.down    g32,9984,6656,32,bfloat16,48,128x256,805.311,4,6,AMD Radeon RX 9070 XT,64,0,0,0
muse.down    g32,9984,6656,32,bfloat16,48,32x32,850.356,3,6,AMD Radeon RX 9070 XT,64,0,0,0
muse.down    g32,9984,6656,32,bfloat16,48,prefill_wmma:smallm_off,1147.286,2,6,AMD Radeon RX 9070 XT,64,0,0,0
muse.down    g32,9984,6656,32,bfloat16,48,32x128,1495.097,2,6,AMD Radeon RX 9070 XT,64,0,0,0
muse.down    g32,9984,6656,32,bfloat16,48,16x128,3178.284,2,6,AMD Radeon RX 9070 XT,64,0,0,0
muse.down    g32,9984,6656,32,bfloat16,48,16x64,4427.550,2,6,AMD Radeon RX 9070 XT,64,0,0,0
muse.down    g32,9984,6656,32,bfloat16,63,64x128x4,262.701,12,6,AMD Radeon RX 9070 XT,64,0,0,0
muse.down    g32,9984,6656,32,bfloat16,63,128x128x4,265.651,11,6,AMD Radeon RX 9070 XT,64,0,0,0
muse.down    g32,9984,6656,32,bfloat16,63,64x64x2,290.925,11,6,AMD Radeon RX 9070 XT,64,0,0,0
muse.down    g32,9984,6656,32,bfloat16,63,128x64x2,294.409,10,6,AMD Radeon RX 9070 XT,64,0,0,0
muse.down    g32,9984,6656,32,bfloat16,63,32x64x4,317.114,10,6,AMD Radeon RX 9070 XT,64,0,0,0
muse.down    g32,9984,6656,32,bfloat16,63,128x128x2,322.005,9,6,AMD Radeon RX 9070 XT,64,0,0,0
muse.down    g32,9984,6656,32,bfloat16,63,128x64,357.894,9,6,AMD Radeon RX 9070 XT,64,0,0,0
muse.down    g32,9984,6656,32,bfloat16,63,auto,363.356,8,6,AMD Radeon RX 9070 XT,64,0,0,0
muse.down    g32,9984,6656,32,bfloat16,63,64x32,368.471,8,6,AMD Radeon RX 9070 XT,64,0,0,0
muse.down    g32,9984,6656,32,bfloat16,63,96x128x2,369.392,8,6,AMD Radeon RX 9070 XT,64,0,0,0
muse.down    g32,9984,6656,32,bfloat16,63,32x128x4,409.787,7,6,AMD Radeon RX 9070 XT,64,0,0,0
muse.down    g32,9984,6656,32,bfloat16,63,32x64x2,412.850,7,6,AMD Radeon RX 9070 XT,64,0,0,0
muse.down    g32,9984,6656,32,bfloat16,63,64x128x2,424.256,7,6,AMD Radeon RX 9070 XT,64,0,0,0
muse.down    g32,9984,6656,32,bfloat16,63,128x32,437.160,7,6,AMD Radeon RX 9070 XT,64,0,0,0
muse.down    g32,9984,6656,32,bfloat16,63,256x128,440.258,7,6,AMD Radeon RX 9070 XT,64,0,0,0
muse.down    g32,9984,6656,32,bfloat16,63,256x128x2,454.268,7,6,AMD Radeon RX 9070 XT,64,0,0,0
muse.down    g32,9984,6656,32,bfloat16,63,192x128,466.815,6,6,AMD Radeon RX 9070 XT,64,0,0,0
muse.down    g32,9984,6656,32,bfloat16,63,256x32,485.722,6,6,AMD Radeon RX 9070 XT,64,0,0,0
muse.down    g32,9984,6656,32,bfloat16,63,192x128x2,491.390,6,6,AMD Radeon RX 9070 XT,64,0,0,0
muse.down    g32,9984,6656,32,bfloat16,63,128x128,496.758,6,6,AMD Radeon RX 9070 XT,64,0,0,0
muse.down    g32,9984,6656,32,bfloat16,63,256x64,498.570,6,6,AMD Radeon RX 9070 XT,64,0,0,0
muse.down    g32,9984,6656,32,bfloat16,63,prefill_wmma_ashuffle,505.149,6,6,AMD Radeon RX 9070 XT,64,0,0,0
muse.down    g32,9984,6656,32,bfloat16,63,64x64,507.211,6,6,AMD Radeon RX 9070 XT,64,0,0,0
muse.down    g32,9984,6656,32,bfloat16,63,112x128,563.036,5,6,AMD Radeon RX 9070 XT,64,0,0,0
muse.down    g32,9984,6656,32,bfloat16,63,96x128,608.459,5,6,AMD Radeon RX 9070 XT,64,0,0,0
muse.down    g32,9984,6656,32,bfloat16,63,prefill_wmma,676.924,4,6,AMD Radeon RX 9070 XT,64,0,0,0
muse.down    g32,9984,6656,32,bfloat16,63,80x128,681.656,4,6,AMD Radeon RX 9070 XT,64,0,0,0
muse.down    g32,9984,6656,32,bfloat16,63,64x128,807.249,4,6,AMD Radeon RX 9070 XT,64,0,0,0
muse.down    g32,9984,6656,32,bfloat16,63,32x64,816.506,4,6,AMD Radeon RX 9070 XT,64,0,0,0
muse.down    g32,9984,6656,32,bfloat16,63,128x256,826.367,3,6,AMD Radeon RX 9070 XT,64,0,0,0
muse.down    g32,9984,6656,32,bfloat16,63,32x32,1001.500,3,6,AMD Radeon RX 9070 XT,64,0,0,0
muse.down    g32,9984,6656,32,bfloat16,63,prefill_wmma:smallm_off,1204.693,2,6,AMD Radeon RX 9070 XT,64,0,0,0
muse.down    g32,9984,6656,32,bfloat16,63,32x128,1951.611,2,6,AMD Radeon RX 9070 XT,64,0,0,0
muse.down    g32,9984,6656,32,bfloat16,63,16x64,4747.215,2,6,AMD Radeon RX 9070 XT,64,0,0,0
muse.down    g32,9984,6656,32,bfloat16,63,16x128,7002.864,2,6,AMD Radeon RX 9070 XT,64,0,0,0
muse.down    g32,9984,6656,32,bfloat16,64,64x128x4,262.689,12,6,AMD Radeon RX 9070 XT,64,0,0,0
muse.down    g32,9984,6656,32,bfloat16,64,128x128x4,268.010,12,6,AMD Radeon RX 9070 XT,64,0,0,0
muse.down    g32,9984,6656,32,bfloat16,64,64x64x2,292.049,11,6,AMD Radeon RX 9070 XT,64,0,0,0
muse.down    g32,9984,6656,32,bfloat16,64,128x64x2,294.301,10,6,AMD Radeon RX 9070 XT,64,0,0,0
muse.down    g32,9984,6656,32,bfloat16,64,32x64x4,317.274,9,6,AMD Radeon RX 9070 XT,64,0,0,0
muse.down    g32,9984,6656,32,bfloat16,64,128x128x2,321.655,9,6,AMD Radeon RX 9070 XT,64,0,0,0
muse.down    g32,9984,6656,32,bfloat16,64,128x64,357.778,9,6,AMD Radeon RX 9070 XT,64,0,0,0
muse.down    g32,9984,6656,32,bfloat16,64,auto,366.551,8,6,AMD Radeon RX 9070 XT,64,0,0,0
muse.down    g32,9984,6656,32,bfloat16,64,64x32,368.314,8,6,AMD Radeon RX 9070 XT,64,0,0,0
muse.down    g32,9984,6656,32,bfloat16,64,96x128x2,370.763,8,6,AMD Radeon RX 9070 XT,64,0,0,0
muse.down    g32,9984,6656,32,bfloat16,64,32x128x4,412.134,7,6,AMD Radeon RX 9070 XT,64,0,0,0
muse.down    g32,9984,6656,32,bfloat16,64,32x64x2,414.757,7,6,AMD Radeon RX 9070 XT,64,0,0,0
muse.down    g32,9984,6656,32,bfloat16,64,64x128x2,423.992,7,6,AMD Radeon RX 9070 XT,64,0,0,0
muse.down    g32,9984,6656,32,bfloat16,64,128x32,435.681,7,6,AMD Radeon RX 9070 XT,64,0,0,0
muse.down    g32,9984,6656,32,bfloat16,64,256x128,441.989,7,6,AMD Radeon RX 9070 XT,64,0,0,0
muse.down    g32,9984,6656,32,bfloat16,64,256x128x2,453.083,7,6,AMD Radeon RX 9070 XT,64,0,0,0
muse.down    g32,9984,6656,32,bfloat16,64,192x128,468.781,6,6,AMD Radeon RX 9070 XT,64,0,0,0
muse.down    g32,9984,6656,32,bfloat16,64,256x32,485.912,6,6,AMD Radeon RX 9070 XT,64,0,0,0
muse.down    g32,9984,6656,32,bfloat16,64,192x128x2,496.238,6,6,AMD Radeon RX 9070 XT,64,0,0,0
muse.down    g32,9984,6656,32,bfloat16,64,128x128,496.804,6,6,AMD Radeon RX 9070 XT,64,0,0,0
muse.down    g32,9984,6656,32,bfloat16,64,256x64,498.734,6,6,AMD Radeon RX 9070 XT,64,0,0,0
muse.down    g32,9984,6656,32,bfloat16,64,prefill_wmma_ashuffle,504.647,6,6,AMD Radeon RX 9070 XT,64,0,0,0
muse.down    g32,9984,6656,32,bfloat16,64,64x64,506.743,6,6,AMD Radeon RX 9070 XT,64,0,0,0
muse.down    g32,9984,6656,32,bfloat16,64,112x128,565.546,5,6,AMD Radeon RX 9070 XT,64,0,0,0
muse.down    g32,9984,6656,32,bfloat16,64,96x128,610.836,5,6,AMD Radeon RX 9070 XT,64,0,0,0
muse.down    g32,9984,6656,32,bfloat16,64,80x128,679.014,4,6,AMD Radeon RX 9070 XT,64,0,0,0
muse.down    g32,9984,6656,32,bfloat16,64,prefill_wmma,679.514,4,6,AMD Radeon RX 9070 XT,64,0,0,0
muse.down    g32,9984,6656,32,bfloat16,64,64x128,807.508,4,6,AMD Radeon RX 9070 XT,64,0,0,0
muse.down    g32,9984,6656,32,bfloat16,64,32x64,820.451,3,6,AMD Radeon RX 9070 XT,64,0,0,0
muse.down    g32,9984,6656,32,bfloat16,64,128x256,828.171,3,6,AMD Radeon RX 9070 XT,64,0,0,0
muse.down    g32,9984,6656,32,bfloat16,64,32x32,984.527,3,6,AMD Radeon RX 9070 XT,64,0,0,0
muse.down    g32,9984,6656,32,bfloat16,64,prefill_wmma:smallm_off,1231.520,2,6,AMD Radeon RX 9070 XT,64,0,0,0
muse.down    g32,9984,6656,32,bfloat16,64,32x128,1777.908,2,6,AMD Radeon RX 9070 XT,64,0,0,0
muse.down    g32,9984,6656,32,bfloat16,64,16x64,4805.109,2,6,AMD Radeon RX 9070 XT,64,0,0,0
muse.down    g32,9984,6656,32,bfloat16,64,16x128,6993.809,2,6,AMD Radeon RX 9070 XT,64,0,0,0
muse.down    g32,9984,6656,32,bfloat16,96,128x128x4,277.280,11,6,AMD Radeon RX 9070 XT,64,0,0,0
muse.down    g32,9984,6656,32,bfloat16,96,128x64x2,309.907,10,6,AMD Radeon RX 9070 XT,64,0,0,0
muse.down    g32,9984,6656,32,bfloat16,96,128x128x2,333.387,9,6,AMD Radeon RX 9070 XT,64,0,0,0
muse.down    g32,9984,6656,32,bfloat16,96,128x64,375.896,8,6,AMD Radeon RX 9070 XT,64,0,0,0
muse.down    g32,9984,6656,32,bfloat16,96,96x128x2,377.405,8,6,AMD Radeon RX 9070 XT,64,0,0,0
muse.down    g32,9984,6656,32,bfloat16,96,64x128x4,378.105,8,6,AMD Radeon RX 9070 XT,64,0,0,0
muse.down    g32,9984,6656,32,bfloat16,96,auto,381.121,8,6,AMD Radeon RX 9070 XT,64,0,0,0
muse.down    g32,9984,6656,32,bfloat16,96,256x128,455.568,7,6,AMD Radeon RX 9070 XT,64,0,0,0
muse.down    g32,9984,6656,32,bfloat16,96,32x64x4,458.721,7,6,AMD Radeon RX 9070 XT,64,0,0,0
muse.down    g32,9984,6656,32,bfloat16,96,64x128x2,470.401,6,6,AMD Radeon RX 9070 XT,64,0,0,0
muse.down    g32,9984,6656,32,bfloat16,96,256x128x2,474.448,6,6,AMD Radeon RX 9070 XT,64,0,0,0
muse.down    g32,9984,6656,32,bfloat16,96,192x128,474.453,6,6,AMD Radeon RX 9070 XT,64,0,0,0
muse.down    g32,9984,6656,32,bfloat16,96,64x64x2,475.588,6,6,AMD Radeon RX 9070 XT,64,0,0,0
muse.down    g32,9984,6656,32,bfloat16,96,128x32,495.155,6,6,AMD Radeon RX 9070 XT,64,0,0,0
muse.down    g32,9984,6656,32,bfloat16,96,192x128x2,506.576,6,6,AMD Radeon RX 9070 XT,64,0,0,0
muse.down    g32,9984,6656,32,bfloat16,96,128x128,508.058,6,6,AMD Radeon RX 9070 XT,64,0,0,0
muse.down    g32,9984,6656,32,bfloat16,96,256x32,524.706,6,6,AMD Radeon RX 9070 XT,64,0,0,0
muse.down    g32,9984,6656,32,bfloat16,96,256x64,524.979,6,6,AMD Radeon RX 9070 XT,64,0,0,0
muse.down    g32,9984,6656,32,bfloat16,96,prefill_wmma_ashuffle,577.611,5,6,AMD Radeon RX 9070 XT,64,0,0,0
muse.down    g32,9984,6656,32,bfloat16,96,112x128,583.599,5,6,AMD Radeon RX 9070 XT,64,0,0,0
muse.down    g32,9984,6656,32,bfloat16,96,64x32,599.723,5,6,AMD Radeon RX 9070 XT,64,0,0,0
muse.down    g32,9984,6656,32,bfloat16,96,96x128,634.174,5,6,AMD Radeon RX 9070 XT,64,0,0,0
muse.down    g32,9984,6656,32,bfloat16,96,80x128,699.805,4,6,AMD Radeon RX 9070 XT,64,0,0,0
muse.down    g32,9984,6656,32,bfloat16,96,32x128x4,739.175,4,6,AMD Radeon RX 9070 XT,64,0,0,0
muse.down    g32,9984,6656,32,bfloat16,96,64x128,790.486,4,6,AMD Radeon RX 9070 XT,64,0,0,0
muse.down    g32,9984,6656,32,bfloat16,96,prefill_wmma,792.149,4,6,AMD Radeon RX 9070 XT,64,0,0,0
muse.down    g32,9984,6656,32,bfloat16,96,32x64x2,796.356,4,6,AMD Radeon RX 9070 XT,64,0,0,0
muse.down    g32,9984,6656,32,bfloat16,96,128x256,850.376,3,6,AMD Radeon RX 9070 XT,64,0,0,0
muse.down    g32,9984,6656,32,bfloat16,96,64x64,876.550,3,6,AMD Radeon RX 9070 XT,64,0,0,0
muse.down    g32,9984,6656,32,bfloat16,96,32x32,982.562,3,6,AMD Radeon RX 9070 XT,64,0,0,0
muse.down    g32,9984,6656,32,bfloat16,96,prefill_wmma:smallm_off,1404.516,2,6,AMD Radeon RX 9070 XT,64,0,0,0
muse.down    g32,9984,6656,32,bfloat16,96,32x64,1701.210,2,6,AMD Radeon RX 9070 XT,64,0,0,0
muse.down    g32,9984,6656,32,bfloat16,96,32x128,3203.701,2,6,AMD Radeon RX 9070 XT,64,0,0,0
muse.down    g32,9984,6656,32,bfloat16,96,16x64,6864.311,2,6,AMD Radeon RX 9070 XT,64,0,0,0
muse.down    g32,9984,6656,32,bfloat16,96,16x128,6958.480,2,6,AMD Radeon RX 9070 XT,64,0,0,0
muse.down    g32,9984,6656,32,bfloat16,128,128x128x4,286.403,11,6,AMD Radeon RX 9070 XT,64,0,0,0
muse.down    g32,9984,6656,32,bfloat16,128,128x64x2,318.753,10,6,AMD Radeon RX 9070 XT,64,0,0,0
muse.down    g32,9984,6656,32,bfloat16,128,128x128x2,344.170,9,6,AMD Radeon RX 9070 XT,64,0,0,0
muse.down    g32,9984,6656,32,bfloat16,128,64x128x4,386.444,8,6,AMD Radeon RX 9070 XT,64,0,0,0
muse.down    g32,9984,6656,32,bfloat16,128,128x64,399.640,8,6,AMD Radeon RX 9070 XT,64,0,0,0
muse.down    g32,9984,6656,32,bfloat16,128,auto,404.565,7,6,AMD Radeon RX 9070 XT,64,0,0,0
muse.down    g32,9984,6656,32,bfloat16,128,256x128,468.105,6,6,AMD Radeon RX 9070 XT,64,0,0,0
muse.down    g32,9984,6656,32,bfloat16,128,256x128x2,491.391,6,6,AMD Radeon RX 9070 XT,64,0,0,0
muse.down    g32,9984,6656,32,bfloat16,128,192x128,494.747,6,6,AMD Radeon RX 9070 XT,64,0,0,0
muse.down    g32,9984,6656,32,bfloat16,128,64x128x2,499.698,6,6,AMD Radeon RX 9070 XT,64,0,0,0
muse.down    g32,9984,6656,32,bfloat16,128,64x64x2,529.812,6,6,AMD Radeon RX 9070 XT,64,0,0,0
muse.down    g32,9984,6656,32,bfloat16,128,128x128,531.234,6,6,AMD Radeon RX 9070 XT,64,0,0,0
muse.down    g32,9984,6656,32,bfloat16,128,192x128x2,534.574,6,6,AMD Radeon RX 9070 XT,64,0,0,0
muse.down    g32,9984,6656,32,bfloat16,128,256x64,545.949,5,6,AMD Radeon RX 9070 XT,64,0,0,0
muse.down    g32,9984,6656,32,bfloat16,128,256x32,568.551,5,6,AMD Radeon RX 9070 XT,64,0,0,0
muse.down    g32,9984,6656,32,bfloat16,128,32x64x4,579.860,5,6,AMD Radeon RX 9070 XT,64,0,0,0
muse.down    g32,9984,6656,32,bfloat16,128,128x32,596.183,5,6,AMD Radeon RX 9070 XT,64,0,0,0
muse.down    g32,9984,6656,32,bfloat16,128,prefill_wmma_ashuffle,625.073,5,6,AMD Radeon RX 9070 XT,64,0,0,0
muse.down    g32,9984,6656,32,bfloat16,128,96x128x2,680.359,4,6,AMD Radeon RX 9070 XT,64,0,0,0
muse.down    g32,9984,6656,32,bfloat16,128,80x128,709.801,4,6,AMD Radeon RX 9070 XT,64,0,0,0
muse.down    g32,9984,6656,32,bfloat16,128,64x32,712.218,4,6,AMD Radeon RX 9070 XT,64,0,0,0
muse.down    g32,9984,6656,32,bfloat16,128,32x128x4,785.168,4,6,AMD Radeon RX 9070 XT,64,0,0,0
muse.down    g32,9984,6656,32,bfloat16,128,32x64x2,842.249,3,6,AMD Radeon RX 9070 XT,64,0,0,0
muse.down    g32,9984,6656,32,bfloat16,128,64x128,850.212,3,6,AMD Radeon RX 9070 XT,64,0,0,0
muse.down    g32,9984,6656,32,bfloat16,128,128x256,885.486,3,6,AMD Radeon RX 9070 XT,64,0,0,0
muse.down    g32,9984,6656,32,bfloat16,128,64x64,1013.623,3,6,AMD Radeon RX 9070 XT,64,0,0,0
muse.down    g32,9984,6656,32,bfloat16,128,112x128,1058.815,3,6,AMD Radeon RX 9070 XT,64,0,0,0
muse.down    g32,9984,6656,32,bfloat16,128,96x128,1228.067,2,6,AMD Radeon RX 9070 XT,64,0,0,0
muse.down    g32,9984,6656,32,bfloat16,128,prefill_wmma,1501.021,2,6,AMD Radeon RX 9070 XT,64,0,0,0
muse.down    g32,9984,6656,32,bfloat16,128,prefill_wmma:smallm_off,1502.224,2,6,AMD Radeon RX 9070 XT,64,0,0,0
muse.down    g32,9984,6656,32,bfloat16,128,32x32,1615.575,2,6,AMD Radeon RX 9070 XT,64,0,0,0
muse.down    g32,9984,6656,32,bfloat16,128,32x64,1769.971,2,6,AMD Radeon RX 9070 XT,64,0,0,0
muse.down    g32,9984,6656,32,bfloat16,128,32x128,5068.560,2,6,AMD Radeon RX 9070 XT,64,0,0,0
muse.down    g32,9984,6656,32,bfloat16,128,16x64,7433.025,2,6,AMD Radeon RX 9070 XT,64,0,0,0
muse.down    g32,9984,6656,32,bfloat16,128,16x128,12498.592,2,6,AMD Radeon RX 9070 XT,64,0,0,0
muse.down    g32,9984,6656,32,bfloat16,192,auto,496.402,6,6,AMD Radeon RX 9070 XT,64,0,0,0
muse.down    g32,9984,6656,32,bfloat16,192,256x128,499.002,6,6,AMD Radeon RX 9070 XT,64,0,0,0
muse.down    g32,9984,6656,32,bfloat16,192,128x64x2,520.907,6,6,AMD Radeon RX 9070 XT,64,0,0,0
muse.down    g32,9984,6656,32,bfloat16,192,128x128x4,525.442,6,6,AMD Radeon RX 9070 XT,64,0,0,0
muse.down    g32,9984,6656,32,bfloat16,192,64x128x4,526.075,6,6,AMD Radeon RX 9070 XT,64,0,0,0
muse.down    g32,9984,6656,32,bfloat16,192,192x128,534.370,5,6,AMD Radeon RX 9070 XT,64,0,0,0
muse.down    g32,9984,6656,32,bfloat16,192,256x128x2,538.872,6,6,AMD Radeon RX 9070 XT,64,0,0,0
muse.down    g32,9984,6656,32,bfloat16,192,256x64,589.795,5,6,AMD Radeon RX 9070 XT,64,0,0,0
muse.down    g32,9984,6656,32,bfloat16,192,64x64x2,595.850,5,6,AMD Radeon RX 9070 XT,64,0,0,0
muse.down    g32,9984,6656,32,bfloat16,192,192x128x2,596.634,5,6,AMD Radeon RX 9070 XT,64,0,0,0
muse.down    g32,9984,6656,32,bfloat16,192,128x128x2,639.918,5,6,AMD Radeon RX 9070 XT,64,0,0,0
muse.down    g32,9984,6656,32,bfloat16,192,128x64,683.043,4,6,AMD Radeon RX 9070 XT,64,0,0,0
muse.down    g32,9984,6656,32,bfloat16,192,256x32,686.239,4,6,AMD Radeon RX 9070 XT,64,0,0,0
muse.down    g32,9984,6656,32,bfloat16,192,96x128x2,752.037,4,6,AMD Radeon RX 9070 XT,64,0,0,0
muse.down    g32,9984,6656,32,bfloat16,192,prefill_wmma_ashuffle,756.269,4,6,AMD Radeon RX 9070 XT,64,0,0,0
muse.down    g32,9984,6656,32,bfloat16,192,128x32,771.382,4,6,AMD Radeon RX 9070 XT,64,0,0,0
muse.down    g32,9984,6656,32,bfloat16,192,32x64x4,786.012,4,6,AMD Radeon RX 9070 XT,64,0,0,0
muse.down    g32,9984,6656,32,bfloat16,192,64x128x2,847.063,3,6,AMD Radeon RX 9070 XT,64,0,0,0
muse.down    g32,9984,6656,32,bfloat16,192,128x256,902.157,3,6,AMD Radeon RX 9070 XT,64,0,0,0
muse.down    g32,9984,6656,32,bfloat16,192,128x128,960.924,3,6,AMD Radeon RX 9070 XT,64,0,0,0
muse.down    g32,9984,6656,32,bfloat16,192,64x32,1018.810,3,6,AMD Radeon RX 9070 XT,64,0,0,0
muse.down    g32,9984,6656,32,bfloat16,192,64x64,1027.730,3,6,AMD Radeon RX 9070 XT,64,0,0,0
muse.down    g32,9984,6656,32,bfloat16,192,32x128x4,1232.560,2,6,AMD Radeon RX 9070 XT,64,0,0,0
muse.down    g32,9984,6656,32,bfloat16,192,112x128,1233.067,2,6,AMD Radeon RX 9070 XT,64,0,0,0
muse.down    g32,9984,6656,32,bfloat16,192,32x64x2,1354.228,2,6,AMD Radeon RX 9070 XT,64,0,0,0
muse.down    g32,9984,6656,32,bfloat16,192,80x128,1370.259,2,6,AMD Radeon RX 9070 XT,64,0,0,0
muse.down    g32,9984,6656,32,bfloat16,192,96x128,1438.310,2,6,AMD Radeon RX 9070 XT,64,0,0,0
muse.down    g32,9984,6656,32,bfloat16,192,prefill_wmma,1776.068,2,6,AMD Radeon RX 9070 XT,64,0,0,0
muse.down    g32,9984,6656,32,bfloat16,192,64x128,1785.401,2,6,AMD Radeon RX 9070 XT,64,0,0,0
muse.down    g32,9984,6656,32,bfloat16,192,prefill_wmma:smallm_off,1790.498,2,6,AMD Radeon RX 9070 XT,64,0,0,0
muse.down    g32,9984,6656,32,bfloat16,192,32x32,2095.416,2,6,AMD Radeon RX 9070 XT,64,0,0,0
muse.down    g32,9984,6656,32,bfloat16,192,32x64,2505.634,2,6,AMD Radeon RX 9070 XT,64,0,0,0
muse.down    g32,9984,6656,32,bfloat16,192,32x128,5309.576,2,6,AMD Radeon RX 9070 XT,64,0,0,0
muse.down    g32,9984,6656,32,bfloat16,192,16x128,13435.904,2,6,AMD Radeon RX 9070 XT,64,0,0,0
muse.down    g32,9984,6656,32,bfloat16,192,16x64,14596.161,2,6,AMD Radeon RX 9070 XT,64,0,0,0
muse.down    g32,9984,6656,32,bfloat16,256,128x128x4,529.435,6,6,AMD Radeon RX 9070 XT,64,0,0,0
muse.down    g32,9984,6656,32,bfloat16,256,256x128,530.638,6,6,AMD Radeon RX 9070 XT,64,0,0,0
muse.down    g32,9984,6656,32,bfloat16,256,auto,532.673,6,6,AMD Radeon RX 9070 XT,64,0,0,0
muse.down    g32,9984,6656,32,bfloat16,256,128x64x2,548.828,6,6,AMD Radeon RX 9070 XT,64,0,0,0
muse.down    g32,9984,6656,32,bfloat16,256,256x128x2,571.556,5,6,AMD Radeon RX 9070 XT,64,0,0,0
muse.down    g32,9984,6656,32,bfloat16,256,64x128x4,658.569,5,6,AMD Radeon RX 9070 XT,64,0,0,0
muse.down    g32,9984,6656,32,bfloat16,256,256x64,659.627,4,6,AMD Radeon RX 9070 XT,64,0,0,0
muse.down    g32,9984,6656,32,bfloat16,256,128x128x2,685.688,4,6,AMD Radeon RX 9070 XT,64,0,0,0
muse.down    g32,9984,6656,32,bfloat16,256,128x64,755.760,4,6,AMD Radeon RX 9070 XT,64,0,0,0
muse.down    g32,9984,6656,32,bfloat16,256,96x128x2,761.017,4,6,AMD Radeon RX 9070 XT,64,0,0,0
muse.down    g32,9984,6656,32,bfloat16,256,256x32,788.559,4,6,AMD Radeon RX 9070 XT,64,0,0,0
muse.down    g32,9984,6656,32,bfloat16,256,64x64x2,817.550,4,6,AMD Radeon RX 9070 XT,64,0,0,0
muse.down    g32,9984,6656,32,bfloat16,256,prefill_wmma_ashuffle,892.426,3,6,AMD Radeon RX 9070 XT,64,0,0,0
muse.down    g32,9984,6656,32,bfloat16,256,128x32,892.575,3,6,AMD Radeon RX 9070 XT,64,0,0,0
muse.down    g32,9984,6656,32,bfloat16,256,64x128x2,918.539,3,6,AMD Radeon RX 9070 XT,64,0,0,0
muse.down    g32,9984,6656,32,bfloat16,256,192x128,929.119,3,6,AMD Radeon RX 9070 XT,64,0,0,0
muse.down    g32,9984,6656,32,bfloat16,256,128x256,953.958,3,6,AMD Radeon RX 9070 XT,64,0,0,0
muse.down    g32,9984,6656,32,bfloat16,256,192x128x2,1004.292,3,6,AMD Radeon RX 9070 XT,64,0,0,0
muse.down    g32,9984,6656,32,bfloat16,256,32x64x4,1037.943,3,6,AMD Radeon RX 9070 XT,64,0,0,0
muse.down    g32,9984,6656,32,bfloat16,256,64x32,1337.488,2,6,AMD Radeon RX 9070 XT,64,0,0,0
muse.down    g32,9984,6656,32,bfloat16,256,128x128,1354.759,2,6,AMD Radeon RX 9070 XT,64,0,0,0
muse.down    g32,9984,6656,32,bfloat16,256,112x128,1375.179,2,6,AMD Radeon RX 9070 XT,64,0,0,0
muse.down    g32,9984,6656,32,bfloat16,256,96x128,1481.374,2,6,AMD Radeon RX 9070 XT,64,0,0,0
muse.down    g32,9984,6656,32,bfloat16,256,80x128,1588.115,2,6,AMD Radeon RX 9070 XT,64,0,0,0
muse.down    g32,9984,6656,32,bfloat16,256,32x128x4,1782.568,2,6,AMD Radeon RX 9070 XT,64,0,0,0
muse.down    g32,9984,6656,32,bfloat16,256,64x64,1789.205,2,6,AMD Radeon RX 9070 XT,64,0,0,0
muse.down    g32,9984,6656,32,bfloat16,256,32x64x2,1945.263,2,6,AMD Radeon RX 9070 XT,64,0,0,0
muse.down    g32,9984,6656,32,bfloat16,256,64x128,1945.427,2,6,AMD Radeon RX 9070 XT,64,0,0,0
muse.down    g32,9984,6656,32,bfloat16,256,prefill_wmma,2060.162,2,6,AMD Radeon RX 9070 XT,64,0,0,0
muse.down    g32,9984,6656,32,bfloat16,256,prefill_wmma:smallm_off,2077.308,2,6,AMD Radeon RX 9070 XT,64,0,0,0
muse.down    g32,9984,6656,32,bfloat16,256,32x32,2721.721,2,6,AMD Radeon RX 9070 XT,64,0,0,0
muse.down    g32,9984,6656,32,bfloat16,256,32x64,3517.128,2,6,AMD Radeon RX 9070 XT,64,0,0,0
muse.down    g32,9984,6656,32,bfloat16,256,32x128,10496.048,2,6,AMD Radeon RX 9070 XT,64,0,0,0
muse.down    g32,9984,6656,32,bfloat16,256,16x64,25380.076,2,6,AMD Radeon RX 9070 XT,64,0,0,0
muse.down    g32,9984,6656,32,bfloat16,256,16x128,41059.820,2,6,AMD Radeon RX 9070 XT,64,0,0,0
muse.down    g32,9984,6656,32,bfloat16,512,128x128x4,961.658,3,6,AMD Radeon RX 9070 XT,64,0,0,0
muse.down    g32,9984,6656,32,bfloat16,512,128x64x2,1005.965,3,6,AMD Radeon RX 9070 XT,64,0,0,0
muse.down    g32,9984,6656,32,bfloat16,512,256x128,1018.885,3,6,AMD Radeon RX 9070 XT,64,0,0,0
muse.down    g32,9984,6656,32,bfloat16,512,auto,1021.072,3,6,AMD Radeon RX 9070 XT,64,0,0,0
muse.down    g32,9984,6656,32,bfloat16,512,64x128x4,1177.900,2,6,AMD Radeon RX 9070 XT,64,0,0,0
muse.down    g32,9984,6656,32,bfloat16,512,256x128x2,1328.182,2,6,AMD Radeon RX 9070 XT,64,0,0,0
muse.down    g32,9984,6656,32,bfloat16,512,128x128x2,1495.251,2,6,AMD Radeon RX 9070 XT,64,0,0,0
muse.down    g32,9984,6656,32,bfloat16,512,256x64,1535.178,2,6,AMD Radeon RX 9070 XT,64,0,0,0
muse.down    g32,9984,6656,32,bfloat16,512,256x32,1545.145,2,6,AMD Radeon RX 9070 XT,64,0,0,0
muse.down    g32,9984,6656,32,bfloat16,512,192x128x2,1563.365,2,6,AMD Radeon RX 9070 XT,64,0,0,0
muse.down    g32,9984,6656,32,bfloat16,512,192x128,1634.289,2,6,AMD Radeon RX 9070 XT,64,0,0,0
muse.down    g32,9984,6656,32,bfloat16,512,96x128x2,1653.229,2,6,AMD Radeon RX 9070 XT,64,0,0,0
muse.down    g32,9984,6656,32,bfloat16,512,64x64x2,1663.579,2,6,AMD Radeon RX 9070 XT,64,0,0,0
muse.down    g32,9984,6656,32,bfloat16,512,128x64,1723.360,2,6,AMD Radeon RX 9070 XT,64,0,0,0
muse.down    g32,9984,6656,32,bfloat16,512,prefill_wmma_ashuffle,1763.584,2,6,AMD Radeon RX 9070 XT,64,0,0,0
muse.down    g32,9984,6656,32,bfloat16,512,128x128,1923.680,2,6,AMD Radeon RX 9070 XT,64,0,0,0
muse.down    g32,9984,6656,32,bfloat16,512,128x32,1938.337,2,6,AMD Radeon RX 9070 XT,64,0,0,0
muse.down    g32,9984,6656,32,bfloat16,512,112x128,1997.668,2,6,AMD Radeon RX 9070 XT,64,0,0,0
muse.down    g32,9984,6656,32,bfloat16,512,64x128x2,2004.011,2,6,AMD Radeon RX 9070 XT,64,0,0,0
muse.down    g32,9984,6656,32,bfloat16,512,32x64x4,2004.378,2,6,AMD Radeon RX 9070 XT,64,0,0,0
muse.down    g32,9984,6656,32,bfloat16,512,128x256,2214.447,2,6,AMD Radeon RX 9070 XT,64,0,0,0
muse.down    g32,9984,6656,32,bfloat16,512,80x128,2304.848,2,6,AMD Radeon RX 9070 XT,64,0,0,0
muse.down    g32,9984,6656,32,bfloat16,512,64x32,2361.602,2,6,AMD Radeon RX 9070 XT,64,0,0,0
muse.down    g32,9984,6656,32,bfloat16,512,96x128,2513.241,2,6,AMD Radeon RX 9070 XT,64,0,0,0
muse.down    g32,9984,6656,32,bfloat16,512,32x128x4,2911.687,2,6,AMD Radeon RX 9070 XT,64,0,0,0
muse.down    g32,9984,6656,32,bfloat16,512,64x64,2937.974,2,6,AMD Radeon RX 9070 XT,64,0,0,0
muse.down    g32,9984,6656,32,bfloat16,512,32x64x2,3235.478,2,6,AMD Radeon RX 9070 XT,64,0,0,0
muse.down    g32,9984,6656,32,bfloat16,512,64x128,3797.159,2,6,AMD Radeon RX 9070 XT,64,0,0,0
muse.down    g32,9984,6656,32,bfloat16,512,prefill_wmma,3884.547,2,6,AMD Radeon RX 9070 XT,64,0,0,0
muse.down    g32,9984,6656,32,bfloat16,512,prefill_wmma:smallm_off,3905.514,2,6,AMD Radeon RX 9070 XT,64,0,0,0
muse.down    g32,9984,6656,32,bfloat16,512,32x32,4634.044,2,6,AMD Radeon RX 9070 XT,64,0,0,0
muse.down    g32,9984,6656,32,bfloat16,512,32x64,6019.775,2,6,AMD Radeon RX 9070 XT,64,0,0,0
muse.down    g32,9984,6656,32,bfloat16,512,16x64,23138.796,2,6,AMD Radeon RX 9070 XT,64,0,0,0
muse.down    g32,9984,6656,32,bfloat16,512,32x128,26255.183,2,6,AMD Radeon RX 9070 XT,64,0,0,0
muse.down    g32,9984,6656,32,bfloat16,512,16x128,67861.582,2,6,AMD Radeon RX 9070 XT,64,0,0,0
muse.down    g32,9984,6656,32,bfloat16,1024,128x128x4,1864.299,2,6,AMD Radeon RX 9070 XT,64,0,0,0
muse.down    g32,9984,6656,32,bfloat16,1024,128x64x2,2015.923,2,6,AMD Radeon RX 9070 XT,64,0,0,0
muse.down    g32,9984,6656,32,bfloat16,1024,auto,2059.765,2,6,AMD Radeon RX 9070 XT,64,0,0,0
muse.down    g32,9984,6656,32,bfloat16,1024,256x128,2113.812,2,6,AMD Radeon RX 9070 XT,64,0,0,0
muse.down    g32,9984,6656,32,bfloat16,1024,256x128x2,2221.310,2,6,AMD Radeon RX 9070 XT,64,0,0,0
muse.down    g32,9984,6656,32,bfloat16,1024,64x128x4,2413.547,2,6,AMD Radeon RX 9070 XT,64,0,0,0
muse.down    g32,9984,6656,32,bfloat16,1024,128x128x2,2499.334,2,6,AMD Radeon RX 9070 XT,64,0,0,0
muse.down    g32,9984,6656,32,bfloat16,1024,256x64,2523.885,2,6,AMD Radeon RX 9070 XT,64,0,0,0
muse.down    g32,9984,6656,32,bfloat16,1024,192x128,2619.986,2,6,AMD Radeon RX 9070 XT,64,0,0,0
muse.down    g32,9984,6656,32,bfloat16,1024,96x128x2,2656.500,2,6,AMD Radeon RX 9070 XT,64,0,0,0
muse.down    g32,9984,6656,32,bfloat16,1024,256x32,2697.101,2,6,AMD Radeon RX 9070 XT,64,0,0,0
muse.down    g32,9984,6656,32,bfloat16,1024,192x128x2,2793.675,2,6,AMD Radeon RX 9070 XT,64,0,0,0
muse.down    g32,9984,6656,32,bfloat16,1024,128x64,2895.420,2,6,AMD Radeon RX 9070 XT,64,0,0,0
muse.down    g32,9984,6656,32,bfloat16,1024,64x64x2,3005.408,2,6,AMD Radeon RX 9070 XT,64,0,0,0
muse.down    g32,9984,6656,32,bfloat16,1024,128x128,3071.632,2,6,AMD Radeon RX 9070 XT,64,0,0,0
muse.down    g32,9984,6656,32,bfloat16,1024,prefill_wmma_ashuffle,3228.113,2,6,AMD Radeon RX 9070 XT,64,0,0,0
muse.down    g32,9984,6656,32,bfloat16,1024,64x128x2,3362.580,2,6,AMD Radeon RX 9070 XT,64,0,0,0
muse.down    g32,9984,6656,32,bfloat16,1024,128x32,3445.131,2,6,AMD Radeon RX 9070 XT,64,0,0,0
muse.down    g32,9984,6656,32,bfloat16,1024,112x128,3507.325,2,6,AMD Radeon RX 9070 XT,64,0,0,0
muse.down    g32,9984,6656,32,bfloat16,1024,32x64x4,3961.785,2,6,AMD Radeon RX 9070 XT,64,0,0,0
muse.down    g32,9984,6656,32,bfloat16,1024,128x256,4006.099,2,6,AMD Radeon RX 9070 XT,64,0,0,0
muse.down    g32,9984,6656,32,bfloat16,1024,96x128,4024.325,2,6,AMD Radeon RX 9070 XT,64,0,0,0
muse.down    g32,9984,6656,32,bfloat16,1024,80x128,4271.709,2,6,AMD Radeon RX 9070 XT,64,0,0,0
muse.down    g32,9984,6656,32,bfloat16,1024,64x32,4414.734,2,6,AMD Radeon RX 9070 XT,64,0,0,0
muse.down    g32,9984,6656,32,bfloat16,1024,64x64,5142.117,2,6,AMD Radeon RX 9070 XT,64,0,0,0
muse.down    g32,9984,6656,32,bfloat16,1024,32x128x4,5490.432,2,6,AMD Radeon RX 9070 XT,64,0,0,0
muse.down    g32,9984,6656,32,bfloat16,1024,32x64x2,5791.393,2,6,AMD Radeon RX 9070 XT,64,0,0,0
muse.down    g32,9984,6656,32,bfloat16,1024,64x128,6398.008,2,6,AMD Radeon RX 9070 XT,64,0,0,0
muse.down    g32,9984,6656,32,bfloat16,1024,prefill_wmma:smallm_off,6819.407,2,6,AMD Radeon RX 9070 XT,64,0,0,0
muse.down    g32,9984,6656,32,bfloat16,1024,prefill_wmma,6855.171,2,6,AMD Radeon RX 9070 XT,64,0,0,0
muse.down    g32,9984,6656,32,bfloat16,1024,32x32,8938.079,2,6,AMD Radeon RX 9070 XT,64,0,0,0
muse.down    g32,9984,6656,32,bfloat16,1024,32x64,10980.136,2,6,AMD Radeon RX 9070 XT,64,0,0,0
muse.down    g32,9984,6656,32,bfloat16,1024,16x64,30429.909,2,6,AMD Radeon RX 9070 XT,64,0,0,0
muse.down    g32,9984,6656,32,bfloat16,1024,32x128,32245.214,2,6,AMD Radeon RX 9070 XT,64,0,0,0
muse.down    g32,9984,6656,32,bfloat16,1024,16x128,67226.562,2,6,AMD Radeon RX 9070 XT,64,0,0,0
muse.down    g32,9984,6656,32,bfloat16,2048,auto,3674.464,2,6,AMD Radeon RX 9070 XT,64,0,0,0
muse.down    g32,9984,6656,32,bfloat16,2048,256x128,3678.531,2,6,AMD Radeon RX 9070 XT,64,0,0,0
muse.down    g32,9984,6656,32,bfloat16,2048,128x128x4,3690.211,2,6,AMD Radeon RX 9070 XT,64,0,0,0
muse.down    g32,9984,6656,32,bfloat16,2048,256x128x2,3889.070,2,6,AMD Radeon RX 9070 XT,64,0,0,0
muse.down    g32,9984,6656,32,bfloat16,2048,128x64x2,3980.525,2,6,AMD Radeon RX 9070 XT,64,0,0,0
muse.down    g32,9984,6656,32,bfloat16,2048,256x64,4676.504,2,6,AMD Radeon RX 9070 XT,64,0,0,0
muse.down    g32,9984,6656,32,bfloat16,2048,192x128,4720.355,2,6,AMD Radeon RX 9070 XT,64,0,0,0
muse.down    g32,9984,6656,32,bfloat16,2048,128x128x2,4723.798,2,6,AMD Radeon RX 9070 XT,64,0,0,0
muse.down    g32,9984,6656,32,bfloat16,2048,64x128x4,4754.415,2,6,AMD Radeon RX 9070 XT,64,0,0,0
muse.down    g32,9984,6656,32,bfloat16,2048,96x128x2,4945.575,2,6,AMD Radeon RX 9070 XT,64,0,0,0
muse.down    g32,9984,6656,32,bfloat16,2048,192x128x2,5161.028,2,6,AMD Radeon RX 9070 XT,64,0,0,0
muse.down    g32,9984,6656,32,bfloat16,2048,256x32,5176.731,2,6,AMD Radeon RX 9070 XT,64,0,0,0
muse.down    g32,9984,6656,32,bfloat16,2048,128x128,5344.747,2,6,AMD Radeon RX 9070 XT,64,0,0,0
muse.down    g32,9984,6656,32,bfloat16,2048,128x64,5456.052,2,6,AMD Radeon RX 9070 XT,64,0,0,0
muse.down    g32,9984,6656,32,bfloat16,2048,64x64x2,5775.363,2,6,AMD Radeon RX 9070 XT,64,0,0,0
muse.down    g32,9984,6656,32,bfloat16,2048,prefill_wmma_ashuffle,6034.152,2,6,AMD Radeon RX 9070 XT,64,0,0,0
muse.down    g32,9984,6656,32,bfloat16,2048,112x128,6323.371,2,6,AMD Radeon RX 9070 XT,64,0,0,0
muse.down    g32,9984,6656,32,bfloat16,2048,128x32,6407.581,2,6,AMD Radeon RX 9070 XT,64,0,0,0
muse.down    g32,9984,6656,32,bfloat16,2048,64x128x2,6528.667,2,6,AMD Radeon RX 9070 XT,64,0,0,0
muse.down    g32,9984,6656,32,bfloat16,2048,128x256,6909.799,2,6,AMD Radeon RX 9070 XT,64,0,0,0
muse.down    g32,9984,6656,32,bfloat16,2048,96x128,7610.471,2,6,AMD Radeon RX 9070 XT,64,0,0,0
muse.down    g32,9984,6656,32,bfloat16,2048,80x128,7783.014,2,6,AMD Radeon RX 9070 XT,64,0,0,0
muse.down    g32,9984,6656,32,bfloat16,2048,32x64x4,7930.133,2,6,AMD Radeon RX 9070 XT,64,0,0,0
muse.down    g32,9984,6656,32,bfloat16,2048,64x32,8181.033,2,6,AMD Radeon RX 9070 XT,64,0,0,0
muse.down    g32,9984,6656,32,bfloat16,2048,64x64,9684.324,2,6,AMD Radeon RX 9070 XT,64,0,0,0
muse.down    g32,9984,6656,32,bfloat16,2048,32x128x4,10457.747,2,6,AMD Radeon RX 9070 XT,64,0,0,0
muse.down    g32,9984,6656,32,bfloat16,2048,32x64x2,11312.632,2,6,AMD Radeon RX 9070 XT,64,0,0,0
muse.down    g32,9984,6656,32,bfloat16,2048,64x128,11855.073,2,6,AMD Radeon RX 9070 XT,64,0,0,0
muse.down    g32,9984,6656,32,bfloat16,2048,prefill_wmma:smallm_off,13372.677,2,6,AMD Radeon RX 9070 XT,64,0,0,0
muse.down    g32,9984,6656,32,bfloat16,2048,prefill_wmma,13412.355,2,6,AMD Radeon RX 9070 XT,64,0,0,0
muse.down    g32,9984,6656,32,bfloat16,2048,32x32,16878.765,2,6,AMD Radeon RX 9070 XT,64,0,0,0
muse.down    g32,9984,6656,32,bfloat16,2048,32x64,21425.669,2,6,AMD Radeon RX 9070 XT,64,0,0,0
muse.down    g32,9984,6656,32,bfloat16,2048,16x64,58170.181,2,6,AMD Radeon RX 9070 XT,64,0,0,0
muse.down    g32,9984,6656,32,bfloat16,2048,32x128,59733.851,2,6,AMD Radeon RX 9070 XT,64,0,0,0
muse.down    g32,9984,6656,32,bfloat16,2048,16x128,130864.675,2,6,AMD Radeon RX 9070 XT,64,0,0,0
g128 lm_head,2816,131072,128,float16,1,32x64x4,588.559,16,2,AMD Radeon RX 9070 XT,64,0,0,0
g128 lm_head,2816,131072,128,float16,1,64x128x4,677.286,14,2,AMD Radeon RX 9070 XT,64,0,0,0
g128 lm_head,2816,131072,128,float16,1,64x64x2,758.084,12,2,AMD Radeon RX 9070 XT,64,0,0,0
g128 lm_head,2816,131072,128,float16,1,32x128x4,814.824,11,2,AMD Radeon RX 9070 XT,64,0,0,0
g128 lm_head,2816,131072,128,float16,1,32x64x2,834.891,11,2,AMD Radeon RX 9070 XT,64,0,0,0
g128 lm_head,2816,131072,128,float16,1,64x128x2,894.800,10,2,AMD Radeon RX 9070 XT,64,0,0,0
g128 lm_head,2816,131072,128,float16,1,128x128x2,940.179,10,2,AMD Radeon RX 9070 XT,64,0,0,0
g128 lm_head,2816,131072,128,float16,1,128x64x2,983.178,10,2,AMD Radeon RX 9070 XT,64,0,0,0
g128 lm_head,2816,131072,128,float16,1,64x32,987.642,9,2,AMD Radeon RX 9070 XT,64,0,0,0
g128 lm_head,2816,131072,128,float16,1,96x128x2,987.667,9,2,AMD Radeon RX 9070 XT,64,0,0,0
g128 lm_head,2816,131072,128,float16,1,128x128x4,993.618,10,2,AMD Radeon RX 9070 XT,64,0,0,0
g128 lm_head,2816,131072,128,float16,1,auto,995.469,9,2,AMD Radeon RX 9070 XT,64,0,0,0
g128 lm_head,2816,131072,128,float16,1,prefill_wmma,1085.092,8,2,AMD Radeon RX 9070 XT,64,0,0,0
g128 lm_head,2816,131072,128,float16,1,32x32,1319.361,7,2,AMD Radeon RX 9070 XT,64,0,0,0
g128 lm_head,2816,131072,128,float16,1,64x64,1333.344,7,2,AMD Radeon RX 9070 XT,64,0,0,0
g128 lm_head,2816,131072,128,float16,1,128x64,1368.762,7,2,AMD Radeon RX 9070 XT,64,0,0,0
g128 lm_head,2816,131072,128,float16,1,128x32,1519.321,6,2,AMD Radeon RX 9070 XT,64,0,0,0
g128 lm_head,2816,131072,128,float16,1,128x128,1544.415,6,2,AMD Radeon RX 9070 XT,64,0,0,0
g128 lm_head,2816,131072,128,float16,1,80x128,1590.309,6,2,AMD Radeon RX 9070 XT,64,0,0,0
g128 lm_head,2816,131072,128,float16,1,64x128,1679.699,5,2,AMD Radeon RX 9070 XT,64,0,0,0
g128 lm_head,2816,131072,128,float16,1,32x64,1699.903,6,2,AMD Radeon RX 9070 XT,64,0,0,0
g128 lm_head,2816,131072,128,float16,1,112x128,1716.484,6,2,AMD Radeon RX 9070 XT,64,0,0,0
g128 lm_head,2816,131072,128,float16,1,96x128,1795.669,5,2,AMD Radeon RX 9070 XT,64,0,0,0
g128 lm_head,2816,131072,128,float16,1,256x128,1798.921,5,2,AMD Radeon RX 9070 XT,64,0,0,0
g128 lm_head,2816,131072,128,float16,1,128x256,1868.342,5,2,AMD Radeon RX 9070 XT,64,0,0,0
g128 lm_head,2816,131072,128,float16,1,192x128,1885.298,5,2,AMD Radeon RX 9070 XT,64,0,0,0
g128 lm_head,2816,131072,128,float16,1,256x128x2,1895.686,5,2,AMD Radeon RX 9070 XT,64,0,0,0
g128 lm_head,2816,131072,128,float16,1,256x64,2002.012,5,2,AMD Radeon RX 9070 XT,64,0,0,0
g128 lm_head,2816,131072,128,float16,1,192x128x2,2044.192,5,2,AMD Radeon RX 9070 XT,64,0,0,0
g128 lm_head,2816,131072,128,float16,1,256x32,2121.189,4,2,AMD Radeon RX 9070 XT,64,0,0,0
g128 lm_head,2816,131072,128,float16,1,16x64,2829.699,3,2,AMD Radeon RX 9070 XT,64,0,0,0
g128 lm_head,2816,131072,128,float16,1,32x128,2883.800,3,2,AMD Radeon RX 9070 XT,64,0,0,0
g128 lm_head,2816,131072,128,float16,1,prefill_wmma_ashuffle,2998.781,3,2,AMD Radeon RX 9070 XT,64,0,0,0
g128 lm_head,2816,131072,128,float16,1,prefill_wmma:smallm_off,3134.990,3,2,AMD Radeon RX 9070 XT,64,0,0,0
g128 lm_head,2816,131072,128,float16,1,16x128,4584.443,2,2,AMD Radeon RX 9070 XT,64,0,0,0
g128 lm_head,2816,131072,128,float16,8,32x64x4,603.551,16,2,AMD Radeon RX 9070 XT,64,0,0,0
g128 lm_head,2816,131072,128,float16,8,64x128x4,695.770,14,2,AMD Radeon RX 9070 XT,64,0,0,0
g128 lm_head,2816,131072,128,float16,8,64x64x2,785.503,12,2,AMD Radeon RX 9070 XT,64,0,0,0
g128 lm_head,2816,131072,128,float16,8,32x128x4,819.976,12,2,AMD Radeon RX 9070 XT,64,0,0,0
g128 lm_head,2816,131072,128,float16,8,32x64x2,849.106,11,2,AMD Radeon RX 9070 XT,64,0,0,0
g128 lm_head,2816,131072,128,float16,8,64x128x2,904.404,10,2,AMD Radeon RX 9070 XT,64,0,0,0
g128 lm_head,2816,131072,128,float16,8,128x128x2,967.417,10,2,AMD Radeon RX 9070 XT,64,0,0,0
g128 lm_head,2816,131072,128,float16,8,96x128x2,1005.929,9,2,AMD Radeon RX 9070 XT,64,0,0,0
g128 lm_head,2816,131072,128,float16,8,64x32,1008.367,9,2,AMD Radeon RX 9070 XT,64,0,0,0
g128 lm_head,2816,131072,128,float16,8,128x64x2,1009.838,10,2,AMD Radeon RX 9070 XT,64,0,0,0
g128 lm_head,2816,131072,128,float16,8,auto,1012.396,9,2,AMD Radeon RX 9070 XT,64,0,0,0
g128 lm_head,2816,131072,128,float16,8,128x128x4,1012.927,9,2,AMD Radeon RX 9070 XT,64,0,0,0
g128 lm_head,2816,131072,128,float16,8,prefill_wmma,1149.042,7,2,AMD Radeon RX 9070 XT,64,0,0,0
g128 lm_head,2816,131072,128,float16,8,32x32,1320.773,7,2,AMD Radeon RX 9070 XT,64,0,0,0
g128 lm_head,2816,131072,128,float16,8,64x64,1363.765,7,2,AMD Radeon RX 9070 XT,64,0,0,0
g128 lm_head,2816,131072,128,float16,8,128x64,1399.599,7,2,AMD Radeon RX 9070 XT,64,0,0,0
g128 lm_head,2816,131072,128,float16,8,128x32,1534.714,6,2,AMD Radeon RX 9070 XT,64,0,0,0
g128 lm_head,2816,131072,128,float16,8,128x128,1570.125,6,2,AMD Radeon RX 9070 XT,64,0,0,0
g128 lm_head,2816,131072,128,float16,8,80x128,1610.732,6,2,AMD Radeon RX 9070 XT,64,0,0,0
g128 lm_head,2816,131072,128,float16,8,32x64,1734.184,6,2,AMD Radeon RX 9070 XT,64,0,0,0
g128 lm_head,2816,131072,128,float16,8,112x128,1740.054,6,2,AMD Radeon RX 9070 XT,64,0,0,0
g128 lm_head,2816,131072,128,float16,8,64x128,1763.028,5,2,AMD Radeon RX 9070 XT,64,0,0,0
g128 lm_head,2816,131072,128,float16,8,96x128,1831.033,5,2,AMD Radeon RX 9070 XT,64,0,0,0
g128 lm_head,2816,131072,128,float16,8,256x128,1834.017,5,2,AMD Radeon RX 9070 XT,64,0,0,0
g128 lm_head,2816,131072,128,float16,8,128x256,1903.834,5,2,AMD Radeon RX 9070 XT,64,0,0,0
g128 lm_head,2816,131072,128,float16,8,256x128x2,1929.023,5,2,AMD Radeon RX 9070 XT,64,0,0,0
g128 lm_head,2816,131072,128,float16,8,192x128,1930.458,5,2,AMD Radeon RX 9070 XT,64,0,0,0
g128 lm_head,2816,131072,128,float16,8,256x64,2057.296,5,2,AMD Radeon RX 9070 XT,64,0,0,0
g128 lm_head,2816,131072,128,float16,8,192x128x2,2064.848,5,2,AMD Radeon RX 9070 XT,64,0,0,0
g128 lm_head,2816,131072,128,float16,8,256x32,2132.664,4,2,AMD Radeon RX 9070 XT,64,0,0,0
g128 lm_head,2816,131072,128,float16,8,32x128,2917.093,3,2,AMD Radeon RX 9070 XT,64,0,0,0
g128 lm_head,2816,131072,128,float16,8,prefill_wmma_ashuffle,2931.327,3,2,AMD Radeon RX 9070 XT,64,0,0,0
g128 lm_head,2816,131072,128,float16,8,16x64,2947.434,3,2,AMD Radeon RX 9070 XT,64,0,0,0
g128 lm_head,2816,131072,128,float16,8,prefill_wmma:smallm_off,3167.224,3,2,AMD Radeon RX 9070 XT,64,0,0,0
g128 lm_head,2816,131072,128,float16,8,16x128,4679.284,2,2,AMD Radeon RX 9070 XT,64,0,0,0
g128 lm_head,2816,131072,128,float16,17,32x64x4,622.435,16,2,AMD Radeon RX 9070 XT,64,0,0,0
g128 lm_head,2816,131072,128,float16,17,64x128x4,707.278,14,2,AMD Radeon RX 9070 XT,64,0,0,0
g128 lm_head,2816,131072,128,float16,17,64x64x2,806.441,12,2,AMD Radeon RX 9070 XT,64,0,0,0
g128 lm_head,2816,131072,128,float16,17,32x128x4,825.295,11,2,AMD Radeon RX 9070 XT,64,0,0,0
g128 lm_head,2816,131072,128,float16,17,32x64x2,871.161,11,2,AMD Radeon RX 9070 XT,64,0,0,0
g128 lm_head,2816,131072,128,float16,17,64x128x2,913.243,10,2,AMD Radeon RX 9070 XT,64,0,0,0
g128 lm_head,2816,131072,128,float16,17,128x128x2,981.492,10,2,AMD Radeon RX 9070 XT,64,0,0,0
g128 lm_head,2816,131072,128,float16,17,96x128x2,1018.692,9,2,AMD Radeon RX 9070 XT,64,0,0,0
g128 lm_head,2816,131072,128,float16,17,128x128x4,1026.316,9,2,AMD Radeon RX 9070 XT,64,0,0,0
g128 lm_head,2816,131072,128,float16,17,128x64x2,1036.752,9,2,AMD Radeon RX 9070 XT,64,0,0,0
g128 lm_head,2816,131072,128,float16,17,auto,1261.222,8,2,AMD Radeon RX 9070 XT,64,0,0,0
g128 lm_head,2816,131072,128,float16,17,64x32,1267.995,8,2,AMD Radeon RX 9070 XT,64,0,0,0
g128 lm_head,2816,131072,128,float16,17,64x64,1415.871,7,2,AMD Radeon RX 9070 XT,64,0,0,0
g128 lm_head,2816,131072,128,float16,17,128x64,1421.034,7,2,AMD Radeon RX 9070 XT,64,0,0,0
g128 lm_head,2816,131072,128,float16,17,prefill_wmma,1434.771,7,2,AMD Radeon RX 9070 XT,64,0,0,0
g128 lm_head,2816,131072,128,float16,17,32x32,1506.409,7,2,AMD Radeon RX 9070 XT,64,0,0,0
g128 lm_head,2816,131072,128,float16,17,128x128,1531.244,6,2,AMD Radeon RX 9070 XT,64,0,0,0
g128 lm_head,2816,131072,128,float16,17,128x32,1596.232,6,2,AMD Radeon RX 9070 XT,64,0,0,0
g128 lm_head,2816,131072,128,float16,17,80x128,1629.332,6,2,AMD Radeon RX 9070 XT,64,0,0,0
g128 lm_head,2816,131072,128,float16,17,112x128,1747.336,5,2,AMD Radeon RX 9070 XT,64,0,0,0
g128 lm_head,2816,131072,128,float16,17,32x64,1752.388,5,2,AMD Radeon RX 9070 XT,64,0,0,0
g128 lm_head,2816,131072,128,float16,17,64x128,1788.721,5,2,AMD Radeon RX 9070 XT,64,0,0,0
g128 lm_head,2816,131072,128,float16,17,96x128,1792.545,5,2,AMD Radeon RX 9070 XT,64,0,0,0
g128 lm_head,2816,131072,128,float16,17,256x128,1851.822,5,2,AMD Radeon RX 9070 XT,64,0,0,0
g128 lm_head,2816,131072,128,float16,17,128x256,1909.514,5,2,AMD Radeon RX 9070 XT,64,0,0,0
g128 lm_head,2816,131072,128,float16,17,256x128x2,1937.167,5,2,AMD Radeon RX 9070 XT,64,0,0,0
g128 lm_head,2816,131072,128,float16,17,192x128,1947.767,5,2,AMD Radeon RX 9070 XT,64,0,0,0
g128 lm_head,2816,131072,128,float16,17,192x128x2,2060.160,5,2,AMD Radeon RX 9070 XT,64,0,0,0
g128 lm_head,2816,131072,128,float16,17,256x64,2073.833,5,2,AMD Radeon RX 9070 XT,64,0,0,0
g128 lm_head,2816,131072,128,float16,17,256x32,2185.125,4,2,AMD Radeon RX 9070 XT,64,0,0,0
g128 lm_head,2816,131072,128,float16,17,32x128,2932.867,3,2,AMD Radeon RX 9070 XT,64,0,0,0
g128 lm_head,2816,131072,128,float16,17,prefill_wmma_ashuffle,3187.017,3,2,AMD Radeon RX 9070 XT,64,0,0,0
g128 lm_head,2816,131072,128,float16,17,prefill_wmma:smallm_off,3369.107,2,2,AMD Radeon RX 9070 XT,64,0,0,0
g128 lm_head,2816,131072,128,float16,17,16x64,5022.179,2,2,AMD Radeon RX 9070 XT,64,0,0,0
g128 lm_head,2816,131072,128,float16,17,16x128,11037.832,2,2,AMD Radeon RX 9070 XT,64,0,0,0
g128 lm_head,2816,131072,128,float16,24,32x64x4,637.890,16,2,AMD Radeon RX 9070 XT,64,0,0,0
g128 lm_head,2816,131072,128,float16,24,64x128x4,716.246,14,2,AMD Radeon RX 9070 XT,64,0,0,0
g128 lm_head,2816,131072,128,float16,24,64x64x2,819.890,12,2,AMD Radeon RX 9070 XT,64,0,0,0
g128 lm_head,2816,131072,128,float16,24,32x128x4,838.403,11,2,AMD Radeon RX 9070 XT,64,0,0,0
g128 lm_head,2816,131072,128,float16,24,32x64x2,894.400,10,2,AMD Radeon RX 9070 XT,64,0,0,0
g128 lm_head,2816,131072,128,float16,24,64x128x2,926.909,10,2,AMD Radeon RX 9070 XT,64,0,0,0
g128 lm_head,2816,131072,128,float16,24,128x128x2,985.098,10,2,AMD Radeon RX 9070 XT,64,0,0,0
g128 lm_head,2816,131072,128,float16,24,96x128x2,1020.601,9,2,AMD Radeon RX 9070 XT,64,0,0,0
g128 lm_head,2816,131072,128,float16,24,128x128x4,1031.014,9,2,AMD Radeon RX 9070 XT,64,0,0,0
g128 lm_head,2816,131072,128,float16,24,128x64x2,1048.692,9,2,AMD Radeon RX 9070 XT,64,0,0,0
g128 lm_head,2816,131072,128,float16,24,64x32,1252.465,8,2,AMD Radeon RX 9070 XT,64,0,0,0
g128 lm_head,2816,131072,128,float16,24,auto,1285.249,7,2,AMD Radeon RX 9070 XT,64,0,0,0
g128 lm_head,2816,131072,128,float16,24,64x64,1449.840,7,2,AMD Radeon RX 9070 XT,64,0,0,0
g128 lm_head,2816,131072,128,float16,24,128x64,1468.043,7,2,AMD Radeon RX 9070 XT,64,0,0,0
g128 lm_head,2816,131072,128,float16,24,prefill_wmma,1480.870,6,2,AMD Radeon RX 9070 XT,64,0,0,0
g128 lm_head,2816,131072,128,float16,24,32x32,1577.305,6,2,AMD Radeon RX 9070 XT,64,0,0,0
g128 lm_head,2816,131072,128,float16,24,128x128,1589.442,6,2,AMD Radeon RX 9070 XT,64,0,0,0
g128 lm_head,2816,131072,128,float16,24,128x32,1599.439,6,2,AMD Radeon RX 9070 XT,64,0,0,0
g128 lm_head,2816,131072,128,float16,24,80x128,1643.496,6,2,AMD Radeon RX 9070 XT,64,0,0,0
g128 lm_head,2816,131072,128,float16,24,112x128,1768.164,5,2,AMD Radeon RX 9070 XT,64,0,0,0
g128 lm_head,2816,131072,128,float16,24,64x128,1814.793,5,2,AMD Radeon RX 9070 XT,64,0,0,0
g128 lm_head,2816,131072,128,float16,24,32x64,1820.549,5,2,AMD Radeon RX 9070 XT,64,0,0,0
g128 lm_head,2816,131072,128,float16,24,96x128,1866.286,5,2,AMD Radeon RX 9070 XT,64,0,0,0
g128 lm_head,2816,131072,128,float16,24,256x128,1866.730,5,2,AMD Radeon RX 9070 XT,64,0,0,0
g128 lm_head,2816,131072,128,float16,24,128x256,1930.575,5,2,AMD Radeon RX 9070 XT,64,0,0,0
g128 lm_head,2816,131072,128,float16,24,256x128x2,1938.103,5,2,AMD Radeon RX 9070 XT,64,0,0,0
g128 lm_head,2816,131072,128,float16,24,192x128,1955.955,5,2,AMD Radeon RX 9070 XT,64,0,0,0
g128 lm_head,2816,131072,128,float16,24,192x128x2,2067.332,5,2,AMD Radeon RX 9070 XT,64,0,0,0
g128 lm_head,2816,131072,128,float16,24,256x64,2102.694,4,2,AMD Radeon RX 9070 XT,64,0,0,0
g128 lm_head,2816,131072,128,float16,24,256x32,2178.795,4,2,AMD Radeon RX 9070 XT,64,0,0,0
g128 lm_head,2816,131072,128,float16,24,32x128,3012.715,3,2,AMD Radeon RX 9070 XT,64,0,0,0
g128 lm_head,2816,131072,128,float16,24,prefill_wmma_ashuffle,3187.449,3,2,AMD Radeon RX 9070 XT,64,0,0,0
g128 lm_head,2816,131072,128,float16,24,prefill_wmma:smallm_off,3431.007,2,2,AMD Radeon RX 9070 XT,64,0,0,0
g128 lm_head,2816,131072,128,float16,24,16x64,5879.071,2,2,AMD Radeon RX 9070 XT,64,0,0,0
g128 lm_head,2816,131072,128,float16,24,16x128,11393.267,2,2,AMD Radeon RX 9070 XT,64,0,0,0
g128 lm_head,2816,131072,128,float16,32,32x64x4,652.560,15,2,AMD Radeon RX 9070 XT,64,0,0,0
g128 lm_head,2816,131072,128,float16,32,64x128x4,723.331,14,2,AMD Radeon RX 9070 XT,64,0,0,0
g128 lm_head,2816,131072,128,float16,32,64x64x2,836.448,11,2,AMD Radeon RX 9070 XT,64,0,0,0
g128 lm_head,2816,131072,128,float16,32,32x128x4,852.443,11,2,AMD Radeon RX 9070 XT,64,0,0,0
g128 lm_head,2816,131072,128,float16,32,32x64x2,927.289,10,2,AMD Radeon RX 9070 XT,64,0,0,0
g128 lm_head,2816,131072,128,float16,32,64x128x2,939.951,10,2,AMD Radeon RX 9070 XT,64,0,0,0
g128 lm_head,2816,131072,128,float16,32,128x128x2,1002.324,10,2,AMD Radeon RX 9070 XT,64,0,0,0
g128 lm_head,2816,131072,128,float16,32,128x128x4,1046.308,9,2,AMD Radeon RX 9070 XT,64,0,0,0
g128 lm_head,2816,131072,128,float16,32,128x64x2,1054.299,9,2,AMD Radeon RX 9070 XT,64,0,0,0
g128 lm_head,2816,131072,128,float16,32,96x128x2,1237.074,8,2,AMD Radeon RX 9070 XT,64,0,0,0
g128 lm_head,2816,131072,128,float16,32,64x32,1333.578,7,2,AMD Radeon RX 9070 XT,64,0,0,0
g128 lm_head,2816,131072,128,float16,32,auto,1339.544,7,2,AMD Radeon RX 9070 XT,64,0,0,0
g128 lm_head,2816,131072,128,float16,32,128x64,1487.263,7,2,AMD Radeon RX 9070 XT,64,0,0,0
g128 lm_head,2816,131072,128,float16,32,64x64,1519.991,6,2,AMD Radeon RX 9070 XT,64,0,0,0
g128 lm_head,2816,131072,128,float16,32,prefill_wmma,1606.139,6,2,AMD Radeon RX 9070 XT,64,0,0,0
g128 lm_head,2816,131072,128,float16,32,128x128,1618.606,6,2,AMD Radeon RX 9070 XT,64,0,0,0
g128 lm_head,2816,131072,128,float16,32,128x32,1637.019,6,2,AMD Radeon RX 9070 XT,64,0,0,0
g128 lm_head,2816,131072,128,float16,32,80x128,1667.696,6,2,AMD Radeon RX 9070 XT,64,0,0,0
g128 lm_head,2816,131072,128,float16,32,32x32,1680.310,6,2,AMD Radeon RX 9070 XT,64,0,0,0
g128 lm_head,2816,131072,128,float16,32,112x128,1783.708,5,2,AMD Radeon RX 9070 XT,64,0,0,0
g128 lm_head,2816,131072,128,float16,32,64x128,1843.641,5,2,AMD Radeon RX 9070 XT,64,0,0,0
g128 lm_head,2816,131072,128,float16,32,256x128,1876.498,5,2,AMD Radeon RX 9070 XT,64,0,0,0
g128 lm_head,2816,131072,128,float16,32,32x64,1884.826,5,2,AMD Radeon RX 9070 XT,64,0,0,0
g128 lm_head,2816,131072,128,float16,32,96x128,1894.382,5,2,AMD Radeon RX 9070 XT,64,0,0,0
g128 lm_head,2816,131072,128,float16,32,128x256,1935.487,5,2,AMD Radeon RX 9070 XT,64,0,0,0
g128 lm_head,2816,131072,128,float16,32,256x128x2,1939.443,5,2,AMD Radeon RX 9070 XT,64,0,0,0
g128 lm_head,2816,131072,128,float16,32,192x128,1974.847,5,2,AMD Radeon RX 9070 XT,64,0,0,0
g128 lm_head,2816,131072,128,float16,32,256x64,2104.839,4,2,AMD Radeon RX 9070 XT,64,0,0,0
g128 lm_head,2816,131072,128,float16,32,192x128x2,2112.494,4,2,AMD Radeon RX 9070 XT,64,0,0,0
g128 lm_head,2816,131072,128,float16,32,256x32,2195.005,4,2,AMD Radeon RX 9070 XT,64,0,0,0
g128 lm_head,2816,131072,128,float16,32,prefill_wmma_ashuffle,3152.157,3,2,AMD Radeon RX 9070 XT,64,0,0,0
g128 lm_head,2816,131072,128,float16,32,32x128,3267.185,3,2,AMD Radeon RX 9070 XT,64,0,0,0
g128 lm_head,2816,131072,128,float16,32,prefill_wmma:smallm_off,3579.469,2,2,AMD Radeon RX 9070 XT,64,0,0,0
g128 lm_head,2816,131072,128,float16,32,16x64,8665.369,2,2,AMD Radeon RX 9070 XT,64,0,0,0
g128 lm_head,2816,131072,128,float16,32,16x128,11734.449,2,2,AMD Radeon RX 9070 XT,64,0,0,0
g128 lm_head,2816,131072,128,float16,48,64x128x4,739.573,13,2,AMD Radeon RX 9070 XT,64,0,0,0
g128 lm_head,2816,131072,128,float16,48,64x64x2,875.876,11,2,AMD Radeon RX 9070 XT,64,0,0,0
g128 lm_head,2816,131072,128,float16,48,64x128x2,967.889,10,2,AMD Radeon RX 9070 XT,64,0,0,0
g128 lm_head,2816,131072,128,float16,48,128x128x2,1066.839,10,2,AMD Radeon RX 9070 XT,64,0,0,0
g128 lm_head,2816,131072,128,float16,48,128x128x4,1067.695,9,2,AMD Radeon RX 9070 XT,64,0,0,0
g128 lm_head,2816,131072,128,float16,48,128x64x2,1163.507,9,2,AMD Radeon RX 9070 XT,64,0,0,0
g128 lm_head,2816,131072,128,float16,48,96x128x2,1239.689,8,2,AMD Radeon RX 9070 XT,64,0,0,0
g128 lm_head,2816,131072,128,float16,48,32x64x4,1370.273,7,2,AMD Radeon RX 9070 XT,64,0,0,0
g128 lm_head,2816,131072,128,float16,48,64x32,1430.365,7,2,AMD Radeon RX 9070 XT,64,0,0,0
g128 lm_head,2816,131072,128,float16,48,auto,1439.554,7,2,AMD Radeon RX 9070 XT,64,0,0,0
g128 lm_head,2816,131072,128,float16,48,128x64,1552.451,6,2,AMD Radeon RX 9070 XT,64,0,0,0
g128 lm_head,2816,131072,128,float16,48,64x64,1617.616,6,2,AMD Radeon RX 9070 XT,64,0,0,0
g128 lm_head,2816,131072,128,float16,48,128x128,1651.586,6,2,AMD Radeon RX 9070 XT,64,0,0,0
g128 lm_head,2816,131072,128,float16,48,80x128,1700.640,6,2,AMD Radeon RX 9070 XT,64,0,0,0
g128 lm_head,2816,131072,128,float16,48,128x32,1725.070,6,2,AMD Radeon RX 9070 XT,64,0,0,0
g128 lm_head,2816,131072,128,float16,48,32x128x4,1810.633,5,2,AMD Radeon RX 9070 XT,64,0,0,0
g128 lm_head,2816,131072,128,float16,48,112x128,1811.673,5,2,AMD Radeon RX 9070 XT,64,0,0,0
g128 lm_head,2816,131072,128,float16,48,prefill_wmma,1829.913,5,2,AMD Radeon RX 9070 XT,64,0,0,0
g128 lm_head,2816,131072,128,float16,48,32x64x2,1890.630,5,2,AMD Radeon RX 9070 XT,64,0,0,0
g128 lm_head,2816,131072,128,float16,48,64x128,1898.926,5,2,AMD Radeon RX 9070 XT,64,0,0,0
g128 lm_head,2816,131072,128,float16,48,256x128,1912.082,5,2,AMD Radeon RX 9070 XT,64,0,0,0
g128 lm_head,2816,131072,128,float16,48,96x128,1936.871,5,2,AMD Radeon RX 9070 XT,64,0,0,0
g128 lm_head,2816,131072,128,float16,48,128x256,1968.231,5,2,AMD Radeon RX 9070 XT,64,0,0,0
g128 lm_head,2816,131072,128,float16,48,256x128x2,1991.223,5,2,AMD Radeon RX 9070 XT,64,0,0,0
g128 lm_head,2816,131072,128,float16,48,192x128,2004.076,5,2,AMD Radeon RX 9070 XT,64,0,0,0
g128 lm_head,2816,131072,128,float16,48,192x128x2,2105.329,4,2,AMD Radeon RX 9070 XT,64,0,0,0
g128 lm_head,2816,131072,128,float16,48,256x64,2134.360,4,2,AMD Radeon RX 9070 XT,64,0,0,0
g128 lm_head,2816,131072,128,float16,48,256x32,2293.701,4,2,AMD Radeon RX 9070 XT,64,0,0,0
g128 lm_head,2816,131072,128,float16,48,32x32,2597.596,3,2,AMD Radeon RX 9070 XT,64,0,0,0
g128 lm_head,2816,131072,128,float16,48,32x64,3282.585,3,2,AMD Radeon RX 9070 XT,64,0,0,0
g128 lm_head,2816,131072,128,float16,48,prefill_wmma:smallm_off,3848.283,2,2,AMD Radeon RX 9070 XT,64,0,0,0
g128 lm_head,2816,131072,128,float16,48,prefill_wmma_ashuffle,3887.294,2,2,AMD Radeon RX 9070 XT,64,0,0,0
g128 lm_head,2816,131072,128,float16,48,32x128,8788.011,2,2,AMD Radeon RX 9070 XT,64,0,0,0
g128 lm_head,2816,131072,128,float16,48,16x64,12373.610,2,2,AMD Radeon RX 9070 XT,64,0,0,0
g128 lm_head,2816,131072,128,float16,48,16x128,13812.790,2,2,AMD Radeon RX 9070 XT,64,0,0,0
g128 lm_head,2816,131072,128,float16,63,64x128x4,759.637,13,2,AMD Radeon RX 9070 XT,64,0,0,0
g128 lm_head,2816,131072,128,float16,63,64x64x2,914.057,10,2,AMD Radeon RX 9070 XT,64,0,0,0
g128 lm_head,2816,131072,128,float16,63,64x128x2,1002.167,9,2,AMD Radeon RX 9070 XT,64,0,0,0
g128 lm_head,2816,131072,128,float16,63,128x128x2,1162.020,9,2,AMD Radeon RX 9070 XT,64,0,0,0
g128 lm_head,2816,131072,128,float16,63,128x128x4,1178.545,9,2,AMD Radeon RX 9070 XT,64,0,0,0
g128 lm_head,2816,131072,128,float16,63,96x128x2,1283.143,8,2,AMD Radeon RX 9070 XT,64,0,0,0
g128 lm_head,2816,131072,128,float16,63,128x64x2,1295.536,9,2,AMD Radeon RX 9070 XT,64,0,0,0
g128 lm_head,2816,131072,128,float16,63,32x64x4,1412.794,7,2,AMD Radeon RX 9070 XT,64,0,0,0
g128 lm_head,2816,131072,128,float16,63,64x32,1570.902,6,2,AMD Radeon RX 9070 XT,64,0,0,0
g128 lm_head,2816,131072,128,float16,63,auto,1593.139,6,2,AMD Radeon RX 9070 XT,64,0,0,0
g128 lm_head,2816,131072,128,float16,63,128x64,1622.032,6,2,AMD Radeon RX 9070 XT,64,0,0,0
g128 lm_head,2816,131072,128,float16,63,128x128,1641.995,5,2,AMD Radeon RX 9070 XT,64,0,0,0
g128 lm_head,2816,131072,128,float16,63,64x64,1685.777,6,2,AMD Radeon RX 9070 XT,64,0,0,0
g128 lm_head,2816,131072,128,float16,63,80x128,1734.752,5,2,AMD Radeon RX 9070 XT,64,0,0,0
g128 lm_head,2816,131072,128,float16,63,128x32,1797.581,5,2,AMD Radeon RX 9070 XT,64,0,0,0
g128 lm_head,2816,131072,128,float16,63,112x128,1817.949,5,2,AMD Radeon RX 9070 XT,64,0,0,0
g128 lm_head,2816,131072,128,float16,63,32x128x4,1843.265,5,2,AMD Radeon RX 9070 XT,64,0,0,0
g128 lm_head,2816,131072,128,float16,63,256x128,1945.427,5,2,AMD Radeon RX 9070 XT,64,0,0,0
g128 lm_head,2816,131072,128,float16,63,32x64x2,1975.699,5,2,AMD Radeon RX 9070 XT,64,0,0,0
g128 lm_head,2816,131072,128,float16,63,64x128,1985.851,5,2,AMD Radeon RX 9070 XT,64,0,0,0
g128 lm_head,2816,131072,128,float16,63,128x256,1991.631,5,2,AMD Radeon RX 9070 XT,64,0,0,0
g128 lm_head,2816,131072,128,float16,63,96x128,1999.736,5,2,AMD Radeon RX 9070 XT,64,0,0,0
g128 lm_head,2816,131072,128,float16,63,256x128x2,2001.968,5,2,AMD Radeon RX 9070 XT,64,0,0,0
g128 lm_head,2816,131072,128,float16,63,192x128,2035.888,5,2,AMD Radeon RX 9070 XT,64,0,0,0
g128 lm_head,2816,131072,128,float16,63,prefill_wmma,2054.192,5,2,AMD Radeon RX 9070 XT,64,0,0,0
g128 lm_head,2816,131072,128,float16,63,192x128x2,2156.080,4,2,AMD Radeon RX 9070 XT,64,0,0,0
g128 lm_head,2816,131072,128,float16,63,256x64,2205.875,4,2,AMD Radeon RX 9070 XT,64,0,0,0
g128 lm_head,2816,131072,128,float16,63,256x32,2361.872,4,2,AMD Radeon RX 9070 XT,64,0,0,0
g128 lm_head,2816,131072,128,float16,63,32x32,3092.049,3,2,AMD Radeon RX 9070 XT,64,0,0,0
g128 lm_head,2816,131072,128,float16,63,32x64,3476.628,2,2,AMD Radeon RX 9070 XT,64,0,0,0
g128 lm_head,2816,131072,128,float16,63,prefill_wmma_ashuffle,4085.226,2,2,AMD Radeon RX 9070 XT,64,0,0,0
g128 lm_head,2816,131072,128,float16,63,prefill_wmma:smallm_off,4186.748,2,2,AMD Radeon RX 9070 XT,64,0,0,0
g128 lm_head,2816,131072,128,float16,63,32x128,9391.080,2,2,AMD Radeon RX 9070 XT,64,0,0,0
g128 lm_head,2816,131072,128,float16,63,16x64,15314.221,2,2,AMD Radeon RX 9070 XT,64,0,0,0
g128 lm_head,2816,131072,128,float16,63,16x128,24890.282,2,2,AMD Radeon RX 9070 XT,64,0,0,0
g128 lm_head,2816,131072,128,float16,64,64x128x4,760.475,13,2,AMD Radeon RX 9070 XT,64,0,0,0
g128 lm_head,2816,131072,128,float16,64,64x64x2,913.267,10,2,AMD Radeon RX 9070 XT,64,0,0,0
g128 lm_head,2816,131072,128,float16,64,64x128x2,999.758,9,2,AMD Radeon RX 9070 XT,64,0,0,0
g128 lm_head,2816,131072,128,float16,64,128x128x4,1153.598,9,2,AMD Radeon RX 9070 XT,64,0,0,0
g128 lm_head,2816,131072,128,float16,64,128x128x2,1175.176,9,2,AMD Radeon RX 9070 XT,64,0,0,0
g128 lm_head,2816,131072,128,float16,64,96x128x2,1287.595,7,2,AMD Radeon RX 9070 XT,64,0,0,0
g128 lm_head,2816,131072,128,float16,64,128x64x2,1310.131,9,2,AMD Radeon RX 9070 XT,64,0,0,0
g128 lm_head,2816,131072,128,float16,64,32x64x4,1415.597,7,2,AMD Radeon RX 9070 XT,64,0,0,0
g128 lm_head,2816,131072,128,float16,64,auto,1562.071,6,2,AMD Radeon RX 9070 XT,64,0,0,0
g128 lm_head,2816,131072,128,float16,64,64x32,1571.875,6,2,AMD Radeon RX 9070 XT,64,0,0,0
g128 lm_head,2816,131072,128,float16,64,128x64,1619.262,6,2,AMD Radeon RX 9070 XT,64,0,0,0
g128 lm_head,2816,131072,128,float16,64,128x128,1700.840,6,2,AMD Radeon RX 9070 XT,64,0,0,0
g128 lm_head,2816,131072,128,float16,64,64x64,1742.796,5,2,AMD Radeon RX 9070 XT,64,0,0,0
g128 lm_head,2816,131072,128,float16,64,80x128,1748.240,5,2,AMD Radeon RX 9070 XT,64,0,0,0
g128 lm_head,2816,131072,128,float16,64,128x32,1778.585,5,2,AMD Radeon RX 9070 XT,64,0,0,0
g128 lm_head,2816,131072,128,float16,64,32x128x4,1845.145,5,2,AMD Radeon RX 9070 XT,64,0,0,0
g128 lm_head,2816,131072,128,float16,64,112x128,1873.182,5,2,AMD Radeon RX 9070 XT,64,0,0,0
g128 lm_head,2816,131072,128,float16,64,256x128,1937.663,5,2,AMD Radeon RX 9070 XT,64,0,0,0
g128 lm_head,2816,131072,128,float16,64,128x256,1963.275,5,2,AMD Radeon RX 9070 XT,64,0,0,0
g128 lm_head,2816,131072,128,float16,64,32x64x2,1978.831,5,2,AMD Radeon RX 9070 XT,64,0,0,0
g128 lm_head,2816,131072,128,float16,64,64x128,2000.992,5,2,AMD Radeon RX 9070 XT,64,0,0,0
g128 lm_head,2816,131072,128,float16,64,256x128x2,2007.128,5,2,AMD Radeon RX 9070 XT,64,0,0,0
g128 lm_head,2816,131072,128,float16,64,96x128,2010.792,5,2,AMD Radeon RX 9070 XT,64,0,0,0
g128 lm_head,2816,131072,128,float16,64,192x128,2038.748,4,2,AMD Radeon RX 9070 XT,64,0,0,0
g128 lm_head,2816,131072,128,float16,64,prefill_wmma,2060.244,5,2,AMD Radeon RX 9070 XT,64,0,0,0
g128 lm_head,2816,131072,128,float16,64,192x128x2,2158.730,4,2,AMD Radeon RX 9070 XT,64,0,0,0
g128 lm_head,2816,131072,128,float16,64,256x64,2213.775,4,2,AMD Radeon RX 9070 XT,64,0,0,0
g128 lm_head,2816,131072,128,float16,64,256x32,2354.798,4,2,AMD Radeon RX 9070 XT,64,0,0,0
g128 lm_head,2816,131072,128,float16,64,32x32,3077.676,3,2,AMD Radeon RX 9070 XT,64,0,0,0
g128 lm_head,2816,131072,128,float16,64,32x64,3497.178,2,2,AMD Radeon RX 9070 XT,64,0,0,0
g128 lm_head,2816,131072,128,float16,64,prefill_wmma_ashuffle,4097.836,2,2,AMD Radeon RX 9070 XT,64,0,0,0
g128 lm_head,2816,131072,128,float16,64,prefill_wmma:smallm_off,4175.828,2,2,AMD Radeon RX 9070 XT,64,0,0,0
g128 lm_head,2816,131072,128,float16,64,32x128,9316.248,2,2,AMD Radeon RX 9070 XT,64,0,0,0
g128 lm_head,2816,131072,128,float16,64,16x64,16426.537,2,2,AMD Radeon RX 9070 XT,64,0,0,0
g128 lm_head,2816,131072,128,float16,64,16x128,24590.267,2,2,AMD Radeon RX 9070 XT,64,0,0,0
g128 lm_head,2816,131072,128,float16,96,128x128x2,1258.660,9,2,AMD Radeon RX 9070 XT,64,0,0,0
g128 lm_head,2816,131072,128,float16,96,128x128x4,1320.404,7,2,AMD Radeon RX 9070 XT,64,0,0,0
g128 lm_head,2816,131072,128,float16,96,96x128x2,1343.144,7,2,AMD Radeon RX 9070 XT,64,0,0,0
g128 lm_head,2816,131072,128,float16,96,128x64x2,1363.496,7,2,AMD Radeon RX 9070 XT,64,0,0,0
g128 lm_head,2816,131072,128,float16,96,64x128x4,1607.052,6,2,AMD Radeon RX 9070 XT,64,0,0,0
g128 lm_head,2816,131072,128,float16,96,128x64,1716.884,5,2,AMD Radeon RX 9070 XT,64,0,0,0
g128 lm_head,2816,131072,128,float16,96,auto,1754.432,5,2,AMD Radeon RX 9070 XT,64,0,0,0
g128 lm_head,2816,131072,128,float16,96,128x128,1790.621,5,2,AMD Radeon RX 9070 XT,64,0,0,0
g128 lm_head,2816,131072,128,float16,96,64x64x2,1855.234,5,2,AMD Radeon RX 9070 XT,64,0,0,0
g128 lm_head,2816,131072,128,float16,96,128x32,1929.831,5,2,AMD Radeon RX 9070 XT,64,0,0,0
g128 lm_head,2816,131072,128,float16,96,112x128,1961.675,5,2,AMD Radeon RX 9070 XT,64,0,0,0
g128 lm_head,2816,131072,128,float16,96,32x64x4,1978.639,5,2,AMD Radeon RX 9070 XT,64,0,0,0
g128 lm_head,2816,131072,128,float16,96,256x128,2013.672,5,2,AMD Radeon RX 9070 XT,64,0,0,0
g128 lm_head,2816,131072,128,float16,96,64x128x2,2027.796,5,2,AMD Radeon RX 9070 XT,64,0,0,0
g128 lm_head,2816,131072,128,float16,96,256x128x2,2057.198,4,2,AMD Radeon RX 9070 XT,64,0,0,0
g128 lm_head,2816,131072,128,float16,96,128x256,2067.348,4,2,AMD Radeon RX 9070 XT,64,0,0,0
g128 lm_head,2816,131072,128,float16,96,192x128,2101.649,4,2,AMD Radeon RX 9070 XT,64,0,0,0
g128 lm_head,2816,131072,128,float16,96,96x128,2158.990,4,2,AMD Radeon RX 9070 XT,64,0,0,0
g128 lm_head,2816,131072,128,float16,96,192x128x2,2221.941,4,2,AMD Radeon RX 9070 XT,64,0,0,0
g128 lm_head,2816,131072,128,float16,96,256x64,2305.207,4,2,AMD Radeon RX 9070 XT,64,0,0,0
g128 lm_head,2816,131072,128,float16,96,64x32,2465.264,4,2,AMD Radeon RX 9070 XT,64,0,0,0
g128 lm_head,2816,131072,128,float16,96,256x32,2488.739,4,2,AMD Radeon RX 9070 XT,64,0,0,0
g128 lm_head,2816,131072,128,float16,96,32x128x4,2565.915,3,2,AMD Radeon RX 9070 XT,64,0,0,0
g128 lm_head,2816,131072,128,float16,96,64x64,2658.403,3,2,AMD Radeon RX 9070 XT,64,0,0,0
g128 lm_head,2816,131072,128,float16,96,32x64x2,2770.898,3,2,AMD Radeon RX 9070 XT,64,0,0,0
g128 lm_head,2816,131072,128,float16,96,80x128,2970.394,3,2,AMD Radeon RX 9070 XT,64,0,0,0
g128 lm_head,2816,131072,128,float16,96,64x128,3364.096,2,2,AMD Radeon RX 9070 XT,64,0,0,0
g128 lm_head,2816,131072,128,float16,96,prefill_wmma,3507.818,2,2,AMD Radeon RX 9070 XT,64,0,0,0
g128 lm_head,2816,131072,128,float16,96,32x32,4065.486,2,2,AMD Radeon RX 9070 XT,64,0,0,0
g128 lm_head,2816,131072,128,float16,96,prefill_wmma_ashuffle,4538.622,2,2,AMD Radeon RX 9070 XT,64,0,0,0
g128 lm_head,2816,131072,128,float16,96,prefill_wmma:smallm_off,4795.066,2,2,AMD Radeon RX 9070 XT,64,0,0,0
g128 lm_head,2816,131072,128,float16,96,32x64,4930.528,2,2,AMD Radeon RX 9070 XT,64,0,0,0
g128 lm_head,2816,131072,128,float16,96,32x128,8904.852,2,2,AMD Radeon RX 9070 XT,64,0,0,0
g128 lm_head,2816,131072,128,float16,96,16x64,16795.391,2,2,AMD Radeon RX 9070 XT,64,0,0,0
g128 lm_head,2816,131072,128,float16,96,16x128,32384.937,2,2,AMD Radeon RX 9070 XT,64,0,0,0
g128 lm_head,2816,131072,128,float16,128,128x128x2,1305.246,8,2,AMD Radeon RX 9070 XT,64,0,0,0
g128 lm_head,2816,131072,128,float16,128,128x128x4,1355.710,7,2,AMD Radeon RX 9070 XT,64,0,0,0
g128 lm_head,2816,131072,128,float16,128,128x64x2,1412.602,7,2,AMD Radeon RX 9070 XT,64,0,0,0
g128 lm_head,2816,131072,128,float16,128,64x128x4,1624.922,6,2,AMD Radeon RX 9070 XT,64,0,0,0
g128 lm_head,2816,131072,128,float16,128,64x64x2,1888.270,5,2,AMD Radeon RX 9070 XT,64,0,0,0
g128 lm_head,2816,131072,128,float16,128,128x64,1931.319,5,2,AMD Radeon RX 9070 XT,64,0,0,0
g128 lm_head,2816,131072,128,float16,128,auto,1942.151,5,2,AMD Radeon RX 9070 XT,64,0,0,0
g128 lm_head,2816,131072,128,float16,128,128x128,1966.831,5,2,AMD Radeon RX 9070 XT,64,0,0,0
g128 lm_head,2816,131072,128,float16,128,256x128,2060.768,4,2,AMD Radeon RX 9070 XT,64,0,0,0
g128 lm_head,2816,131072,128,float16,128,64x128x2,2093.654,4,2,AMD Radeon RX 9070 XT,64,0,0,0
g128 lm_head,2816,131072,128,float16,128,128x32,2099.754,4,2,AMD Radeon RX 9070 XT,64,0,0,0
g128 lm_head,2816,131072,128,float16,128,256x128x2,2128.745,4,2,AMD Radeon RX 9070 XT,64,0,0,0
g128 lm_head,2816,131072,128,float16,128,128x256,2200.510,4,2,AMD Radeon RX 9070 XT,64,0,0,0
g128 lm_head,2816,131072,128,float16,128,192x128,2230.736,4,2,AMD Radeon RX 9070 XT,64,0,0,0
g128 lm_head,2816,131072,128,float16,128,96x128x2,2256.401,4,2,AMD Radeon RX 9070 XT,64,0,0,0
g128 lm_head,2816,131072,128,float16,128,192x128x2,2326.752,4,2,AMD Radeon RX 9070 XT,64,0,0,0
g128 lm_head,2816,131072,128,float16,128,256x64,2400.003,4,2,AMD Radeon RX 9070 XT,64,0,0,0
g128 lm_head,2816,131072,128,float16,128,32x64x4,2548.882,3,2,AMD Radeon RX 9070 XT,64,0,0,0
g128 lm_head,2816,131072,128,float16,128,256x32,2615.896,4,2,AMD Radeon RX 9070 XT,64,0,0,0
g128 lm_head,2816,131072,128,float16,128,64x32,2666.437,3,2,AMD Radeon RX 9070 XT,64,0,0,0
g128 lm_head,2816,131072,128,float16,128,80x128,3076.742,3,2,AMD Radeon RX 9070 XT,64,0,0,0
g128 lm_head,2816,131072,128,float16,128,64x64,3154.423,3,2,AMD Radeon RX 9070 XT,64,0,0,0
g128 lm_head,2816,131072,128,float16,128,32x128x4,3259.765,2,2,AMD Radeon RX 9070 XT,64,0,0,0
g128 lm_head,2816,131072,128,float16,128,112x128,3272.812,3,2,AMD Radeon RX 9070 XT,64,0,0,0
g128 lm_head,2816,131072,128,float16,128,96x128,3458.198,2,2,AMD Radeon RX 9070 XT,64,0,0,0
g128 lm_head,2816,131072,128,float16,128,32x64x2,3500.298,2,2,AMD Radeon RX 9070 XT,64,0,0,0
g128 lm_head,2816,131072,128,float16,128,64x128,3677.381,2,2,AMD Radeon RX 9070 XT,64,0,0,0
g128 lm_head,2816,131072,128,float16,128,prefill_wmma_ashuffle,5034.480,2,2,AMD Radeon RX 9070 XT,64,0,0,0
g128 lm_head,2816,131072,128,float16,128,32x32,5227.032,2,2,AMD Radeon RX 9070 XT,64,0,0,0
g128 lm_head,2816,131072,128,float16,128,prefill_wmma,5381.624,2,2,AMD Radeon RX 9070 XT,64,0,0,0
g128 lm_head,2816,131072,128,float16,128,prefill_wmma:smallm_off,5397.484,2,2,AMD Radeon RX 9070 XT,64,0,0,0
g128 lm_head,2816,131072,128,float16,128,32x64,6400.958,2,2,AMD Radeon RX 9070 XT,64,0,0,0
g128 lm_head,2816,131072,128,float16,128,32x128,15631.726,2,2,AMD Radeon RX 9070 XT,64,0,0,0
g128 lm_head,2816,131072,128,float16,128,16x64,22428.480,2,2,AMD Radeon RX 9070 XT,64,0,0,0
g128 lm_head,2816,131072,128,float16,128,16x128,71281.105,2,2,AMD Radeon RX 9070 XT,64,0,0,0
g128 lm_head,2816,131072,128,float16,192,256x128,2175.030,4,2,AMD Radeon RX 9070 XT,64,0,0,0
g128 lm_head,2816,131072,128,float16,192,auto,2178.210,4,2,AMD Radeon RX 9070 XT,64,0,0,0
g128 lm_head,2816,131072,128,float16,192,128x128x2,2252.516,4,2,AMD Radeon RX 9070 XT,64,0,0,0
g128 lm_head,2816,131072,128,float16,192,256x128x2,2359.037,4,2,AMD Radeon RX 9070 XT,64,0,0,0
g128 lm_head,2816,131072,128,float16,192,96x128x2,2366.693,4,2,AMD Radeon RX 9070 XT,64,0,0,0
g128 lm_head,2816,131072,128,float16,192,64x128x4,2378.803,4,2,AMD Radeon RX 9070 XT,64,0,0,0
g128 lm_head,2816,131072,128,float16,192,128x128x4,2388.743,4,2,AMD Radeon RX 9070 XT,64,0,0,0
g128 lm_head,2816,131072,128,float16,192,192x128,2466.804,4,2,AMD Radeon RX 9070 XT,64,0,0,0
g128 lm_head,2816,131072,128,float16,192,128x64x2,2491.649,4,2,AMD Radeon RX 9070 XT,64,0,0,0
g128 lm_head,2816,131072,128,float16,192,192x128x2,2541.115,3,2,AMD Radeon RX 9070 XT,64,0,0,0
g128 lm_head,2816,131072,128,float16,192,256x64,2699.391,3,2,AMD Radeon RX 9070 XT,64,0,0,0
g128 lm_head,2816,131072,128,float16,192,64x64x2,2758.525,3,2,AMD Radeon RX 9070 XT,64,0,0,0
g128 lm_head,2816,131072,128,float16,192,256x32,2825.672,3,2,AMD Radeon RX 9070 XT,64,0,0,0
g128 lm_head,2816,131072,128,float16,192,64x128x2,2997.628,3,2,AMD Radeon RX 9070 XT,64,0,0,0
g128 lm_head,2816,131072,128,float16,192,128x64,3043.029,3,2,AMD Radeon RX 9070 XT,64,0,0,0
g128 lm_head,2816,131072,128,float16,192,128x128,3095.856,3,2,AMD Radeon RX 9070 XT,64,0,0,0
g128 lm_head,2816,131072,128,float16,192,112x128,3450.638,2,2,AMD Radeon RX 9070 XT,64,0,0,0
g128 lm_head,2816,131072,128,float16,192,128x32,3574.509,2,2,AMD Radeon RX 9070 XT,64,0,0,0
g128 lm_head,2816,131072,128,float16,192,32x64x4,3731.862,2,2,AMD Radeon RX 9070 XT,64,0,0,0
g128 lm_head,2816,131072,128,float16,192,128x256,3738.852,2,2,AMD Radeon RX 9070 XT,64,0,0,0
g128 lm_head,2816,131072,128,float16,192,64x32,3844.863,2,2,AMD Radeon RX 9070 XT,64,0,0,0
g128 lm_head,2816,131072,128,float16,192,96x128,4017.595,2,2,AMD Radeon RX 9070 XT,64,0,0,0
g128 lm_head,2816,131072,128,float16,192,64x64,4282.709,2,2,AMD Radeon RX 9070 XT,64,0,0,0
g128 lm_head,2816,131072,128,float16,192,80x128,4357.790,2,2,AMD Radeon RX 9070 XT,64,0,0,0
g128 lm_head,2816,131072,128,float16,192,32x128x4,4699.325,2,2,AMD Radeon RX 9070 XT,64,0,0,0
g128 lm_head,2816,131072,128,float16,192,64x128,5104.280,2,2,AMD Radeon RX 9070 XT,64,0,0,0
g128 lm_head,2816,131072,128,float16,192,32x64x2,5112.041,2,2,AMD Radeon RX 9070 XT,64,0,0,0
g128 lm_head,2816,131072,128,float16,192,prefill_wmma_ashuffle,5513.116,2,2,AMD Radeon RX 9070 XT,64,0,0,0
g128 lm_head,2816,131072,128,float16,192,prefill_wmma:smallm_off,6447.599,2,2,AMD Radeon RX 9070 XT,64,0,0,0
g128 lm_head,2816,131072,128,float16,192,prefill_wmma,6523.460,2,2,AMD Radeon RX 9070 XT,64,0,0,0
g128 lm_head,2816,131072,128,float16,192,32x32,7712.296,2,2,AMD Radeon RX 9070 XT,64,0,0,0
g128 lm_head,2816,131072,128,float16,192,32x64,9467.901,2,2,AMD Radeon RX 9070 XT,64,0,0,0
g128 lm_head,2816,131072,128,float16,192,32x128,17052.956,2,2,AMD Radeon RX 9070 XT,64,0,0,0
g128 lm_head,2816,131072,128,float16,192,16x128,54700.424,2,2,AMD Radeon RX 9070 XT,64,0,0,0
g128 lm_head,2816,131072,128,float16,192,16x64,64074.951,2,2,AMD Radeon RX 9070 XT,64,0,0,0
g128 lm_head,2816,131072,128,float16,256,128x128x2,2428.564,4,2,AMD Radeon RX 9070 XT,64,0,0,0
g128 lm_head,2816,131072,128,float16,256,128x128x4,2454.094,3,2,AMD Radeon RX 9070 XT,64,0,0,0
g128 lm_head,2816,131072,128,float16,256,auto,2485.159,4,2,AMD Radeon RX 9070 XT,64,0,0,0
g128 lm_head,2816,131072,128,float16,256,256x128,2518.610,4,2,AMD Radeon RX 9070 XT,64,0,0,0
g128 lm_head,2816,131072,128,float16,256,256x128x2,2616.163,3,2,AMD Radeon RX 9070 XT,64,0,0,0
g128 lm_head,2816,131072,128,float16,256,128x64x2,2619.776,3,2,AMD Radeon RX 9070 XT,64,0,0,0
g128 lm_head,2816,131072,128,float16,256,64x128x4,3081.863,3,2,AMD Radeon RX 9070 XT,64,0,0,0
g128 lm_head,2816,131072,128,float16,256,256x64,3155.844,3,2,AMD Radeon RX 9070 XT,64,0,0,0
g128 lm_head,2816,131072,128,float16,256,256x32,3178.804,3,2,AMD Radeon RX 9070 XT,64,0,0,0
g128 lm_head,2816,131072,128,float16,256,128x64,3407.817,2,2,AMD Radeon RX 9070 XT,64,0,0,0
g128 lm_head,2816,131072,128,float16,256,96x128x2,3465.375,3,2,AMD Radeon RX 9070 XT,64,0,0,0
g128 lm_head,2816,131072,128,float16,256,128x128,3666.370,2,2,AMD Radeon RX 9070 XT,64,0,0,0
g128 lm_head,2816,131072,128,float16,256,64x64x2,3678.711,2,2,AMD Radeon RX 9070 XT,64,0,0,0
g128 lm_head,2816,131072,128,float16,256,64x128x2,3941.664,2,2,AMD Radeon RX 9070 XT,64,0,0,0
g128 lm_head,2816,131072,128,float16,256,128x32,4022.635,2,2,AMD Radeon RX 9070 XT,64,0,0,0
g128 lm_head,2816,131072,128,float16,256,192x128,4058.266,2,2,AMD Radeon RX 9070 XT,64,0,0,0
g128 lm_head,2816,131072,128,float16,256,128x256,4261.864,2,2,AMD Radeon RX 9070 XT,64,0,0,0
g128 lm_head,2816,131072,128,float16,256,192x128x2,4282.899,2,2,AMD Radeon RX 9070 XT,64,0,0,0
g128 lm_head,2816,131072,128,float16,256,112x128,4886.658,2,2,AMD Radeon RX 9070 XT,64,0,0,0
g128 lm_head,2816,131072,128,float16,256,32x64x4,5041.050,2,2,AMD Radeon RX 9070 XT,64,0,0,0
g128 lm_head,2816,131072,128,float16,256,64x32,5177.071,2,2,AMD Radeon RX 9070 XT,64,0,0,0
g128 lm_head,2816,131072,128,float16,256,96x128,5295.603,2,2,AMD Radeon RX 9070 XT,64,0,0,0
g128 lm_head,2816,131072,128,float16,256,64x64,5631.368,2,2,AMD Radeon RX 9070 XT,64,0,0,0
g128 lm_head,2816,131072,128,float16,256,80x128,5739.129,2,2,AMD Radeon RX 9070 XT,64,0,0,0
g128 lm_head,2816,131072,128,float16,256,32x128x4,6326.647,2,2,AMD Radeon RX 9070 XT,64,0,0,0
g128 lm_head,2816,131072,128,float16,256,prefill_wmma_ashuffle,6375.478,2,2,AMD Radeon RX 9070 XT,64,0,0,0
g128 lm_head,2816,131072,128,float16,256,32x64x2,6963.386,2,2,AMD Radeon RX 9070 XT,64,0,0,0
g128 lm_head,2816,131072,128,float16,256,64x128,7224.410,2,2,AMD Radeon RX 9070 XT,64,0,0,0
g128 lm_head,2816,131072,128,float16,256,prefill_wmma:smallm_off,7613.455,2,2,AMD Radeon RX 9070 XT,64,0,0,0
g128 lm_head,2816,131072,128,float16,256,prefill_wmma,7662.755,2,2,AMD Radeon RX 9070 XT,64,0,0,0
g128 lm_head,2816,131072,128,float16,256,32x32,10359.163,2,2,AMD Radeon RX 9070 XT,64,0,0,0
g128 lm_head,2816,131072,128,float16,256,32x64,12659.375,2,2,AMD Radeon RX 9070 XT,64,0,0,0
g128 lm_head,2816,131072,128,float16,256,32x128,35309.307,2,2,AMD Radeon RX 9070 XT,64,0,0,0
g128 lm_head,2816,131072,128,float16,256,16x64,119823.479,2,2,AMD Radeon RX 9070 XT,64,0,0,0
g128 lm_head,2816,131072,128,float16,256,16x128,210737.030,2,2,AMD Radeon RX 9070 XT,64,0,0,0
g128 lm_head,2816,131072,128,float16,512,auto,4127.337,2,2,AMD Radeon RX 9070 XT,64,0,0,0
g128 lm_head,2816,131072,128,float16,512,256x128,4361.790,2,2,AMD Radeon RX 9070 XT,64,0,0,0
g128 lm_head,2816,131072,128,float16,512,128x128x2,4530.413,2,2,AMD Radeon RX 9070 XT,64,0,0,0
g128 lm_head,2816,131072,128,float16,512,256x128x2,4671.044,2,2,AMD Radeon RX 9070 XT,64,0,0,0
g128 lm_head,2816,131072,128,float16,512,128x128x4,4700.675,2,2,AMD Radeon RX 9070 XT,64,0,0,0
g128 lm_head,2816,131072,128,float16,512,128x64x2,4995.129,2,2,AMD Radeon RX 9070 XT,64,0,0,0
g128 lm_head,2816,131072,128,float16,512,256x64,5410.635,2,2,AMD Radeon RX 9070 XT,64,0,0,0
g128 lm_head,2816,131072,128,float16,512,64x128x4,5985.373,2,2,AMD Radeon RX 9070 XT,64,0,0,0
g128 lm_head,2816,131072,128,float16,512,256x32,6072.594,2,2,AMD Radeon RX 9070 XT,64,0,0,0
g128 lm_head,2816,131072,128,float16,512,192x128,6159.915,2,2,AMD Radeon RX 9070 XT,64,0,0,0
g128 lm_head,2816,131072,128,float16,512,128x64,6358.168,2,2,AMD Radeon RX 9070 XT,64,0,0,0
g128 lm_head,2816,131072,128,float16,512,128x128,6363.618,2,2,AMD Radeon RX 9070 XT,64,0,0,0
g128 lm_head,2816,131072,128,float16,512,96x128x2,6382.578,2,2,AMD Radeon RX 9070 XT,64,0,0,0
g128 lm_head,2816,131072,128,float16,512,192x128x2,6711.913,2,2,AMD Radeon RX 9070 XT,64,0,0,0
g128 lm_head,2816,131072,128,float16,512,64x64x2,7065.707,2,2,AMD Radeon RX 9070 XT,64,0,0,0
g128 lm_head,2816,131072,128,float16,512,64x128x2,7646.616,2,2,AMD Radeon RX 9070 XT,64,0,0,0
g128 lm_head,2816,131072,128,float16,512,128x32,7673.926,2,2,AMD Radeon RX 9070 XT,64,0,0,0
g128 lm_head,2816,131072,128,float16,512,112x128,8122.742,2,2,AMD Radeon RX 9070 XT,64,0,0,0
g128 lm_head,2816,131072,128,float16,512,128x256,8205.411,2,2,AMD Radeon RX 9070 XT,64,0,0,0
g128 lm_head,2816,131072,128,float16,512,80x128,9883.386,2,2,AMD Radeon RX 9070 XT,64,0,0,0
g128 lm_head,2816,131072,128,float16,512,32x64x4,9941.247,2,2,AMD Radeon RX 9070 XT,64,0,0,0
g128 lm_head,2816,131072,128,float16,512,96x128,10039.409,2,2,AMD Radeon RX 9070 XT,64,0,0,0
g128 lm_head,2816,131072,128,float16,512,64x32,10229.371,2,2,AMD Radeon RX 9070 XT,64,0,0,0
g128 lm_head,2816,131072,128,float16,512,64x64,10881.120,2,2,AMD Radeon RX 9070 XT,64,0,0,0
g128 lm_head,2816,131072,128,float16,512,prefill_wmma_ashuffle,12443.852,2,2,AMD Radeon RX 9070 XT,64,0,0,0
g128 lm_head,2816,131072,128,float16,512,32x128x4,12693.885,2,2,AMD Radeon RX 9070 XT,64,0,0,0
g128 lm_head,2816,131072,128,float16,512,64x128,13624.478,2,2,AMD Radeon RX 9070 XT,64,0,0,0
g128 lm_head,2816,131072,128,float16,512,32x64x2,13717.339,2,2,AMD Radeon RX 9070 XT,64,0,0,0
g128 lm_head,2816,131072,128,float16,512,prefill_wmma:smallm_off,15148.629,2,2,AMD Radeon RX 9070 XT,64,0,0,0
g128 lm_head,2816,131072,128,float16,512,prefill_wmma,15155.469,2,2,AMD Radeon RX 9070 XT,64,0,0,0
g128 lm_head,2816,131072,128,float16,512,32x32,20271.990,2,2,AMD Radeon RX 9070 XT,64,0,0,0
g128 lm_head,2816,131072,128,float16,512,32x64,24985.640,2,2,AMD Radeon RX 9070 XT,64,0,0,0
g128 lm_head,2816,131072,128,float16,512,32x128,64017.487,2,2,AMD Radeon RX 9070 XT,64,0,0,0
g128 lm_head,2816,131072,128,float16,512,16x64,94706.741,2,2,AMD Radeon RX 9070 XT,64,0,0,0
g128 lm_head,2816,131072,128,float16,512,16x128,419400.238,2,2,AMD Radeon RX 9070 XT,64,0,0,0
g128 lm_head,2816,131072,128,float16,1024,auto,8423.746,2,2,AMD Radeon RX 9070 XT,64,0,0,0
g128 lm_head,2816,131072,128,float16,1024,256x128,8494.157,2,2,AMD Radeon RX 9070 XT,64,0,0,0
g128 lm_head,2816,131072,128,float16,1024,128x128x2,8989.894,2,2,AMD Radeon RX 9070 XT,64,0,0,0
g128 lm_head,2816,131072,128,float16,1024,256x128x2,9176.156,2,2,AMD Radeon RX 9070 XT,64,0,0,0
g128 lm_head,2816,131072,128,float16,1024,128x128x4,9300.958,2,2,AMD Radeon RX 9070 XT,64,0,0,0
g128 lm_head,2816,131072,128,float16,1024,128x64x2,9945.508,2,2,AMD Radeon RX 9070 XT,64,0,0,0
g128 lm_head,2816,131072,128,float16,1024,256x64,10652.247,2,2,AMD Radeon RX 9070 XT,64,0,0,0
g128 lm_head,2816,131072,128,float16,1024,192x128,11797.163,2,2,AMD Radeon RX 9070 XT,64,0,0,0
g128 lm_head,2816,131072,128,float16,1024,96x128x2,11854.814,2,2,AMD Radeon RX 9070 XT,64,0,0,0
g128 lm_head,2816,131072,128,float16,1024,64x128x4,11857.974,2,2,AMD Radeon RX 9070 XT,64,0,0,0
g128 lm_head,2816,131072,128,float16,1024,128x64,12527.283,2,2,AMD Radeon RX 9070 XT,64,0,0,0
g128 lm_head,2816,131072,128,float16,1024,128x128,12571.844,2,2,AMD Radeon RX 9070 XT,64,0,0,0
g128 lm_head,2816,131072,128,float16,1024,256x32,12660.775,2,2,AMD Radeon RX 9070 XT,64,0,0,0
g128 lm_head,2816,131072,128,float16,1024,192x128x2,12679.205,2,2,AMD Radeon RX 9070 XT,64,0,0,0
g128 lm_head,2816,131072,128,float16,1024,64x64x2,13985.863,2,2,AMD Radeon RX 9070 XT,64,0,0,0
g128 lm_head,2816,131072,128,float16,1024,64x128x2,15197.010,2,2,AMD Radeon RX 9070 XT,64,0,0,0
g128 lm_head,2816,131072,128,float16,1024,128x32,15465.854,2,2,AMD Radeon RX 9070 XT,64,0,0,0
g128 lm_head,2816,131072,128,float16,1024,112x128,15818.768,2,2,AMD Radeon RX 9070 XT,64,0,0,0
g128 lm_head,2816,131072,128,float16,1024,128x256,16031.431,2,2,AMD Radeon RX 9070 XT,64,0,0,0
g128 lm_head,2816,131072,128,float16,1024,96x128,19036.793,2,2,AMD Radeon RX 9070 XT,64,0,0,0
g128 lm_head,2816,131072,128,float16,1024,80x128,19287.315,2,2,AMD Radeon RX 9070 XT,64,0,0,0
g128 lm_head,2816,131072,128,float16,1024,32x64x4,19908.064,2,2,AMD Radeon RX 9070 XT,64,0,0,0
g128 lm_head,2816,131072,128,float16,1024,64x32,20492.062,2,2,AMD Radeon RX 9070 XT,64,0,0,0
g128 lm_head,2816,131072,128,float16,1024,64x64,21625.198,2,2,AMD Radeon RX 9070 XT,64,0,0,0
g128 lm_head,2816,131072,128,float16,1024,prefill_wmma_ashuffle,24906.954,2,2,AMD Radeon RX 9070 XT,64,0,0,0
g128 lm_head,2816,131072,128,float16,1024,32x128x4,25911.797,2,2,AMD Radeon RX 9070 XT,64,0,0,0
g128 lm_head,2816,131072,128,float16,1024,32x64x2,27641.836,2,2,AMD Radeon RX 9070 XT,64,0,0,0
g128 lm_head,2816,131072,128,float16,1024,64x128,28036.728,2,2,AMD Radeon RX 9070 XT,64,0,0,0
g128 lm_head,2816,131072,128,float16,1024,prefill_wmma,29961.945,2,2,AMD Radeon RX 9070 XT,64,0,0,0
g128 lm_head,2816,131072,128,float16,1024,prefill_wmma:smallm_off,29962.725,2,2,AMD Radeon RX 9070 XT,64,0,0,0
g128 lm_head,2816,131072,128,float16,1024,32x32,40608.334,2,2,AMD Radeon RX 9070 XT,64,0,0,0
g128 lm_head,2816,131072,128,float16,1024,32x64,50757.580,2,2,AMD Radeon RX 9070 XT,64,0,0,0
g128 lm_head,2816,131072,128,float16,1024,16x64,195968.643,2,2,AMD Radeon RX 9070 XT,64,0,0,0
g128 lm_head,2816,131072,128,float16,1024,32x128,257312.286,2,2,AMD Radeon RX 9070 XT,64,0,0,0
g128 lm_head,2816,131072,128,float16,1024,16x128,354624.939,2,2,AMD Radeon RX 9070 XT,64,0,0,0
g128 lm_head,2816,131072,128,float16,2048,auto,16982.924,2,2,AMD Radeon RX 9070 XT,64,0,0,0
g128 lm_head,2816,131072,128,float16,2048,256x128,17074.656,2,2,AMD Radeon RX 9070 XT,64,0,0,0
g128 lm_head,2816,131072,128,float16,2048,128x128x2,18316.284,2,2,AMD Radeon RX 9070 XT,64,0,0,0
g128 lm_head,2816,131072,128,float16,2048,128x128x4,18873.619,2,2,AMD Radeon RX 9070 XT,64,0,0,0
g128 lm_head,2816,131072,128,float16,2048,256x128x2,18915.112,2,2,AMD Radeon RX 9070 XT,64,0,0,0
g128 lm_head,2816,131072,128,float16,2048,128x64x2,20302.401,2,2,AMD Radeon RX 9070 XT,64,0,0,0
g128 lm_head,2816,131072,128,float16,2048,192x128,22560.223,2,2,AMD Radeon RX 9070 XT,64,0,0,0
g128 lm_head,2816,131072,128,float16,2048,256x64,22610.878,2,2,AMD Radeon RX 9070 XT,64,0,0,0
g128 lm_head,2816,131072,128,float16,2048,96x128x2,23148.951,2,2,AMD Radeon RX 9070 XT,64,0,0,0
g128 lm_head,2816,131072,128,float16,2048,64x128x4,24598.881,2,2,AMD Radeon RX 9070 XT,64,0,0,0
g128 lm_head,2816,131072,128,float16,2048,192x128x2,25422.342,2,2,AMD Radeon RX 9070 XT,64,0,0,0
g128 lm_head,2816,131072,128,float16,2048,128x128,25861.700,2,2,AMD Radeon RX 9070 XT,64,0,0,0
g128 lm_head,2816,131072,128,float16,2048,128x64,26246.464,2,2,AMD Radeon RX 9070 XT,64,0,0,0
g128 lm_head,2816,131072,128,float16,2048,64x64x2,28675.346,2,2,AMD Radeon RX 9070 XT,64,0,0,0
g128 lm_head,2816,131072,128,float16,2048,112x128,29558.779,2,2,AMD Radeon RX 9070 XT,64,0,0,0
g128 lm_head,2816,131072,128,float16,2048,64x128x2,31100.479,2,2,AMD Radeon RX 9070 XT,64,0,0,0
g128 lm_head,2816,131072,128,float16,2048,128x256,31848.890,2,2,AMD Radeon RX 9070 XT,64,0,0,0
g128 lm_head,2816,131072,128,float16,2048,256x32,34694.775,2,2,AMD Radeon RX 9070 XT,64,0,0,0
g128 lm_head,2816,131072,128,float16,2048,96x128,36287.773,2,2,AMD Radeon RX 9070 XT,64,0,0,0
g128 lm_head,2816,131072,128,float16,2048,128x32,38990.742,2,2,AMD Radeon RX 9070 XT,64,0,0,0
g128 lm_head,2816,131072,128,float16,2048,32x64x4,39057.350,2,2,AMD Radeon RX 9070 XT,64,0,0,0
g128 lm_head,2816,131072,128,float16,2048,80x128,39576.637,2,2,AMD Radeon RX 9070 XT,64,0,0,0
g128 lm_head,2816,131072,128,float16,2048,64x64,44488.457,2,2,AMD Radeon RX 9070 XT,64,0,0,0
g128 lm_head,2816,131072,128,float16,2048,64x32,45403.751,2,2,AMD Radeon RX 9070 XT,64,0,0,0
g128 lm_head,2816,131072,128,float16,2048,32x128x4,52893.513,2,2,AMD Radeon RX 9070 XT,64,0,0,0
g128 lm_head,2816,131072,128,float16,2048,prefill_wmma_ashuffle,53673.809,2,2,AMD Radeon RX 9070 XT,64,0,0,0
g128 lm_head,2816,131072,128,float16,2048,64x128,56294.201,2,2,AMD Radeon RX 9070 XT,64,0,0,0
g128 lm_head,2816,131072,128,float16,2048,32x64x2,56737.545,2,2,AMD Radeon RX 9070 XT,64,0,0,0
g128 lm_head,2816,131072,128,float16,2048,prefill_wmma:smallm_off,59521.973,2,2,AMD Radeon RX 9070 XT,64,0,0,0
g128 lm_head,2816,131072,128,float16,2048,prefill_wmma,59556.671,2,2,AMD Radeon RX 9070 XT,64,0,0,0
g128 lm_head,2816,131072,128,float16,2048,32x32,84277.199,2,2,AMD Radeon RX 9070 XT,64,0,0,0
g128 lm_head,2816,131072,128,float16,2048,32x64,102293.800,2,2,AMD Radeon RX 9070 XT,64,0,0,0
g128 lm_head,2816,131072,128,float16,2048,32x128,304810.333,2,2,AMD Radeon RX 9070 XT,64,0,0,0
g128 lm_head,2816,131072,128,float16,2048,16x64,354511.688,2,2,AMD Radeon RX 9070 XT,64,0,0,0
g128 lm_head,2816,131072,128,float16,2048,16x128,556859.070,2,2,AMD Radeon RX 9070 XT,64,0,0,0
