tag,window,classes,agent,product,kernel,n_per_step,ms_per_step,share_of_busy,share_of_wall,ns_per_dispatch_mean,ns_per_dispatch_median,ns_per_dispatch_min,gap_after_ns_median,gap_after_ns_total_per_step,workgroups,threads_per_wg,waves,occ_upper_pct,vgpr,waves_per_simd_by_vgpr,scratch_b,lds_b,top_grid,dom_grid_time_frac,starved_time_frac,n_distinct_grids,flags
prof-cand,120-319,decode:199,Agent 1,AMD Radeon RX 9070 XT,"custom_ar::one_shot_ar_vec_kernel<__hip_bfloat16, 8>",53.02010050251256,2.2979679246231153,0.34975961012631585,0.016081423970272804,43341.447919628474,19160,7680,0,138674.06532663316,8,256,64,3.125,32,16,0,512,"(2048, 1, 1)/(256, 1, 1)",1.0,1.0,1,"WG<64,OCC<25"
prof-cand,120-319,decode:199,Agent 1,AMD Radeon RX 9070 XT,"gemv_decode::gemv_decode_core<__hip_bfloat16, gemv_decode::Bf16GemvLoader<__hip_bfloat16>, false, false, false, 16, 1, 1, false, 0>",106.03517587939699,1.3255715376884423,0.20175711734204893,0.009276490621160632,12501.243353395574,6400,3120,0,422339.55778894474,128,512,2048,100.0,24,16,0,512,"(65536, 1, 1)/(512, 1, 1)",0.4799360386639102,0.2996613092683381,6,
prof-cand,120-319,decode:199,Agent 1,AMD Radeon RX 9070 XT,"gemv_decode::gemv_decode_core<__hip_bfloat16, gemv_decode::Int4Fp8GemvLoader, true, true, false, 32, 8, 1, false, 0>",25.673366834170853,0.48938189949748745,0.07448581876928924,0.0034247465880043837,19061.85124290468,19041,17441,0,22896.587939698493,96,1024,3072,75.0,112,12,0,512,"(24576, 4, 1)/(1024, 1, 1)",1.0,0.0,1,
prof-cand,120-319,decode:199,Agent 1,AMD Radeon RX 9070 XT,"w4a8_tile::moe_gemm_tiled_kernel<__hip_bfloat16, w4a8_tile::WmmaFp8, w4a8_tile::Int4Fp8Loader, true, 64, 4, 128, false>",25.673366834170853,0.45389081407035176,0.06908393823434199,0.0031763761970153336,17679.44255235858,17680,16201,0,28748.869346733667,512,128,2048,100.0,64,16,0,0,"(4096, 4, 4)/(128, 1, 1)",1.0,0.0,1,
prof-cand,120-319,decode:199,Agent 1,AMD Radeon RX 9070 XT,Cijk_Ailk_Bljk_BBS_BH_Bias_HA_S_SAV_UserArgs_MT128x128x32_MI16x16x1_SN_LDSB0_AFC1_AFEM1_AFEM1_ASEM1_CLR0_CADS0_DTLA0_DTLB0_DTVA0_DTVB0_EPS0_FDSI0_GRPM,26.231155778894472,0.35132813065326635,0.05347350095143174,0.00245863162891849,13393.543678160919,13400.0,11360,0.0,6486083.9648241205,40,128,160,7.8125,256,5,0,51200,"(512, 1, 10)/(128, 1, 1)",1.0,1.0,1,"WG<64,OCC<25"
prof-cand,120-319,decode:199,Agent 1,AMD Radeon RX 9070 XT,"at::native::elementwise_kernel_manual_unroll<128, 4, at::native::gpu_kernel_impl_nocast<at::native::BinaryFunctor<float, float, float, at::native::bin",236.0502512562814,0.3416802261306533,0.05200505255047397,0.0023911145668262072,1447.4893558138544,1360.0,1040,0.0,9787155.32160804,1,128,4,0.1953125,24,16,0,0,"(128, 1, 1)/(128, 1, 1)",0.8950766140694159,1.0,2,"WG<64,OCC<25"
prof-cand,120-319,decode:199,Agent 1,AMD Radeon RX 9070 XT,Cijk_Alik_Bljk_BBS_BH_Bias_HA_S_SAV_UserArgs_MT64x64x32_MI16x16x1_SN_LDSB0_AFC1_AFEM1_AFEM1_ASEM1_CLR1_CADS0_DTLA0_DTLB0_DTVA1_DTVB0_EPS0_FDSI0_GRPM1_,26.231155778894472,0.3007359748743718,0.04577317907527757,0.0021045823413141274,11464.83888888889,11440.0,10800,0.0,117331.8040201005,40,128,160,7.8125,128,10,0,13312,"(512, 1, 10)/(128, 1, 1)",1.0,1.0,1,"WG<64,OCC<25"
prof-cand,120-319,decode:199,Agent 1,AMD Radeon RX 9070 XT,"gemv_decode::gemv_decode_core<__hip_bfloat16, gemv_decode::Bf16GemvLoader<__hip_bfloat16>, false, false, false, 8, 1, 1, true, 0>",26.22613065326633,0.2966771507537689,0.04515541033848103,0.0020761782583829476,11312.273040812415,11320,10080,0,31593.693467336685,10,256,80,3.90625,16,16,0,512,"(2560, 1, 1)/(256, 1, 1)",1.0,1.0,1,"WG<64,OCC<25"
prof-cand,120-319,decode:199,Agent 1,AMD Radeon RX 9070 XT,"gemv_decode::gemv_decode_core<__hip_bfloat16, gemv_decode::Int4Fp8GemvLoader, false, true, false, 16, 1, 1, false, 0>",25.673366834170853,0.26501959798994973,0.040337008308764875,0.0018546353367428412,10322.74417694265,10320,8840,0,23999.738693467338,96,512,1536,75.0,88,16,0,512,"(49152, 1, 1)/(512, 1, 1)",1.0,0.0,1,
prof-cand,120-319,decode:199,Agent 1,AMD Radeon RX 9070 XT,w4a8_fp8_wmma::compute_act_fp8_and_scales_kernel<__hip_bfloat16>,51.346733668341706,0.17076596984924625,0.02599124139085199,0.0011950384213003941,3325.7416324133883,3360.0,2520,4480.0,13562398.336683417,1,256,8,0.390625,16,16,0,512,"(256, 1, 1)/(256, 1, 1)",1.0,1.0,1,"WG<64,OCC<25"
prof-cand,120-319,decode:199,Agent 1,AMD Radeon RX 9070 XT,"gemv_decode::gemv_decode_core<__hip_bfloat16, gemv_decode::Int4Fp8GemvLoader, false, false, false, 16, 1, 2, false, 0>",25.673366834170853,0.16389953266331658,0.02494614308143957,0.0011469863634935857,6384.029555686045,6360,5520,0,32220.608040201005,64,512,1024,50.0,88,16,0,512,"(32768, 1, 1)/(512, 1, 1)",1.0,0.0,1,
prof-cand,120-319,decode:199,Agent 1,AMD Radeon RX 9070 XT,"mla_attend::mla_combine_kernel<__hip_bfloat16, 512>",26.231155778894472,0.14132952763819095,0.021510900981865172,0.000989039067567007,5387.849808429119,5361.0,4800,1310.0,283352.8592964824,80,64,160,7.8125,8,16,0,0,"(640, 1, 8)/(64, 1, 1)",1.0,0.0,1,OCC<25
prof-cand,120-319,decode:199,Agent 1,AMD Radeon RX 9070 XT,"mla_attend::mla_split_kernel<__hip_bfloat16, 512, 64, 16, mla_attend::CacheFp8, false>",26.231155778894472,0.11835426130653266,0.0180139765432758,0.0008282557099098596,4511.972796934866,4520.0,3920,0.0,6798497.663316583,160,256,1280,62.5,72,16,0,16896,"(2560, 1, 16)/(256, 1, 1)",1.0,0.0,1,
prof-cand,120-319,decode:199,Agent 1,AMD Radeon RX 9070 XT,"at::native::vectorized_elementwise_kernel<4, at::native::CUDAFunctor_add<float>, std::array<char*, 3ul> >",104.90954773869346,0.11660887939698492,0.017748322662878378,0.000816041341651397,1111.5182736983284,1080,880,0,7710515.969849247,1,256,8,0.390625,16,16,0,0,"(256, 1, 1)/(256, 1, 1)",1.0,1.0,1,"WG<64,OCC<25"
prof-cand,120-319,decode:199,Agent 1,AMD Radeon RX 9070 XT,"at::native::vectorized_elementwise_kernel<4, at::native::bfloat16tofloat32_copy_kernel_cuda(at::TensorIteratorBase&)::{lambda(c10::BFloat16)#1}, std::",79.2462311557789,0.1140212663316583,0.017354477941553627,0.0007979329501770645,1438.8225745085606,1520.0,1000,0.0,560667.5879396985,1,256,8,0.390625,16,16,0,0,"(256, 1, 1)/(256, 1, 1)",0.9868012367612636,0.9868012367612636,2,"WG<64,OCC<25"
prof-cand,120-319,decode:199,Agent 1,AMD Radeon RX 9070 XT,"anon::rms_norm_kernel<__hip_bfloat16, false>",53.01005025125628,0.10337193467336683,0.015733608455518164,0.0007234077944679741,1950.0440800075837,1960,1680,2747,603482.5075376885,1,256,8,0.390625,32,16,0,512,"(256, 1, 1)/(256, 1, 1)",1.0,1.0,1,"WG<64,OCC<25"
prof-cand,120-319,decode:199,Agent 1,AMD Radeon RX 9070 XT,"at::native::vectorized_elementwise_kernel<4, at::native::bfloat16_copy_kernel_cuda(at::TensorIteratorBase&)::{lambda(float)#1}, std::array<char*, 2ul>",78.13065326633166,0.09982835175879397,0.0151942614240079,0.0006986094243025561,1277.7104450733214,1160.0,920,1415.0,10190115.949748743,1,256,8,0.390625,32,16,0,0,"(256, 1, 1)/(256, 1, 1)",1.0,1.0,1,"WG<64,OCC<25"
prof-cand,120-319,decode:199,Agent 1,AMD Radeon RX 9070 XT,"at::native::anon::CatArrayBatchedCopy_contig<at::native::anon::OpaqueType<4u>, unsigned int, 3, 128, 1>",52.45728643216081,0.08436383417085427,0.012840502007093305,0.0005903870852687395,1608.2386243893093,1600,1360,0,4452920.542713568,2,256,16,0.78125,16,16,0,0,"(256, 2, 1)/(256, 1, 1)",1.0,1.0,1,"WG<64,OCC<25"
prof-cand,120-319,decode:199,Agent 1,AMD Radeon RX 9070 XT,"at::native::elementwise_kernel_manual_unroll<128, 4, at::native::gpu_kernel_impl<at::native::direct_copy_kernel_cuda(at::TensorIteratorBase&)::{lambda",54.14070351758794,0.08275645728643216,0.012595853025531158,0.0005791384908556353,1528.544180434379,1480.0,1280,0.0,4775837.512562814,1,128,4,0.1953125,16,16,0,0,"(128, 1, 1)/(128, 1, 1)",1.0,1.0,1,"WG<64,OCC<25"
prof-cand,120-319,decode:199,Agent 1,AMD Radeon RX 9070 XT,"anon::moe_topk_softmax_kernel<1, 4, true, c10::BFloat16, moe_core::SigmoidBiasScore<c10::BFloat16> >",25.673366834170853,0.08177562814070351,0.012446567034227845,0.0005722745441634944,3185.2319436288903,3160,2760,0,112473.4120603015,1,256,8,0.390625,32,16,0,4096,"(256, 1, 1)/(256, 1, 1)",1.0,1.0,1,"WG<64,OCC<25"
prof-cand,120-319,decode:199,Agent 1,AMD Radeon RX 9070 XT,"anon::rms_norm_add_kernel<__hip_bfloat16, true>",25.673366834170853,0.07182266834170854,0.010931688039791788,0.0005026226727985057,2797.5554903112156,2800,2400,553,187589.22613065326,1,256,8,0.390625,40,16,0,512,"(256, 1, 1)/(256, 1, 1)",1.0,1.0,1,"WG<64,OCC<25"
prof-cand,120-319,decode:199,Agent 1,AMD Radeon RX 9070 XT,"at::native::anon::CatArrayBatchedCopy_contig<at::native::anon::OpaqueType<2u>, unsigned int, 3, 128, 1>",26.231155778894472,0.06842589949748744,0.01041468667788686,0.0004788517231139525,2608.573563218391,2560.0,2280,12104.0,933207.3366834171,6,256,48,2.34375,16,16,0,0,"(768, 2, 1)/(256, 1, 1)",1.0,1.0,1,"WG<64,OCC<25"
prof-cand,120-319,decode:199,Agent 1,AMD Radeon RX 9070 XT,"at::native::index_elementwise_kernel<128, 4, at::native::gpu_index_kernel<at::native::index_put_kernel_impl<at::native::OpaqueType<1> >(at::TensorIter",26.231155778894472,0.06576125628140704,0.010009117669548824,0.00046020426645098446,2506.9904214559388,2480.0,2160,0.0,294514.8190954774,2,128,8,0.390625,16,16,0,0,"(256, 1, 1)/(128, 1, 1)",1.0,1.0,1,"WG<64,OCC<25"
prof-cand,120-319,decode:199,Agent 1,AMD Radeon RX 9070 XT,anon::moe_align_kernel,25.673366834170853,0.06534117085427135,0.009945179042016057,0.00045726446394760096,2545.0955177138385,2560,2240,4380,228319.0150753769,1,256,8,0.390625,16,16,0,1536,"(256, 1, 1)/(256, 1, 1)",1.0,1.0,1,"WG<64,OCC<25"
prof-cand,120-319,decode:199,Agent 1,AMD Radeon RX 9070 XT,"anon::rms_norm_add_kernel<__hip_bfloat16, false>",26.78894472361809,0.06240205527638191,0.00949783427813847,0.000436696220501198,2329.395798161696,2320,2040,2,178476.59798994975,1,256,8,0.390625,32,16,0,512,"(256, 1, 1)/(256, 1, 1)",1.0,1.0,1,"WG<64,OCC<25"
prof-cand,120-319,decode:199,Agent 1,AMD Radeon RX 9070 XT,w4a8_fp8_moe::moe_compute_act_fp8_kernel<__hip_bfloat16>,25.673366834170853,0.05660395477386934,0.008615340945876408,0.00039612049644340957,2204.773341162654,2200,1960,252,123618.06532663316,64,256,512,25.0,16,16,0,512,"(16384, 1, 1)/(256, 1, 1)",1.0,0.0,1,
prof-cand,120-319,decode:199,Agent 1,AMD Radeon RX 9070 XT,"at::native::elementwise_kernel_manual_unroll<128, 8, at::native::gpu_kernel_impl_nocast<at::native::direct_copy_kernel_cuda(at::TensorIteratorBase&)::",26.231155778894472,0.05567180904522613,0.00847346475903423,0.0003895972414824645,2122.354406130268,2120.0,1880,0.0,233595.0552763819,1,128,4,0.1953125,32,16,0,0,"(128, 1, 1)/(128, 1, 1)",1.0,1.0,1,"WG<64,OCC<25"
prof-cand,120-319,decode:199,Agent 1,AMD Radeon RX 9070 XT,"at::native::index_elementwise_kernel<128, 4, at::native::gpu_index_kernel<at::native::index_kernel_impl<at::native::OpaqueType<4> >(at::TensorIterator",27.34170854271357,0.046374090452261305,0.007058316011615172,0.00032453081777497167,1696.0933651902224,1600,1400,0,1862336.83919598,1,128,4,0.1953125,16,16,0,0,"(128, 1, 1)/(128, 1, 1)",1.0,1.0,1,"WG<64,OCC<25"
prof-cand,120-319,decode:199,Agent 1,AMD Radeon RX 9070 XT,"at::native::anon::CatArrayBatchedCopy_contig<at::native::anon::OpaqueType<2u>, unsigned int, 2, 128, 1>",26.231155778894472,0.04608396984924623,0.007014158533213115,0.00032250052293508096,1756.8409961685825,1760.0,1520,0.0,102410.18592964824,2,256,16,0.78125,8,16,0,0,"(256, 2, 1)/(256, 1, 1)",1.0,1.0,1,"WG<64,OCC<25"
prof-cand,120-319,decode:199,Agent 1,AMD Radeon RX 9070 XT,"at::native::vectorized_elementwise_kernel<4, at::native::ConvertToFloat8E4M3fnOp<float>, std::array<char*, 2ul> >",26.231155778894472,0.03995439698492462,0.00608121382484971,0.0002796051200307946,1523.1657088122606,1520.0,1320,0.0,1980447.824120603,1,256,8,0.390625,40,16,0,0,"(256, 1, 1)/(256, 1, 1)",1.0,1.0,1,"WG<64,OCC<25"
prof-cand,120-319,decode:199,Agent 1,AMD Radeon RX 9070 XT,"at::native::vectorized_elementwise_kernel<8, at::native::CUDAFunctor_add<c10::BFloat16>, std::array<char*, 3ul> >",25.673366834170853,0.028949316582914573,0.004406198003448686,0.00020259039677233593,1127.6010961049128,1080,920,3851,262448.72361809044,1,256,8,0.390625,32,16,0,0,"(256, 1, 1)/(256, 1, 1)",1.0,1.0,1,"WG<64,OCC<25"
prof-cand,120-319,decode:199,Agent 1,AMD Radeon RX 9070 XT,__amd_rocclr_copyBuffer,10.135678391959798,0.027738618090452263,0.004221925008091892,0.0001941177999406592,2736.730292513634,2400,1480,26600.5,594524.2010050251,1,512,16,0.78125,16,16,0,0,"(512, 1, 1)/(512, 1, 1)",0.8915995242740696,1.0,4,"WG<64,OCC<25"
prof-cand,120-319,decode:199,Agent 1,AMD Radeon RX 9070 XT,"at::native::vectorized_elementwise_kernel<4, at::native::FillFunctor<float>, std::array<char*, 1ul> >",25.673366834170853,0.021058201005025128,0.0032051396777816855,0.00014736753058403737,820.2352710902329,800,680,9261,376070.4824120603,2,256,16,0.78125,8,16,0,0,"(512, 1, 1)/(256, 1, 1)",1.0,1.0,1,"WG<64,OCC<25"
prof-cand,120-319,decode:199,Agent 1,AMD Radeon RX 9070 XT,ncclDevKernel_Generic_4,0.5628140703517588,0.018547974874371858,0.002823073547363363,0.0001298007011101607,32955.77678571428,32320.0,30121,3922.0,2580.6532663316584,2,256,16,0.78125,256,5,776,21504,"(512, 1, 1)/(256, 1, 1)",1.0,1.0,1,"WG<64,OCC<25,SPILL776B"
prof-cand,120-319,decode:199,Agent 1,AMD Radeon RX 9070 XT,"at::native::elementwise_kernel_manual_unroll<128, 4, at::native::gpu_kernel_impl<at::native::BinaryFunctor<c10::BFloat16, c10::BFloat16, c10::BFloat16",0.5577889447236181,0.007401482412060302,0.0011265342631897564,5.1796361211778157e-05,13269.324324324325,13240,12640,4172,2397.3417085427136,4,128,16,0.78125,24,16,0,0,"(512, 1, 1)/(128, 1, 1)",1.0,1.0,1,"WG<64,OCC<25"
prof-cand,120-319,decode:199,Agent 1,AMD Radeon RX 9070 XT,"at::native::reduce_kernel<512, 1, at::native::ReduceOp<float, at::native::ArgMaxOps<float>, unsigned int, long, 4, 4> >",0.5628140703517588,0.005958668341708542,0.0009069323787057688,4.169939487600694e-05,10587.276785714286,9040.0,8120,16745.5,10541.396984924622,64,512,1024,50.0,40,16,0,512,"(512, 64, 1)/(512, 1, 1)",1.0,0.0,1,
prof-cand,120-319,decode:199,Agent 1,AMD Radeon RX 9070 XT,"at::native::index_elementwise_kernel<128, 4, at::native::gpu_index_kernel<at::native::index_put_kernel_impl<at::native::OpaqueType<4> >(at::TensorIter",1.1608040201005025,0.003977924623115578,0.0006054555202379352,2.7837939642521748e-05,3426.87012987013,2840,2520,35072,53398.9296482412,1,128,4,0.1953125,16,16,0,0,"(128, 1, 1)/(128, 1, 1)",1.0,1.0,1,"WG<64,OCC<25"
prof-cand,120-319,decode:199,Agent 1,AMD Radeon RX 9070 XT,"at::native::elementwise_kernel_manual_unroll<128, 4, at::native::gpu_kernel_impl_nocast<at::native::direct_copy_kernel_cuda(at::TensorIteratorBase&)::",1.120603015075377,0.003898758793969849,0.000593406174709373,2.7283928749328173e-05,3479.1614349775787,2440,2080,4713,12133.773869346735,1,128,4,0.1953125,24,16,0,0,"(128, 1, 1)/(128, 1, 1)",1.0,1.0,1,"WG<64,OCC<25"
prof-cand,120-319,decode:199,Agent 1,AMD Radeon RX 9070 XT,__amd_rocclr_fillBufferAligned,1.1256281407035176,0.0032597638190954774,0.000496148666939159,2.2812173945564354e-05,2895.9508928571427,2440.0,1880,3922.5,4856.708542713568,1,256,8,0.390625,16,16,0,0,"(256, 1, 1)/(256, 1, 1)",1.0,1.0,1,"WG<64,OCC<25"
prof-cand,120-319,decode:199,Agent 1,AMD Radeon RX 9070 XT,"anon::elementwise_kernel_with_index_grid_stride<int, at::native::arange_cuda_out(c10::Scalar const&, c10::Scalar const&, c10::Scalar const&, at::Tenso",0.592964824120603,0.0020870502512562814,0.0003176571240928642,1.4605399656838634e-05,3519.686440677966,2360.0,1480,16662.0,10181.231155778894,1,128,4,0.1953125,8,16,0,0,"(128, 1, 1)/(128, 1, 1)",1.0,1.0,1,"WG<64,OCC<25"
prof-cand,120-319,decode:199,Agent 1,AMD Radeon RX 9070 XT,"at::native::vectorized_elementwise_kernel<4, at::native::compare_scalar_kernel<int>(at::TensorIteratorBase&, at::native::anon::OpType, int)::{lambda(i",1.1155778894472361,0.001929246231155779,0.00029363874161010203,1.3501070338636406e-05,1729.3693693693695,1760.0,1400,5298.0,5109.346733668342,1,256,8,0.390625,24,16,0,0,"(256, 1, 1)/(256, 1, 1)",1.0,1.0,1,"WG<64,OCC<25"
prof-cand,120-319,decode:199,Agent 1,AMD Radeon RX 9070 XT,"at::native::elementwise_kernel_manual_unroll<128, 4, at::native::gpu_kernel_impl_nocast<at::native::BUnaryFunctor<int, int, int, at::native::binary_in",0.5577889447236181,0.0018611206030150753,0.00028326975739461925,1.302431994641695e-05,3336.6036036036035,2400,2160,4252,2267.929648241206,1,128,4,0.1953125,24,16,0,0,"(128, 1, 1)/(128, 1, 1)",1.0,1.0,1,"WG<64,OCC<25"
prof-cand,120-319,decode:199,Agent 1,AMD Radeon RX 9070 XT,rocprim::ROCPRIM_400200_NS::detail::trampoline_kernel<rocprim::ROCPRIM_400200_NS::detail::wrapped_partition_config<rocprim::ROCPRIM_400200_NS::default,0.5628140703517588,0.0018512763819095478,0.0002817714288500939,1.295542903999533e-05,3289.3214285714284,2720.0,2560,4327.5,2137.78391959799,1,256,8,0.390625,64,16,0,12800,"(256, 1, 1)/(256, 1, 1)",1.0,1.0,1,"WG<64,OCC<25"
prof-cand,120-319,decode:199,Agent 1,AMD Radeon RX 9070 XT,"at::native::index_elementwise_kernel<128, 4, at::native::gpu_index_kernel<at::native::index_kernel_impl<at::native::OpaqueType<2> >(at::TensorIterator",0.5577889447236181,0.001822321608040201,0.0002773644002265332,1.275280045255205e-05,3267.045045045045,3200,3120,4033,2132.4371859296484,4,128,16,0.78125,16,16,0,0,"(512, 1, 1)/(128, 1, 1)",1.0,1.0,1,"WG<64,OCC<25"
prof-cand,120-319,decode:199,Agent 1,AMD Radeon RX 9070 XT,"at::native::vectorized_elementwise_kernel<4, at::native::BUnaryFunctor<int, int, int, at::native::binary_internal::div_floor_kernel_cuda(at::TensorIte",0.5577889447236181,0.0013389045226130654,0.00020378644923963016,9.369796267886438e-06,2400.3783783783783,2160,1760,33248,19808.597989949747,1,256,8,0.390625,16,16,0,0,"(256, 1, 1)/(256, 1, 1)",1.0,1.0,1,"WG<64,OCC<25"
prof-cand,120-319,decode:199,Agent 1,AMD Radeon RX 9070 XT,rocprim::ROCPRIM_400200_NS::detail::trampoline_kernel<rocprim::ROCPRIM_400200_NS::detail::wrapped_transform_config<rocprim::ROCPRIM_400200_NS::default,0.5628140703517588,0.0013003266331658293,0.0001979147451884196,9.099824094022842e-06,2310.401785714286,2160.0,1560,53987.5,29670.29648241206,1,1024,32,1.5625,8,16,0,0,"(1024, 1, 1)/(1024, 1, 1)",1.0,1.0,1,"WG<64,OCC<25"
prof-cand,120-319,decode:199,Agent 1,AMD Radeon RX 9070 XT,rocprim::ROCPRIM_400200_NS::detail::trampoline_kernel<rocprim::ROCPRIM_400200_NS::detail::wrapped_reduce_config<rocprim::ROCPRIM_400200_NS::default_co,0.5628140703517588,0.0011483819095477385,0.0001747881703028584,8.036498755855127e-06,2040.4285714285713,2020.5,1800,4148.5,2650.0904522613064,1,256,8,0.390625,8,16,0,512,"(256, 1, 1)/(256, 1, 1)",1.0,1.0,1,"WG<64,OCC<25"
prof-cand,120-319,decode:199,Agent 1,AMD Radeon RX 9070 XT,"rocprim::ROCPRIM_400200_NS::detail::init_lookback_scan_state_kernel<rocprim::ROCPRIM_400200_NS::detail::lookback_scan_state<unsigned long, false, true",0.5628140703517588,0.000972678391959799,0.00014804541504031095,6.806906850274741e-06,1728.2410714285713,1480.0,1360,4293.0,2384.261306532663,1,256,8,0.390625,8,16,0,0,"(256, 1, 1)/(256, 1, 1)",1.0,1.0,1,"WG<64,OCC<25"
prof-cand,120-319,decode:199,Agent 1,AMD Radeon RX 9070 XT,"at::native::vectorized_elementwise_kernel<16, at::native::BinaryFunctor<bool, bool, bool, at::native::BitwiseAndFunctor<bool> >, std::array<char*, 3ul",0.5577889447236181,0.0008627286432160804,0.00013131063783039995,6.037466813263477e-06,1546.6936936936936,1560,1440,5032,2000.0402010050252,1,256,8,0.390625,40,16,0,0,"(256, 1, 1)/(256, 1, 1)",1.0,1.0,1,"WG<64,OCC<25"
prof-cand,120-319,decode:199,Agent 1,AMD Radeon RX 9070 XT,"anon::gated_mul_kernel<__hip_bfloat16, anon::SiluAct>",0.5577889447236181,0.0008231206030150754,0.00012528214084829215,5.760285534848359e-06,1475.6846846846847,1480,1361,3299,2174.572864321608,3,256,24,1.171875,72,16,0,0,"(768, 1, 1)/(256, 1, 1)",1.0,1.0,1,"WG<64,OCC<25"
prof-cand,120-319,decode:199,Agent 1,AMD Radeon RX 9070 XT,"at::native::vectorized_elementwise_kernel<4, at::native::CUDAFunctorOnSelf_add<int>, std::array<char*, 2ul> >",0.5577889447236181,0.0007005025125628141,0.0001066191930101277,4.9021910950352025e-06,1255.855855855856,1240,1120,5041,2414.8743718592964,1,256,8,0.390625,16,16,0,0,"(256, 1, 1)/(256, 1, 1)",1.0,1.0,1,"WG<64,OCC<25"
prof-cand,120-319,decode:199,Agent 1,AMD Radeon RX 9070 XT,"at::native::vectorized_elementwise_kernel<4, at::native::anon::launch_clamp_scalar(at::TensorIteratorBase&, c10::Scalar, c10::Scalar, at::native::deta",0.5577889447236181,0.0006595075376884422,0.00010037959920398264,4.615303900248279e-06,1182.3603603603603,1160,1120,4481,1999.2361809045226,1,256,8,0.390625,16,16,0,0,"(256, 1, 1)/(256, 1, 1)",1.0,1.0,1,"WG<64,OCC<25"
prof-cand,120-319,decode:199,Agent 1,AMD Radeon RX 9070 XT,"at::native::elementwise_kernel_manual_unroll<128, 4, at::native::gpu_kernel_impl_nocast<at::native::CUDAFunctor_add<int> >(at::TensorIteratorBase&, at",0.035175879396984924,9.889447236180906e-05,1.5052121366135675e-05,6.920740369461462e-07,2811.4285714285716,2360,2280,48576,1848.2613065326634,1,128,4,0.1953125,24,16,0,0,"(128, 1, 1)/(128, 1, 1)",1.0,1.0,1,"WG<64,OCC<25"
prof-cand,120-319,decode:199,Agent 2,AMD Radeon RX 9070,"custom_ar::one_shot_ar_vec_kernel<__hip_bfloat16, 8>",41.969849246231156,1.0890315778894473,0.19001844367274856,0.0076211588218437236,25947.950670498085,8320.0,7200,4160.0,176019.1959798995,8,256,64,3.125,32,16,0,512,"(2048, 1, 1)/(256, 1, 1)",1.0,1.0,1,"WG<64,OCC<25"
prof-cand,120-319,decode:199,Agent 2,AMD Radeon RX 9070,"gemv_decode::gemv_decode_core<__hip_bfloat16, gemv_decode::Bf16GemvLoader<__hip_bfloat16>, false, false, false, 16, 1, 1, false, 0>",83.95477386934674,0.9328414522613065,0.16276578618192672,0.006528123708828275,11111.237744657928,6440,3160,4160,354980.17587939696,128,512,2048,100.0,24,16,0,512,"(65536, 1, 1)/(512, 1, 1)",0.4195915350198011,0.33832882317643975,6,
prof-cand,120-319,decode:199,Agent 2,AMD Radeon RX 9070,"gemv_decode::gemv_decode_core<__hip_bfloat16, gemv_decode::Int4Fp8GemvLoader, true, true, false, 32, 8, 1, false, 0>",20.321608040201006,0.4534587939698492,0.07912124501188648,0.0031733528743982434,22314.119683481702,22320.0,20600,4120.0,84868.67336683418,96,1024,3072,75.0,112,12,0,512,"(24576, 4, 1)/(1024, 1, 1)",1.0,0.0,1,
prof-cand,120-319,decode:199,Agent 2,AMD Radeon RX 9070,"w4a8_tile::moe_gemm_tiled_kernel<__hip_bfloat16, w4a8_tile::WmmaFp8, w4a8_tile::Int4Fp8Loader, true, 64, 4, 128, false>",20.321608040201006,0.3759115628140704,0.06559050405402618,0.002630669102107837,18498.120919881305,18480.0,17241,4160.0,97860.6231155779,512,128,2048,100.0,64,16,0,0,"(4096, 4, 4)/(128, 1, 1)",1.0,0.0,1,
prof-cand,120-319,decode:199,Agent 2,AMD Radeon RX 9070,Cijk_Ailk_Bljk_BBS_BH_Bias_HA_S_SAV_UserArgs_MT128x128x32_MI16x16x1_SN_LDSB0_AFC1_AFEM1_AFEM1_ASEM1_CLR0_CADS0_DTLA0_DTLB0_DTVA0_DTVB0_EPS0_FDSI0_GRPM,20.768844221105528,0.28135695477386935,0.04909225016803125,0.001968965897313617,13547.068473263973,13560,11800,4160,5317344.261306533,40,128,160,7.8125,256,5,0,51200,"(512, 1, 10)/(128, 1, 1)",1.0,1.0,1,"WG<64,OCC<25"
prof-cand,120-319,decode:199,Agent 2,AMD Radeon RX 9070,"at::native::elementwise_kernel_manual_unroll<128, 4, at::native::gpu_kernel_impl_nocast<at::native::BinaryFunctor<float, float, float, at::native::bin",186.91959798994975,0.2747741407035176,0.047943655297109804,0.0019228986642384792,1470.0124741242573,1400,1080,4160,5950950.5326633165,1,128,4,0.1953125,24,16,0,0,"(128, 1, 1)/(128, 1, 1)",0.8954225063493902,1.0,2,"WG<64,OCC<25"
prof-cand,120-319,decode:199,Agent 2,AMD Radeon RX 9070,Cijk_Alik_Bljk_BBS_BH_Bias_HA_S_SAV_UserArgs_MT64x64x32_MI16x16x1_SN_LDSB0_AFC1_AFEM1_AFEM1_ASEM1_CLR1_CADS0_DTLA0_DTLB0_DTVA1_DTVB0_EPS0_FDSI0_GRPM1_,20.768844221105528,0.23880918090452263,0.0416683499464584,0.0016712120499893651,11498.433825308493,11520,10800,4120,87657.01005025125,40,128,160,7.8125,128,10,0,13312,"(512, 1, 10)/(128, 1, 1)",1.0,1.0,1,"WG<64,OCC<25"
prof-cand,120-319,decode:199,Agent 2,AMD Radeon RX 9070,"gemv_decode::gemv_decode_core<__hip_bfloat16, gemv_decode::Bf16GemvLoader<__hip_bfloat16>, false, false, false, 8, 1, 1, true, 0>",20.77386934673367,0.23859869849246232,0.041631624160749135,0.0016697390716808526,11485.520319303338,11480.0,9960,4120.0,86798.6582914573,10,256,80,3.90625,16,16,0,512,"(2560, 1, 1)/(256, 1, 1)",1.0,1.0,1,"WG<64,OCC<25"
prof-cand,120-319,decode:199,Agent 2,AMD Radeon RX 9070,"gemv_decode::gemv_decode_core<__hip_bfloat16, gemv_decode::Int4Fp8GemvLoader, false, true, false, 16, 1, 1, false, 0>",20.326633165829147,0.22324452763819094,0.03895256901776751,0.001562288950826777,10982.858096415328,10960,10200,4120,84746.15577889448,96,512,1536,75.0,88,16,0,512,"(49152, 1, 1)/(512, 1, 1)",1.0,0.0,1,
prof-cand,120-319,decode:199,Agent 2,AMD Radeon RX 9070,"gemv_decode::gemv_decode_core<__hip_bfloat16, gemv_decode::Int4Fp8GemvLoader, false, false, false, 16, 1, 2, false, 0>",20.326633165829147,0.16541102512562814,0.028861555715032253,0.0011575639485215795,8137.649938195303,8120,7520,4120,84738.92462311558,64,512,1024,50.0,88,16,0,512,"(32768, 1, 1)/(512, 1, 1)",1.0,0.0,1,
prof-cand,120-319,decode:199,Agent 2,AMD Radeon RX 9070,w4a8_fp8_wmma::compute_act_fp8_and_scales_kernel<__hip_bfloat16>,40.653266331658294,0.13674356281407035,0.02385954596335325,0.0009569459979209039,3363.6550061804696,3520.0,2760,4160.0,10574174.351758795,1,256,8,0.390625,16,16,0,512,"(256, 1, 1)/(256, 1, 1)",1.0,1.0,1,"WG<64,OCC<25"
prof-cand,120-319,decode:199,Agent 2,AMD Radeon RX 9070,"mla_attend::mla_combine_kernel<__hip_bfloat16, 512>",20.768844221105528,0.11304593969849247,0.019724692985175808,0.0007911075106531378,5443.05395596419,5480,4600,4160,87371.25125628141,80,64,160,7.8125,8,16,0,0,"(640, 1, 8)/(64, 1, 1)",1.0,0.0,1,OCC<25
prof-cand,120-319,decode:199,Agent 2,AMD Radeon RX 9070,"at::native::vectorized_elementwise_kernel<4, at::native::CUDAFunctor_add<float>, std::array<char*, 3ul> >",83.07537688442211,0.09369629648241205,0.01634849236419087,0.0006556966492146188,1127.8467819985483,1120.0,920,4120.0,5905859.638190955,1,256,8,0.390625,16,16,0,0,"(256, 1, 1)/(256, 1, 1)",1.0,1.0,1,"WG<64,OCC<25"
prof-cand,120-319,decode:199,Agent 2,AMD Radeon RX 9070,"at::native::vectorized_elementwise_kernel<4, at::native::bfloat16tofloat32_copy_kernel_cuda(at::TensorIteratorBase&)::{lambda(c10::BFloat16)#1}, std::",62.743718592964825,0.09211926130653265,0.01607332516443112,0.0006446603893053298,1468.1830049655614,1560.0,1080,4160.0,265495.1457286432,1,256,8,0.390625,16,16,0,0,"(256, 1, 1)/(256, 1, 1)",0.9871566425280142,0.9871566425280142,2,"WG<64,OCC<25"
prof-cand,120-319,decode:199,Agent 2,AMD Radeon RX 9070,"mla_attend::mla_split_kernel<__hip_bfloat16, 512, 64, 16, mla_attend::CacheFp8, false>",20.768844221105528,0.08775035175879398,0.01531102092122708,0.000614086295571414,4225.095572223567,4320,3520,4120,5859304.2462311555,160,256,1280,62.5,72,16,0,16896,"(2560, 1, 16)/(256, 1, 1)",1.0,0.0,1,
prof-cand,120-319,decode:199,Agent 2,AMD Radeon RX 9070,"anon::rms_norm_kernel<__hip_bfloat16, false>",41.98994974874372,0.08299753768844222,0.014481731531414856,0.0005808255971525098,1976.6048348492102,1960.0,1720,4160,196442.11055276383,1,256,8,0.390625,32,16,0,512,"(256, 1, 1)/(256, 1, 1)",1.0,1.0,1,"WG<64,OCC<25"
prof-cand,120-319,decode:199,Agent 2,AMD Radeon RX 9070,"at::native::vectorized_elementwise_kernel<4, at::native::bfloat16_copy_kernel_cuda(at::TensorIteratorBase&)::{lambda(float)#1}, std::array<char*, 2ul>",61.85929648241206,0.08042040201005025,0.01403206292612923,0.0005627905275464209,1300.0536149471975,1160.0,1000,4200.0,8349064.8040201,1,256,8,0.390625,32,16,0,0,"(256, 1, 1)/(256, 1, 1)",1.0,1.0,1,"WG<64,OCC<25"
prof-cand,120-319,decode:199,Agent 2,AMD Radeon RX 9070,"at::native::anon::CatArrayBatchedCopy_contig<at::native::anon::OpaqueType<4u>, unsigned int, 3, 128, 1>",41.537688442211056,0.06793701507537689,0.01185391326981857,0.0004754304579256183,1635.5511734817323,1640.0,1400,4120.0,5417707.226130653,2,256,16,0.78125,16,16,0,0,"(256, 2, 1)/(256, 1, 1)",1.0,1.0,1,"WG<64,OCC<25"
prof-cand,120-319,decode:199,Agent 2,AMD Radeon RX 9070,"anon::moe_topk_softmax_kernel<1, 4, true, c10::BFloat16, moe_core::SigmoidBiasScore<c10::BFloat16> >",20.321608040201006,0.06559572361809046,0.011445395676820883,0.000459045851265464,3227.8805637982196,3200.0,2840,4160.0,85320.65326633166,1,256,8,0.390625,32,16,0,4096,"(256, 1, 1)/(256, 1, 1)",1.0,1.0,1,"WG<64,OCC<25"
prof-cand,120-319,decode:199,Agent 2,AMD Radeon RX 9070,"at::native::elementwise_kernel_manual_unroll<128, 4, at::native::gpu_kernel_impl<at::native::direct_copy_kernel_cuda(at::TensorIteratorBase&)::{lambda",42.85929648241206,0.061277482412060304,0.010691932241937197,0.00042882633997639224,1429.736076914058,1480,1120,4160,5355724.361809045,1,128,4,0.1953125,16,16,0,0,"(128, 1, 1)/(128, 1, 1)",1.0,1.0,1,"WG<64,OCC<25"
prof-cand,120-319,decode:199,Agent 2,AMD Radeon RX 9070,"anon::rms_norm_add_kernel<__hip_bfloat16, true>",20.321608040201006,0.057273904522613064,0.009993372480107574,0.00040080887604735575,2818.3746290801187,2800.0,2520,4120.0,84908.88944723619,1,256,8,0.390625,40,16,0,512,"(256, 1, 1)/(256, 1, 1)",1.0,1.0,1,"WG<64,OCC<25"
prof-cand,120-319,decode:199,Agent 2,AMD Radeon RX 9070,"at::native::anon::CatArrayBatchedCopy_contig<at::native::anon::OpaqueType<2u>, unsigned int, 3, 128, 1>",20.768844221105528,0.05417511055276382,0.009452682917593321,0.00037912318622910314,2608.479796757803,2600,2320,4160,86985.21105527638,6,256,48,2.34375,16,16,0,0,"(768, 2, 1)/(256, 1, 1)",1.0,1.0,1,"WG<64,OCC<25"
prof-cand,120-319,decode:199,Agent 2,AMD Radeon RX 9070,"at::native::index_elementwise_kernel<128, 4, at::native::gpu_index_kernel<at::native::index_put_kernel_impl<at::native::OpaqueType<1> >(at::TensorIter",20.768844221105528,0.052685899497487435,0.009192839610228182,0.0003687015288576041,2536.775707718364,2520,2280,4120,86665.12060301508,2,128,8,0.390625,16,16,0,0,"(256, 1, 1)/(128, 1, 1)",1.0,1.0,1,"WG<64,OCC<25"
prof-cand,120-319,decode:199,Agent 2,AMD Radeon RX 9070,anon::moe_align_kernel,20.321608040201006,0.052473824120603016,0.009155835877852498,0.0003672174028118095,2582.1688921859545,2600.0,2360,4160.0,85355.26130653266,1,256,8,0.390625,16,16,0,1536,"(256, 1, 1)/(256, 1, 1)",1.0,1.0,1,"WG<64,OCC<25"
prof-cand,120-319,decode:199,Agent 2,AMD Radeon RX 9070,"anon::rms_norm_add_kernel<__hip_bfloat16, false>",21.21105527638191,0.05004946231155779,0.008732823848442652,0.0003502514609938931,2359.5932243544185,2360,2040,4120,88648.93969849247,1,256,8,0.390625,32,16,0,512,"(256, 1, 1)/(256, 1, 1)",1.0,1.0,1,"WG<64,OCC<25"
prof-cand,120-319,decode:199,Agent 2,AMD Radeon RX 9070,w4a8_fp8_moe::moe_compute_act_fp8_kernel<__hip_bfloat16>,20.321608040201006,0.04586318090452261,0.008002385269900589,0.00032095541841468955,2256.8677052423345,2240.0,2200,4160.0,85459.71859296483,64,256,512,25.0,16,16,0,512,"(16384, 1, 1)/(256, 1, 1)",1.0,0.0,1,
prof-cand,120-319,decode:199,Agent 2,AMD Radeon RX 9070,"at::native::elementwise_kernel_manual_unroll<128, 8, at::native::gpu_kernel_impl_nocast<at::native::direct_copy_kernel_cuda(at::TensorIteratorBase&)::",20.768844221105528,0.04456625125628141,0.00777609196645989,0.0003118793667825049,2145.822405032664,2120,2000,4160,87179.80904522612,1,128,4,0.1953125,32,16,0,0,"(128, 1, 1)/(128, 1, 1)",1.0,1.0,1,"WG<64,OCC<25"
prof-cand,120-319,decode:199,Agent 2,AMD Radeon RX 9070,"at::native::index_elementwise_kernel<128, 4, at::native::gpu_index_kernel<at::native::index_kernel_impl<at::native::OpaqueType<4> >(at::TensorIterator",21.65326633165829,0.03839917085427135,0.006700035914654917,0.00026872148213981584,1773.3662102576004,1600,1480,4160,1420496.8040201005,1,128,4,0.1953125,16,16,0,0,"(128, 1, 1)/(128, 1, 1)",1.0,1.0,1,"WG<64,OCC<25"
prof-cand,120-319,decode:199,Agent 2,AMD Radeon RX 9070,"at::native::anon::CatArrayBatchedCopy_contig<at::native::anon::OpaqueType<2u>, unsigned int, 2, 128, 1>",20.768844221105528,0.03688178894472362,0.006435277247630558,0.00025810268213360537,1775.8228889426566,1760,1600,4160,86944.27638190954,2,256,16,0.78125,8,16,0,0,"(256, 2, 1)/(256, 1, 1)",1.0,1.0,1,"WG<64,OCC<25"
prof-cand,120-319,decode:199,Agent 2,AMD Radeon RX 9070,"at::native::vectorized_elementwise_kernel<4, at::native::ConvertToFloat8E4M3fnOp<float>, std::array<char*, 2ul> >",20.768844221105528,0.03211052763819095,0.0056027691126686735,0.00022471288799368343,1546.0912170336317,1560,1400,4160,87232.36180904522,1,256,8,0.390625,40,16,0,0,"(256, 1, 1)/(256, 1, 1)",1.0,1.0,1,"WG<64,OCC<25"
prof-cand,120-319,decode:199,Agent 2,AMD Radeon RX 9070,__amd_rocclr_copyBuffer,7.984924623115578,0.02612897487437186,0.004559084641066772,0.0001828533454975417,3272.2882315921966,2600,1600,24200,502461.6783919598,1,512,16,0.78125,16,16,0,0,"(512, 1, 1)/(512, 1, 1)",0.9031399324495073,1.0,4,"WG<64,OCC<25"
prof-cand,120-319,decode:199,Agent 2,AMD Radeon RX 9070,"at::native::vectorized_elementwise_kernel<8, at::native::CUDAFunctor_add<c10::BFloat16>, std::array<char*, 3ul> >",20.326633165829147,0.0223512864321608,0.003899938944060781,0.00015641667994801756,1099.6059332509271,1080,1000,4160,85405.58291457286,1,256,8,0.390625,32,16,0,0,"(256, 1, 1)/(256, 1, 1)",1.0,1.0,1,"WG<64,OCC<25"
prof-cand,120-319,decode:199,Agent 2,AMD Radeon RX 9070,"at::native::vectorized_elementwise_kernel<4, at::native::FillFunctor<float>, std::array<char*, 1ul> >",20.321608040201006,0.01695726633165829,0.0029587694449876704,0.00011866875352533652,834.4451038575668,840.0,760,4160.0,85029.68844221106,2,256,16,0.78125,8,16,0,0,"(512, 1, 1)/(256, 1, 1)",1.0,1.0,1,"WG<64,OCC<25"
prof-cand,120-319,decode:199,Agent 2,AMD Radeon RX 9070,ncclDevKernel_Generic_4,0.4371859296482412,0.012884517587939699,0.0022481404848510244,9.016722460043805e-05,29471.48275862069,29400,28800,4320,1893.929648241206,2,256,16,0.78125,256,5,776,21504,"(512, 1, 1)/(256, 1, 1)",1.0,1.0,1,"WG<64,OCC<25,SPILL776B"
prof-cand,120-319,decode:199,Agent 2,AMD Radeon RX 9070,"at::native::elementwise_kernel_manual_unroll<128, 4, at::native::gpu_kernel_impl<at::native::BinaryFunctor<c10::BFloat16, c10::BFloat16, c10::BFloat16",0.44221105527638194,0.005910371859296482,0.001031264551949233,4.136141095481337e-05,13365.5,13400.0,12560,4200.0,1873.1608040201006,4,128,16,0.78125,24,16,0,0,"(512, 1, 1)/(128, 1, 1)",1.0,1.0,1,"WG<64,OCC<25"
prof-cand,120-319,decode:199,Agent 2,AMD Radeon RX 9070,"at::native::reduce_kernel<512, 1, at::native::ReduceOp<float, at::native::ArgMaxOps<float>, unsigned int, long, 4, 4> >",0.4371859296482412,0.0058595175879396985,0.001022391301904404,4.100552735451383e-05,13402.80459770115,10880,10520,4560,4775.628140703518,64,512,1024,50.0,40,16,0,512,"(512, 64, 1)/(512, 1, 1)",1.0,0.0,1,
prof-cand,120-319,decode:199,Agent 2,AMD Radeon RX 9070,"at::native::index_elementwise_kernel<128, 4, at::native::gpu_index_kernel<at::native::index_put_kernel_impl<at::native::OpaqueType<4> >(at::TensorIter",0.8994974874371859,0.003077994974874372,0.0005370604733901871,2.1540136239039148e-05,3421.905027932961,3160,2840,50361,44655.0703517588,1,128,4,0.1953125,16,16,0,0,"(128, 1, 1)/(128, 1, 1)",1.0,1.0,1,"WG<64,OCC<25"
prof-cand,120-319,decode:199,Agent 2,AMD Radeon RX 9070,"at::native::elementwise_kernel_manual_unroll<128, 4, at::native::gpu_kernel_impl_nocast<at::native::direct_copy_kernel_cuda(at::TensorIteratorBase&)::",0.8793969849246231,0.0030631306532663315,0.0005344668890391392,2.1436114135315232e-05,3483.217142857143,2640,2360,4360,8006.29648241206,1,128,4,0.1953125,24,16,0,0,"(128, 1, 1)/(128, 1, 1)",1.0,1.0,1,"WG<64,OCC<25"
prof-cand,120-319,decode:199,Agent 2,AMD Radeon RX 9070,__amd_rocclr_fillBufferAligned,0.8743718592964824,0.0023075376884422114,0.0004026281048009357,1.614839419541008e-05,2639.080459770115,2480.0,2040,4280.0,5089.562814070352,1,256,8,0.390625,16,16,0,0,"(256, 1, 1)/(256, 1, 1)",1.0,1.0,1,"WG<64,OCC<25"
prof-cand,120-319,decode:199,Agent 2,AMD Radeon RX 9070,"at::native::elementwise_kernel_manual_unroll<128, 4, at::native::gpu_kernel_impl_nocast<at::native::BUnaryFunctor<int, int, int, at::native::binary_in",0.44221105527638194,0.001514778894472362,0.00026430448288174835,1.0600583829831468e-05,3425.465909090909,2680.0,2480,4200.0,2365.9849246231156,1,128,4,0.1953125,24,16,0,0,"(128, 1, 1)/(128, 1, 1)",1.0,1.0,1,"WG<64,OCC<25"
prof-cand,120-319,decode:199,Agent 2,AMD Radeon RX 9070,"at::native::vectorized_elementwise_kernel<4, at::native::compare_scalar_kernel<int>(at::TensorIteratorBase&, at::native::anon::OpType, int)::{lambda(i",0.8844221105527639,0.001484437185929648,0.0002590103441692308,1.0388249326016385e-05,1678.4261363636363,1640.0,1280,4280.0,3868.738693467337,1,256,8,0.390625,24,16,0,0,"(256, 1, 1)/(256, 1, 1)",1.0,1.0,1,"WG<64,OCC<25"
prof-cand,120-319,decode:199,Agent 2,AMD Radeon RX 9070,"at::native::index_elementwise_kernel<128, 4, at::native::gpu_index_kernel<at::native::index_kernel_impl<at::native::OpaqueType<2> >(at::TensorIterator",0.44221105527638194,0.0014207185929648242,0.0002478924775122712,9.942339834731977e-06,3212.7613636363635,3200.0,2840,4280.0,1907.8793969849246,4,128,16,0.78125,16,16,0,0,"(512, 1, 1)/(128, 1, 1)",1.0,1.0,1,"WG<64,OCC<25"
prof-cand,120-319,decode:199,Agent 2,AMD Radeon RX 9070,"anon::elementwise_kernel_with_index_grid_stride<int, at::native::arange_cuda_out(c10::Scalar const&, c10::Scalar const&, c10::Scalar const&, at::Tenso",0.46733668341708545,0.0012938743718592964,0.00022576020699531732,9.054670483075746e-06,2768.6129032258063,2320,1520,22000,9898.145728643216,1,128,4,0.1953125,8,16,0,0,"(128, 1, 1)/(128, 1, 1)",1.0,1.0,1,"WG<64,OCC<25"
prof-cand,120-319,decode:199,Agent 2,AMD Radeon RX 9070,rocprim::ROCPRIM_400200_NS::detail::trampoline_kernel<rocprim::ROCPRIM_400200_NS::detail::wrapped_transform_config<rocprim::ROCPRIM_400200_NS::default,0.4371859296482412,0.0012609045226130654,0.00022000750012336843,8.823943971063365e-06,2884.137931034483,2200,1560,49560,20308.844221105526,1,1024,32,1.5625,8,16,0,0,"(1024, 1, 1)/(1024, 1, 1)",1.0,1.0,1,"WG<64,OCC<25"
prof-cand,120-319,decode:199,Agent 2,AMD Radeon RX 9070,rocprim::ROCPRIM_400200_NS::detail::trampoline_kernel<rocprim::ROCPRIM_400200_NS::detail::wrapped_partition_config<rocprim::ROCPRIM_400200_NS::default,0.4371859296482412,0.0012512562814070351,0.00021832403766427043,8.756424552824717e-06,2862.0689655172414,2840,2680,4280,2369.5125628140704,1,256,8,0.390625,64,16,0,12800,"(256, 1, 1)/(256, 1, 1)",1.0,1.0,1,"WG<64,OCC<25"
prof-cand,120-319,decode:199,Agent 2,AMD Radeon RX 9070,"at::native::vectorized_elementwise_kernel<4, at::native::BUnaryFunctor<int, int, int, at::native::binary_internal::div_floor_kernel_cuda(at::TensorIte",0.44221105527638194,0.0010203065326633166,0.00017802703185297643,7.140213645100736e-06,2307.284090909091,2200.0,1840,53160.5,21896.4824120603,1,256,8,0.390625,16,16,0,0,"(256, 1, 1)/(256, 1, 1)",1.0,1.0,1,"WG<64,OCC<25"
prof-cand,120-319,decode:199,Agent 2,AMD Radeon RX 9070,rocprim::ROCPRIM_400200_NS::detail::trampoline_kernel<rocprim::ROCPRIM_400200_NS::detail::wrapped_reduce_config<rocprim::ROCPRIM_400200_NS::default_co,0.4371859296482412,0.0009509798994974874,0.0001659306526416661,6.655058491965115e-06,2175.229885057471,2160,2000,4280,1908.9045226130654,1,256,8,0.390625,8,16,0,512,"(256, 1, 1)/(256, 1, 1)",1.0,1.0,1,"WG<64,OCC<25"
prof-cand,120-319,decode:199,Agent 2,AMD Radeon RX 9070,"rocprim::ROCPRIM_400200_NS::detail::init_lookback_scan_state_kernel<rocprim::ROCPRIM_400200_NS::detail::lookback_scan_state<unsigned long, false, true",0.4371859296482412,0.0007628140703517588,0.00013309875067243475,5.338254004493141e-06,1744.8275862068965,1640,1440,4520,2442.2311557788944,1,256,8,0.390625,8,16,0,0,"(256, 1, 1)/(256, 1, 1)",1.0,1.0,1,"WG<64,OCC<25"
prof-cand,120-319,decode:199,Agent 2,AMD Radeon RX 9070,"at::native::vectorized_elementwise_kernel<16, at::native::BinaryFunctor<bool, bool, bool, at::native::BitwiseAndFunctor<bool> >, std::array<char*, 3ul",0.44221105527638194,0.0006908542713567839,0.00012054292649832892,4.834671676796555e-06,1562.2727272727273,1560.0,1400,4280.0,1996.9045226130654,1,256,8,0.390625,40,16,0,0,"(256, 1, 1)/(256, 1, 1)",1.0,1.0,1,"WG<64,OCC<25"
prof-cand,120-319,decode:199,Agent 2,AMD Radeon RX 9070,"anon::gated_mul_kernel<__hip_bfloat16, anon::SiluAct>",0.44221105527638194,0.0006609045226130653,0.00011531717844821224,4.625080149347416e-06,1494.5454545454545,1480.0,1280,4160.0,1846.7688442211056,3,256,24,1.171875,72,16,0,0,"(768, 1, 1)/(256, 1, 1)",1.0,1.0,1,"WG<64,OCC<25"
prof-cand,120-319,decode:199,Agent 2,AMD Radeon RX 9070,"at::native::vectorized_elementwise_kernel<4, at::native::CUDAFunctorOnSelf_add<int>, std::array<char*, 2ul> >",0.44221105527638194,0.000537894472361809,9.3853908898077e-05,3.7642427331683154e-06,1216.375,1200.0,1120,4360.0,1953.748743718593,1,256,8,0.390625,16,16,0,0,"(256, 1, 1)/(256, 1, 1)",1.0,1.0,1,"WG<64,OCC<25"
prof-cand,120-319,decode:199,Agent 2,AMD Radeon RX 9070,"at::native::vectorized_elementwise_kernel<4, at::native::anon::launch_clamp_scalar(at::TensorIteratorBase&, c10::Scalar, c10::Scalar, at::native::deta",0.44221105527638194,0.0005218090452261307,9.104726132954956e-05,3.6516752030735687e-06,1180.0,1160.0,1040,4180.0,1875.5929648241206,1,256,8,0.390625,16,16,0,0,"(256, 1, 1)/(256, 1, 1)",1.0,1.0,1,"WG<64,OCC<25"
prof-cand,120-319,decode:199,Agent 2,AMD Radeon RX 9070,"at::native::elementwise_kernel_manual_unroll<128, 4, at::native::gpu_kernel_impl_nocast<at::native::CUDAFunctor_add<int> >(at::TensorIteratorBase&, at",0.02512562814070352,8.100502512562814e-05,1.4134070229510198e-05,5.66881782295319e-07,3224.0,2760,2560,52441,1279.2010050251256,1,128,4,0.1953125,24,16,0,0,"(128, 1, 1)/(128, 1, 1)",1.0,1.0,1,"WG<64,OCC<25"
prof-cand,620-819,decode:199,Agent 1,AMD Radeon RX 9070 XT,"custom_ar::one_shot_ar_vec_kernel<__hip_bfloat16, 8>",62.869346733668344,3.3134157889447238,0.24980600105421152,0.02039309271281257,52703.2005435217,35920,9400,0,161369.9648241206,8,256,64,3.125,32,16,0,512,"(2048, 1, 1)/(256, 1, 1)",1.0,1.0,1,"WG<64,OCC<25"
prof-cand,620-819,decode:199,Agent 1,AMD Radeon RX 9070 XT,"gemv_decode::gemv_decode_core<__hip_bfloat16, gemv_decode::Bf16GemvLoader<__hip_bfloat16>, false, false, false, 16, 8, 1, false, 0>",125.74874371859296,2.5707942311557788,0.1938180618807255,0.01582247699683371,20443.8959398977,12760.0,10400,0.0,28303713.974874374,128,512,2048,100.0,32,16,0,512,"(65536, 1, 1)/(512, 1, 1)",0.4169792925500144,0.4440896188091586,6,
prof-cand,620-819,decode:199,Agent 1,AMD Radeon RX 9070 XT,"gemv_decode::gemv_decode_core<__hip_bfloat16, gemv_decode::Int4Fp8GemvLoader, true, true, false, 32, 8, 1, false, 0>",30.44221105527638,1.7331284673366834,0.13066452244934787,0.010666892345819435,56931.75387916804,57121.0,46680,0.0,27716.628140703517,576,1024,18432,75.0,112,12,0,512,"(24576, 24, 1)/(1024, 1, 1)",1.0,0.0,1,
prof-cand,620-819,decode:199,Agent 1,AMD Radeon RX 9070 XT,"w4a8_fp8_moe::moe_gemm2_gather_reduce_core<__hip_bfloat16, gemv_decode::Int4Fp8GemvLoader, 8, 4, false>",30.44221105527638,1.3787418944723617,0.10394650749634433,0.008485747962820124,45290.46500495213,45321.0,38681,0.0,29558.26633165829,384,256,3072,75.0,120,12,0,0,"(16384, 6, 1)/(256, 1, 1)",1.0,0.0,1,
prof-cand,620-819,decode:199,Agent 1,AMD Radeon RX 9070 XT,"gemv_decode::gemv_decode_core<__hip_bfloat16, gemv_decode::Bf16GemvLoader<__hip_bfloat16>, false, false, false, 8, 8, 1, true, 0>",31.110552763819097,1.1678542713567839,0.08804720684772023,0.007187797109646229,37538.846712970444,37480,31920,0,175281.65829145728,10,256,80,3.90625,32,16,0,512,"(2560, 1, 1)/(256, 1, 1)",1.0,1.0,1,"WG<64,OCC<25"
prof-cand,620-819,decode:199,Agent 1,AMD Radeon RX 9070 XT,"gemv_decode::gemv_decode_core<__hip_bfloat16, gemv_decode::Int4Fp8GemvLoader, false, true, false, 16, 8, 1, false, 0>",30.44221105527638,0.6192396582914573,0.04668589533740101,0.0038112366715708722,20341.48101683724,20320.0,17800,0.0,35877.13065326633,96,512,1536,75.0,96,16,0,512,"(49152, 1, 1)/(512, 1, 1)",1.0,0.0,1,
prof-cand,620-819,decode:199,Agent 1,AMD Radeon RX 9070 XT,"at::native::elementwise_kernel_manual_unroll<128, 4, at::native::gpu_kernel_impl_nocast<at::native::BinaryFunctor<float, float, float, at::native::bin",279.90452261306535,0.4507165276381909,0.033980550751885975,0.0027740267207001937,1610.250964973699,1560,1240,0,16802185.1959799,4,128,16,0.78125,24,16,0,0,"(512, 1, 1)/(128, 1, 1)",0.48855398744259687,1.0,3,"WG<64,OCC<25"
prof-cand,620-819,decode:199,Agent 1,AMD Radeon RX 9070 XT,"gemv_decode::gemv_decode_core<__hip_bfloat16, gemv_decode::Int4Fp8GemvLoader, false, false, false, 16, 8, 1, false, 0>",30.44221105527638,0.41958562814070355,0.03163352097716378,0.002582425255588656,13783.020798943546,13680.0,11920,0.0,19752.47738693467,128,512,2048,100.0,88,16,0,512,"(65536, 1, 1)/(512, 1, 1)",1.0,0.0,1,
prof-cand,620-819,decode:199,Agent 1,AMD Radeon RX 9070 XT,Cijk_Ailk_Bljk_BBS_BH_Bias_HA_S_SAV_UserArgs_MT128x128x32_MI16x16x1_SN_LDSB0_AFC1_AFEM1_AFEM1_ASEM1_CLR0_CADS0_DTLA0_DTLB0_DTVA0_DTVB0_EPS0_FDSI0_GRPM,31.100502512562816,0.41470106030150755,0.0312652622265238,0.002552362187398089,13334.223784133139,13360,11440,0,34541.090452261305,40,128,160,7.8125,256,5,0,51200,"(512, 1, 10)/(128, 1, 1)",1.0,1.0,1,"WG<64,OCC<25"
prof-cand,620-819,decode:199,Agent 1,AMD Radeon RX 9070 XT,"mla_attend::mla_split_kernel<__hip_bfloat16, 512, 64, 16, mla_attend::CacheFp8, false>",31.100502512562816,0.3711042864321608,0.027978401647328337,0.002284036958049113,11932.420908062692,11880,8840,0,6939181.070351759,960,256,7680,100.0,72,16,0,16896,"(2560, 6, 16)/(256, 1, 1)",1.0,0.0,1,
prof-cand,620-819,decode:199,Agent 1,AMD Radeon RX 9070 XT,Cijk_Alik_Bljk_BBS_BH_Bias_HA_S_SAV_UserArgs_MT64x64x32_MI16x16x1_SN_LDSB0_AFC1_AFEM1_AFEM1_ASEM1_CLR1_CADS0_DTLA0_DTLB0_DTVA1_DTVB0_EPS0_FDSI0_GRPM1_,31.100502512562816,0.35912854773869346,0.027075523293616486,0.0022103298337289023,11547.355146227177,11520,10840,0,94166.35175879397,40,128,160,7.8125,128,10,0,13312,"(512, 1, 10)/(128, 1, 1)",1.0,1.0,1,"WG<64,OCC<25"
prof-cand,620-819,decode:199,Agent 1,AMD Radeon RX 9070 XT,"at::native::elementwise_kernel_manual_unroll<128, 8, at::native::gpu_kernel_impl_nocast<at::native::direct_copy_kernel_cuda(at::TensorIteratorBase&)::",125.07537688442211,0.2645842613065327,0.01994761311858109,0.0016284377557377427,2115.398473282443,2240.0,1360,1416.0,14186803.100502513,15,128,60,2.9296875,32,16,0,0,"(1920, 1, 1)/(128, 1, 1)",0.28878926924857257,0.981630933732997,5,"WG<64,OCC<25"
prof-cand,620-819,decode:199,Agent 1,AMD Radeon RX 9070 XT,"mla_attend::mla_combine_kernel<__hip_bfloat16, 512>",31.100502512562816,0.25232457788944723,0.01902332752217904,0.001552983035751037,8113.199386007433,8121,6720,1614,206620.63819095478,300,64,600,29.296875,8,16,0,0,"(640, 6, 5)/(64, 1, 1)",1.0,0.0,1,
prof-cand,620-819,decode:199,Agent 1,AMD Radeon RX 9070 XT,w4a8_fp8_wmma::compute_act_fp8_and_scales_kernel<__hip_bfloat16>,60.88442211055276,0.19923638693467335,0.01502088728215166,0.0012262409456974962,3272.3705018157807,3440.0,2600,9521.0,754874.7135678392,6,256,48,2.34375,16,16,0,512,"(1536, 1, 1)/(256, 1, 1)",1.0,1.0,1,"WG<64,OCC<25"
prof-cand,620-819,decode:199,Agent 1,AMD Radeon RX 9070 XT,"at::native::vectorized_elementwise_kernel<4, at::native::bfloat16tofloat32_copy_kernel_cuda(at::TensorIteratorBase&)::{lambda(c10::BFloat16)#1}, std::",93.95979899497488,0.18662721105527638,0.014070252648994266,0.001148635203128557,1986.245320355118,2160.0,1160,0.0,2750318.1909547737,2,256,16,0.78125,16,16,0,0,"(512, 1, 1)/(256, 1, 1)",0.7556478040562145,0.9817644424034531,3,"WG<64,OCC<25"
prof-cand,620-819,decode:199,Agent 1,AMD Radeon RX 9070 XT,"at::native::vectorized_elementwise_kernel<4, at::native::bfloat16_copy_kernel_cuda(at::TensorIteratorBase&)::{lambda(float)#1}, std::array<char*, 2ul>",92.64321608040201,0.1487748592964824,0.01121647720224504,0.00091566519031259,1605.8904860056412,1360.0,1000,1588.5,9007023.417085428,2,256,16,0.78125,32,16,0,0,"(512, 1, 1)/(256, 1, 1)",0.48427844346236026,1.0,3,"WG<64,OCC<25"
prof-cand,620-819,decode:199,Agent 1,AMD Radeon RX 9070 XT,"at::native::vectorized_elementwise_kernel<4, at::native::CUDAFunctor_add<float>, std::array<char*, 3ul> >",124.40201005025126,0.14504672864321608,0.01093540489824763,0.0008927196504527246,1165.9516480853126,1160.0,880,0.0,7537909.974874372,2,256,16,0.78125,16,16,0,0,"(512, 1, 1)/(256, 1, 1)",0.5312714159453518,1.0,2,"WG<64,OCC<25"
prof-cand,620-819,decode:199,Agent 1,AMD Radeon RX 9070 XT,"at::native::anon::CatArrayBatchedCopy_contig<at::native::anon::OpaqueType<4u>, unsigned int, 3, 128, 1>",62.20100502512563,0.13135272361809044,0.009902982512516076,0.0008084371058294765,2111.746000969462,2460.0,1320,0.0,269454.20603015076,2,256,16,0.78125,16,16,0,0,"(256, 2, 1)/(256, 1, 1)",1.0,1.0,1,"WG<64,OCC<25"
prof-cand,620-819,decode:199,Agent 1,AMD Radeon RX 9070 XT,"anon::rms_norm_kernel<__hip_bfloat16, false>",62.879396984924625,0.12328836180904522,0.009294991815636621,0.0007588033476424602,1960.7115799568448,1921,1680,2486,822901.0301507538,6,256,48,2.34375,32,16,0,512,"(1536, 1, 1)/(256, 1, 1)",1.0,1.0,1,"WG<64,OCC<25"
prof-cand,620-819,decode:199,Agent 1,AMD Radeon RX 9070 XT,w4a8_fp8_moe::moe_compute_act_fp8_kernel<__hip_bfloat16>,30.44221105527638,0.12021356281407035,0.00906317568089646,0.0007398788706157615,3948.910366457577,3920.0,3720,0.0,3856515.487437186,384,256,3072,100.0,16,16,0,512,"(98304, 1, 1)/(256, 1, 1)",1.0,0.0,1,
prof-cand,620-819,decode:199,Agent 1,AMD Radeon RX 9070 XT,"at::native::anon::CatArrayBatchedCopy<at::native::anon::OpaqueType<2u>, unsigned int, 3, 64, 64>",31.100502512562816,0.09908141206030151,0.007469974462055464,0.0006098167422886699,3185.8460171271613,3160,2800,15402,566292.8592964824,30,256,240,11.71875,8,16,0,0,"(3840, 2, 1)/(256, 1, 1)",1.0,1.0,1,"WG<64,OCC<25"
prof-cand,620-819,decode:199,Agent 1,AMD Radeon RX 9070 XT,"at::native::elementwise_kernel_manual_unroll<128, 4, at::native::gpu_kernel_impl<at::native::direct_copy_kernel_cuda(at::TensorIteratorBase&)::{lambda",64.19095477386935,0.09825012060301508,0.007407301496184982,0.0006047003896062284,1530.5913574448098,1480.0,1240,95.5,13454411.95477387,1,128,4,0.1953125,16,16,0,0,"(128, 1, 1)/(128, 1, 1)",1.0,1.0,1,"WG<64,OCC<25"
prof-cand,620-819,decode:199,Agent 1,AMD Radeon RX 9070 XT,"anon::moe_topk_softmax_kernel<1, 4, true, c10::BFloat16, moe_core::SigmoidBiasScore<c10::BFloat16> >",30.43718592964824,0.09679272864321607,0.00729742538022614,0.0005957305737882884,3180.0813934290904,3160,2800,1087,272263.12060301506,6,256,48,2.34375,32,16,0,4096,"(1536, 1, 1)/(256, 1, 1)",1.0,1.0,1,"WG<64,OCC<25"
prof-cand,620-819,decode:199,Agent 1,AMD Radeon RX 9070 XT,ncclDevKernel_Generic_4,0.6582914572864321,0.08778602512562814,0.0066183893848293434,0.000540296981516585,133354.3435114504,133681,124361,4071,2529.427135678392,2,256,16,0.78125,256,5,776,21504,"(512, 1, 1)/(256, 1, 1)",1.0,1.0,1,"WG<64,OCC<25,SPILL776B"
prof-cand,620-819,decode:199,Agent 1,AMD Radeon RX 9070 XT,"anon::rms_norm_add_kernel<__hip_bfloat16, true>",30.43718592964824,0.08515454773869346,0.006419996280924899,0.0005241010176709127,2797.7142149579,2800,2400,12816,456665.9145728643,6,256,48,2.34375,40,16,0,512,"(1536, 1, 1)/(256, 1, 1)",1.0,1.0,1,"WG<64,OCC<25"
prof-cand,620-819,decode:199,Agent 1,AMD Radeon RX 9070 XT,anon::moe_align_kernel,30.44221105527638,0.08266301507537688,0.00623215393008088,0.0005087663721460304,2715.4077253218884,2720.0,2480,6625.5,490498.5376884422,1,256,8,0.390625,16,16,0,1536,"(256, 1, 1)/(256, 1, 1)",1.0,1.0,1,"WG<64,OCC<25"
prof-cand,620-819,decode:199,Agent 1,AMD Radeon RX 9070 XT,"at::native::index_elementwise_kernel<128, 4, at::native::gpu_index_kernel<at::native::index_put_kernel_impl<at::native::OpaqueType<1> >(at::TensorIter",31.100502512562816,0.08076078894472362,0.00608874074771337,0.00049705873377098,2596.7679754402975,2560,2200,0,318408.2512562814,7,128,28,1.3671875,16,16,0,0,"(896, 1, 1)/(128, 1, 1)",1.0,1.0,1,"WG<64,OCC<25"
prof-cand,620-819,decode:199,Agent 1,AMD Radeon RX 9070 XT,"at::native::anon::CatArrayBatchedCopy_contig<at::native::anon::OpaqueType<2u>, unsigned int, 2, 128, 1>",31.100502512562816,0.07752054773869346,0.005844451545968707,0.00047711600894093586,2492.5818387461627,2480,2240,0,401936.7889447236,4,256,32,1.5625,8,16,0,0,"(512, 2, 1)/(256, 1, 1)",1.0,1.0,1,"WG<64,OCC<25"
prof-cand,620-819,decode:199,Agent 1,AMD Radeon RX 9070 XT,"at::native::vectorized_elementwise_kernel<4, at::native::ConvertToFloat8E4M3fnOp<float>, std::array<char*, 2ul> >",31.100502512562816,0.07383021105527637,0.005566228615872245,0.00045440307977052637,2373.9234125060593,2360,2000,0,2550146.5879396987,1,256,8,0.390625,40,16,0,0,"(256, 1, 1)/(256, 1, 1)",1.0,1.0,1,"WG<64,OCC<25"
prof-cand,620-819,decode:199,Agent 1,AMD Radeon RX 9070 XT,"anon::rms_norm_add_kernel<__hip_bfloat16, false>",31.768844221105528,0.07378506532663316,0.005562824976046941,0.00045412522118336074,2322.5605820942737,2320.0,1880,92.0,193929.50753768845,6,256,48,2.34375,32,16,0,512,"(1536, 1, 1)/(256, 1, 1)",1.0,1.0,1,"WG<64,OCC<25"
prof-cand,620-819,decode:199,Agent 1,AMD Radeon RX 9070 XT,__amd_rocclr_copyBuffer,15.301507537688442,0.053823919597989954,0.004057908506592675,0.0003312702819220766,3517.5566502463053,2520,1160,20001,985705.391959799,1,512,16,0.78125,16,16,0,0,"(512, 1, 1)/(512, 1, 1)",0.9037870555020279,1.0,4,"WG<64,OCC<25"
prof-cand,620-819,decode:199,Agent 1,AMD Radeon RX 9070 XT,"at::native::vectorized_gather_kernel<16, long>",31.768844221105528,0.03936406532663316,0.0029677469930855763,0.00024227416204077032,1239.0776652957925,1200.0,1000,244,312849.7989949749,6,32,6,0.29296875,16,16,0,0,"(192, 1, 1)/(32, 1, 1)",0.9746215236736717,1.0,2,"WG<64,OCC<25"
prof-cand,620-819,decode:199,Agent 1,AMD Radeon RX 9070 XT,w4a8_fp8_moe::moe_build_inverse_map_kernel,30.44221105527638,0.036301608040201,0.002736861328003803,0.00022342564457440977,1192.4760647078244,1160.0,1040,6416.5,461158.12060301506,2,256,16,0.78125,8,16,0,0,"(512, 1, 1)/(256, 1, 1)",1.0,1.0,1,"WG<64,OCC<25"
prof-cand,620-819,decode:199,Agent 1,AMD Radeon RX 9070 XT,"at::native::vectorized_elementwise_kernel<8, at::native::CUDAFunctor_add<c10::BFloat16>, std::array<char*, 3ul> >",30.44221105527638,0.03454654271356784,0.002604542935516524,0.00021262373735754584,1134.823704192803,1080.0,960,7668.5,337391.4974874372,6,256,48,2.34375,32,16,0,0,"(1536, 1, 1)/(256, 1, 1)",1.0,1.0,1,"WG<64,OCC<25"
prof-cand,620-819,decode:199,Agent 1,AMD Radeon RX 9070 XT,"at::native::vectorized_elementwise_kernel<4, at::native::FillFunctor<int>, std::array<char*, 1ul> >",30.44221105527638,0.028174391959798994,0.00212413190372732,0.00017340503696527994,925.504126774513,840.0,760,1524.5,198388.04522613066,1,256,8,0.390625,8,16,0,0,"(256, 1, 1)/(256, 1, 1)",1.0,1.0,1,"WG<64,OCC<25"
prof-cand,620-819,decode:199,Agent 1,AMD Radeon RX 9070 XT,"at::native::vectorized_elementwise_kernel<4, at::native::FillFunctor<float>, std::array<char*, 1ul> >",30.44221105527638,0.026151120603015075,0.001971592844677719,0.0001609524010782476,859.041432816111,840.0,720,2934.0,3844343.567839196,12,256,96,4.6875,8,16,0,0,"(3072, 1, 1)/(256, 1, 1)",1.0,1.0,1,"WG<64,OCC<25"
prof-cand,620-819,decode:199,Agent 1,AMD Radeon RX 9070 XT,"at::native::reduce_kernel<512, 1, at::native::ReduceOp<float, at::native::ArgMaxOps<float>, unsigned int, long, 4, 4> >",0.6582914572864321,0.019793341708542713,0.0014922653402594374,0.00012182215522285767,30067.748091603054,29521,27761,3099,2676.7989949748744,320,512,5120,100.0,40,16,0,512,"(640, 256, 1)/(128, 4, 1)",1.0,0.0,1,
prof-cand,620-819,decode:199,Agent 1,AMD Radeon RX 9070 XT,"at::native::elementwise_kernel_manual_unroll<128, 4, at::native::gpu_kernel_impl_nocast<at::native::BUnaryFunctor<int, int, int, at::native::binary_in",3.3165829145728645,0.013225859296482413,0.0009971278076187908,8.140124633307209e-05,3987.79696969697,2320.0,1920,3765.5,26373.894472361808,1,128,4,0.1953125,24,16,0,0,"(128, 1, 1)/(128, 1, 1)",1.0,1.0,1,"WG<64,OCC<25"
prof-cand,620-819,decode:199,Agent 1,AMD Radeon RX 9070 XT,"at::native::elementwise_kernel_manual_unroll<128, 4, at::native::gpu_kernel_impl<at::native::BinaryFunctor<c10::BFloat16, c10::BFloat16, c10::BFloat16",0.6633165829145728,0.0087944824120603,0.0006630361604566588,5.412743422927451e-05,13258.348484848484,13240.0,12120,4136.0,22744.894472361808,24,128,96,4.6875,24,16,0,0,"(3072, 1, 1)/(128, 1, 1)",1.0,1.0,1,"WG<64,OCC<25"
prof-cand,620-819,decode:199,Agent 1,AMD Radeon RX 9070 XT,"at::native::anon::CatArrayBatchedCopy<at::native::anon::OpaqueType<4u>, unsigned int, 1, 64, 64>",0.6633165829145728,0.006046286432160804,0.00045584337464857295,3.721310201716221e-05,9115.234848484848,11160.0,2240,4844.0,8062.21608040201,6,256,48,2.34375,8,16,0,0,"(256, 6, 1)/(256, 1, 1)",1.0,1.0,1,"WG<64,OCC<25"
prof-cand,620-819,decode:199,Agent 1,AMD Radeon RX 9070 XT,"at::native::index_elementwise_kernel<128, 4, at::native::gpu_index_kernel<at::native::index_kernel_impl<at::native::OpaqueType<4> >(at::TensorIterator",1.3266331658291457,0.005557502512562815,0.0004189928360769364,3.4204781774906e-05,4189.17803030303,3160.0,2640,20278.5,41389.27638190955,1,128,4,0.1953125,16,16,0,0,"(128, 1, 1)/(128, 1, 1)",1.0,1.0,1,"WG<64,OCC<25"
prof-cand,620-819,decode:199,Agent 1,AMD Radeon RX 9070 XT,__amd_rocclr_fillBufferAligned,1.9748743718592965,0.004951819095477387,0.0003733289767955908,3.047697975245892e-05,2507.4096692111957,2280,1840,4020,8227.497487437186,1,256,8,0.390625,16,16,0,0,"(256, 1, 1)/(256, 1, 1)",1.0,1.0,1,"WG<64,OCC<25"
prof-cand,620-819,decode:199,Agent 1,AMD Radeon RX 9070 XT,"at::native::vectorized_elementwise_kernel<4, at::native::BUnaryFunctor<int, int, int, at::native::binary_internal::div_floor_kernel_cuda(at::TensorIte",1.3266331658291457,0.004356015075376885,0.0003284099478678233,2.6809982492074134e-05,3283.5113636363635,2160.0,1480,12668.5,50183.788944723616,1,256,8,0.390625,16,16,0,0,"(256, 1, 1)/(256, 1, 1)",1.0,1.0,1,"WG<64,OCC<25"
prof-cand,620-819,decode:199,Agent 1,AMD Radeon RX 9070 XT,"at::native::index_elementwise_kernel<128, 4, at::native::gpu_index_kernel<at::native::index_put_kernel_impl<at::native::OpaqueType<4> >(at::TensorIter",1.3517587939698492,0.004177125628140703,0.0003149230629456321,2.5708970933246165e-05,3090.1412639405203,2880,2440,40588,85569.53768844221,1,128,4,0.1953125,16,16,0,0,"(128, 1, 1)/(128, 1, 1)",1.0,1.0,1,"WG<64,OCC<25"
prof-cand,620-819,decode:199,Agent 1,AMD Radeon RX 9070 XT,"at::native::elementwise_kernel_manual_unroll<128, 4, at::native::gpu_kernel_impl_nocast<at::native::direct_copy_kernel_cuda(at::TensorIteratorBase&)::",1.3165829145728642,0.0036096783919597987,0.00027214191686895386,2.2216501278312833e-05,2741.702290076336,2360.0,1880,3882.0,5612.834170854271,1,128,4,0.1953125,24,16,0,0,"(128, 1, 1)/(128, 1, 1)",1.0,1.0,1,"WG<64,OCC<25"
prof-cand,620-819,decode:199,Agent 1,AMD Radeon RX 9070 XT,"at::native::vectorized_elementwise_kernel<4, at::native::compare_scalar_kernel<int>(at::TensorIteratorBase&, at::native::anon::OpType, int)::{lambda(i",1.3266331658291457,0.0022860552763819095,0.00017235094028562078,1.4069993072833875e-05,1723.2007575757575,1760.0,1280,3745.0,5153.396984924623,1,256,8,0.390625,24,16,0,0,"(256, 1, 1)/(256, 1, 1)",1.0,1.0,1,"WG<64,OCC<25"
prof-cand,620-819,decode:199,Agent 1,AMD Radeon RX 9070 XT,rocprim::ROCPRIM_400200_NS::detail::trampoline_kernel<rocprim::ROCPRIM_400200_NS::detail::wrapped_partition_config<rocprim::ROCPRIM_400200_NS::default,0.6582914572864321,0.002101924623115578,0.00015846890884319462,1.2936723443389946e-05,3193.0,2760,2600,4332,2562.4472361809044,1,256,8,0.390625,64,16,0,12800,"(256, 1, 1)/(256, 1, 1)",1.0,1.0,1,"WG<64,OCC<25"
prof-cand,620-819,decode:199,Agent 1,AMD Radeon RX 9070 XT,"anon::elementwise_kernel_with_index_grid_stride<int, at::native::arange_cuda_out(c10::Scalar const&, c10::Scalar const&, c10::Scalar const&, at::Tenso",0.6984924623115578,0.0020904723618090453,0.0001576054966479736,1.2866238167326884e-05,2992.834532374101,2360,1320,18480,24122.286432160803,1,128,4,0.1953125,8,16,0,0,"(128, 1, 1)/(128, 1, 1)",1.0,1.0,1,"WG<64,OCC<25"
prof-cand,620-819,decode:199,Agent 1,AMD Radeon RX 9070 XT,rocprim::ROCPRIM_400200_NS::detail::trampoline_kernel<rocprim::ROCPRIM_400200_NS::detail::wrapped_transform_config<rocprim::ROCPRIM_400200_NS::default,0.6582914572864321,0.0014366130653266332,0.00010830954753969331,8.84192787738679e-06,2182.335877862595,2160,2080,57017,37148.824120603014,1,1024,32,1.5625,8,16,0,0,"(1024, 1, 1)/(1024, 1, 1)",1.0,1.0,1,"WG<64,OCC<25"
prof-cand,620-819,decode:199,Agent 1,AMD Radeon RX 9070 XT,rocprim::ROCPRIM_400200_NS::detail::trampoline_kernel<rocprim::ROCPRIM_400200_NS::detail::wrapped_reduce_config<rocprim::ROCPRIM_400200_NS::default_co,0.6582914572864321,0.001397608040201005,0.00010536886940923887,8.60186350143177e-06,2123.083969465649,2120,1840,10941,7225.13567839196,1,256,8,0.390625,8,16,0,512,"(256, 1, 1)/(256, 1, 1)",1.0,1.0,1,"WG<64,OCC<25"
prof-cand,620-819,decode:199,Agent 1,AMD Radeon RX 9070 XT,"rocprim::ROCPRIM_400200_NS::detail::init_lookback_scan_state_kernel<rocprim::ROCPRIM_400200_NS::detail::lookback_scan_state<unsigned long, false, true",0.6582914572864321,0.0010995125628140705,8.289476899997731e-05,6.767174137089125e-06,1670.2519083969466,1520,1400,4223,3129.502512562814,1,256,8,0.390625,8,16,0,0,"(256, 1, 1)/(256, 1, 1)",1.0,1.0,1,"WG<64,OCC<25"
prof-cand,620-819,decode:199,Agent 1,AMD Radeon RX 9070 XT,"at::native::vectorized_elementwise_kernel<16, at::native::BinaryFunctor<bool, bool, bool, at::native::BitwiseAndFunctor<bool> >, std::array<char*, 3ul",0.6633165829145728,0.0010558944723618089,7.960630131480023e-05,6.498717710486502e-06,1591.840909090909,1560.0,1320,5598.0,12970.231155778894,1,256,8,0.390625,40,16,0,0,"(256, 1, 1)/(256, 1, 1)",1.0,1.0,1,"WG<64,OCC<25"
prof-cand,620-819,decode:199,Agent 1,AMD Radeon RX 9070 XT,"anon::gated_mul_kernel<__hip_bfloat16, anon::SiluAct>",0.6633165829145728,0.0010122814070351758,7.631821248534724e-05,6.230292212043627e-06,1526.090909090909,1520.0,1320,4122.0,4499.29648241206,15,256,120,5.859375,72,16,0,0,"(3840, 1, 1)/(256, 1, 1)",1.0,1.0,1,"WG<64,OCC<25"
prof-cand,620-819,decode:199,Agent 1,AMD Radeon RX 9070 XT,"at::native::vectorized_elementwise_kernel<4, at::native::CUDAFunctorOnSelf_add<int>, std::array<char*, 2ul> >",0.6633165829145728,0.0008375979899497487,6.314842980422673e-05,5.155167522923769e-06,1262.7424242424242,1240.0,1080,5307.0,10444.236180904523,1,256,8,0.390625,16,16,0,0,"(256, 1, 1)/(256, 1, 1)",1.0,1.0,1,"WG<64,OCC<25"
prof-cand,620-819,decode:199,Agent 1,AMD Radeon RX 9070 XT,"at::native::vectorized_elementwise_kernel<4, at::native::anon::launch_clamp_scalar(at::TensorIteratorBase&, c10::Scalar, c10::Scalar, at::native::deta",0.6633165829145728,0.0007803165829145729,5.8829853405225145e-05,4.802617429969473e-06,1176.3863636363637,1160.0,1040,4977.5,2376.9798994974876,1,256,8,0.390625,16,16,0,0,"(256, 1, 1)/(256, 1, 1)",1.0,1.0,1,"WG<64,OCC<25"
prof-cand,620-819,decode:199,Agent 1,AMD Radeon RX 9070 XT,"at::native::elementwise_kernel_manual_unroll<128, 4, at::native::gpu_kernel_impl_nocast<at::native::CUDAFunctor_add<int> >(at::TensorIteratorBase&, at",0.035175879396984924,8.784422110552764e-05,6.622776912970131e-06,5.406551605346133e-07,2497.285714285714,2440,2240,63967,2347.391959798995,1,128,4,0.1953125,24,16,0,0,"(128, 1, 1)/(128, 1, 1)",1.0,1.0,1,"WG<64,OCC<25"
prof-cand,620-819,decode:199,Agent 2,AMD Radeon RX 9070,"gemv_decode::gemv_decode_core<__hip_bfloat16, gemv_decode::Bf16GemvLoader<__hip_bfloat16>, false, false, false, 16, 8, 1, false, 0>",64.28643216080403,1.3445253115577889,0.16771516663711997,0.008275155030287874,20914.60462753068,13000,11520,4160,3968619.0,128,512,2048,100.0,32,16,0,512,"(65536, 1, 1)/(512, 1, 1)",0.4145466526702329,0.4429283194329962,6,
prof-cand,620-819,decode:199,Agent 2,AMD Radeon RX 9070,"custom_ar::one_shot_ar_vec_kernel<__hip_bfloat16, 8>",32.14070351758794,1.28931359798995,0.16082809529547115,0.007935343287560351,40114.66635397123,15200.0,9560,4160.0,135063.63316582915,8,256,64,3.125,32,16,0,512,"(2048, 1, 1)/(256, 1, 1)",1.0,1.0,1,"WG<64,OCC<25"
prof-cand,620-819,decode:199,Agent 2,AMD Radeon RX 9070,"gemv_decode::gemv_decode_core<__hip_bfloat16, gemv_decode::Int4Fp8GemvLoader, true, true, false, 32, 8, 1, false, 0>",15.56281407035176,0.9976957537688442,0.12445188510628999,0.006140521836611218,64107.670326122054,64120,52320,4121,64960.0351758794,576,1024,18432,75.0,112,12,0,512,"(24576, 24, 1)/(1024, 1, 1)",1.0,0.0,1,
prof-cand,620-819,decode:199,Agent 2,AMD Radeon RX 9070,"w4a8_fp8_moe::moe_gemm2_gather_reduce_core<__hip_bfloat16, gemv_decode::Int4Fp8GemvLoader, 8, 4, false>",15.5678391959799,0.8234698492462311,0.10271906508547696,0.005068213001795512,52895.57779212395,52921.0,51560,4160.0,67248.04522613065,384,256,3072,75.0,120,12,0,0,"(16384, 6, 1)/(256, 1, 1)",1.0,0.0,1,
prof-cand,620-819,decode:199,Agent 2,AMD Radeon RX 9070,"gemv_decode::gemv_decode_core<__hip_bfloat16, gemv_decode::Bf16GemvLoader<__hip_bfloat16>, false, false, false, 8, 8, 1, true, 0>",15.904522613065327,0.6040534673366834,0.07534921586171091,0.003717770164551597,37979.98104265403,37920,37360,4160,66685.49748743718,10,256,80,3.90625,32,16,0,512,"(2560, 1, 1)/(256, 1, 1)",1.0,1.0,1,"WG<64,OCC<25"
prof-cand,620-819,decode:199,Agent 2,AMD Radeon RX 9070,"gemv_decode::gemv_decode_core<__hip_bfloat16, gemv_decode::Int4Fp8GemvLoader, false, true, false, 16, 8, 1, false, 0>",15.57286432160804,0.3905404623115578,0.04871574982789422,0.0024036608633898034,25078.26782833172,25080,24520,4160,65481.281407035174,96,512,1536,75.0,96,16,0,512,"(49152, 1, 1)/(512, 1, 1)",1.0,0.0,1,
prof-cand,620-819,decode:199,Agent 2,AMD Radeon RX 9070,"mla_attend::mla_split_kernel<__hip_bfloat16, 512, 64, 16, mla_attend::CacheFp8, false>",15.899497487437186,0.2609624623115578,0.032552278842490866,0.0016061466557381206,16413.25221238938,16241.0,15280,4120.0,3736524.3969849246,960,256,7680,100.0,72,16,0,16896,"(2560, 6, 16)/(256, 1, 1)",1.0,0.0,1,
prof-cand,620-819,decode:199,Agent 2,AMD Radeon RX 9070,"gemv_decode::gemv_decode_core<__hip_bfloat16, gemv_decode::Int4Fp8GemvLoader, false, false, false, 16, 8, 1, false, 0>",15.57286432160804,0.25523695979899497,0.03183808357987944,0.001570907883726558,16389.85317844466,16400,15960,4120,64966.72361809045,128,512,2048,100.0,88,16,0,512,"(65536, 1, 1)/(512, 1, 1)",1.0,0.0,1,
prof-cand,620-819,decode:199,Agent 2,AMD Radeon RX 9070,"at::native::elementwise_kernel_manual_unroll<128, 4, at::native::gpu_kernel_impl_nocast<at::native::BinaryFunctor<float, float, float, at::native::bin",143.1356783919598,0.23158728643216078,0.028888039519320622,0.0014253511494323734,1617.956396573515,1600.0,1240,4160.0,9226692.507537689,4,128,16,0.78125,24,16,0,0,"(512, 1, 1)/(128, 1, 1)",0.4963862025388693,1.0,3,"WG<64,OCC<25"
prof-cand,620-819,decode:199,Agent 2,AMD Radeon RX 9070,Cijk_Ailk_Bljk_BBS_BH_Bias_HA_S_SAV_UserArgs_MT128x128x32_MI16x16x1_SN_LDSB0_AFC1_AFEM1_AFEM1_ASEM1_CLR0_CADS0_DTLA0_DTLB0_DTVA0_DTVB0_EPS0_FDSI0_GRPM,15.899497487437186,0.21491184924623116,0.02680795690403338,0.001322718772990523,13516.895701643489,13520.0,12560,4160.0,66843.1055276382,40,128,160,7.8125,256,5,0,51200,"(512, 1, 10)/(128, 1, 1)",1.0,1.0,1,"WG<64,OCC<25"
prof-cand,620-819,decode:199,Agent 2,AMD Radeon RX 9070,Cijk_Alik_Bljk_BBS_BH_Bias_HA_S_SAV_UserArgs_MT64x64x32_MI16x16x1_SN_LDSB0_AFC1_AFEM1_AFEM1_ASEM1_CLR1_CADS0_DTLA0_DTLB0_DTVA1_DTVB0_EPS0_FDSI0_GRPM1_,15.899497487437186,0.18467978894472362,0.02303683040484076,0.0011366493968847436,11615.44816687737,11600.0,11200,4160.0,66668.43216080402,40,128,160,7.8125,128,10,0,13312,"(512, 1, 10)/(128, 1, 1)",1.0,1.0,1,"WG<64,OCC<25"
prof-cand,620-819,decode:199,Agent 2,AMD Radeon RX 9070,"at::native::elementwise_kernel_manual_unroll<128, 8, at::native::gpu_kernel_impl_nocast<at::native::direct_copy_kernel_cuda(at::TensorIteratorBase&)::",63.95477386934673,0.13905599497487436,0.017345749588068785,0.0008558484592415637,2174.2863989942643,2240,1480,4160,5154281.577889447,15,128,60,2.9296875,32,16,0,0,"(1920, 1, 1)/(128, 1, 1)",0.2872308805284795,0.9795056711003554,5,"WG<64,OCC<25"
prof-cand,620-819,decode:199,Agent 2,AMD Radeon RX 9070,"mla_attend::mla_combine_kernel<__hip_bfloat16, 512>",15.899497487437186,0.13273726130653266,0.016557555077328284,0.0008169585251874068,8348.519279393173,8320.0,8160,4160.0,66983.02512562813,240,64,480,23.4375,8,16,0,0,"(640, 6, 4)/(64, 1, 1)",1.0,0.0,1,OCC<25
prof-cand,620-819,decode:199,Agent 2,AMD Radeon RX 9070,w4a8_fp8_wmma::compute_act_fp8_and_scales_kernel<__hip_bfloat16>,31.14572864321608,0.1038540703517588,0.012954685616745839,0.0006391910403616745,3334.456276218135,3340.0,2920,4120.0,130333.05527638191,6,256,48,2.34375,16,16,0,512,"(1536, 1, 1)/(256, 1, 1)",1.0,1.0,1,"WG<64,OCC<25"
prof-cand,620-819,decode:199,Agent 2,AMD Radeon RX 9070,"at::native::vectorized_elementwise_kernel<4, at::native::bfloat16tofloat32_copy_kernel_cuda(at::TensorIteratorBase&)::{lambda(c10::BFloat16)#1}, std::",48.050251256281406,0.09820814572864321,0.01225041684556938,0.000604442046687863,2043.8633131144113,2200.0,1280,4160.0,204296.63316582915,2,256,16,0.78125,16,16,0,0,"(512, 1, 1)/(256, 1, 1)",0.7571526499889656,0.9819233285717992,3,"WG<64,OCC<25"
prof-cand,620-819,decode:199,Agent 2,AMD Radeon RX 9070,"at::native::vectorized_elementwise_kernel<4, at::native::bfloat16_copy_kernel_cuda(at::TensorIteratorBase&)::{lambda(float)#1}, std::array<char*, 2ul>",47.37185929648241,0.07705207537688441,0.009611423117499759,0.0004742327003203764,1626.5368622043068,1400,1000,4120,3814408.095477387,2,256,16,0.78125,32,16,0,0,"(512, 1, 1)/(256, 1, 1)",0.4769022294717734,1.0,3,"WG<64,OCC<25"
prof-cand,620-819,decode:199,Agent 2,AMD Radeon RX 9070,"at::native::vectorized_elementwise_kernel<4, at::native::CUDAFunctor_add<float>, std::array<char*, 3ul> >",63.618090452261306,0.07700060804020101,0.009605003117166536,0.0004739159341082492,1210.3571090047394,1200.0,1000,4120.0,4523170.045226131,2,256,16,0.78125,16,16,0,0,"(512, 1, 1)/(256, 1, 1)",0.5260836875203165,1.0,2,"WG<64,OCC<25"
prof-cand,620-819,decode:199,Agent 2,AMD Radeon RX 9070,"at::native::anon::CatArrayBatchedCopy_contig<at::native::anon::OpaqueType<4u>, unsigned int, 3, 128, 1>",31.809045226130653,0.06889907537688442,0.008594423480647874,0.0004240534003235855,2166.0214849921013,2600.0,1440,4120.0,10878839.48241206,2,256,16,0.78125,16,16,0,0,"(256, 2, 1)/(256, 1, 1)",1.0,1.0,1,"WG<64,OCC<25"
prof-cand,620-819,decode:199,Agent 2,AMD Radeon RX 9070,w4a8_fp8_moe::moe_compute_act_fp8_kernel<__hip_bfloat16>,15.56281407035176,0.0647189296482412,0.008072994965007237,0.0003983258415663315,4158.5621569260575,4120,3960,4160,3745150.864321608,384,256,3072,100.0,16,16,0,512,"(98304, 1, 1)/(256, 1, 1)",1.0,0.0,1,
prof-cand,620-819,decode:199,Agent 2,AMD Radeon RX 9070,"anon::rms_norm_kernel<__hip_bfloat16, false>",32.14572864321608,0.06238543718592965,0.007781916713226609,0.00038396388666548737,1940.7068938564953,1920,1760,4120,134805.6834170854,6,256,48,2.34375,32,16,0,512,"(1536, 1, 1)/(256, 1, 1)",1.0,1.0,1,"WG<64,OCC<25"
prof-cand,620-819,decode:199,Agent 2,AMD Radeon RX 9070,"at::native::elementwise_kernel_manual_unroll<128, 4, at::native::gpu_kernel_impl<at::native::direct_copy_kernel_cuda(at::TensorIteratorBase&)::{lambda",32.81909547738694,0.052187582914572865,0.006509843354875291,0.00032119911433555143,1590.159087429184,1520,1240,4160,9694918.201005025,1,128,4,0.1953125,16,16,0,0,"(128, 1, 1)/(128, 1, 1)",1.0,1.0,1,"WG<64,OCC<25"
prof-cand,620-819,decode:199,Agent 2,AMD Radeon RX 9070,"at::native::anon::CatArrayBatchedCopy<at::native::anon::OpaqueType<2u>, unsigned int, 3, 64, 64>",15.899497487437186,0.05155076381909547,0.006430406976997105,0.0003172796814353129,3242.2888748419723,3240.0,3080,4160.0,66693.5879396985,30,256,240,11.71875,8,16,0,0,"(3840, 2, 1)/(256, 1, 1)",1.0,1.0,1,"WG<64,OCC<25"
prof-cand,620-819,decode:199,Agent 2,AMD Radeon RX 9070,"anon::moe_topk_softmax_kernel<1, 4, true, c10::BFloat16, moe_core::SigmoidBiasScore<c10::BFloat16> >",15.56281407035176,0.05053632663316583,0.006303866777107555,0.0003110361210427379,3247.24862770423,3240,3120,4160,65448.94472361809,6,256,48,2.34375,32,16,0,4096,"(1536, 1, 1)/(256, 1, 1)",1.0,1.0,1,"WG<64,OCC<25"
prof-cand,620-819,decode:199,Agent 2,AMD Radeon RX 9070,"anon::rms_norm_add_kernel<__hip_bfloat16, true>",15.56281407035176,0.04443481909547739,0.00554276890514899,0.0002734831494781176,2855.1917985146915,2840,2720,4120,65197.1608040201,6,256,48,2.34375,40,16,0,512,"(1536, 1, 1)/(256, 1, 1)",1.0,1.0,1,"WG<64,OCC<25"
prof-cand,620-819,decode:199,Agent 2,AMD Radeon RX 9070,anon::moe_align_kernel,15.56281407035176,0.04330617085427135,0.0054019820964356265,0.00026653665387081627,2782.669680335809,2760,2600,4160,65415.43718592965,1,256,8,0.390625,16,16,0,1536,"(256, 1, 1)/(256, 1, 1)",1.0,1.0,1,"WG<64,OCC<25"
prof-cand,620-819,decode:199,Agent 2,AMD Radeon RX 9070,"at::native::index_elementwise_kernel<128, 4, at::native::gpu_index_kernel<at::native::index_put_kernel_impl<at::native::OpaqueType<1> >(at::TensorIter",15.899497487437186,0.04206649748743718,0.005247346089581057,0.0002589068315020681,2645.7752844500633,2640.0,2520,4120.0,66562.36683417085,7,128,28,1.3671875,16,16,0,0,"(896, 1, 1)/(128, 1, 1)",1.0,1.0,1,"WG<64,OCC<25"
prof-cand,620-819,decode:199,Agent 2,AMD Radeon RX 9070,"at::native::anon::CatArrayBatchedCopy_contig<at::native::anon::OpaqueType<2u>, unsigned int, 2, 128, 1>",15.899497487437186,0.040891688442211055,0.005100801213784995,0.00025167622981933223,2571.885587863464,2560.0,2360,4160.0,66489.68844221106,4,256,32,1.5625,8,16,0,0,"(512, 2, 1)/(256, 1, 1)",1.0,1.0,1,"WG<64,OCC<25"
prof-cand,620-819,decode:199,Agent 2,AMD Radeon RX 9070,"at::native::vectorized_elementwise_kernel<4, at::native::ConvertToFloat8E4M3fnOp<float>, std::array<char*, 2ul> >",15.899497487437186,0.03855737688442211,0.004809620788595432,0.0002373092336284494,2425.0689001264222,2400.0,2320,4160.0,66712.5879396985,1,256,8,0.390625,40,16,0,0,"(256, 1, 1)/(256, 1, 1)",1.0,1.0,1,"WG<64,OCC<25"
prof-cand,620-819,decode:199,Agent 2,AMD Radeon RX 9070,"anon::rms_norm_add_kernel<__hip_bfloat16, false>",16.246231155778894,0.03854790954773869,0.0048084398395007435,0.00023725096497548634,2372.7293535416024,2360,2160,4120,67848.31658291457,6,256,48,2.34375,32,16,0,512,"(1536, 1, 1)/(256, 1, 1)",1.0,1.0,1,"WG<64,OCC<25"
prof-cand,620-819,decode:199,Agent 2,AMD Radeon RX 9070,ncclDevKernel_Generic_4,0.3417085427135678,0.03544163316582914,0.0044209650507893985,0.0002181327539561333,103718.89705882352,103740.5,103121,4400.0,1524.859296482412,2,256,16,0.78125,256,5,776,21504,"(512, 1, 1)/(256, 1, 1)",1.0,1.0,1,"WG<64,OCC<25,SPILL776B"
prof-cand,620-819,decode:199,Agent 2,AMD Radeon RX 9070,__amd_rocclr_copyBuffer,7.819095477386934,0.02988918592964824,0.003728356584846159,0.00018395908590993263,3822.5886889460153,2700.0,1280,18400,706556.2864321608,1,512,16,0.78125,16,16,0,0,"(512, 1, 1)/(512, 1, 1)",0.9115056150457267,1.0,4,"WG<64,OCC<25"
prof-cand,620-819,decode:199,Agent 2,AMD Radeon RX 9070,"at::native::vectorized_gather_kernel<16, long>",16.241206030150753,0.020333175879396984,0.0025363464351026914,0.00012514467463998208,1251.9498762376238,1240.0,1160,4160.0,87086.86934673367,6,32,6,0.29296875,16,16,0,0,"(192, 1, 1)/(32, 1, 1)",0.976857881591636,1.0,2,"WG<64,OCC<25"
prof-cand,620-819,decode:199,Agent 2,AMD Radeon RX 9070,w4a8_fp8_moe::moe_build_inverse_map_kernel,15.56281407035176,0.01928778391959799,0.0024059449579184084,0.00011871059678336649,1239.350661930901,1240,1120,4160,65829.33165829146,2,256,16,0.78125,8,16,0,0,"(512, 1, 1)/(256, 1, 1)",1.0,1.0,1,"WG<64,OCC<25"
prof-cand,620-819,decode:199,Agent 2,AMD Radeon RX 9070,"at::native::vectorized_elementwise_kernel<8, at::native::CUDAFunctor_add<c10::BFloat16>, std::array<char*, 3ul> >",15.57286432160804,0.017832864321608043,0.0022244592835893922,0.00010975599762002195,1145.1242336237497,1160,1040,4160,65498.81407035176,6,256,48,2.34375,32,16,0,0,"(1536, 1, 1)/(256, 1, 1)",1.0,1.0,1,"WG<64,OCC<25"
prof-cand,620-819,decode:199,Agent 2,AMD Radeon RX 9070,"at::native::vectorized_elementwise_kernel<4, at::native::FillFunctor<int>, std::array<char*, 1ul> >",15.56281407035176,0.01439464824120603,0.0017955785641993326,8.859479608043124e-05,924.9386503067485,920,760,4160,65171.24120603015,1,256,8,0.390625,8,16,0,0,"(256, 1, 1)/(256, 1, 1)",1.0,1.0,1,"WG<64,OCC<25"
prof-cand,620-819,decode:199,Agent 2,AMD Radeon RX 9070,"at::native::vectorized_elementwise_kernel<4, at::native::FillFunctor<float>, std::array<char*, 1ul> >",15.56281407035176,0.01403786432160804,0.0017510735823931573,8.639889673840518e-05,902.0132386180175,880,760,4120,65150.040201005024,12,256,96,4.6875,8,16,0,0,"(3072, 1, 1)/(256, 1, 1)",1.0,1.0,1,"WG<64,OCC<25"
prof-cand,620-819,decode:199,Agent 2,AMD Radeon RX 9070,"at::native::reduce_kernel<512, 1, at::native::ReduceOp<float, at::native::ArgMaxOps<float>, unsigned int, long, 4, 4> >",0.3417085427135678,0.010906165829145728,0.0013604276570204396,6.712422015889284e-05,31916.573529411766,31440.0,30720,4320.0,1583.391959798995,320,512,5120,100.0,40,16,0,512,"(640, 256, 1)/(128, 4, 1)",1.0,0.0,1,
prof-cand,620-819,decode:199,Agent 2,AMD Radeon RX 9070,"at::native::elementwise_kernel_manual_unroll<128, 4, at::native::gpu_kernel_impl_nocast<at::native::BUnaryFunctor<int, int, int, at::native::binary_in",1.6834170854271358,0.006170467336683417,0.0007696998700617507,3.7977398700826266e-05,3665.441791044776,2480,2200,4240,18951.99497487437,1,128,4,0.1953125,24,16,0,0,"(128, 1, 1)/(128, 1, 1)",1.0,1.0,1,"WG<64,OCC<25"
prof-cand,620-819,decode:199,Agent 2,AMD Radeon RX 9070,"at::native::elementwise_kernel_manual_unroll<128, 4, at::native::gpu_kernel_impl<at::native::BinaryFunctor<c10::BFloat16, c10::BFloat16, c10::BFloat16",0.33668341708542715,0.004520839195979899,0.0005639263854504263,2.7824426131770678e-05,13427.567164179105,13440,13280,4160,1423.3467336683418,24,128,96,4.6875,24,16,0,0,"(3072, 1, 1)/(128, 1, 1)",1.0,1.0,1,"WG<64,OCC<25"
prof-cand,620-819,decode:199,Agent 2,AMD Radeon RX 9070,"at::native::index_elementwise_kernel<128, 4, at::native::gpu_index_kernel<at::native::index_kernel_impl<at::native::OpaqueType<4> >(at::TensorIterator",0.6733668341708543,0.0031744924623115576,0.00039598401586654,1.9538060787916484e-05,4714.358208955224,3400.0,3000,18000.0,15597.834170854272,1,128,4,0.1953125,16,16,0,0,"(128, 1, 1)/(128, 1, 1)",1.0,1.0,1,"WG<64,OCC<25"
prof-cand,620-819,decode:199,Agent 2,AMD Radeon RX 9070,__amd_rocclr_fillBufferAligned,1.0251256281407035,0.0024745879396984925,0.00030867840500814687,1.5230355770216038e-05,2413.9362745098038,2280.0,2000,4280.0,4435.552763819095,1,256,8,0.390625,16,16,0,0,"(256, 1, 1)/(256, 1, 1)",1.0,1.0,1,"WG<64,OCC<25"
prof-cand,620-819,decode:199,Agent 2,AMD Radeon RX 9070,"at::native::anon::CatArrayBatchedCopy<at::native::anon::OpaqueType<4u>, unsigned int, 1, 64, 64>",0.33668341708542715,0.002458909547738694,0.0003067226931315938,1.5133859911805879e-05,7303.328358208955,3000,2680,4360,2203.879396984925,6,256,48,2.34375,8,16,0,0,"(256, 6, 1)/(256, 1, 1)",1.0,1.0,1,"WG<64,OCC<25"
prof-cand,620-819,decode:199,Agent 2,AMD Radeon RX 9070,"at::native::index_elementwise_kernel<128, 4, at::native::gpu_index_kernel<at::native::index_put_kernel_impl<at::native::OpaqueType<4> >(at::TensorIter",0.7085427135678392,0.002342929648241206,0.00029225543989093845,1.4420037984848676e-05,3306.6879432624114,3160,2761,17800,47427.38693467337,1,128,4,0.1953125,16,16,0,0,"(128, 1, 1)/(128, 1, 1)",1.0,1.0,1,"WG<64,OCC<25"
prof-cand,620-819,decode:199,Agent 2,AMD Radeon RX 9070,"at::native::vectorized_elementwise_kernel<4, at::native::BUnaryFunctor<int, int, int, at::native::binary_internal::div_floor_kernel_cuda(at::TensorIte",0.6733668341708543,0.0020339849246231155,0.0002537178866311686,1.251857472361259e-05,3020.6194029850744,2200.0,1520,16740.0,19580.562814070352,1,256,8,0.390625,16,16,0,0,"(256, 1, 1)/(256, 1, 1)",1.0,1.0,1,"WG<64,OCC<25"
prof-cand,620-819,decode:199,Agent 2,AMD Radeon RX 9070,"at::native::elementwise_kernel_manual_unroll<128, 4, at::native::gpu_kernel_impl_nocast<at::native::direct_copy_kernel_cuda(at::TensorIteratorBase&)::",0.6834170854271356,0.0018377989949748745,0.00022924578811433908,1.131110843893598e-05,2689.1323529411766,2560.0,2200,4280.0,2958.9447236180904,1,128,4,0.1953125,24,16,0,0,"(128, 1, 1)/(128, 1, 1)",1.0,1.0,1,"WG<64,OCC<25"
prof-cand,620-819,decode:199,Agent 2,AMD Radeon RX 9070,"at::native::vectorized_elementwise_kernel<4, at::native::compare_scalar_kernel<int>(at::TensorIteratorBase&, at::native::anon::OpType, int)::{lambda(i",0.6733668341708543,0.0011364924623115578,0.00014176529148236954,6.9947744646661635e-06,1687.7761194029852,1760.0,1440,4280.0,4845.447236180905,1,256,8,0.390625,24,16,0,0,"(256, 1, 1)/(256, 1, 1)",1.0,1.0,1,"WG<64,OCC<25"
prof-cand,620-819,decode:199,Agent 2,AMD Radeon RX 9070,rocprim::ROCPRIM_400200_NS::detail::trampoline_kernel<rocprim::ROCPRIM_400200_NS::detail::wrapped_partition_config<rocprim::ROCPRIM_400200_NS::default,0.3417085427135678,0.0009971909547738694,0.00012438891682534155,6.137414948323848e-06,2918.25,2880.0,2720,4280.0,1470.4572864321608,1,256,8,0.390625,64,16,0,12800,"(256, 1, 1)/(256, 1, 1)",1.0,1.0,1,"WG<64,OCC<25"
prof-cand,620-819,decode:199,Agent 2,AMD Radeon RX 9070,"anon::elementwise_kernel_with_index_grid_stride<int, at::native::arange_cuda_out(c10::Scalar const&, c10::Scalar const&, c10::Scalar const&, at::Tenso",0.36180904522613067,0.000989748743718593,0.0001234605805147085,6.09161034373877e-06,2735.5555555555557,2280.0,1400,23620.5,8066.497487437186,1,128,4,0.1953125,8,16,0,0,"(128, 1, 1)/(128, 1, 1)",1.0,1.0,1,"WG<64,OCC<25"
prof-cand,620-819,decode:199,Agent 2,AMD Radeon RX 9070,rocprim::ROCPRIM_400200_NS::detail::trampoline_kernel<rocprim::ROCPRIM_400200_NS::detail::wrapped_transform_config<rocprim::ROCPRIM_400200_NS::default,0.3417085427135678,0.0008134723618090452,0.00010147198534880955,5.006681427979162e-06,2380.6029411764707,2200.0,1640,53580.0,17046.306532663315,1,1024,32,1.5625,8,16,0,0,"(1024, 1, 1)/(1024, 1, 1)",1.0,1.0,1,"WG<64,OCC<25"
prof-cand,620-819,decode:199,Agent 2,AMD Radeon RX 9070,rocprim::ROCPRIM_400200_NS::detail::trampoline_kernel<rocprim::ROCPRIM_400200_NS::detail::wrapped_reduce_config<rocprim::ROCPRIM_400200_NS::default_co,0.3417085427135678,0.0007292462311557789,9.096567548890383e-05,4.488294542462278e-06,2134.1176470588234,2120.0,1960,4360.0,1502.889447236181,1,256,8,0.390625,8,16,0,512,"(256, 1, 1)/(256, 1, 1)",1.0,1.0,1,"WG<64,OCC<25"
prof-cand,620-819,decode:199,Agent 2,AMD Radeon RX 9070,"rocprim::ROCPRIM_400200_NS::detail::init_lookback_scan_state_kernel<rocprim::ROCPRIM_400200_NS::detail::lookback_scan_state<unsigned long, false, true",0.3417085427135678,0.0005585929648241206,6.967850390949938e-05,3.437974237459391e-06,1634.7058823529412,1640.0,1440,4540.5,1566.2311557788944,1,256,8,0.390625,8,16,0,0,"(256, 1, 1)/(256, 1, 1)",1.0,1.0,1,"WG<64,OCC<25"
prof-cand,620-819,decode:199,Agent 2,AMD Radeon RX 9070,"at::native::vectorized_elementwise_kernel<16, at::native::BinaryFunctor<bool, bool, bool, at::native::BitwiseAndFunctor<bool> >, std::array<char*, 3ul",0.33668341708542715,0.000529251256281407,6.60184392789887e-05,3.257384712697558e-06,1571.955223880597,1560,1480,4240,1434.889447236181,1,256,8,0.390625,40,16,0,0,"(256, 1, 1)/(256, 1, 1)",1.0,1.0,1,"WG<64,OCC<25"
prof-cand,620-819,decode:199,Agent 2,AMD Radeon RX 9070,"anon::gated_mul_kernel<__hip_bfloat16, anon::SiluAct>",0.33668341708542715,0.0005214070351758795,6.50399565099825e-05,3.209105855332731e-06,1548.6567164179105,1560,1520,4120,1398.8492462311558,15,256,120,5.859375,72,16,0,0,"(3840, 1, 1)/(256, 1, 1)",1.0,1.0,1,"WG<64,OCC<25"
prof-cand,620-819,decode:199,Agent 2,AMD Radeon RX 9070,"at::native::vectorized_elementwise_kernel<4, at::native::CUDAFunctorOnSelf_add<int>, std::array<char*, 2ul> >",0.33668341708542715,0.0004078391959798995,5.087358201956612e-05,2.510129445054014e-06,1211.3432835820895,1200,1120,4240,1463.643216080402,1,256,8,0.390625,16,16,0,0,"(256, 1, 1)/(256, 1, 1)",1.0,1.0,1,"WG<64,OCC<25"
prof-cand,620-819,decode:199,Agent 2,AMD Radeon RX 9070,"at::native::vectorized_elementwise_kernel<4, at::native::anon::launch_clamp_scalar(at::TensorIteratorBase&, c10::Scalar, c10::Scalar, at::native::deta",0.33668341708542715,0.00040020100502512565,4.992079931047617e-05,2.463118642238808e-06,1188.6567164179105,1200,1080,4120,1400.1155778894472,1,256,8,0.390625,16,16,0,0,"(256, 1, 1)/(256, 1, 1)",1.0,1.0,1,"WG<64,OCC<25"
prof-cand,620-819,decode:199,Agent 2,AMD Radeon RX 9070,"at::native::elementwise_kernel_manual_unroll<128, 4, at::native::gpu_kernel_impl_nocast<at::native::CUDAFunctor_add<int> >(at::TensorIteratorBase&, at",0.02512562814070352,6.994974874371859e-05,8.725483756929035e-06,4.3051998367609504e-07,2784.0,2840,2640,74400,1997.5979899497488,1,128,4,0.1953125,24,16,0,0,"(128, 1, 1)/(128, 1, 1)",1.0,1.0,1,"WG<64,OCC<25"
prof-cand,1130-1329,decode:199,Agent 2,AMD Radeon RX 9070,"gemv_decode::gemv_decode_core<__hip_bfloat16, gemv_decode::Bf16GemvLoader<__hip_bfloat16>, false, false, false, 16, 8, 1, false, 0>",190.0,4.004503819095477,0.1751982398383183,0.02463594012509845,21076.335889976195,13000.0,10880,4160.0,11760579.859296482,128,512,2048,100.0,32,16,0,512,"(65536, 1, 1)/(512, 1, 1)",0.41823127140789945,0.4389055458736875,6,
prof-cand,1130-1329,decode:199,Agent 2,AMD Radeon RX 9070,"custom_ar::one_shot_ar_vec_kernel<__hip_bfloat16, 8>",95.0,3.3330345728643214,0.14582125947828134,0.020505022315228,35084.574451203385,15200,9480,4160,400471.08040201006,8,256,64,3.125,32,16,0,512,"(2048, 1, 1)/(256, 1, 1)",1.0,1.0,1,"WG<64,OCC<25"
prof-cand,1130-1329,decode:199,Agent 2,AMD Radeon RX 9070,"gemv_decode::gemv_decode_core<__hip_bfloat16, gemv_decode::Int4Fp8GemvLoader, true, true, false, 32, 8, 1, false, 0>",46.0,2.6042958743718594,0.11393872345243612,0.016021779508143437,56615.12770373607,56840.0,49921,4160.0,192384.63819095478,576,1024,18432,75.0,112,12,0,512,"(24576, 24, 1)/(1024, 1, 1)",1.0,0.0,1,
prof-cand,1130-1329,decode:199,Agent 2,AMD Radeon RX 9070,"w4a8_fp8_moe::moe_gemm2_gather_reduce_core<__hip_bfloat16, gemv_decode::Int4Fp8GemvLoader, 8, 4, false>",46.0,2.37715532160804,0.1040012563309508,0.014624397632469466,51677.28960017479,51680.0,47280,4160.0,203094.86934673367,384,256,3072,75.0,120,12,0,0,"(16384, 6, 1)/(256, 1, 1)",1.0,0.0,1,
prof-cand,1130-1329,decode:199,Agent 2,AMD Radeon RX 9070,"gemv_decode::gemv_decode_core<__hip_bfloat16, gemv_decode::Bf16GemvLoader<__hip_bfloat16>, false, false, false, 8, 8, 1, true, 0>",47.0,1.7856924874371858,0.07812458042858572,0.010985683917334215,37993.4571795146,37880,33120,4160,197436.48241206032,10,256,80,3.90625,32,16,0,512,"(2560, 1, 1)/(256, 1, 1)",1.0,1.0,1,"WG<64,OCC<25"
prof-cand,1130-1329,decode:199,Agent 2,AMD Radeon RX 9070,"gemv_decode::gemv_decode_core<__hip_bfloat16, gemv_decode::Int4Fp8GemvLoader, false, true, false, 16, 8, 1, false, 0>",46.0,1.1532757236180904,0.05045615785473044,0.007095019247903345,25071.211383001966,25040.0,23080,4160.0,193301.04020100503,96,512,1536,75.0,96,16,0,512,"(49152, 1, 1)/(512, 1, 1)",1.0,0.0,1,
prof-cand,1130-1329,decode:199,Agent 2,AMD Radeon RX 9070,"mla_attend::mla_split_kernel<__hip_bfloat16, 512, 64, 16, mla_attend::CacheFp8, false>",47.0,0.8041219246231156,0.035180574716293406,0.004947004793410007,17108.977119640756,16560,12160,4120,11251483.050251257,960,256,7680,100.0,72,16,0,16896,"(2560, 6, 16)/(256, 1, 1)",1.0,0.0,1,
prof-cand,1130-1329,decode:199,Agent 2,AMD Radeon RX 9070,"gemv_decode::gemv_decode_core<__hip_bfloat16, gemv_decode::Int4Fp8GemvLoader, false, false, false, 16, 8, 1, false, 0>",46.0,0.7525013266331658,0.032922158114437494,0.004629431875827066,16358.724492025343,16321.0,15240,4120.0,192191.44723618092,128,512,2048,100.0,88,16,0,512,"(65536, 1, 1)/(512, 1, 1)",1.0,0.0,1,
prof-cand,1130-1329,decode:199,Agent 2,AMD Radeon RX 9070,"at::native::elementwise_kernel_manual_unroll<128, 4, at::native::gpu_kernel_impl_nocast<at::native::BinaryFunctor<float, float, float, at::native::bin",423.0,0.6775198442211056,0.029641695831839884,0.004168141440196544,1601.7017593879564,1560,1160,4160,27379867.87437186,4,128,16,0.78125,24,16,0,0,"(512, 1, 1)/(128, 1, 1)",0.4975702059764253,1.0,3,"WG<64,OCC<25"
prof-cand,1130-1329,decode:199,Agent 2,AMD Radeon RX 9070,Cijk_Ailk_Bljk_BBS_BH_Bias_HA_S_SAV_UserArgs_MT128x128x32_MI16x16x1_SN_LDSB0_AFC1_AFEM1_AFEM1_ASEM1_CLR0_CADS0_DTLA0_DTLB0_DTVA0_DTVB0_EPS0_FDSI0_GRPM,47.0,0.6356898743718592,0.027811622139530805,0.003910801035693329,13525.316475997006,13520,12000,4160,198408.85427135677,40,128,160,7.8125,256,5,0,51200,"(512, 1, 10)/(128, 1, 1)",1.0,1.0,1,"WG<64,OCC<25"
prof-cand,1130-1329,decode:199,Agent 2,AMD Radeon RX 9070,Cijk_Alik_Bljk_BBS_BH_Bias_HA_S_SAV_UserArgs_MT64x64x32_MI16x16x1_SN_LDSB0_AFC1_AFEM1_AFEM1_ASEM1_CLR1_CADS0_DTLA0_DTLB0_DTVA1_DTVB0_EPS0_FDSI0_GRPM1_,47.0,0.5486197537688442,0.024002278320349738,0.0033751405956577146,11672.760718486048,11600,10920,4160,197026.04020100503,40,128,160,7.8125,128,10,0,13312,"(512, 1, 10)/(128, 1, 1)",1.0,1.0,1,"WG<64,OCC<25"
prof-cand,1130-1329,decode:199,Agent 2,AMD Radeon RX 9070,"at::native::elementwise_kernel_manual_unroll<128, 8, at::native::gpu_kernel_impl_nocast<at::native::direct_copy_kernel_cuda(at::TensorIteratorBase&)::",189.0,0.4064456582914573,0.01778211911873622,0.002500477301089528,2150.506128526229,2240,1480,4160,15161311.532663317,15,128,60,2.9296875,32,16,0,0,"(1920, 1, 1)/(128, 1, 1)",0.288043574616204,0.979499048782826,5,"WG<64,OCC<25"
prof-cand,1130-1329,decode:199,Agent 2,AMD Radeon RX 9070,"mla_attend::mla_combine_kernel<__hip_bfloat16, 512>",47.0,0.3969869648241206,0.01736829845043133,0.0024422868694031373,8446.531166470651,8440,7440,4160,198346.01005025127,240,64,480,23.4375,8,16,0,0,"(640, 6, 4)/(64, 1, 1)",1.0,0.0,1,OCC<25
prof-cand,1130-1329,decode:199,Agent 2,AMD Radeon RX 9070,w4a8_fp8_wmma::compute_act_fp8_and_scales_kernel<__hip_bfloat16>,92.0,0.3037291256281407,0.01328824009205246,0.0018685592251260568,3301.403539436312,3280.0,2760,4160.0,385412.2010050251,6,256,48,2.34375,16,16,0,512,"(1536, 1, 1)/(256, 1, 1)",1.0,1.0,1,"WG<64,OCC<25"
prof-cand,1130-1329,decode:199,Agent 2,AMD Radeon RX 9070,"at::native::vectorized_elementwise_kernel<4, at::native::bfloat16tofloat32_copy_kernel_cuda(at::TensorIteratorBase&)::{lambda(c10::BFloat16)#1}, std::",142.0,0.28758466834170854,0.0125819152569405,0.0017692375860345524,2025.2441432514686,2200.0,1240,4160.0,604170.3517587939,2,256,16,0.78125,16,16,0,0,"(512, 1, 1)/(256, 1, 1)",0.7581506824409273,0.9816338291739086,3,"WG<64,OCC<25"
prof-cand,1130-1329,decode:199,Agent 2,AMD Radeon RX 9070,"at::native::vectorized_elementwise_kernel<4, at::native::bfloat16_copy_kernel_cuda(at::TensorIteratorBase&)::{lambda(float)#1}, std::array<char*, 2ul>",140.0,0.22939875879396984,0.010036264310737127,0.0014112744903553801,1638.5625628140704,1360.0,1040,4160.0,11469879.20603015,2,256,16,0.78125,32,16,0,0,"(512, 1, 1)/(256, 1, 1)",0.4697982291615576,1.0,3,"WG<64,OCC<25"
prof-cand,1130-1329,decode:199,Agent 2,AMD Radeon RX 9070,"at::native::vectorized_elementwise_kernel<4, at::native::CUDAFunctor_add<float>, std::array<char*, 3ul> >",188.0,0.22398511557788947,0.009799415800805084,0.0013779694428001682,1191.4101892440929,1200.0,960,4160.0,13421668.23115578,2,256,16,0.78125,16,16,0,0,"(512, 1, 1)/(256, 1, 1)",0.5264347025212865,1.0,2,"WG<64,OCC<25"
prof-cand,1130-1329,decode:199,Agent 2,AMD Radeon RX 9070,"at::native::anon::CatArrayBatchedCopy_contig<at::native::anon::OpaqueType<4u>, unsigned int, 3, 128, 1>",94.0,0.20206943718592965,0.0088405983161457,0.0012431429162051233,2149.6748636801026,2580.0,1400,4120.0,392994.94974874373,2,256,16,0.78125,16,16,0,0,"(256, 2, 1)/(256, 1, 1)",1.0,1.0,1,"WG<64,OCC<25"
prof-cand,1130-1329,decode:199,Agent 2,AMD Radeon RX 9070,w4a8_fp8_moe::moe_compute_act_fp8_kernel<__hip_bfloat16>,46.0,0.19059821105527638,0.008338728741869271,0.001172571266661767,4143.439370766878,4120.0,3960,4160.0,11161395.55276382,384,256,3072,100.0,16,16,0,512,"(98304, 1, 1)/(256, 1, 1)",1.0,0.0,1,
prof-cand,1130-1329,decode:199,Agent 2,AMD Radeon RX 9070,"anon::rms_norm_kernel<__hip_bfloat16, false>",95.0,0.18164993467336685,0.007947238973718306,0.0011175209505361226,1912.1045755091245,1920,1680,4160,397760.7336683417,6,256,48,2.34375,32,16,0,512,"(1536, 1, 1)/(256, 1, 1)",1.0,1.0,1,"WG<64,OCC<25"
prof-cand,1130-1329,decode:199,Agent 2,AMD Radeon RX 9070,"at::native::anon::CatArrayBatchedCopy<at::native::anon::OpaqueType<2u>, unsigned int, 3, 64, 64>",47.0,0.15148486934673366,0.006627508343263384,0.0009319437162947834,3223.0823265262484,3200,3000,4160,197501.56783919598,30,256,240,11.71875,8,16,0,0,"(3840, 2, 1)/(256, 1, 1)",1.0,1.0,1,"WG<64,OCC<25"
prof-cand,1130-1329,decode:199,Agent 2,AMD Radeon RX 9070,"at::native::elementwise_kernel_manual_unroll<128, 4, at::native::gpu_kernel_impl<at::native::direct_copy_kernel_cuda(at::TensorIteratorBase&)::{lambda",97.0,0.15118250251256282,0.0066142797038300505,0.000930083537965841,1558.5825001295136,1480,1240,4160,28974569.733668342,1,128,4,0.1953125,16,16,0,0,"(128, 1, 1)/(128, 1, 1)",1.0,1.0,1,"WG<64,OCC<25"
prof-cand,1130-1329,decode:199,Agent 2,AMD Radeon RX 9070,"anon::moe_topk_softmax_kernel<1, 4, true, c10::BFloat16, moe_core::SigmoidBiasScore<c10::BFloat16> >",46.0,0.14835680904522613,0.006490654769465063,0.0009126997076043276,3225.1480227223074,3200.0,2920,4160.0,193095.3718592965,6,256,48,2.34375,32,16,0,4096,"(1536, 1, 1)/(256, 1, 1)",1.0,1.0,1,"WG<64,OCC<25"
prof-cand,1130-1329,decode:199,Agent 2,AMD Radeon RX 9070,"anon::rms_norm_add_kernel<__hip_bfloat16, true>",46.0,0.13030222110552764,0.005700761146949856,0.000801626833770434,2832.656980554949,2840.0,2640,4160.0,192743.08542713567,6,256,48,2.34375,40,16,0,512,"(1536, 1, 1)/(256, 1, 1)",1.0,1.0,1,"WG<64,OCC<25"
prof-cand,1130-1329,decode:199,Agent 2,AMD Radeon RX 9070,anon::moe_align_kernel,46.0,0.12670056783919598,0.005543187739288139,0.0007794692536483719,2754.360170417304,2720.0,2560,4160.0,193441.46231155779,1,256,8,0.390625,16,16,0,1536,"(256, 1, 1)/(256, 1, 1)",1.0,1.0,1,"WG<64,OCC<25"
prof-cand,1130-1329,decode:199,Agent 2,AMD Radeon RX 9070,"at::native::index_elementwise_kernel<128, 4, at::native::gpu_index_kernel<at::native::index_put_kernel_impl<at::native::OpaqueType<1> >(at::TensorIter",47.0,0.1237898743718593,0.005415844029499528,0.0007615624983490303,2633.827114294879,2600,2440,4120,196393.70854271358,7,128,28,1.3671875,16,16,0,0,"(896, 1, 1)/(128, 1, 1)",1.0,1.0,1,"WG<64,OCC<25"
prof-cand,1130-1329,decode:199,Agent 2,AMD Radeon RX 9070,"at::native::anon::CatArrayBatchedCopy_contig<at::native::anon::OpaqueType<2u>, unsigned int, 2, 128, 1>",47.0,0.12008744221105527,0.005253861515061531,0.0007387849206137169,2555.0519619373463,2560,2320,4160,197218.91457286433,4,256,32,1.5625,8,16,0,0,"(512, 2, 1)/(256, 1, 1)",1.0,1.0,1,"WG<64,OCC<25"
prof-cand,1130-1329,decode:199,Agent 2,AMD Radeon RX 9070,"at::native::vectorized_elementwise_kernel<4, at::native::ConvertToFloat8E4M3fnOp<float>, std::array<char*, 2ul> >",47.0,0.11306358291457286,0.004946565569993939,0.0006955737301910436,2405.6081471185717,2400,2080,4160,197924.1608040201,1,256,8,0.390625,40,16,0,0,"(256, 1, 1)/(256, 1, 1)",1.0,1.0,1,"WG<64,OCC<25"
prof-cand,1130-1329,decode:199,Agent 2,AMD Radeon RX 9070,"anon::rms_norm_add_kernel<__hip_bfloat16, false>",48.0,0.11252814070351759,0.00492313981310873,0.0006922796586036709,2344.3362646566165,2320.0,1920,4160.0,200949.41206030152,6,256,48,2.34375,32,16,0,512,"(1536, 1, 1)/(256, 1, 1)",1.0,1.0,1,"WG<64,OCC<25"
prof-cand,1130-1329,decode:199,Agent 2,AMD Radeon RX 9070,ncclDevKernel_Generic_4,1.0,0.10846277386934675,0.004745278798156648,0.0006672692856741685,108462.77386934674,103681,102841,4440,4698.442211055276,2,256,16,0.78125,256,5,776,21504,"(512, 1, 1)/(256, 1, 1)",1.0,1.0,1,"WG<64,OCC<25,SPILL776B"
prof-cand,1130-1329,decode:199,Agent 2,AMD Radeon RX 9070,__amd_rocclr_copyBuffer,23.12060301507538,0.09128562814070351,0.003993773534819346,0.0005615944872951449,3948.237339708759,2480,1280,18320.0,2274924.5427135676,1,512,16,0.78125,16,16,0,0,"(512, 1, 1)/(512, 1, 1)",0.9003705856706874,1.0,4,"WG<64,OCC<25"
prof-cand,1130-1329,decode:199,Agent 2,AMD Radeon RX 9070,"at::native::vectorized_gather_kernel<16, long>",48.0,0.058909311557788946,0.0025773000005136592,0.0003624135068689409,1227.277324120603,1200.0,1120,4160.0,246227.91457286433,6,32,6,0.29296875,16,16,0,0,"(192, 1, 1)/(32, 1, 1)",0.9761527662867879,1.0,2,"WG<64,OCC<25"
prof-cand,1130-1329,decode:199,Agent 2,AMD Radeon RX 9070,w4a8_fp8_moe::moe_build_inverse_map_kernel,46.0,0.055838829145728644,0.0024429654766002853,0.00034352372069918467,1213.8875901245358,1200.0,1080,4160.0,193451.62311557788,2,256,16,0.78125,8,16,0,0,"(512, 1, 1)/(256, 1, 1)",1.0,1.0,1,"WG<64,OCC<25"
prof-cand,1130-1329,decode:199,Agent 2,AMD Radeon RX 9070,"at::native::vectorized_elementwise_kernel<8, at::native::CUDAFunctor_add<c10::BFloat16>, std::array<char*, 3ul> >",46.0,0.05116870854271357,0.0022386463033785406,0.0003147928674523383,1112.3632291894253,1120.0,1040,4160.0,193684.54773869348,6,256,48,2.34375,32,16,0,0,"(1536, 1, 1)/(256, 1, 1)",1.0,1.0,1,"WG<64,OCC<25"
prof-cand,1130-1329,decode:199,Agent 2,AMD Radeon RX 9070,"at::native::vectorized_elementwise_kernel<4, at::native::FillFunctor<int>, std::array<char*, 1ul> >",46.0,0.04050679899497488,0.0017721845716723876,0.00024920018054196944,880.5825868472799,840.0,760,4160.0,193027.85427135677,1,256,8,0.390625,8,16,0,0,"(256, 1, 1)/(256, 1, 1)",1.0,1.0,1,"WG<64,OCC<25"
prof-cand,1130-1329,decode:199,Agent 2,AMD Radeon RX 9070,"at::native::vectorized_elementwise_kernel<4, at::native::FillFunctor<float>, std::array<char*, 1ul> >",46.0,0.04008329145728643,0.0017536559902268005,0.0002465947375676693,871.3759012453572,840.0,760,4160.0,192890.90452261307,12,256,96,4.6875,8,16,0,0,"(3072, 1, 1)/(256, 1, 1)",1.0,1.0,1,"WG<64,OCC<25"
prof-cand,1130-1329,decode:199,Agent 2,AMD Radeon RX 9070,"at::native::reduce_kernel<512, 1, at::native::ReduceOp<float, at::native::ArgMaxOps<float>, unsigned int, long, 4, 4> >",1.0,0.03845046733668342,0.0016822194465703597,0.00023654950872354288,38450.46733668342,38240,35160,4320,4422.251256281407,384,512,6144,100.0,40,16,0,512,"(768, 256, 1)/(128, 4, 1)",1.0,0.0,1,
prof-cand,1130-1329,decode:199,Agent 2,AMD Radeon RX 9070,"at::native::elementwise_kernel_manual_unroll<128, 4, at::native::gpu_kernel_impl_nocast<at::native::BUnaryFunctor<int, int, int, at::native::binary_in",6.0,0.022825648241206028,0.0009986289377372063,0.00014042471396966426,3804.2747068676717,2480.0,2080,4280.0,54151.08040201005,1,128,4,0.1953125,24,16,0,0,"(128, 1, 1)/(128, 1, 1)",1.0,1.0,1,"WG<64,OCC<25"
prof-cand,1130-1329,decode:199,Agent 2,AMD Radeon RX 9070,"at::native::elementwise_kernel_manual_unroll<128, 4, at::native::gpu_kernel_impl<at::native::BinaryFunctor<c10::BFloat16, c10::BFloat16, c10::BFloat16",1.0,0.013410522613065327,0.0005867143754283413,8.250231416095427e-05,13410.522613065326,13400,12680,4200,4278.095477386934,24,128,96,4.6875,24,16,0,0,"(3072, 1, 1)/(128, 1, 1)",1.0,1.0,1,"WG<64,OCC<25"
prof-cand,1130-1329,decode:199,Agent 2,AMD Radeon RX 9070,"at::native::index_elementwise_kernel<128, 4, at::native::gpu_index_kernel<at::native::index_kernel_impl<at::native::OpaqueType<4> >(at::TensorIterator",2.0,0.009117638190954774,0.0003988993979530574,5.609223981347319e-05,4558.819095477387,3360.0,2880,19160.0,49276.51256281407,1,128,4,0.1953125,16,16,0,0,"(128, 1, 1)/(128, 1, 1)",1.0,1.0,1,"WG<64,OCC<25"
prof-cand,1130-1329,decode:199,Agent 2,AMD Radeon RX 9070,"at::native::anon::CatArrayBatchedCopy<at::native::anon::OpaqueType<4u>, unsigned int, 1, 64, 64>",1.0,0.00734778391959799,0.0003214677442152227,4.520399352154079e-05,7347.78391959799,2960,2560,4440,6366.547738693467,6,256,48,2.34375,8,16,0,0,"(256, 6, 1)/(256, 1, 1)",1.0,1.0,1,"WG<64,OCC<25"
prof-cand,1130-1329,decode:199,Agent 2,AMD Radeon RX 9070,__amd_rocclr_fillBufferAligned,3.0,0.007318814070351758,0.0003202003046457762,4.5025769326058686e-05,2439.604690117253,2280,1960,4280,13012.78391959799,1,256,8,0.390625,16,16,0,0,"(256, 1, 1)/(256, 1, 1)",1.0,1.0,1,"WG<64,OCC<25"
prof-cand,1130-1329,decode:199,Agent 2,AMD Radeon RX 9070,"at::native::index_elementwise_kernel<128, 4, at::native::gpu_index_kernel<at::native::index_put_kernel_impl<at::native::OpaqueType<4> >(at::TensorIter",2.0603015075376883,0.0069620552763819095,0.0003045920007025234,4.283096850068982e-05,3379.1439024390243,3200.0,2760,28720.0,140436.22110552763,1,128,4,0.1953125,16,16,0,0,"(128, 1, 1)/(128, 1, 1)",1.0,1.0,1,"WG<64,OCC<25"
prof-cand,1130-1329,decode:199,Agent 2,AMD Radeon RX 9070,"at::native::elementwise_kernel_manual_unroll<128, 4, at::native::gpu_kernel_impl_nocast<at::native::direct_copy_kernel_cuda(at::TensorIteratorBase&)::",2.0,0.005228361809045227,0.00022874239295631686,3.2165185575746e-05,2614.180904522613,2520.0,2120,4280.0,8671.085427135678,1,128,4,0.1953125,24,16,0,0,"(128, 1, 1)/(128, 1, 1)",1.0,1.0,1,"WG<64,OCC<25"
prof-cand,1130-1329,decode:199,Agent 2,AMD Radeon RX 9070,"at::native::vectorized_elementwise_kernel<4, at::native::compare_scalar_kernel<int>(at::TensorIteratorBase&, at::native::anon::OpType, int)::{lambda(i",2.0,0.003399211055276382,0.0001487165003772907,2.0912143879357612e-05,1699.605527638191,1760.0,1360,4280.0,24036.954773869347,1,256,8,0.390625,24,16,0,0,"(256, 1, 1)/(256, 1, 1)",1.0,1.0,1,"WG<64,OCC<25"
prof-cand,1130-1329,decode:199,Agent 2,AMD Radeon RX 9070,"anon::elementwise_kernel_with_index_grid_stride<int, at::native::arange_cuda_out(c10::Scalar const&, c10::Scalar const&, c10::Scalar const&, at::Tenso",1.0603015075376885,0.0032534874371859296,0.00014234104849968822,2.0015643715474635e-05,3068.4549763033174,2240,1520,21520,23991.281407035174,1,128,4,0.1953125,8,16,0,0,"(128, 1, 1)/(128, 1, 1)",1.0,1.0,1,"WG<64,OCC<25"
prof-cand,1130-1329,decode:199,Agent 2,AMD Radeon RX 9070,rocprim::ROCPRIM_400200_NS::detail::trampoline_kernel<rocprim::ROCPRIM_400200_NS::detail::wrapped_partition_config<rocprim::ROCPRIM_400200_NS::default,1.0,0.002919824120603015,0.00012774317860000456,1.7962927608654895e-05,2919.824120603015,2920,2720,4280,4603.175879396985,1,256,8,0.390625,64,16,0,12800,"(256, 1, 1)/(256, 1, 1)",1.0,1.0,1,"WG<64,OCC<25"
prof-cand,1130-1329,decode:199,Agent 2,AMD Radeon RX 9070,rocprim::ROCPRIM_400200_NS::detail::trampoline_kernel<rocprim::ROCPRIM_400200_NS::detail::wrapped_transform_config<rocprim::ROCPRIM_400200_NS::default,1.0,0.002592577889447236,0.00011342605810711761,1.594968978416484e-05,2592.577889447236,2200,1600,53361,49577.86934673367,1,1024,32,1.5625,8,16,0,0,"(1024, 1, 1)/(1024, 1, 1)",1.0,1.0,1,"WG<64,OCC<25"
prof-cand,1130-1329,decode:199,Agent 2,AMD Radeon RX 9070,"at::native::vectorized_elementwise_kernel<4, at::native::BUnaryFunctor<int, int, int, at::native::binary_internal::div_floor_kernel_cuda(at::TensorIte",1.0,0.0024187035175879394,0.00010581900233219697,1.4880004547759626e-05,2418.7035175879396,2200,1960,53560,52749.46733668342,1,256,8,0.390625,16,16,0,0,"(256, 1, 1)/(256, 1, 1)",1.0,1.0,1,"WG<64,OCC<25"
prof-cand,1130-1329,decode:199,Agent 2,AMD Radeon RX 9070,rocprim::ROCPRIM_400200_NS::detail::trampoline_kernel<rocprim::ROCPRIM_400200_NS::detail::wrapped_reduce_config<rocprim::ROCPRIM_400200_NS::default_co,1.0,0.0021614170854271355,9.456264397041736e-05,1.3297163470798064e-05,2161.4170854271356,2120,1960,4360,4489.879396984925,1,256,8,0.390625,8,16,0,512,"(256, 1, 1)/(256, 1, 1)",1.0,1.0,1,"WG<64,OCC<25"
prof-cand,1130-1329,decode:199,Agent 2,AMD Radeon RX 9070,"rocprim::ROCPRIM_400200_NS::detail::init_lookback_scan_state_kernel<rocprim::ROCPRIM_400200_NS::detail::lookback_scan_state<unsigned long, false, true",1.0,0.001634180904522613,7.149590335873931e-05,1.0053575857618238e-05,1634.180904522613,1600,1440,4520,4649.105527638191,1,256,8,0.390625,8,16,0,0,"(256, 1, 1)/(256, 1, 1)",1.0,1.0,1,"WG<64,OCC<25"
prof-cand,1130-1329,decode:199,Agent 2,AMD Radeon RX 9070,"at::native::vectorized_elementwise_kernel<16, at::native::BinaryFunctor<bool, bool, bool, at::native::BitwiseAndFunctor<bool> >, std::array<char*, 3ul",1.0,0.0015984020100502513,6.993056602405433e-05,9.833462020353271e-06,1598.4020100502512,1560,1400,4240,24008.94472361809,1,256,8,0.390625,40,16,0,0,"(256, 1, 1)/(256, 1, 1)",1.0,1.0,1,"WG<64,OCC<25"
prof-cand,1130-1329,decode:199,Agent 2,AMD Radeon RX 9070,"anon::gated_mul_kernel<__hip_bfloat16, anon::SiluAct>",1.0,0.0015457386934673366,6.762653017187757e-05,9.509474237412701e-06,1545.7386934673366,1560,1360,4120,4273.371859296482,15,256,120,5.859375,72,16,0,0,"(3840, 1, 1)/(256, 1, 1)",1.0,1.0,1,"WG<64,OCC<25"
prof-cand,1130-1329,decode:199,Agent 2,AMD Radeon RX 9070,"at::native::vectorized_elementwise_kernel<4, at::native::CUDAFunctorOnSelf_add<int>, std::array<char*, 2ul> >",1.0,0.0012291507537688443,5.377571311815731e-05,7.561806841130371e-06,1229.1507537688442,1200,1120,4360,4395.804020100502,1,256,8,0.390625,16,16,0,0,"(256, 1, 1)/(256, 1, 1)",1.0,1.0,1,"WG<64,OCC<25"
prof-cand,1130-1329,decode:199,Agent 2,AMD Radeon RX 9070,"at::native::vectorized_elementwise_kernel<4, at::native::anon::launch_clamp_scalar(at::TensorIteratorBase&, c10::Scalar, c10::Scalar, at::native::deta",1.0,0.0011857336683417086,5.1876202644607e-05,7.294702409393107e-06,1185.7336683417086,1200,1040,4160,4166.05527638191,1,256,8,0.390625,16,16,0,0,"(256, 1, 1)/(256, 1, 1)",1.0,1.0,1,"WG<64,OCC<25"
prof-cand,1130-1329,decode:199,Agent 2,AMD Radeon RX 9070,"at::native::elementwise_kernel_manual_unroll<128, 4, at::native::gpu_kernel_impl_nocast<at::native::CUDAFunctor_add<int> >(at::TensorIteratorBase&, at",0.06030150753768844,0.00016804020100502512,7.3518090550373076e-06,1.0337930783905201e-06,2786.6666666666665,2720.0,2640,71620.0,4363.64824120603,1,128,4,0.1953125,24,16,0,0,"(128, 1, 1)/(128, 1, 1)",1.0,1.0,1,"WG<64,OCC<25"
prof-cand,1600-1799,decode:121/prefill:78,Agent 2,AMD Radeon RX 9070,"anon::mla_prefill_kernel<__hip_bfloat16, 256, 256, 16, 16, 8, true>",9.447236180904522,16.844401281407038,0.25682563199570063,0.13857329918926078,1782997.795212766,1750911.0,1669250,4120.0,328091.9447236181,1050,256,8400,37.5,224,6,0,35328,"(2560, 105, 1)/(256, 1, 1)",0.5012065260262558,0.0,5,
prof-cand,1600-1799,decode:121/prefill:78,Agent 2,AMD Radeon RX 9070,"custom_ar::one_shot_ar_vec_kernel<__hip_bfloat16, 8>",56.78894472361809,11.839664512562813,0.1805186940311373,0.09740099071439325,208485.37633837713,12960,7200,4121,237226.53768844221,8,256,64,3.125,32,16,0,512,"(2048, 1, 1)/(256, 1, 1)",1.0,1.0,1,"WG<64,OCC<25"
prof-cand,1600-1799,decode:121/prefill:78,Agent 2,AMD Radeon RX 9070,"w4a8_tile::moe_gemm1_silu_flag_w4_kernel<__hip_bfloat16, 64, 64, 64, 16, 64, 8>",9.246231155778894,8.60888216080402,0.13125913855813337,0.0708224165064854,931069.320652174,922226.0,840965,4160.0,56006.778894472365,2016,128,8064,50.0,176,8,0,14336,"(1536, 168, 1)/(128, 1, 1)",0.49959857750049025,0.0,5,
prof-cand,1600-1799,decode:121/prefill:78,Agent 2,AMD Radeon RX 9070,"w4a8_tile::moe_gemm_tiled_ashuffle_kernel<__hip_bfloat16, w4a8_tile::WmmaFp8, w4a8_tile::Int4Fp8Loader, false, 64, 2, 128, false>",9.246231155778894,6.871107246231156,0.10476338289158527,0.056526318999802004,743125.1858695652,737005.0,672004,4080.0,38009.195979899494,5376,256,43008,100.0,96,16,0,0,"(8192, 168, 1)/(256, 1, 1)",0.4997217377373501,0.0,5,
prof-cand,1600-1799,decode:121/prefill:78,Agent 2,AMD Radeon RX 9070,"dense_gemm::dense_gemm_pipe_kernel<64, 2, 64, 1, false, __hip_bfloat16>",47.63819095477387,4.8346456080402005,0.07371356767252492,0.03977302494310076,101486.75907172996,74920.0,54920,4080.0,199452.62311557788,224,256,1792,56.25,160,9,0,0,"(8192, 7, 1)/(256, 1, 1)",0.3678973674930444,0.1142182953350623,6,
prof-cand,1600-1799,decode:121/prefill:78,Agent 2,AMD Radeon RX 9070,"w4a8_fp8_wmma::mmq_fp8_gemm_wmma_tiled_tuned_kernel<__hip_bfloat16, 384, 64, 24, 128, 1>",9.246231155778894,3.145095090452261,0.04795308665458874,0.025873653546177648,340148.8711956522,337482.5,322722,4081.0,38252.11055276382,240,768,5760,75.0,112,12,0,512,"(3840, 48, 1)/(768, 1, 1)",1.0,0.0,1,
prof-cand,1600-1799,decode:121/prefill:78,Agent 2,AMD Radeon RX 9070,"w4a8_fp8_wmma::mmq_fp8_gemm_wmma_tiled_tuned_kernel<__hip_bfloat16, 256, 128, 16, 128, 1>",9.246231155778894,1.3361216030150755,0.02037177038142798,0.010991829009215867,144504.45597826087,144321.0,136921,4080.0,38110.47236180904,112,512,1792,50.0,192,8,0,512,"(3584, 16, 1)/(512, 1, 1)",1.0,0.0,1,
prof-cand,1600-1799,decode:121/prefill:78,Agent 2,AMD Radeon RX 9070,"at::native::anon::CatArrayBatchedCopy<at::native::anon::OpaqueType<2u>, unsigned int, 3, 64, 64>",18.894472361809044,1.0236232814070352,0.015607126176877385,0.008421009026190886,54175.80664893617,53220.5,51081,4040.0,77228.98492462312,1792,256,14336,100.0,8,16,0,0,"(229376, 2, 1)/(256, 1, 1)",1.0,0.0,1,
prof-cand,1600-1799,decode:121/prefill:78,Agent 2,AMD Radeon RX 9070,"gemv_decode::gemv_decode_core<__hip_bfloat16, gemv_decode::Bf16GemvLoader<__hip_bfloat16>, false, false, false, 16, 1, 1, false, 0>",75.5929648241206,0.9353193316582915,0.01426076085803577,0.007694561737047228,12373.100245961577,6440,3080,4160,317355.0,128,512,2048,100.0,24,16,0,512,"(65536, 1, 1)/(512, 1, 1)",0.37634920665877225,0.3038641837138502,6,
prof-cand,1600-1799,decode:121/prefill:78,Agent 2,AMD Radeon RX 9070,w4a8_fp8_moe::moe_compute_act_fp8_kernel<__hip_bfloat16>,27.497487437185928,0.7782011909547739,0.011865189468466044,0.006402002936290004,28300.810855263157,2280.0,2160,4160.0,114941.3567839196,10752,256,86016,100.0,16,16,0,512,"(2752512, 1, 1)/(256, 1, 1)",0.4734314453063794,0.0,6,
prof-cand,1600-1799,decode:121/prefill:78,Agent 2,AMD Radeon RX 9070,__amd_rocclr_copyBuffer,75.05527638190955,0.7277255326633166,0.011095589966261614,0.005986756446887162,9695.861073915372,11560.0,1480,4080.0,537435.1457286432,28,512,448,21.875,16,16,0,0,"(14336, 1, 1)/(512, 1, 1)",0.9493891896857325,1.0,3,"WG<64,OCC<25"
prof-cand,1600-1799,decode:121/prefill:78,Agent 2,AMD Radeon RX 9070,w4a8_fp8_moe::moe_gather_reduce_kernel<__hip_bfloat16>,9.246231155778894,0.7164350502512563,0.010923444620602197,0.005893873395056493,77484.00815217392,77320.5,67760,4040.0,37620.005025125625,13416,256,107328,100.0,8,16,0,0,"(2048, 1677, 1)/(256, 1, 1)",0.050507813411007144,0.0,27,
prof-cand,1600-1799,decode:121/prefill:78,Agent 2,AMD Radeon RX 9070,"at::native::elementwise_kernel_manual_unroll<128, 4, at::native::gpu_kernel_impl_nocast<at::native::BinaryFunctor<float, float, float, at::native::bin",252.86934673366835,0.7059327587939699,0.010763316777774213,0.00580747452863375,2791.6897319210666,1680,1120,4120.0,5702732.844221106,1,128,4,0.1953125,24,16,0,0,"(128, 1, 1)/(128, 1, 1)",0.31323476728131444,0.3497721703518405,57,"WG<64,OCC<25"
prof-cand,1600-1799,decode:121/prefill:78,Agent 2,AMD Radeon RX 9070,w4a8_fp8_wmma::compute_act_fp8_and_scales_kernel<__hip_bfloat16>,54.994974874371856,0.5772994773869347,0.008802052424050442,0.004749251212036029,10497.313230994152,3760.0,2520,4120.0,9517707.015075376,1,256,8,0.390625,16,16,0,512,"(256, 1, 1)/(256, 1, 1)",0.21305510888698928,0.21305510888698928,28,"WG<64,OCC<25"
prof-cand,1600-1799,decode:121/prefill:78,Agent 2,AMD Radeon RX 9070,"at::native::elementwise_kernel_manual_unroll<128, 8, at::native::gpu_kernel_impl_nocast<at::native::direct_copy_kernel_cuda(at::TensorIteratorBase&)::",65.8894472361809,0.4545756984924623,0.006930889920325009,0.0037396434114220635,6899.066809029896,5640.0,1880,4080.0,275246.4974874372,1,128,4,0.1953125,32,16,0,0,"(128, 1, 1)/(128, 1, 1)",0.08836837453279642,0.08836837453279642,75,"WG<64,OCC<25"
prof-cand,1600-1799,decode:121/prefill:78,Agent 2,AMD Radeon RX 9070,"gemv_decode::gemv_decode_core<__hip_bfloat16, gemv_decode::Int4Fp8GemvLoader, true, true, false, 32, 8, 1, false, 0>",18.251256281407034,0.40659391959798996,0.006199314455992359,0.003344913240174251,22277.585352422906,22280.0,19680,4120.0,76114.3768844221,96,1024,3072,75.0,112,12,0,512,"(24576, 4, 1)/(1024, 1, 1)",1.0,0.0,1,
prof-cand,1600-1799,decode:121/prefill:78,Agent 2,AMD Radeon RX 9070,"w4a8_tile::moe_gemm_tiled_kernel<__hip_bfloat16, w4a8_tile::WmmaFp8, w4a8_tile::Int4Fp8Loader, true, 64, 4, 128, false>",18.251256281407034,0.3375212311557789,0.005146167088718812,0.0027766751555191233,18493.041024229075,18440.0,17120,4160.0,95831.83417085427,512,128,2048,100.0,64,16,0,0,"(4096, 4, 4)/(128, 1, 1)",1.0,0.0,1,
prof-cand,1600-1799,decode:121/prefill:78,Agent 2,AMD Radeon RX 9070,"anon::rms_norm_add_kernel<__hip_bfloat16, true>",27.497487437185928,0.3284609698492462,0.005008025797899239,0.0027021393925799634,11945.126644736842,2840.0,2480,4120.0,115021.43718592965,1,256,8,0.390625,40,16,0,512,"(256, 1, 1)/(256, 1, 1)",0.15660510087451707,0.15660510087451707,28,"WG<64,OCC<25"
prof-cand,1600-1799,decode:121/prefill:78,Agent 2,AMD Radeon RX 9070,"at::native::elementwise_kernel_manual_unroll<128, 4, at::native::gpu_kernel_impl<at::native::direct_copy_kernel_cuda(at::TensorIteratorBase&)::{lambda",77.08040201005025,0.32689090452261305,0.004984087100818198,0.002689222986195465,4240.908142642937,2960,1160,4120,4987844.688442211,4,128,16,0.78125,16,16,0,0,"(512, 1, 1)/(128, 1, 1)",0.44454717193156357,0.6182206686446956,29,"WG<64,OCC<25"
prof-cand,1600-1799,decode:121/prefill:78,Agent 2,AMD Radeon RX 9070,"anon::moe_topk_softmax_kernel<1, 4, true, c10::BFloat16, moe_core::SigmoidBiasScore<c10::BFloat16> >",27.497487437185928,0.32007446733668343,0.004880157269238625,0.002633146419638406,11640.135051169591,3240.0,2800,4120.0,114719.78894472362,1,256,8,0.390625,32,16,0,4096,"(256, 1, 1)/(256, 1, 1)",0.18387866052339358,0.18387866052339358,28,"WG<64,OCC<25"
prof-cand,1600-1799,decode:121/prefill:78,Agent 2,AMD Radeon RX 9070,"anon::rms_norm_add_kernel<__hip_bfloat16, false>",28.693467336683415,0.31031315075376886,0.004731327028339274,0.002552843307599726,10814.766549912434,2400.0,2040,4120.0,119387.13065326633,1,256,8,0.390625,32,16,0,512,"(256, 1, 1)/(256, 1, 1)",0.14475362924438934,0.14475362924438934,28,"WG<64,OCC<25"
prof-cand,1600-1799,decode:121/prefill:78,Agent 2,AMD Radeon RX 9070,"at::native::vectorized_elementwise_kernel<4, at::native::bfloat16_copy_kernel_cuda(at::TensorIteratorBase&)::{lambda(float)#1}, std::array<char*, 2ul>",86.10050251256281,0.2707985527638191,0.004128850191538507,0.0022277698236493793,3145.1448581767245,1560.0,920,4160.0,7629418.829145729,1,256,8,0.390625,32,16,0,0,"(256, 1, 1)/(256, 1, 1)",0.28307133014672853,0.41448916244588496,46,"WG<64,OCC<25"
prof-cand,1600-1799,decode:121/prefill:78,Agent 2,AMD Radeon RX 9070,"mla_attend::mla_split_kernel<__hip_bfloat16, 512, 64, 16, mla_attend::CacheFp8, false>",18.64824120603015,0.2685775778894472,0.004094987113461239,0.002209498600433041,14402.300727566693,14440,12201,4160,5217980.668341708,160,256,1280,62.5,72,16,0,16896,"(2560, 1, 16)/(256, 1, 1)",1.0,0.0,1,
prof-cand,1600-1799,decode:121/prefill:78,Agent 2,AMD Radeon RX 9070,"anon::rms_norm_kernel<__hip_bfloat16, false>",56.79899497487437,0.2631690552763819,0.00401252367560686,0.0021650044798222083,4633.339998230558,2000,1680,4120,264878.90452261304,1,256,8,0.390625,32,16,0,512,"(256, 1, 1)/(256, 1, 1)",0.28364909103081076,0.28364909103081076,28,"WG<64,OCC<25"
prof-cand,1600-1799,decode:121/prefill:78,Agent 2,AMD Radeon RX 9070,Cijk_Ailk_Bljk_BBS_BH_Bias_HA_S_SAV_UserArgs_MT128x128x32_MI16x16x1_SN_LDSB0_AFC1_AFEM1_AFEM1_ASEM1_CLR0_CADS0_DTLA0_DTLB0_DTVA0_DTVB0_EPS0_FDSI0_GRPM,18.64824120603015,0.25317923618090454,0.0038602094698445763,0.0020828215534458225,13576.57450821881,13521,11440,4160,4764077.261306533,40,128,160,7.8125,256,5,0,51200,"(512, 1, 10)/(128, 1, 1)",1.0,1.0,1,"WG<64,OCC<25"
prof-cand,1600-1799,decode:121/prefill:78,Agent 2,AMD Radeon RX 9070,Cijk_Alik_Bljk_BBS_BH_Bias_HA_S_SAV_UserArgs_MT64x64x32_MI16x16x1_SN_LDSB0_AFC1_AFEM1_AFEM1_ASEM1_CLR1_CADS0_DTLA0_DTLB0_DTVA1_DTVB0_EPS0_FDSI0_GRPM1_,18.64824120603015,0.215846175879397,0.003290994414581575,0.001775694856071193,11574.613042306655,11520,11120,4120,77891.4472361809,40,128,160,7.8125,128,10,0,13312,"(512, 1, 10)/(128, 1, 1)",1.0,1.0,1,"WG<64,OCC<25"
prof-cand,1600-1799,decode:121/prefill:78,Agent 2,AMD Radeon RX 9070,"gemv_decode::gemv_decode_core<__hip_bfloat16, gemv_decode::Bf16GemvLoader<__hip_bfloat16>, false, false, false, 8, 1, 1, true, 0>",18.65326633165829,0.21424043718592964,0.0032665118076975357,0.001762484976736673,11485.411368534482,11480.0,10040,4120.0,77649.6783919598,10,256,80,3.90625,16,16,0,512,"(2560, 1, 1)/(256, 1, 1)",1.0,1.0,1,"WG<64,OCC<25"
prof-cand,1600-1799,decode:121/prefill:78,Agent 2,AMD Radeon RX 9070,"at::native::anon::CatArrayBatchedCopy_contig<at::native::anon::OpaqueType<4u>, unsigned int, 3, 128, 1>",56.19095477386934,0.21316515577889447,0.003250117053005966,0.0017536389934547259,3793.5848685387227,1720.0,1400,4120.0,4883961.864321608,2,256,16,0.78125,16,16,0,0,"(256, 2, 1)/(256, 1, 1)",0.28672945360082,0.49974130045578175,12,"WG<64,OCC<25"
prof-cand,1600-1799,decode:121/prefill:78,Agent 2,AMD Radeon RX 9070,"at::native::vectorized_elementwise_kernel<8, at::native::FillFunctor<c10::BFloat16>, std::array<char*, 1ul> >",56.88442211055276,0.2106495477386935,0.0032117617197421336,0.0017329439209630448,3703.1148409893995,3960.0,1680,4040.0,233281.52261306532,1792,256,14336,100.0,8,16,0,0,"(458752, 1, 1)/(256, 1, 1)",0.40048514692291803,0.0,7,
prof-cand,1600-1799,decode:121/prefill:78,Agent 2,AMD Radeon RX 9070,"at::native::vectorized_elementwise_kernel<4, at::native::CUDAFunctor_add<float>, std::array<char*, 3ul> >",112.38190954773869,0.20393743718592966,0.0031094225504276762,0.0016777256149941525,1814.6820783401895,1160.0,960,4120.0,5499015.482412061,1,256,8,0.390625,16,16,0,0,"(256, 1, 1)/(256, 1, 1)",0.41295239080859114,0.585067841526924,19,"WG<64,OCC<25"
prof-cand,1600-1799,decode:121/prefill:78,Agent 2,AMD Radeon RX 9070,"gemv_decode::gemv_decode_core<__hip_bfloat16, gemv_decode::Int4Fp8GemvLoader, false, true, false, 16, 1, 1, false, 0>",18.251256281407034,0.20097161306532665,0.003064202798093544,0.0016533267642222526,11011.385187224669,10960.0,10160,4120.0,75977.63316582915,96,512,1536,75.0,88,16,0,512,"(49152, 1, 1)/(512, 1, 1)",1.0,0.0,1,
prof-cand,1600-1799,decode:121/prefill:78,Agent 2,AMD Radeon RX 9070,anon::moe_align_kernel,27.497487437185928,0.18910131155778895,0.0028832169835358045,0.0015556737331177033,6877.039656432748,2600.0,2280,4160.0,115200.23115577889,1,256,8,0.390625,16,16,0,1536,"(256, 1, 1)/(256, 1, 1)",1.0,1.0,1,"WG<64,OCC<25"
prof-cand,1600-1799,decode:121/prefill:78,Agent 2,AMD Radeon RX 9070,"at::native::vectorized_elementwise_kernel<4, at::native::bfloat16tofloat32_copy_kernel_cuda(at::TensorIteratorBase&)::{lambda(c10::BFloat16)#1}, std::",84.68341708542714,0.18864195979899498,0.0028762132732946563,0.0015518947986432122,2227.6139330643246,1600.0,1080,4120.0,355266.1859296482,1,256,8,0.390625,16,16,0,0,"(256, 1, 1)/(256, 1, 1)",0.4334982518530358,0.5677802329530698,32,"WG<64,OCC<25"
prof-cand,1600-1799,decode:121/prefill:78,Agent 2,AMD Radeon RX 9070,"dense_gemm::dense_gemm_rd_kernel<64, false, __hip_bfloat16>",9.246231155778894,0.18719552763819094,0.0028541596040884114,0.0015399954812838409,20245.603260869564,20001.0,18400,4120.0,38387.06030150754,27,256,216,10.546875,72,16,0,0,"(256, 27, 1)/(256, 1, 1)",0.603335721577766,1.0,2,"WG<64,OCC<25"
prof-cand,1600-1799,decode:121/prefill:78,Agent 2,AMD Radeon RX 9070,"at::native::index_elementwise_kernel<128, 4, at::native::gpu_index_kernel<at::native::index_put_kernel_impl<at::native::OpaqueType<1> >(at::TensorIter",28.09547738693467,0.15942773869346735,0.00243078569926915,0.0013115590969340603,5674.498300840637,2640,2280,4120,119512.50753768845,2,128,8,0.390625,16,16,0,0,"(256, 1, 1)/(128, 1, 1)",0.29989469244899786,0.29989469244899786,28,"WG<64,OCC<25"
prof-cand,1600-1799,decode:121/prefill:78,Agent 2,AMD Radeon RX 9070,"at::native::vectorized_elementwise_kernel<8, at::native::CUDAFunctor_add<c10::BFloat16>, std::array<char*, 3ul> >",27.497487437185928,0.15349501507537688,0.0023403297983904557,0.001262752548621518,5582.146929824561,1120.0,1000,4120.0,114851.84924623116,1,256,8,0.390625,32,16,0,0,"(256, 1, 1)/(256, 1, 1)",0.13145484435878427,0.13145484435878427,28,"WG<64,OCC<25"
prof-cand,1600-1799,decode:121/prefill:78,Agent 2,AMD Radeon RX 9070,"gemv_decode::gemv_decode_core<__hip_bfloat16, gemv_decode::Int4Fp8GemvLoader, false, false, false, 16, 1, 2, false, 0>",18.251256281407034,0.14835273869346735,0.0022619258017379748,0.001220448747395245,8128.357654185022,8120.0,7080,4120.0,75989.34673366834,64,512,1024,50.0,88,16,0,512,"(32768, 1, 1)/(512, 1, 1)",1.0,0.0,1,
prof-cand,1600-1799,decode:121/prefill:78,Agent 2,AMD Radeon RX 9070,"anon::gated_mul_kernel<__hip_bfloat16, anon::SiluAct>",9.844221105527637,0.13224154271356786,0.00201627930943364,0.0010879072848925815,13433.418580908627,12240,1320,4000,39605.46733668342,1257,256,10056,100.0,72,16,0,0,"(321792, 1, 1)/(256, 1, 1)",0.0658308857474789,0.004295512699523071,51,
prof-cand,1600-1799,decode:121/prefill:78,Agent 2,AMD Radeon RX 9070,"at::native::anon::CatArrayBatchedCopy_contig<at::native::anon::OpaqueType<2u>, unsigned int, 2, 128, 1>",28.09547738693467,0.10715526130653266,0.0016337901981171453,0.0008815307731432308,3813.968341978179,1800,1600,4120,116404.63819095478,2,256,16,0.78125,8,16,0,0,"(256, 2, 1)/(256, 1, 1)",0.30938796037140864,0.30938796037140864,13,"WG<64,OCC<25"
prof-cand,1600-1799,decode:121/prefill:78,Agent 2,AMD Radeon RX 9070,"mla_attend::mla_combine_kernel<__hip_bfloat16, 512>",18.64824120603015,0.10254990452261308,0.0015635725841553244,0.0008436440312620688,5499.172999191593,5480,4840,4160,78463.32663316582,80,64,160,7.8125,8,16,0,0,"(640, 1, 8)/(64, 1, 1)",1.0,0.0,1,OCC<25
prof-cand,1600-1799,decode:121/prefill:78,Agent 2,AMD Radeon RX 9070,"at::native::vectorized_elementwise_kernel<4, at::native::ConvertToFloat8E4M3fnOp<float>, std::array<char*, 2ul> >",28.09547738693467,0.08814506030150754,0.0013439427404416976,0.000725140158391901,3137.3398318726527,1560,1400,4120,116838.79396984924,1,256,8,0.390625,40,16,0,0,"(256, 1, 1)/(256, 1, 1)",0.3271005931462795,0.3271005931462795,9,"WG<64,OCC<25"
prof-cand,1600-1799,decode:121/prefill:78,Agent 2,AMD Radeon RX 9070,"at::native::vectorized_elementwise_kernel<4, at::native::FillFunctor<float>, std::array<char*, 1ul> >",27.497487437185928,0.07792151758793969,0.001188064963916311,0.0006410344653753616,2833.7686403508774,840.0,760,4120.0,114347.60804020101,2,256,16,0.78125,8,16,0,0,"(512, 1, 1)/(256, 1, 1)",0.19660666169581015,0.19660666169581015,28,"WG<64,OCC<25"
prof-cand,1600-1799,decode:121/prefill:78,Agent 2,AMD Radeon RX 9070,"at::native::vectorized_gather_kernel<16, long>",19.09547738693467,0.05846571859296482,0.0008914234989340452,0.0004809780638413578,3061.7573684210524,2560.0,2240,4080.0,79522.07537688442,1649,64,3298,100.0,16,16,0,0,"(105536, 1, 1)/(64, 1, 1)",0.026153022885549562,0.0,81,
prof-cand,1600-1799,decode:121/prefill:78,Agent 2,AMD Radeon RX 9070,"at::native::elementwise_kernel_manual_unroll<128, 8, at::native::gpu_kernel_impl_nocast<at::native::BinaryFunctor<c10::BFloat16, c10::BFloat16, c10::B",9.447236180904522,0.053436984924623114,0.00081475068160242,0.0004396083408381775,5656.36170212766,5560.0,5000,4000.0,38717.175879396986,942,128,3768,100.0,48,16,0,0,"(120576, 1, 1)/(128, 1, 1)",0.09714584218861083,0.0,21,
prof-cand,1600-1799,decode:121/prefill:78,Agent 2,AMD Radeon RX 9070,"at::native::anon::CatArrayBatchedCopy_contig<at::native::anon::OpaqueType<2u>, unsigned int, 3, 128, 1>",18.64824120603015,0.04867148743718593,0.0007420914114070506,0.0004004041745350851,2609.9773645917544,2600,2360,4160,78141.67336683418,6,256,48,2.34375,16,16,0,0,"(768, 2, 1)/(256, 1, 1)",1.0,1.0,1,"WG<64,OCC<25"
prof-cand,1600-1799,decode:121/prefill:78,Agent 2,AMD Radeon RX 9070,"at::native::index_elementwise_kernel<128, 4, at::native::gpu_index_kernel<at::native::index_kernel_impl<at::native::OpaqueType<4> >(at::TensorIterator",19.849246231155778,0.037133281407035174,0.0005661690377777196,0.0003054831827104439,1870.7653164556962,1640.0,1400,4160.0,1284083.1105527638,1,128,4,0.1953125,16,16,0,0,"(128, 1, 1)/(128, 1, 1)",0.9354215420941243,1.0,2,"WG<64,OCC<25"
prof-cand,1600-1799,decode:121/prefill:78,Agent 2,AMD Radeon RX 9070,"anon::elementwise_kernel_with_index_grid_stride<int, at::native::arange_cuda_out(c10::Scalar const&, c10::Scalar const&, c10::Scalar const&, at::Tenso",9.859296482412061,0.02044622110552764,0.00031174237478818453,0.00016820427554605196,2073.8012232415904,1600.0,1280,4040.0,53344.452261306535,84,128,336,16.40625,8,16,0,0,"(10752, 1, 1)/(128, 1, 1)",0.7604184331588838,0.1113854755138987,4,OCC<25
prof-cand,1600-1799,decode:121/prefill:78,Agent 2,AMD Radeon RX 9070,"at::native::elementwise_kernel_manual_unroll<128, 4, at::native::gpu_kernel_impl<at::native::BinaryFunctor<c10::BFloat16, c10::BFloat16, c10::BFloat16",0.5979899497487438,0.01961906030150754,0.0002991307008731833,0.00016139949812130444,32808.34453781512,13440,12640,4160,2530.3668341708544,4,128,16,0.78125,24,16,0,0,"(512, 1, 1)/(128, 1, 1)",0.2666891723846644,0.2666891723846644,28,"WG<64,OCC<25"
prof-cand,1600-1799,decode:121/prefill:78,Agent 2,AMD Radeon RX 9070,w4a8_fp8_moe::moe_build_inverse_map_kernel,9.246231155778894,0.018898391959798994,0.00028814271149757464,0.00015547079884233164,2043.9021739130435,2040.0,1880,4040.0,37877.91959798995,42,256,336,16.40625,8,16,0,0,"(10752, 1, 1)/(256, 1, 1)",0.8999885662016922,1.0,2,"WG<64,OCC<25"
prof-cand,1600-1799,decode:121/prefill:78,Agent 2,AMD Radeon RX 9070,ncclDevKernel_Generic_4,0.592964824120603,0.01818922613065327,0.00027733010027932104,0.00014963672691687332,30675.050847457627,29840.5,28920,4400.0,4572.824120603015,2,256,16,0.78125,256,5,776,21504,"(512, 1, 1)/(256, 1, 1)",1.0,1.0,1,"WG<64,OCC<25,SPILL776B"
prof-cand,1600-1799,decode:121/prefill:78,Agent 2,AMD Radeon RX 9070,"at::native::vectorized_elementwise_kernel<4, at::native::FillFunctor<int>, std::array<char*, 1ul> >",9.246231155778894,0.013416195979899497,0.00020455597999313686,0.00011037059189254102,1450.9907608695653,1440.0,1320,4080.0,39221.29648241206,7,256,56,2.734375,8,16,0,0,"(1792, 1, 1)/(256, 1, 1)",1.0,1.0,1,"WG<64,OCC<25"
prof-cand,1600-1799,decode:121/prefill:78,Agent 2,AMD Radeon RX 9070,"at::native::unrolled_elementwise_kernel<at::native::bfloat16_copy_kernel_cuda(at::TensorIteratorBase&)::{lambda(float)#1}, std::array<char*, 2ul>, 4, ",4.623115577889447,0.008021798994974875,0.00012230791479071238,6.59926781365488e-05,1735.15,1640.5,1520,4080.0,18974.834170854272,1,256,8,0.390625,16,16,0,0,"(256, 1, 1)/(256, 1, 1)",1.0,1.0,1,"WG<64,OCC<25"
prof-cand,1600-1799,decode:121/prefill:78,Agent 2,AMD Radeon RX 9070,"at::native::reduce_kernel<512, 1, at::native::ReduceOp<float, at::native::ArgMaxOps<float>, unsigned int, long, 4, 4> >",0.39195979899497485,0.005057728643216081,7.711490207078609e-05,4.160825503890701e-05,12903.692307692309,11080.0,10600,4400.0,3141.286432160804,64,512,1024,50.0,40,16,0,512,"(512, 64, 1)/(512, 1, 1)",1.0,0.0,1,
prof-cand,1600-1799,decode:121/prefill:78,Agent 2,AMD Radeon RX 9070,"at::native::vectorized_elementwise_kernel<2, at::native::bfloat16_copy_kernel_cuda(at::TensorIteratorBase&)::{lambda(float)#1}, std::array<char*, 2ul>",2.4120603015075375,0.0043089597989949754,6.569846592543962e-05,3.5448382251479496e-05,1786.4229166666667,1720.0,1600,4040.0,9874.633165829146,1,256,8,0.390625,32,16,0,0,"(256, 1, 1)/(256, 1, 1)",1.0,1.0,1,"WG<64,OCC<25"
prof-cand,1600-1799,decode:121/prefill:78,Agent 2,AMD Radeon RX 9070,"at::native::index_elementwise_kernel<128, 4, at::native::gpu_index_kernel<at::native::index_put_kernel_impl<at::native::OpaqueType<4> >(at::TensorIter",1.0050251256281406,0.003913592964824121,5.967033020486937e-05,3.2195830517180506e-05,3894.025,3320.0,2920,13040.0,55251.281407035174,1,128,4,0.1953125,16,16,0,0,"(128, 1, 1)/(128, 1, 1)",0.7002060849635018,1.0,2,"WG<64,OCC<25"
prof-cand,1600-1799,decode:121/prefill:78,Agent 2,AMD Radeon RX 9070,"at::native::elementwise_kernel_manual_unroll<128, 4, at::native::gpu_kernel_impl_nocast<at::native::direct_copy_kernel_cuda(at::TensorIteratorBase&)::",0.7939698492462312,0.0034601155778894474,5.2756186178639665e-05,2.8465222550447624e-05,4357.993670886076,2640.0,2200,4460.0,14629.130653266331,1,128,4,0.1953125,24,16,0,0,"(128, 1, 1)/(128, 1, 1)",1.0,1.0,1,"WG<64,OCC<25"
prof-cand,1600-1799,decode:121/prefill:78,Agent 2,AMD Radeon RX 9070,"at::native::vectorized_elementwise_kernel<4, at::native::compare_scalar_kernel<int>(at::TensorIteratorBase&, at::native::anon::OpType, int)::{lambda(i",1.1959798994974875,0.0026412261306532664,4.0270625171898176e-05,2.172849083294553e-05,2208.4201680672268,1880.0,1400,4240.0,5642.281407035176,1,256,8,0.390625,24,16,0,0,"(256, 1, 1)/(256, 1, 1)",1.0,1.0,1,"WG<64,OCC<25"
prof-cand,1600-1799,decode:121/prefill:78,Agent 2,AMD Radeon RX 9070,"at::native::index_elementwise_kernel<128, 4, at::native::gpu_index_kernel<at::native::index_kernel_impl<at::native::OpaqueType<2> >(at::TensorIterator",0.5979899497487438,0.0020675477386934674,3.152378323219787e-05,1.700902908898862e-05,3457.4957983193276,3240,3080,4240,15022.35175879397,4,128,16,0.78125,16,16,0,0,"(512, 1, 1)/(128, 1, 1)",1.0,1.0,1,"WG<64,OCC<25"
prof-cand,1600-1799,decode:121/prefill:78,Agent 2,AMD Radeon RX 9070,"at::native::reduce_kernel<512, 1, at::native::ReduceOp<bool, at::native::func_wrapper_t<bool, at::native::and_kernel_cuda(at::TensorIterator&)::{lambd",0.4020100502512563,0.0020400100502512564,3.110391765670377e-05,1.6782485665109535e-05,5074.525,4100.0,3800,2700197.0,1181683.6783919598,1,32,1,0.048828125,32,16,12,512,"(32, 1, 1)/(32, 1, 1)",0.6272532897167715,1.0,5,"WG<64,OCC<25,SPILL12B"
prof-cand,1600-1799,decode:121/prefill:78,Agent 2,AMD Radeon RX 9070,"at::native::reduce_kernel<512, 1, at::native::ReduceOp<c10::BFloat16, at::native::ArgMaxOps<float>, unsigned int, long, 4, 4> >",0.20100502512562815,0.001964829145728643,2.9957638664921423e-05,1.6163997313895128e-05,9775.025,9780.0,9240,4120.0,834.6281407035176,64,512,1024,50.0,40,16,0,512,"(512, 64, 1)/(512, 1, 1)",1.0,0.0,1,
prof-cand,1600-1799,decode:121/prefill:78,Agent 2,AMD Radeon RX 9070,__amd_rocclr_fillBufferAligned,0.7889447236180904,0.0019260502512562813,2.936637905797106e-05,1.584497621862599e-05,2441.2993630573246,2400,2040,4240,3335.603015075377,1,256,8,0.390625,16,16,0,0,"(256, 1, 1)/(256, 1, 1)",1.0,1.0,1,"WG<64,OCC<25"
prof-cand,1600-1799,decode:121/prefill:78,Agent 2,AMD Radeon RX 9070,"at::native::vectorized_elementwise_kernel<4, at::native::BUnaryFunctor<int, int, int, at::native::binary_internal::div_floor_kernel_cuda(at::TensorIte",0.5979899497487438,0.0019049346733668341,2.904443103822175e-05,1.5671265366958123e-05,3185.563025210084,2200,1680,32840,90048.12060301508,1,256,8,0.390625,16,16,0,0,"(256, 1, 1)/(256, 1, 1)",1.0,1.0,1,"WG<64,OCC<25"
prof-cand,1600-1799,decode:121/prefill:78,Agent 2,AMD Radeon RX 9070,"at::native::anon::CatArrayBatchedCopy<at::native::anon::OpaqueType<4u>, unsigned int, 1, 64, 64>",0.5326633165829145,0.001833572864321608,2.7956381578807198e-05,1.5084195446792637e-05,3442.2735849056603,2760.0,2320,4380.5,120096.16582914573,2,256,16,0.78125,8,16,0,0,"(256, 2, 1)/(256, 1, 1)",0.6569840578161099,1.0,2,"WG<64,OCC<25"
prof-cand,1600-1799,decode:121/prefill:78,Agent 2,AMD Radeon RX 9070,"at::native::elementwise_kernel_manual_unroll<128, 4, at::native::gpu_kernel_impl_nocast<at::native::BUnaryFunctor<int, int, int, at::native::binary_in",0.3969849246231156,0.001645643216080402,2.5091028879477193e-05,1.3538160598940459e-05,4145.354430379747,2760,2440,4200,2725.452261306533,1,128,4,0.1953125,24,16,0,0,"(128, 1, 1)/(128, 1, 1)",1.0,1.0,1,"WG<64,OCC<25"
prof-cand,1600-1799,decode:121/prefill:78,Agent 2,AMD Radeon RX 9070,"at::native::vectorized_elementwise_kernel<16, at::native::BinaryFunctor<bool, bool, bool, at::native::BitwiseAndFunctor<bool> >, std::array<char*, 3ul",0.5979899497487438,0.0015537788944723619,2.3690378772614478e-05,1.2782423312091276e-05,2598.3361344537816,1640,1520,4200,3389.2010050251256,1,256,8,0.390625,40,16,0,0,"(256, 1, 1)/(256, 1, 1)",1.0,1.0,1,"WG<64,OCC<25"
prof-cand,1600-1799,decode:121/prefill:78,Agent 2,AMD Radeon RX 9070,"at::native::vectorized_elementwise_kernel<4, at::native::BUnaryFunctor<int, int, int, at::native::remainder_kernel_cuda(at::TensorIteratorBase&)::{lam",0.4020100502512563,0.001502929648241206,2.2915083196259584e-05,1.2364103438691197e-05,3738.5375,2200.0,1920,4240.5,1889.4522613065326,1,256,8,0.390625,16,16,0,0,"(256, 1, 1)/(256, 1, 1)",0.914806257794659,1.0,2,"WG<64,OCC<25"
prof-cand,1600-1799,decode:121/prefill:78,Agent 2,AMD Radeon RX 9070,"at::native::vectorized_elementwise_kernel<4, at::native::CUDAFunctorOnSelf_add<int>, std::array<char*, 2ul> >",0.5979899497487438,0.0010723668341708543,1.6350316364236655e-05,8.822006058251856e-06,1793.2857142857142,1280,1120,4280,3424.7286432160804,2,256,16,0.78125,16,16,0,0,"(512, 1, 1)/(256, 1, 1)",0.545639429993299,1.0,2,"WG<64,OCC<25"
prof-cand,1600-1799,decode:121/prefill:78,Agent 2,AMD Radeon RX 9070,"at::native::vectorized_elementwise_kernel<4, at::native::anon::launch_clamp_scalar(at::TensorIteratorBase&, c10::Scalar, c10::Scalar, at::native::deta",0.5979899497487438,0.001033572864321608,1.575882690386905e-05,8.502860942860156e-06,1728.4117647058824,1200,1120,4160,3757.241206030151,2,256,16,0.78125,16,16,0,0,"(512, 1, 1)/(256, 1, 1)",0.5453104564835838,1.0,2,"WG<64,OCC<25"
prof-cand,1600-1799,decode:121/prefill:78,Agent 2,AMD Radeon RX 9070,"at::native::vectorized_elementwise_kernel<4, at::native::AUnaryFunctor<int, int, bool, at::native::anon::CompareEqFunctor<int> >, std::array<char*, 2u",0.4020100502512563,0.0007778894472361808,1.1860436329650911e-05,6.399438324175554e-06,1935.0,1880.0,1760,4340.0,2326.8442211055276,1,256,8,0.390625,24,16,0,0,"(256, 1, 1)/(256, 1, 1)",1.0,1.0,1,"WG<64,OCC<25"
prof-cand,1600-1799,decode:121/prefill:78,Agent 2,AMD Radeon RX 9070,"at::native::elementwise_kernel_manual_unroll<128, 4, at::native::gpu_kernel_impl_nocast<at::native::CUDAFunctor_add<int> >(at::TensorIteratorBase&, at",0.21608040201005024,0.0005935678391959799,9.050095214847323e-06,4.883085625656437e-06,2746.9767441860463,2560,2280,4161,1545.0100502512562,4,128,16,0.78125,24,16,0,0,"(512, 1, 1)/(128, 1, 1)",0.8638672536403658,1.0,2,"WG<64,OCC<25"
prof-cand,1600-1799,decode:121/prefill:78,Agent 2,AMD Radeon RX 9070,rocprim::ROCPRIM_400200_NS::detail::trampoline_kernel<rocprim::ROCPRIM_400200_NS::detail::wrapped_partition_config<rocprim::ROCPRIM_400200_NS::default,0.19597989949748743,0.0005632211055276382,8.587400285940593e-06,4.633433118940054e-06,2873.871794871795,2840,2720,4280,851.9798994974874,1,256,8,0.390625,64,16,0,12800,"(256, 1, 1)/(256, 1, 1)",1.0,1.0,1,"WG<64,OCC<25"
prof-cand,1600-1799,decode:121/prefill:78,Agent 2,AMD Radeon RX 9070,rocprim::ROCPRIM_400200_NS::detail::trampoline_kernel<rocprim::ROCPRIM_400200_NS::detail::wrapped_reduce_config<rocprim::ROCPRIM_400200_NS::default_co,0.19597989949748743,0.0004484422110552764,6.837372984871107e-06,3.6891852457973285e-06,2288.2051282051284,2280,2040,4320,853.2412060301508,1,256,8,0.390625,8,16,0,512,"(256, 1, 1)/(256, 1, 1)",1.0,1.0,1,"WG<64,OCC<25"
prof-cand,1600-1799,decode:121/prefill:78,Agent 2,AMD Radeon RX 9070,"at::native::unrolled_elementwise_kernel<at::native::CUDAFunctorOnSelf_add<int>, std::array<char*, 2ul>, 4, TrivialOffsetCalculator<1, unsigned int>, T",0.20100502512562815,0.0004285427135678392,6.533966474112595e-06,3.5254786840160933e-06,2132.0,1840.0,1600,4040.0,823.0804020100503,1,256,8,0.390625,16,16,0,0,"(256, 1, 1)/(256, 1, 1)",1.0,1.0,1,"WG<64,OCC<25"
prof-cand,1600-1799,decode:121/prefill:78,Agent 2,AMD Radeon RX 9070,rocprim::ROCPRIM_400200_NS::detail::trampoline_kernel<rocprim::ROCPRIM_400200_NS::detail::wrapped_transform_config<rocprim::ROCPRIM_400200_NS::default,0.19597989949748743,0.0004229195979899498,6.448231149481591e-06,3.4792191783006382e-06,2157.974358974359,2200,1600,54881,9623.698492462312,1,1024,32,1.5625,8,16,0,0,"(1024, 1, 1)/(1024, 1, 1)",1.0,1.0,1,"WG<64,OCC<25"
prof-cand,1600-1799,decode:121/prefill:78,Agent 2,AMD Radeon RX 9070,"rocprim::ROCPRIM_400200_NS::detail::init_lookback_scan_state_kernel<rocprim::ROCPRIM_400200_NS::detail::lookback_scan_state<unsigned long, false, true",0.19597989949748743,0.00034472361809045226,5.255981474250986e-06,2.835926802573921e-06,1758.974358974359,1680,1480,4560,902.4874371859296,1,256,8,0.390625,8,16,0,0,"(256, 1, 1)/(256, 1, 1)",1.0,1.0,1,"WG<64,OCC<25"
prof-cand,1600-1799,decode:121/prefill:78,Agent 2,AMD Radeon RX 9070,"at::native::anon::CatArrayBatchedCopy_contig<at::native::anon::OpaqueType<4u>, unsigned int, 1, 128, 1>",0.010050251256281407,3.417085427135678e-05,5.210010790802726e-07,2.811122778061613e-07,3400.0,3400.0,2800,4200.0,42.21105527638191,4,256,32,1.5625,8,16,0,0,"(256, 4, 1)/(256, 1, 1)",0.5882352941176471,1.0,2,"WG<64,OCC<25"
