tag,window,classes,agent,product,kernel,n_per_step,ms_per_step,share_of_busy,share_of_wall,ns_per_dispatch_mean,ns_per_dispatch_median,ns_per_dispatch_min,gap_after_ns_median,gap_after_ns_total_per_step,workgroups,threads_per_wg,waves,occ_upper_pct,vgpr,waves_per_simd_by_vgpr,scratch_b,lds_b,top_grid,dom_grid_time_frac,starved_time_frac,n_distinct_grids,flags
prof-base,120-319,decode:199,Agent 1,AMD Radeon RX 9070 XT,"custom_ar::one_shot_ar_vec_kernel<__hip_bfloat16, 8>",94.22110552763819,3.170472422110553,0.24497933381506498,0.022076082859165652,33649.28064,19440.0,7760,0.0,220365.55778894472,8,256,64,3.125,32,16,0,512,"(2048, 1, 1)/(256, 1, 1)",1.0,1.0,1,"WG<64,OCC<25"
prof-base,120-319,decode:199,Agent 1,AMD Radeon RX 9070 XT,"gemv_decode::gemv_decode_core<__hip_bfloat16, gemv_decode::Bf16GemvLoader<__hip_bfloat16>, false, false, false, 16, 1, 1, false, 0>",142.7788944723618,2.310655472361809,0.17854211074276044,0.016089154824720675,16183.452609720902,6520,5040,0,502509.0854271357,128,512,2048,100.0,24,16,0,512,"(65536, 1, 1)/(512, 1, 1)",0.49463897145294144,0.24736162717638568,5,
prof-base,120-319,decode:199,Agent 1,AMD Radeon RX 9070 XT,"mla_attend::mla_combine_kernel<__hip_bfloat16, 512>",46.61306532663317,1.8151549095477388,0.14025526208997377,0.012638971374090048,38940.90416127641,39001.0,31760,0.0,213255.12060301506,10,256,80,3.90625,24,16,0,0,"(2560, 1, 1)/(256, 1, 1)",1.0,1.0,1,"WG<64,OCC<25"
prof-base,120-319,decode:199,Agent 1,AMD Radeon RX 9070 XT,"gemv_decode::gemv_decode_core<__hip_bfloat16, gemv_decode::Int4Fp8GemvLoader, true, true, false, 32, 8, 1, false, 0>",45.64824120603015,0.8966977386934674,0.06928696591922003,0.0062437299378386435,19643.642668428005,19240.0,17680,0.0,108365.97487437187,96,1024,3072,75.0,112,12,0,512,"(24576, 4, 1)/(1024, 1, 1)",1.0,0.0,1,
prof-base,120-319,decode:199,Agent 1,AMD Radeon RX 9070 XT,"w4a8_tile::moe_gemm_tiled_kernel<__hip_bfloat16, w4a8_tile::WmmaFp8, w4a8_tile::Int4Fp8Loader, true, 64, 4, 128, false>",45.63316582914573,0.8286311457286432,0.06402752619557042,0.005769780460860616,18158.528576148,17800,17201,0,93357.77889447236,512,128,2048,100.0,64,16,0,0,"(4096, 4, 4)/(128, 1, 1)",1.0,0.0,1,
prof-base,120-319,decode:199,Agent 1,AMD Radeon RX 9070 XT,Cijk_Ailk_Bljk_BBS_BH_Bias_HA_S_SAV_UserArgs_MT128x128x32_MI16x16x1_SN_LDSB0_AFC1_AFEM1_AFEM1_ASEM1_CLR0_CADS0_DTLA0_DTLB0_DTVA0_DTVB0_EPS0_FDSI0_GRPM,46.48743718592965,0.6360748793969849,0.04914888996493458,0.004429006114127934,13682.726299859474,13520,11400,0,11140548.939698493,40,128,160,7.8125,256,5,0,51200,"(512, 1, 10)/(128, 1, 1)",1.0,1.0,1,"WG<64,OCC<25"
prof-base,120-319,decode:199,Agent 1,AMD Radeon RX 9070 XT,Cijk_Alik_Bljk_BBS_BH_Bias_HA_S_SAV_UserArgs_MT16x16x32_MI16x16x1_SN_LDSB0_AFC1_AFEM1_AFEM1_ASEM1_CLR1_CADS0_DTLA0_DTLB0_DTVA0_DTVB1_EPS0_FDSI0_GRPM1_,45.63819095477387,0.6294598241206031,0.04863775104965611,0.004382945310261312,13792.392094252367,13640.0,12880,0.0,59387.07537688442,4,32,4,0.1953125,120,12,0,3584,"(128, 1, 1)/(32, 1, 1)",1.0,1.0,1,"WG<64,OCC<25"
prof-base,120-319,decode:199,Agent 1,AMD Radeon RX 9070 XT,"at::native::elementwise_kernel_manual_unroll<128, 4, at::native::gpu_kernel_impl_nocast<at::native::BinaryFunctor<float, float, float, at::native::bin",419.06532663316585,0.6165738793969849,0.047642066579431874,0.004293220138248035,1471.3073122766625,1400.0,1080,0.0,16795817.763819095,1,128,4,0.1953125,24,16,0,0,"(128, 1, 1)/(128, 1, 1)",0.895456096414518,1.0,2,"WG<64,OCC<25"
prof-base,120-319,decode:199,Agent 1,AMD Radeon RX 9070 XT,Cijk_Alik_Bljk_BBS_BH_Bias_HA_S_SAV_UserArgs_MT64x64x32_MI16x16x1_SN_LDSB0_AFC1_AFEM1_AFEM1_ASEM1_CLR1_CADS0_DTLA0_DTLB0_DTVA1_DTVB0_EPS0_FDSI0_GRPM1_,46.62814070351759,0.5628262613065327,0.04348904017802878,0.0039189740599119395,12070.527643064985,11680,11000,9442,544864.0854271357,40,128,160,7.8125,128,10,0,13312,"(512, 1, 10)/(128, 1, 1)",1.0,1.0,1,"WG<64,OCC<25"
prof-base,120-319,decode:199,Agent 1,AMD Radeon RX 9070 XT,"gemv_decode::gemv_decode_core<__hip_bfloat16, gemv_decode::Bf16GemvLoader<__hip_bfloat16>, false, false, false, 8, 1, 1, true, 0>",46.608040201005025,0.5357031356783919,0.04139326252640014,0.003730115022819986,11493.792345013477,11400,9840,0,59302.849246231155,10,256,80,3.90625,16,16,0,512,"(2560, 1, 1)/(256, 1, 1)",1.0,1.0,1,"WG<64,OCC<25"
prof-base,120-319,decode:199,Agent 1,AMD Radeon RX 9070 XT,"gemv_decode::gemv_decode_core<__hip_bfloat16, gemv_decode::Int4Fp8GemvLoader, false, true, false, 16, 1, 1, false, 0>",45.64321608040201,0.48787924623115575,0.03769795690080189,0.003397116022821761,10688.976109215017,10440,8960,0,39563.366834170854,96,512,1536,75.0,88,16,0,512,"(49152, 1, 1)/(512, 1, 1)",1.0,0.0,1,
prof-base,120-319,decode:199,Agent 1,AMD Radeon RX 9070 XT,w4a8_fp8_wmma::compute_act_fp8_and_scales_kernel<__hip_bfloat16>,91.26130653266331,0.30716644723618086,0.023734453922222443,0.0021388080506397835,3365.79059523154,3560,2760,4404,23961832.376884423,1,256,8,0.390625,16,16,0,512,"(256, 1, 1)/(256, 1, 1)",1.0,1.0,1,"WG<64,OCC<25"
prof-base,120-319,decode:199,Agent 1,AMD Radeon RX 9070 XT,"gemv_decode::gemv_decode_core<__hip_bfloat16, gemv_decode::Int4Fp8GemvLoader, false, false, false, 16, 1, 2, false, 0>",45.62311557788945,0.2958371105527638,0.02285904704786695,0.0020599215813495043,6484.368873223923,6440,6200,0,61471.52763819096,64,512,1024,50.0,88,16,0,512,"(32768, 1, 1)/(512, 1, 1)",1.0,0.0,1,
prof-base,120-319,decode:199,Agent 1,AMD Radeon RX 9070 XT,"at::native::vectorized_elementwise_kernel<4, at::native::CUDAFunctor_add<float>, std::array<char*, 3ul> >",186.1859296482412,0.20993949246231156,0.016221821280076907,0.0014618142074624754,1127.5797954171278,1120,920,0,14611979.201005025,1,256,8,0.390625,16,16,0,0,"(256, 1, 1)/(256, 1, 1)",1.0,1.0,1,"WG<64,OCC<25"
prof-base,120-319,decode:199,Agent 1,AMD Radeon RX 9070 XT,"at::native::vectorized_elementwise_kernel<4, at::native::bfloat16tofloat32_copy_kernel_cuda(at::TensorIteratorBase&)::{lambda(c10::BFloat16)#1}, std::",140.66331658291458,0.20493181407035177,0.015834882820096312,0.0014269456111163934,1456.8959345527294,1520.0,1080,0.0,926537.9346733668,1,256,8,0.390625,16,16,0,0,"(256, 1, 1)/(256, 1, 1)",0.9860622105192924,0.9860622105192924,2,"WG<64,OCC<25"
prof-base,120-319,decode:199,Agent 1,AMD Radeon RX 9070 XT,"mla_attend::mla_split_kernel<__hip_bfloat16, 512, 64, 16, mla_attend::CacheFp8, false>",46.562814070351756,0.1988100904522613,0.01536186316431851,0.0013843198885611686,4269.71810921649,4160.0,3360,0.0,12032236.814070351,160,256,1280,62.5,72,16,0,16896,"(2560, 1, 16)/(256, 1, 1)",1.0,0.0,1,
prof-base,120-319,decode:199,Agent 1,AMD Radeon RX 9070 XT,"anon::rms_norm_kernel<__hip_bfloat16, false>",94.17085427135679,0.18781493467336682,0.014512278124839335,0.0013077603296981,1994.406189967983,1960.0,1720,2938.0,1166539.0703517587,1,256,8,0.390625,32,16,0,512,"(256, 1, 1)/(256, 1, 1)",1.0,1.0,1,"WG<64,OCC<25"
prof-base,120-319,decode:199,Agent 1,AMD Radeon RX 9070 XT,"at::native::vectorized_elementwise_kernel<4, at::native::bfloat16_copy_kernel_cuda(at::TensorIteratorBase&)::{lambda(float)#1}, std::array<char*, 2ul>",138.8643216080402,0.18004458291457287,0.013911870569137943,0.0012536551660399322,1296.550336541941,1160.0,960,1546.0,18603961.844221104,1,256,8,0.390625,32,16,0,0,"(256, 1, 1)/(256, 1, 1)",1.0,1.0,1,"WG<64,OCC<25"
prof-base,120-319,decode:199,Agent 1,AMD Radeon RX 9070 XT,"at::native::anon::CatArrayBatchedCopy_contig<at::native::anon::OpaqueType<4u>, unsigned int, 3, 128, 1>",93.17587939698493,0.15301175879396983,0.011823070427550014,0.0010654249007199096,1642.1820731312696,1640.0,1320,0.0,7530089.190954774,2,256,16,0.78125,16,16,0,0,"(256, 2, 1)/(256, 1, 1)",1.0,1.0,1,"WG<64,OCC<25"
prof-base,120-319,decode:199,Agent 1,AMD Radeon RX 9070 XT,"at::native::elementwise_kernel_manual_unroll<128, 4, at::native::gpu_kernel_impl<at::native::direct_copy_kernel_cuda(at::TensorIteratorBase&)::{lambda",95.90452261306532,0.14995804020100503,0.011587112549050255,0.0010441617778437328,1563.6180246266701,1480,1240,24,9093265.407035176,1,128,4,0.1953125,16,16,0,0,"(128, 1, 1)/(128, 1, 1)",1.0,1.0,1,"WG<64,OCC<25"
prof-base,120-319,decode:199,Agent 1,AMD Radeon RX 9070 XT,"anon::moe_topk_softmax_kernel<1, 4, true, c10::BFloat16, moe_core::SigmoidBiasScore<c10::BFloat16> >",45.64824120603015,0.14608563819095477,0.011287895795713944,0.0010171981408028654,3200.246807573756,3200.0,3080,1338.0,362987.16582914576,1,256,8,0.390625,32,16,0,4096,"(256, 1, 1)/(256, 1, 1)",1.0,1.0,1,"WG<64,OCC<25"
prof-base,120-319,decode:199,Agent 1,AMD Radeon RX 9070 XT,"anon::rms_norm_add_kernel<__hip_bfloat16, true>",45.62311557788945,0.12889150251256282,0.009959321582406554,0.0008974749218652804,2825.135918052649,2800,2600,11358,619774.5577889447,1,256,8,0.390625,40,16,0,512,"(256, 1, 1)/(256, 1, 1)",1.0,1.0,1,"WG<64,OCC<25"
prof-base,120-319,decode:199,Agent 1,AMD Radeon RX 9070 XT,"at::native::anon::CatArrayBatchedCopy_contig<at::native::anon::OpaqueType<2u>, unsigned int, 3, 128, 1>",46.54773869346734,0.12343766331658292,0.009537908709155246,0.0008594996961066949,2651.8509122314586,2600,2400,7673,1498899.1809045225,6,256,48,2.34375,16,16,0,0,"(768, 2, 1)/(256, 1, 1)",1.0,1.0,1,"WG<64,OCC<25"
prof-base,120-319,decode:199,Agent 1,AMD Radeon RX 9070 XT,"at::native::index_elementwise_kernel<128, 4, at::native::gpu_index_kernel<at::native::index_put_kernel_impl<at::native::OpaqueType<1> >(at::TensorIter",46.45728643216081,0.11847152261306533,0.009154179826136059,0.0008249203277776848,2550.11714440238,2520,2240,0,707295.5829145729,2,128,8,0.390625,16,16,0,0,"(256, 1, 1)/(128, 1, 1)",1.0,1.0,1,"WG<64,OCC<25"
prof-base,120-319,decode:199,Agent 1,AMD Radeon RX 9070 XT,anon::moe_align_kernel,45.63316582914573,0.11791097989949749,0.009110867233480443,0.0008210172541207351,2583.8877876885804,2560,2440,4620,404212.7638190955,1,256,8,0.390625,16,16,0,1536,"(256, 1, 1)/(256, 1, 1)",1.0,1.0,1,"WG<64,OCC<25"
prof-base,120-319,decode:199,Agent 1,AMD Radeon RX 9070 XT,"anon::rms_norm_add_kernel<__hip_bfloat16, false>",47.62311557788945,0.11236921105527638,0.008682660121459384,0.0007824297719088801,2359.551862403714,2360,2040,2,382033.3567839196,1,256,8,0.390625,32,16,0,512,"(256, 1, 1)/(256, 1, 1)",1.0,1.0,1,"WG<64,OCC<25"
prof-base,120-319,decode:199,Agent 1,AMD Radeon RX 9070 XT,w4a8_fp8_moe::moe_compute_act_fp8_kernel<__hip_bfloat16>,45.64824120603015,0.10202209045226131,0.007883148132472156,0.0007103824990189045,2234.962131219727,2240.0,2160,252.0,241560.48743718592,64,256,512,25.0,16,16,0,512,"(16384, 1, 1)/(256, 1, 1)",1.0,0.0,1,
prof-base,120-319,decode:199,Agent 1,AMD Radeon RX 9070 XT,"at::native::elementwise_kernel_manual_unroll<128, 8, at::native::gpu_kernel_impl_nocast<at::native::direct_copy_kernel_cuda(at::TensorIteratorBase&)::",46.472361809045225,0.10089236180904522,0.007795855094224362,0.0007025161687641191,2171.0185986159167,2120.0,2000,0.0,411489.6733668342,1,128,4,0.1953125,32,16,0,0,"(128, 1, 1)/(128, 1, 1)",1.0,1.0,1,"WG<64,OCC<25"
prof-base,120-319,decode:199,Agent 1,AMD Radeon RX 9070 XT,"at::native::index_elementwise_kernel<128, 4, at::native::gpu_index_kernel<at::native::index_kernel_impl<at::native::OpaqueType<4> >(at::TensorIterator",48.402010050251256,0.09809149246231155,0.0075794346321251885,0.0006830136418394319,2026.5995639534883,1640.0,1520,0.0,3277327.7638190957,1,128,4,0.1953125,16,16,0,0,"(128, 1, 1)/(128, 1, 1)",1.0,1.0,1,"WG<64,OCC<25"
prof-base,120-319,decode:199,Agent 1,AMD Radeon RX 9070 XT,"at::native::anon::CatArrayBatchedCopy_contig<at::native::anon::OpaqueType<2u>, unsigned int, 2, 128, 1>",46.618090452261306,0.08338307537688441,0.006442929487360862,0.0005805985468395186,1788.6420178937155,1760,1560,0,187721.17085427136,2,256,16,0.78125,8,16,0,0,"(256, 2, 1)/(256, 1, 1)",1.0,1.0,1,"WG<64,OCC<25"
prof-base,120-319,decode:199,Agent 1,AMD Radeon RX 9070 XT,"at::native::vectorized_elementwise_kernel<4, at::native::ConvertToFloat8E4M3fnOp<float>, std::array<char*, 2ul> >",46.527638190954775,0.07171265829145729,0.00554116766063957,0.0004993371257395661,1541.2916081650287,1520,1440,0,2965563.889447236,1,256,8,0.390625,40,16,0,0,"(256, 1, 1)/(256, 1, 1)",1.0,1.0,1,"WG<64,OCC<25"
prof-base,120-319,decode:199,Agent 1,AMD Radeon RX 9070 XT,__amd_rocclr_copyBuffer,17.87437185929648,0.06820222613065326,0.005269919967027945,0.000474893894278874,3815.6432386842844,2480,1280,25813.0,1312785.768844221,1,512,16,0.78125,16,16,0,0,"(512, 1, 1)/(512, 1, 1)",0.8565507558330631,1.0,4,"WG<64,OCC<25"
prof-base,120-319,decode:199,Agent 1,AMD Radeon RX 9070 XT,"at::native::vectorized_elementwise_kernel<8, at::native::CUDAFunctor_add<c10::BFloat16>, std::array<char*, 3ul> >",45.63316582914573,0.05240719095477387,0.004049452894680225,0.0003649126489368853,1148.4452152846602,1080,1000,3868,482117.34673366835,1,256,8,0.390625,32,16,0,0,"(256, 1, 1)/(256, 1, 1)",1.0,1.0,1,"WG<64,OCC<25"
prof-base,120-319,decode:199,Agent 1,AMD Radeon RX 9070 XT,ncclDevKernel_Generic_4,0.9899497487437185,0.05050527135678392,0.0039024934091360397,0.00035166953275524485,51018.0152284264,33240,26120,4995,4714.934673366834,2,256,16,0.78125,256,5,776,21504,"(512, 1, 1)/(256, 1, 1)",1.0,1.0,1,"WG<64,OCC<25,SPILL776B"
prof-base,120-319,decode:199,Agent 1,AMD Radeon RX 9070 XT,"at::native::vectorized_elementwise_kernel<4, at::native::FillFunctor<float>, std::array<char*, 1ul> >",45.64824120603015,0.038135979899497484,0.0029467302364814055,0.00026554183102351107,835.4315279612506,840.0,760,9291.0,515685.8140703518,2,256,16,0.78125,8,16,0,0,"(512, 1, 1)/(256, 1, 1)",1.0,1.0,1,"WG<64,OCC<25"
prof-base,120-319,decode:199,Agent 1,AMD Radeon RX 9070 XT,"at::native::elementwise_kernel_manual_unroll<128, 4, at::native::gpu_kernel_impl<at::native::BinaryFunctor<c10::BFloat16, c10::BFloat16, c10::BFloat16",0.9798994974874372,0.014804326633165828,0.0011439159826406229,0.00010308291570325655,15108.005128205128,13360,12320,4186,4887.663316582914,4,128,16,0.78125,24,16,0,0,"(512, 1, 1)/(128, 1, 1)",1.0,1.0,1,"WG<64,OCC<25"
prof-base,120-319,decode:199,Agent 1,AMD Radeon RX 9070 XT,"at::native::reduce_kernel<512, 1, at::native::ReduceOp<float, at::native::ArgMaxOps<float>, unsigned int, long, 4, 4> >",0.9899497487437185,0.010548206030150754,0.000815049665213671,7.344743600770516e-05,10655.294416243654,9160,8840,15774,20942.110552763817,64,512,1024,50.0,40,16,0,512,"(512, 64, 1)/(512, 1, 1)",1.0,0.0,1,
prof-base,120-319,decode:199,Agent 1,AMD Radeon RX 9070 XT,"at::native::index_elementwise_kernel<128, 4, at::native::gpu_index_kernel<at::native::index_put_kernel_impl<at::native::OpaqueType<4> >(at::TensorIter",2.020100502512563,0.008506819095477387,0.0006573136736221881,5.923320509272136e-05,4211.087064676617,2940.0,2560,34791.0,91100.42211055277,1,128,4,0.1953125,16,16,0,0,"(128, 1, 1)/(128, 1, 1)",1.0,1.0,1,"WG<64,OCC<25"
prof-base,120-319,decode:199,Agent 1,AMD Radeon RX 9070 XT,"at::native::elementwise_kernel_manual_unroll<128, 4, at::native::gpu_kernel_impl_nocast<at::native::direct_copy_kernel_cuda(at::TensorIteratorBase&)::",1.9698492462311559,0.007326482412060301,0.0005661102011161849,5.101448972301556e-05,3719.311224489796,2520.0,2080,4453.5,17382.27135678392,1,128,4,0.1953125,24,16,0,0,"(128, 1, 1)/(128, 1, 1)",1.0,1.0,1,"WG<64,OCC<25"
prof-base,120-319,decode:199,Agent 1,AMD Radeon RX 9070 XT,__amd_rocclr_fillBufferAligned,1.9698492462311559,0.005940537688442211,0.0004590195944518179,4.136412016186076e-05,3015.7321428571427,2520.0,1840,4111.5,9392.266331658291,1,256,8,0.390625,16,16,0,0,"(256, 1, 1)/(256, 1, 1)",1.0,1.0,1,"WG<64,OCC<25"
prof-base,120-319,decode:199,Agent 1,AMD Radeon RX 9070 XT,"anon::elementwise_kernel_with_index_grid_stride<int, at::native::arange_cuda_out(c10::Scalar const&, c10::Scalar const&, c10::Scalar const&, at::Tenso",1.050251256281407,0.0037801356783919594,0.0002920874232385075,2.6321184146909256e-05,3599.267942583732,2280,1240,16556,17747.100502512563,1,128,4,0.1953125,8,16,0,0,"(128, 1, 1)/(128, 1, 1)",1.0,1.0,1,"WG<64,OCC<25"
prof-base,120-319,decode:199,Agent 1,AMD Radeon RX 9070 XT,"at::native::vectorized_elementwise_kernel<4, at::native::compare_scalar_kernel<int>(at::TensorIteratorBase&, at::native::anon::OpType, int)::{lambda(i",1.979899497487437,0.003446457286432161,0.00026630441702128976,2.3997772727889878e-05,1740.7233502538072,1720.0,1280,5137.5,8869.718592964824,1,256,8,0.390625,24,16,0,0,"(256, 1, 1)/(256, 1, 1)",1.0,1.0,1,"WG<64,OCC<25"
prof-base,120-319,decode:199,Agent 1,AMD Radeon RX 9070 XT,"at::native::index_elementwise_kernel<128, 4, at::native::gpu_index_kernel<at::native::index_kernel_impl<at::native::OpaqueType<2> >(at::TensorIterator",0.9798994974874372,0.003240025125628141,0.0002503536038619978,2.2560380163007557e-05,3306.4871794871797,3280,3121,3923,4019.291457286432,4,128,16,0.78125,16,16,0,0,"(512, 1, 1)/(128, 1, 1)",1.0,1.0,1,"WG<64,OCC<25"
prof-base,120-319,decode:199,Agent 1,AMD Radeon RX 9070 XT,rocprim::ROCPRIM_400200_NS::detail::trampoline_kernel<rocprim::ROCPRIM_400200_NS::detail::wrapped_partition_config<rocprim::ROCPRIM_400200_NS::default,0.9798994974874372,0.003051281407035176,0.0002357695595031126,2.124615268645011e-05,3113.871794871795,2760,2600,4243,3790.2010050251256,1,256,8,0.390625,64,16,0,12800,"(256, 1, 1)/(256, 1, 1)",1.0,1.0,1,"WG<64,OCC<25"
prof-base,120-319,decode:199,Agent 1,AMD Radeon RX 9070 XT,"at::native::elementwise_kernel_manual_unroll<128, 4, at::native::gpu_kernel_impl_nocast<at::native::BUnaryFunctor<int, int, int, at::native::binary_in",0.9798994974874372,0.0026032311557788942,0.0002011491504741742,1.8126367003148316e-05,2656.630769230769,2400,2160,4362,4600.804020100502,1,128,4,0.1953125,24,16,0,0,"(128, 1, 1)/(128, 1, 1)",1.0,1.0,1,"WG<64,OCC<25"
prof-base,120-319,decode:199,Agent 1,AMD Radeon RX 9070 XT,"at::native::vectorized_elementwise_kernel<4, at::native::BUnaryFunctor<int, int, int, at::native::binary_internal::div_floor_kernel_cuda(at::TensorIte",0.9849246231155779,0.002349165829145729,0.00018151776871855977,1.63573034518366e-05,2385.122448979592,2200.0,1640,30527.0,27838.286432160803,1,256,8,0.390625,16,16,0,0,"(256, 1, 1)/(256, 1, 1)",1.0,1.0,1,"WG<64,OCC<25"
prof-base,120-319,decode:199,Agent 1,AMD Radeon RX 9070 XT,rocprim::ROCPRIM_400200_NS::detail::trampoline_kernel<rocprim::ROCPRIM_400200_NS::detail::wrapped_transform_config<rocprim::ROCPRIM_400200_NS::default,0.9798994974874372,0.002269361809045226,0.00017535138936649756,1.580162596101634e-05,2315.9128205128204,2240,1560,54078,52982.89447236181,1,1024,32,1.5625,8,16,0,0,"(1024, 1, 1)/(1024, 1, 1)",1.0,1.0,1,"WG<64,OCC<25"
prof-base,120-319,decode:199,Agent 1,AMD Radeon RX 9070 XT,rocprim::ROCPRIM_400200_NS::detail::trampoline_kernel<rocprim::ROCPRIM_400200_NS::detail::wrapped_reduce_config<rocprim::ROCPRIM_400200_NS::default_co,0.9798994974874372,0.0020691608040201005,0.00015988205158007617,1.4407621097703009e-05,2111.605128205128,2080,1840,4083,4085.502512562814,1,256,8,0.390625,8,16,0,512,"(256, 1, 1)/(256, 1, 1)",1.0,1.0,1,"WG<64,OCC<25"
prof-base,120-319,decode:199,Agent 1,AMD Radeon RX 9070 XT,"rocprim::ROCPRIM_400200_NS::detail::init_lookback_scan_state_kernel<rocprim::ROCPRIM_400200_NS::detail::lookback_scan_state<unsigned long, false, true",0.9899497487437185,0.0016635175879396984,0.00012853839309279468,1.1583116715643717e-05,1680.4060913705584,1560,1360,4214,5601.412060301507,1,256,8,0.390625,8,16,0,0,"(256, 1, 1)/(256, 1, 1)",1.0,1.0,1,"WG<64,OCC<25"
prof-base,120-319,decode:199,Agent 1,AMD Radeon RX 9070 XT,"at::native::vectorized_elementwise_kernel<16, at::native::BinaryFunctor<bool, bool, bool, at::native::BitwiseAndFunctor<bool> >, std::array<char*, 3ul",0.9899497487437185,0.0015660452261306531,0.00012100679808668986,1.090441409682623e-05,1581.9441624365481,1560,1400,4972,3811.256281407035,1,256,8,0.390625,40,16,0,0,"(256, 1, 1)/(256, 1, 1)",1.0,1.0,1,"WG<64,OCC<25"
prof-base,120-319,decode:199,Agent 1,AMD Radeon RX 9070 XT,"anon::gated_mul_kernel<__hip_bfloat16, anon::SiluAct>",0.9899497487437185,0.0014723718592964824,0.00011376874774339967,1.025216397993306e-05,1487.3197969543148,1480,1320,3870,3657.889447236181,3,256,24,1.171875,72,16,0,0,"(768, 1, 1)/(256, 1, 1)",1.0,1.0,1,"WG<64,OCC<25"
prof-base,120-319,decode:199,Agent 1,AMD Radeon RX 9070 XT,"at::native::vectorized_elementwise_kernel<4, at::native::CUDAFunctorOnSelf_add<int>, std::array<char*, 2ul> >",0.9899497487437185,0.0012924773869346733,9.986847607130881e-05,8.999554037619959e-06,1305.5989847715737,1240,1120,5041,5396.663316582914,1,256,8,0.390625,16,16,0,0,"(256, 1, 1)/(256, 1, 1)",1.0,1.0,1,"WG<64,OCC<25"
prof-base,120-319,decode:199,Agent 1,AMD Radeon RX 9070 XT,"at::native::vectorized_elementwise_kernel<4, at::native::anon::launch_clamp_scalar(at::TensorIteratorBase&, c10::Scalar, c10::Scalar, at::native::deta",0.9899497487437185,0.0011771206030150754,9.095496908774733e-05,8.196321717283089e-06,1189.0710659898477,1200,1080,4501,3843.4824120603016,1,256,8,0.390625,16,16,0,0,"(256, 1, 1)/(256, 1, 1)",1.0,1.0,1,"WG<64,OCC<25"
prof-base,120-319,decode:199,Agent 1,AMD Radeon RX 9070 XT,"at::native::elementwise_kernel_manual_unroll<128, 4, at::native::gpu_kernel_impl_nocast<at::native::CUDAFunctor_add<int> >(at::TensorIteratorBase&, at",0.06030150753768844,0.00023517587939698493,1.817181245995285e-05,1.6375358334102404e-06,3900.0,2620.0,2320,46303.0,3123.3366834170856,1,128,4,0.1953125,24,16,0,0,"(128, 1, 1)/(128, 1, 1)",1.0,1.0,1,"WG<64,OCC<25"
prof-base,120-319,decode:199,Agent 2,AMD Radeon RX 9070,"gemv_decode::gemv_decode_core<__hip_bfloat16, gemv_decode::Bf16GemvLoader<__hip_bfloat16>, false, false, false, 16, 1, 1, false, 0>",1.0050251256281406,0.013379115577889449,0.1426288859220266,9.31591336420533e-05,13312.22,6520.0,5160,4200.0,8674.778894472362,128,512,2048,100.0,24,16,0,512,"(65536, 1, 1)/(512, 1, 1)",0.4294708170387809,0.31512437444693675,5,
prof-base,120-319,decode:199,Agent 2,AMD Radeon RX 9070,"mla_attend::mla_combine_kernel<__hip_bfloat16, 512>",0.3316582914572864,0.013004422110552763,0.13863444312815376,9.055013317448062e-05,39210.30303030303,39200.0,38520,4260.0,7994.381909547738,10,256,80,3.90625,24,16,0,0,"(2560, 1, 1)/(256, 1, 1)",1.0,1.0,1,"WG<64,OCC<25"
prof-base,120-319,decode:199,Agent 2,AMD Radeon RX 9070,"custom_ar::one_shot_ar_vec_kernel<__hip_bfloat16, 8>",0.5728643216080402,0.011361211055276382,0.12111689043310486,7.910841137983713e-05,19832.28947368421,8320.0,7880,4200.0,7345.939698492462,8,256,64,3.125,32,16,0,512,"(2048, 1, 1)/(256, 1, 1)",1.0,1.0,1,"WG<64,OCC<25"
prof-base,120-319,decode:199,Agent 2,AMD Radeon RX 9070,"gemv_decode::gemv_decode_core<__hip_bfloat16, gemv_decode::Int4Fp8GemvLoader, true, true, false, 32, 8, 1, false, 0>",0.2562814070351759,0.0057736733668341715,0.0615506006503264,4.0202239501941526e-05,22528.647058823528,22400,21720,4160,1077.788944723618,96,1024,3072,75.0,112,12,0,512,"(24576, 4, 1)/(1024, 1, 1)",1.0,0.0,1,
prof-base,120-319,decode:199,Agent 2,AMD Radeon RX 9070,"at::native::elementwise_kernel_manual_unroll<128, 4, at::native::gpu_kernel_impl_nocast<at::native::BinaryFunctor<float, float, float, at::native::bin",3.14070351758794,0.00464080904522613,0.04947363075264529,3.231407543604399e-05,1477.6336,1400,1160,4200,72551.19095477388,1,128,4,0.1953125,24,16,0,0,"(128, 1, 1)/(128, 1, 1)",0.8931047588522621,1.0,2,"WG<64,OCC<25"
prof-base,120-319,decode:199,Agent 2,AMD Radeon RX 9070,"w4a8_tile::moe_gemm_tiled_kernel<__hip_bfloat16, w4a8_tile::WmmaFp8, w4a8_tile::Int4Fp8Loader, true, 64, 4, 128, false>",0.24623115577889448,0.0046227185929648236,0.04928077637173839,3.2188111141166275e-05,18773.897959183672,18560,18320,4200,1625.3266331658292,512,128,2048,100.0,64,16,0,0,"(4096, 4, 4)/(128, 1, 1)",1.0,0.0,1,
prof-base,120-319,decode:199,Agent 2,AMD Radeon RX 9070,Cijk_Ailk_Bljk_BBS_BH_Bias_HA_S_SAV_UserArgs_MT128x128x32_MI16x16x1_SN_LDSB0_AFC1_AFEM1_AFEM1_ASEM1_CLR0_CADS0_DTLA0_DTLB0_DTVA0_DTVB0_EPS0_FDSI0_GRPM,0.3316582914572864,0.004565025125628141,0.04866573160862946,3.178639001075211e-05,13764.242424242424,13560.0,11920,4200.0,122247.97487437187,40,128,160,7.8125,256,5,0,51200,"(512, 1, 10)/(128, 1, 1)",1.0,1.0,1,"WG<64,OCC<25"
prof-base,120-319,decode:199,Agent 2,AMD Radeon RX 9070,"gemv_decode::gemv_decode_core<__hip_bfloat16, gemv_decode::Bf16GemvLoader<__hip_bfloat16>, false, false, false, 8, 1, 1, true, 0>",0.35678391959798994,0.004143517587939698,0.044172224533498644,2.8851421940101448e-05,11613.521126760563,11520,11200,4160,1513.5678391959798,10,256,80,3.90625,16,16,0,512,"(2560, 1, 1)/(256, 1, 1)",1.0,1.0,1,"WG<64,OCC<25"
prof-base,120-319,decode:199,Agent 2,AMD Radeon RX 9070,Cijk_Alik_Bljk_BBS_BH_Bias_HA_S_SAV_UserArgs_MT64x64x32_MI16x16x1_SN_LDSB0_AFC1_AFEM1_AFEM1_ASEM1_CLR1_CADS0_DTLA0_DTLB0_DTVA1_DTVB0_EPS0_FDSI0_GRPM1_,0.2864321608040201,0.003439396984924623,0.03666590346331111,2.3948611662805663e-05,12007.719298245614,11720,11480,4200,1536.6834170854272,40,128,160,7.8125,128,10,0,13312,"(512, 1, 10)/(128, 1, 1)",1.0,1.0,1,"WG<64,OCC<25"
prof-base,120-319,decode:199,Agent 2,AMD Radeon RX 9070,"gemv_decode::gemv_decode_core<__hip_bfloat16, gemv_decode::Int4Fp8GemvLoader, false, true, false, 16, 1, 1, false, 0>",0.271356783919598,0.0030464371859296483,0.03247673131538366,2.1212422247488408e-05,11226.685185185184,11060.0,10760,4160.0,1239.5979899497488,96,512,1536,75.0,88,16,0,512,"(49152, 1, 1)/(512, 1, 1)",1.0,0.0,1,
prof-base,120-319,decode:199,Agent 2,AMD Radeon RX 9070,Cijk_Alik_Bljk_BBS_BH_Bias_HA_S_SAV_UserArgs_MT16x16x32_MI16x16x1_SN_LDSB0_AFC1_AFEM1_AFEM1_ASEM1_CLR1_CADS0_DTLA0_DTLB0_DTVA0_DTVB1_EPS0_FDSI0_GRPM1_,0.22110552763819097,0.003026331658291457,0.03226239509927019,2.10724269297646e-05,13687.272727272728,13580.0,13320,4280.0,1964.6231155778894,4,32,4,0.1953125,120,12,0,3584,"(128, 1, 1)/(32, 1, 1)",1.0,1.0,1,"WG<64,OCC<25"
prof-base,120-319,decode:199,Agent 2,AMD Radeon RX 9070,"gemv_decode::gemv_decode_core<__hip_bfloat16, gemv_decode::Int4Fp8GemvLoader, false, false, false, 16, 1, 2, false, 0>",0.2864321608040201,0.0023612060301507537,0.025171782361259755,1.6441139688094097e-05,8243.508771929824,8200,8000,4200,1200.8040201005026,64,512,1024,50.0,88,16,0,512,"(32768, 1, 1)/(512, 1, 1)",1.0,0.0,1,
prof-base,120-319,decode:199,Agent 2,AMD Radeon RX 9070,w4a8_fp8_wmma::compute_act_fp8_and_scales_kernel<__hip_bfloat16>,0.5326633165829145,0.001791964824120603,0.019103351412717268,1.2477498199357375e-05,3364.1603773584907,3120.0,2880,4160.0,174330.86432160804,1,256,8,0.390625,16,16,0,512,"(256, 1, 1)/(256, 1, 1)",1.0,1.0,1,"WG<64,OCC<25"
prof-base,120-319,decode:199,Agent 2,AMD Radeon RX 9070,"at::native::vectorized_elementwise_kernel<4, at::native::bfloat16tofloat32_copy_kernel_cuda(at::TensorIteratorBase&)::{lambda(c10::BFloat16)#1}, std::",1.0954773869346734,0.001624527638190955,0.017318376976101165,1.131162867010034e-05,1482.940366972477,1560.0,1120,4160.0,3693348.442211055,1,256,8,0.390625,16,16,0,0,"(256, 1, 1)/(256, 1, 1)",0.981811489076067,0.981811489076067,2,"WG<64,OCC<25"
prof-base,120-319,decode:199,Agent 2,AMD Radeon RX 9070,"at::native::vectorized_elementwise_kernel<4, at::native::CUDAFunctor_add<float>, std::array<char*, 3ul> >",1.3517587939698492,0.0015336733668341708,0.01634981941865761,1.0679007989158948e-05,1134.5762081784387,1120,1000,4160,72952.90954773869,1,256,8,0.390625,16,16,0,0,"(256, 1, 1)/(256, 1, 1)",1.0,1.0,1,"WG<64,OCC<25"
prof-base,120-319,decode:199,Agent 2,AMD Radeon RX 9070,"anon::rms_norm_kernel<__hip_bfloat16, false>",0.6934673366834171,0.0013762864321608039,0.014671986304767563,9.583118623722864e-06,1984.644927536232,2000.0,1880,4200.0,3392.56783919598,1,256,8,0.390625,32,16,0,512,"(256, 1, 1)/(256, 1, 1)",1.0,1.0,1,"WG<64,OCC<25"
prof-base,120-319,decode:199,Agent 2,AMD Radeon RX 9070,"mla_attend::mla_split_kernel<__hip_bfloat16, 512, 64, 16, mla_attend::CacheFp8, false>",0.3316582914572864,0.0013322613065326634,0.014202653740566073,9.276570516105191e-06,4016.969696969697,4000.0,3920,4160.0,67149.99497487437,160,256,1280,62.5,72,16,0,16896,"(2560, 1, 16)/(256, 1, 1)",1.0,0.0,1,
prof-base,120-319,decode:199,Agent 2,AMD Radeon RX 9070,"at::native::vectorized_elementwise_kernel<4, at::native::bfloat16_copy_kernel_cuda(at::TensorIteratorBase&)::{lambda(float)#1}, std::array<char*, 2ul>",0.949748743718593,0.0012596984924623117,0.013429093390483943,8.77131373331793e-06,1326.3492063492063,1200,1040,4200,7922746.552763819,1,256,8,0.390625,32,16,0,0,"(256, 1, 1)/(256, 1, 1)",1.0,1.0,1,"WG<64,OCC<25"
prof-base,120-319,decode:199,Agent 2,AMD Radeon RX 9070,"at::native::anon::CatArrayBatchedCopy_contig<at::native::anon::OpaqueType<4u>, unsigned int, 3, 128, 1>",0.7135678391959799,0.001180502512562814,0.012584819767402618,8.21987004240884e-06,1654.3661971830986,1680.0,1440,4160.0,119385.39698492462,2,256,16,0.78125,16,16,0,0,"(256, 2, 1)/(256, 1, 1)",1.0,1.0,1,"WG<64,OCC<25"
prof-base,120-319,decode:199,Agent 2,AMD Radeon RX 9070,"at::native::elementwise_kernel_manual_unroll<128, 4, at::native::gpu_kernel_impl<at::native::direct_copy_kernel_cuda(at::TensorIteratorBase&)::{lambda",0.7587939698492462,0.0011509597989949748,0.012269877849249372,8.014163350857155e-06,1516.8278145695365,1480,1240,4160.0,118655.45728643217,1,128,4,0.1953125,16,16,0,0,"(128, 1, 1)/(128, 1, 1)",1.0,1.0,1,"WG<64,OCC<25"
prof-base,120-319,decode:199,Agent 2,AMD Radeon RX 9070,"at::native::index_elementwise_kernel<128, 4, at::native::gpu_index_kernel<at::native::index_put_kernel_impl<at::native::OpaqueType<1> >(at::TensorIter",0.35678391959798994,0.0009165829145728643,0.009771288632616369,6.38219094047068e-06,2569.0140845070423,2520,2440,4200,60989.08542713568,2,128,8,0.390625,16,16,0,0,"(256, 1, 1)/(128, 1, 1)",1.0,1.0,1,"WG<64,OCC<25"
prof-base,120-319,decode:199,Agent 2,AMD Radeon RX 9070,"at::native::anon::CatArrayBatchedCopy_contig<at::native::anon::OpaqueType<2u>, unsigned int, 3, 128, 1>",0.3316582914572864,0.0008793969849246232,0.009374865738529959,6.123264334333164e-06,2651.5151515151515,2620.0,2480,4160.0,3490.251256281407,6,256,48,2.34375,16,16,0,0,"(768, 2, 1)/(256, 1, 1)",1.0,1.0,1,"WG<64,OCC<25"
prof-base,120-319,decode:199,Agent 2,AMD Radeon RX 9070,"at::native::elementwise_kernel_manual_unroll<128, 8, at::native::gpu_kernel_impl_nocast<at::native::direct_copy_kernel_cuda(at::TensorIteratorBase&)::",0.35678391959798994,0.0007774874371859296,0.008288452726087744,5.4136654731887265e-06,2179.154929577465,2160,2040,4160,1501.9095477386934,1,128,4,0.1953125,32,16,0,0,"(128, 1, 1)/(128, 1, 1)",1.0,1.0,1,"WG<64,OCC<25"
prof-base,120-319,decode:199,Agent 2,AMD Radeon RX 9070,"anon::rms_norm_add_kernel<__hip_bfloat16, true>",0.2613065326633166,0.0007417085427135678,0.007907029617182983,5.164536089986143e-06,2838.4615384615386,2840.0,2760,4240.0,2586.532663316583,1,256,8,0.390625,40,16,0,512,"(256, 1, 1)/(256, 1, 1)",1.0,1.0,1,"WG<64,OCC<25"
prof-base,120-319,decode:199,Agent 2,AMD Radeon RX 9070,"anon::rms_norm_add_kernel<__hip_bfloat16, false>",0.3065326633165829,0.0007280402010050251,0.0077613174182755455,5.06936306718965e-06,2375.0819672131147,2360,2280,4120,1461.713567839196,1,256,8,0.390625,32,16,0,512,"(256, 1, 1)/(256, 1, 1)",1.0,1.0,1,"WG<64,OCC<25"
prof-base,120-319,decode:199,Agent 2,AMD Radeon RX 9070,"at::native::anon::CatArrayBatchedCopy_contig<at::native::anon::OpaqueType<2u>, unsigned int, 2, 128, 1>",0.34673366834170855,0.0006217085427135678,0.006627762223833866,4.328972933963994e-06,1793.0434782608695,1800,1680,4160,1460.7035175879396,2,256,16,0.78125,8,16,0,0,"(256, 2, 1)/(256, 1, 1)",1.0,1.0,1,"WG<64,OCC<25"
prof-base,120-319,decode:199,Agent 2,AMD Radeon RX 9070,"anon::moe_topk_softmax_kernel<1, 4, true, c10::BFloat16, moe_core::SigmoidBiasScore<c10::BFloat16> >",0.19095477386934673,0.0006146733668341709,0.0065527632979256265,4.279986819289329e-06,3218.9473684210525,3200.0,3160,4200.0,1176.2814070351758,1,256,8,0.390625,32,16,0,4096,"(256, 1, 1)/(256, 1, 1)",1.0,1.0,1,"WG<64,OCC<25"
prof-base,120-319,decode:199,Agent 2,AMD Radeon RX 9070,"at::native::index_elementwise_kernel<128, 4, at::native::gpu_index_kernel<at::native::index_kernel_impl<at::native::OpaqueType<4> >(at::TensorIterator",0.36683417085427134,0.0006118592964824122,0.006522763727562331,4.2603923734194635e-06,1667.945205479452,1640,1560,4160,30758.21105527638,1,128,4,0.1953125,16,16,0,0,"(128, 1, 1)/(128, 1, 1)",1.0,1.0,1,"WG<64,OCC<25"
prof-base,120-319,decode:199,Agent 2,AMD Radeon RX 9070,w4a8_fp8_moe::moe_compute_act_fp8_kernel<__hip_bfloat16>,0.2562814070351759,0.0005794974874371859,0.006177768668384428,4.035056245916003e-06,2261.176470588235,2240,2200,4200,1888.2462311557788,64,256,512,25.0,16,16,0,512,"(16384, 1, 1)/(256, 1, 1)",1.0,0.0,1,
prof-base,120-319,decode:199,Agent 2,AMD Radeon RX 9070,"at::native::vectorized_elementwise_kernel<4, at::native::ConvertToFloat8E4M3fnOp<float>, std::array<char*, 2ul> >",0.36180904522613067,0.0005618090452261307,0.005989199940386568,3.91189115759113e-06,1552.7777777777778,1560.0,1480,4200.0,1529.8492462311558,1,256,8,0.390625,40,16,0,0,"(256, 1, 1)/(256, 1, 1)",1.0,1.0,1,"WG<64,OCC<25"
prof-base,120-319,decode:199,Agent 2,AMD Radeon RX 9070,anon::moe_align_kernel,0.1658291457286432,0.0004293467336683417,0.004577077306857141,2.989552598431003e-06,2589.090909090909,2600,2520,4200,1160.0,1,256,8,0.390625,16,16,0,1536,"(256, 1, 1)/(256, 1, 1)",1.0,1.0,1,"WG<64,OCC<25"
prof-base,120-319,decode:199,Agent 2,AMD Radeon RX 9070,ncclDevKernel_Generic_4,0.010050251256281407,0.000337286432160804,0.003595662790686462,2.348534297831097e-06,33560.0,33560.0,33040,4140.0,41.608040201005025,2,256,16,0.78125,256,5,776,21504,"(512, 1, 1)/(256, 1, 1)",1.0,1.0,1,"WG<64,OCC<25,SPILL776B"
prof-base,120-319,decode:199,Agent 2,AMD Radeon RX 9070,"at::native::vectorized_elementwise_kernel<8, at::native::CUDAFunctor_add<c10::BFloat16>, std::array<char*, 3ul> >",0.2914572864321608,0.0003244221105527638,0.0034585218975971095,2.2589596881402803e-06,1113.103448275862,1120.0,1040,4200.0,4228.547738693467,1,256,8,0.390625,32,16,0,0,"(256, 1, 1)/(256, 1, 1)",1.0,1.0,1,"WG<64,OCC<25"
prof-base,120-319,decode:199,Agent 2,AMD Radeon RX 9070,__amd_rocclr_copyBuffer,0.11055276381909548,0.0003230150753768844,0.0034435221124154616,2.249162465205347e-06,2921.818181818182,2580.0,1560,29880.0,12273.773869346735,1,512,16,0.78125,16,16,0,0,"(512, 1, 1)/(512, 1, 1)",0.9639079029247044,1.0,2,"WG<64,OCC<25"
prof-base,120-319,decode:199,Agent 2,AMD Radeon RX 9070,"at::native::vectorized_elementwise_kernel<4, at::native::FillFunctor<float>, std::array<char*, 1ul> >",0.271356783919598,0.00022673366834170854,0.0024171082406998384,1.578752495800642e-06,835.5555555555555,840.0,760,4160.0,1980.9045226130654,2,256,16,0.78125,8,16,0,0,"(512, 1, 1)/(256, 1, 1)",1.0,1.0,1,"WG<64,OCC<25"
prof-base,120-319,decode:199,Agent 2,AMD Radeon RX 9070,"at::native::reduce_kernel<512, 1, at::native::ReduceOp<float, at::native::ArgMaxOps<float>, unsigned int, long, 4, 4> >",0.010050251256281407,0.00011135678391959799,0.001187125855804708,7.753802151361309e-07,11080.0,11080.0,10800,10760.0,108.14070351758794,64,512,1024,50.0,40,16,0,512,"(512, 64, 1)/(512, 1, 1)",1.0,0.0,1,
prof-base,120-319,decode:199,Agent 2,AMD Radeon RX 9070,"at::native::elementwise_kernel_manual_unroll<128, 4, at::native::gpu_kernel_impl<at::native::BinaryFunctor<c10::BFloat16, c10::BFloat16, c10::BFloat16",0.005025125628140704,6.793969849246232e-05,0.0007242753416281431,4.73065907429625e-07,13520.0,13520,13520,4160,20.90452261306533,4,128,16,0.78125,24,16,0,0,"(512, 1, 1)/(128, 1, 1)",1.0,1.0,1,"WG<64,OCC<25"
prof-base,120-319,decode:199,Agent 2,AMD Radeon RX 9070,"at::native::elementwise_kernel_manual_unroll<128, 4, at::native::gpu_kernel_impl_nocast<at::native::direct_copy_kernel_cuda(at::TensorIteratorBase&)::",0.020100502512562814,5.42713567839196e-05,0.0005785631427207061,3.778928846331324e-07,2700.0,2680.0,2480,4340.0,87.03517587939699,1,128,4,0.1953125,24,16,0,0,"(128, 1, 1)/(128, 1, 1)",1.0,1.0,1,"WG<64,OCC<25"
prof-base,120-319,decode:199,Agent 2,AMD Radeon RX 9070,__amd_rocclr_fillBufferAligned,0.01507537688442211,3.9396984924623115e-05,0.0004199939850861422,2.7432224217812575e-07,2613.3333333333335,2640,2320,4440,66.33165829145729,1,256,8,0.390625,16,16,0,0,"(256, 1, 1)/(256, 1, 1)",1.0,1.0,1,"WG<64,OCC<25"
prof-base,120-319,decode:199,Agent 2,AMD Radeon RX 9070,"at::native::index_elementwise_kernel<128, 4, at::native::gpu_index_kernel<at::native::index_kernel_impl<at::native::OpaqueType<2> >(at::TensorIterator",0.010050251256281407,3.236180904522613e-05,0.0003449950591779025,2.2533612750346043e-07,3220.0,3220.0,3200,68740.0,690.8542713567839,4,128,16,0.78125,16,16,0,0,"(512, 1, 1)/(128, 1, 1)",1.0,1.0,1,"WG<64,OCC<25"
prof-base,120-319,decode:199,Agent 2,AMD Radeon RX 9070,"at::native::index_elementwise_kernel<128, 4, at::native::gpu_index_kernel<at::native::index_put_kernel_impl<at::native::OpaqueType<4> >(at::TensorIter",0.010050251256281407,3.095477386934673e-05,0.00032999527399625453,2.1553890456852738e-07,3080.0,3080.0,3000,16380.0,164.62311557788945,1,128,4,0.1953125,16,16,0,0,"(128, 1, 1)/(128, 1, 1)",1.0,1.0,1,"WG<64,OCC<25"
prof-base,120-319,decode:199,Agent 2,AMD Radeon RX 9070,rocprim::ROCPRIM_400200_NS::detail::trampoline_kernel<rocprim::ROCPRIM_400200_NS::detail::wrapped_partition_config<rocprim::ROCPRIM_400200_NS::default,0.010050251256281407,2.9748743718592967e-05,0.00031713831526912776,2.0714128491001333e-07,2960.0,2960.0,2960,48300.0,485.42713567839195,1,256,8,0.390625,64,16,0,12800,"(256, 1, 1)/(256, 1, 1)",1.0,1.0,1,"WG<64,OCC<25"
prof-base,120-319,decode:199,Agent 2,AMD Radeon RX 9070,"at::native::vectorized_elementwise_kernel<4, at::native::BUnaryFunctor<int, int, int, at::native::binary_internal::div_floor_kernel_cuda(at::TensorIte",0.010050251256281407,2.0301507537688446e-05,0.00021642547190663447,1.413599309183199e-07,2020.0,2020.0,1800,28380.0,285.22613065326635,1,256,8,0.390625,16,16,0,0,"(256, 1, 1)/(256, 1, 1)",1.0,1.0,1,"WG<64,OCC<25"
prof-base,120-319,decode:199,Agent 2,AMD Radeon RX 9070,"anon::elementwise_kernel_with_index_grid_stride<int, at::native::arange_cuda_out(c10::Scalar const&, c10::Scalar const&, c10::Scalar const&, at::Tenso",0.010050251256281407,1.92964824120603e-05,0.00020571133963402882,1.3436191453622485e-07,1920.0,1920.0,1600,10540.0,105.92964824120602,1,128,4,0.1953125,8,16,0,0,"(128, 1, 1)/(128, 1, 1)",1.0,1.0,1,"WG<64,OCC<25"
prof-base,120-319,decode:199,Agent 2,AMD Radeon RX 9070,"at::native::vectorized_elementwise_kernel<4, at::native::compare_scalar_kernel<int>(at::TensorIteratorBase&, at::native::anon::OpType, int)::{lambda(i",0.010050251256281407,1.7688442211055274e-05,0.00018856872799785974,1.231650883248728e-07,1760.0,1760.0,1520,4200.0,42.21105527638191,1,256,8,0.390625,24,16,0,0,"(256, 1, 1)/(256, 1, 1)",1.0,1.0,1,"WG<64,OCC<25"
prof-base,120-319,decode:199,Agent 2,AMD Radeon RX 9070,"rocprim::ROCPRIM_400200_NS::detail::init_lookback_scan_state_kernel<rocprim::ROCPRIM_400200_NS::detail::lookback_scan_state<unsigned long, false, true",0.010050251256281407,1.608040201005025e-05,0.00017142611636169068,1.1196826211352072e-07,1600.0,1600.0,1600,4360.0,43.81909547738694,1,256,8,0.390625,8,16,0,0,"(256, 1, 1)/(256, 1, 1)",1.0,1.0,1,"WG<64,OCC<25"
prof-base,120-319,decode:199,Agent 2,AMD Radeon RX 9070,"at::native::vectorized_elementwise_kernel<16, at::native::BinaryFunctor<bool, bool, bool, at::native::BitwiseAndFunctor<bool> >, std::array<char*, 3ul",0.010050251256281407,1.5879396984924624e-05,0.00016928328990716953,1.105686588371017e-07,1580.0,1580.0,1560,4460.0,44.824120603015075,1,256,8,0.390625,40,16,0,0,"(256, 1, 1)/(256, 1, 1)",1.0,1.0,1,"WG<64,OCC<25"
prof-base,120-319,decode:199,Agent 2,AMD Radeon RX 9070,"anon::gated_mul_kernel<__hip_bfloat16, anon::SiluAct>",0.010050251256281407,1.507537688442211e-05,0.000160711984089085,1.0497024573142566e-07,1500.0,1500.0,1480,4300.0,43.21608040201005,3,256,24,1.171875,72,16,0,0,"(768, 1, 1)/(256, 1, 1)",1.0,1.0,1,"WG<64,OCC<25"
prof-base,120-319,decode:199,Agent 2,AMD Radeon RX 9070,"at::native::elementwise_kernel_manual_unroll<128, 4, at::native::gpu_kernel_impl_nocast<at::native::BUnaryFunctor<int, int, int, at::native::binary_in",0.005025125628140704,1.306532663316583e-05,0.00013928371954387368,9.097421296723558e-08,2600.0,2600,2600,4240,21.306532663316585,1,128,4,0.1953125,24,16,0,0,"(128, 1, 1)/(128, 1, 1)",1.0,1.0,1,"WG<64,OCC<25"
prof-base,120-319,decode:199,Agent 2,AMD Radeon RX 9070,"at::native::vectorized_elementwise_kernel<4, at::native::CUDAFunctorOnSelf_add<int>, std::array<char*, 2ul> >",0.010050251256281407,1.2462311557788946e-05,0.00013285524018031027,8.677540313797856e-08,1240.0,1240.0,1240,4300.0,43.21608040201005,1,256,8,0.390625,16,16,0,0,"(256, 1, 1)/(256, 1, 1)",1.0,1.0,1,"WG<64,OCC<25"
prof-base,120-319,decode:199,Agent 2,AMD Radeon RX 9070,"at::native::vectorized_elementwise_kernel<4, at::native::anon::launch_clamp_scalar(at::TensorIteratorBase&, c10::Scalar, c10::Scalar, at::native::deta",0.010050251256281407,1.206030150753769e-05,0.000128569587271268,8.397619658514053e-08,1200.0,1200.0,1200,4240.0,42.61306532663317,1,256,8,0.390625,16,16,0,0,"(256, 1, 1)/(256, 1, 1)",1.0,1.0,1,"WG<64,OCC<25"
prof-base,120-319,decode:199,Agent 2,AMD Radeon RX 9070,rocprim::ROCPRIM_400200_NS::detail::trampoline_kernel<rocprim::ROCPRIM_400200_NS::detail::wrapped_transform_config<rocprim::ROCPRIM_400200_NS::default,0.005025125628140704,8.442211055276381e-06,8.99987110898876e-05,5.878333760959837e-08,1680.0,1680,1680,4520,22.71356783919598,1,1024,32,1.5625,8,16,0,0,"(1024, 1, 1)/(1024, 1, 1)",1.0,1.0,1,"WG<64,OCC<25"
prof-base,620-819,decode:199,Agent 1,AMD Radeon RX 9070 XT,"custom_ar::one_shot_ar_vec_kernel<__hip_bfloat16, 8>",95.0,6.196795738693467,0.27063328771919315,0.038063377673921685,65229.42882835229,36361,9560,0,226427.22613065326,8,256,64,3.125,32,16,0,512,"(2048, 1, 1)/(256, 1, 1)",1.0,1.0,1,"WG<64,OCC<25"
prof-base,620-819,decode:199,Agent 1,AMD Radeon RX 9070 XT,"gemv_decode::gemv_decode_core<__hip_bfloat16, gemv_decode::Bf16GemvLoader<__hip_bfloat16>, false, false, false, 16, 8, 1, false, 0>",144.0,3.353418381909548,0.14645418052548315,0.02059813422157539,23287.627652149637,12960.0,11040,0.0,9360456.989949748,128,512,2048,100.0,32,16,0,512,"(65536, 1, 1)/(512, 1, 1)",0.48354891319793863,0.3546833732811198,5,
prof-base,620-819,decode:199,Agent 1,AMD Radeon RX 9070 XT,"gemv_decode::gemv_decode_core<__hip_bfloat16, gemv_decode::Int4Fp8GemvLoader, true, true, false, 32, 8, 1, false, 0>",46.0,2.6371944422110554,0.1151744598896269,0.016198779544508733,57330.313961109896,57520.0,45961,0.0,44341.090452261305,576,1024,18432,75.0,112,12,0,512,"(24576, 24, 1)/(1024, 1, 1)",1.0,0.0,1,
prof-base,620-819,decode:199,Agent 1,AMD Radeon RX 9070 XT,"w4a8_fp8_moe::moe_gemm2_gather_reduce_core<__hip_bfloat16, gemv_decode::Int4Fp8GemvLoader, 8, 4, false>",46.0,2.096838924623116,0.09157545865921628,0.012879684158532096,45583.45488311121,45601.0,42681,0.0,45668.030150753766,384,256,3072,75.0,120,12,0,0,"(16384, 6, 1)/(256, 1, 1)",1.0,0.0,1,
prof-base,620-819,decode:199,Agent 1,AMD Radeon RX 9070 XT,"mla_attend::mla_combine_kernel<__hip_bfloat16, 512>",47.0,1.8245931155778894,0.07968563987599854,0.011207433613766575,38821.1301186785,39001,31880,0,316104.391959799,60,256,480,23.4375,24,16,0,0,"(2560, 6, 1)/(256, 1, 1)",1.0,1.0,1,"WG<64,OCC<25"
prof-base,620-819,decode:199,Agent 1,AMD Radeon RX 9070 XT,"gemv_decode::gemv_decode_core<__hip_bfloat16, gemv_decode::Bf16GemvLoader<__hip_bfloat16>, false, false, false, 8, 8, 1, true, 0>",47.0,1.771385376884422,0.07736189291677525,0.010880608858124106,37689.05057200898,37640,32761,0,266210.8140703518,10,256,80,3.90625,32,16,0,512,"(2560, 1, 1)/(256, 1, 1)",1.0,1.0,1,"WG<64,OCC<25"
prof-base,620-819,decode:199,Agent 1,AMD Radeon RX 9070 XT,"gemv_decode::gemv_decode_core<__hip_bfloat16, gemv_decode::Int4Fp8GemvLoader, false, true, false, 16, 8, 1, false, 0>",46.0,0.9411763015075377,0.041104087909484555,0.0057811085813810285,20460.354380598645,20440.0,19440,0.0,50953.31155778895,96,512,1536,75.0,96,16,0,512,"(49152, 1, 1)/(512, 1, 1)",1.0,0.0,1,
prof-base,620-819,decode:199,Agent 1,AMD Radeon RX 9070 XT,"at::native::elementwise_kernel_manual_unroll<128, 4, at::native::gpu_kernel_impl_nocast<at::native::BinaryFunctor<float, float, float, at::native::bin",423.0,0.6870460703517587,0.030005432593628083,0.004220131687073568,1624.222388538437,1560,1280,0,24166372.075376883,4,128,16,0.78125,24,16,0,0,"(512, 1, 1)/(128, 1, 1)",0.48802483881033837,1.0,3,"WG<64,OCC<25"
prof-base,620-819,decode:199,Agent 1,AMD Radeon RX 9070 XT,"gemv_decode::gemv_decode_core<__hip_bfloat16, gemv_decode::Int4Fp8GemvLoader, false, false, false, 16, 8, 1, false, 0>",46.0,0.6368196934673367,0.027811890950552982,0.00391161973458059,13843.90637972471,13760.0,13400,0.0,28689.30150753769,128,512,2048,100.0,88,16,0,512,"(65536, 1, 1)/(512, 1, 1)",1.0,0.0,1,
prof-base,620-819,decode:199,Agent 1,AMD Radeon RX 9070 XT,Cijk_Ailk_Bljk_BBS_BH_Bias_HA_S_SAV_UserArgs_MT128x128x32_MI16x16x1_SN_LDSB0_AFC1_AFEM1_AFEM1_ASEM1_CLR0_CADS0_DTLA0_DTLB0_DTVA0_DTVB0_EPS0_FDSI0_GRPM,47.0,0.6296849447236181,0.02750029434627794,0.003867795047194984,13397.55201539613,13400,12040,0,38128.23115577889,40,128,160,7.8125,256,5,0,51200,"(512, 1, 10)/(128, 1, 1)",1.0,1.0,1,"WG<64,OCC<25"
prof-base,620-819,decode:199,Agent 1,AMD Radeon RX 9070 XT,Cijk_Alik_Bljk_BBS_BH_Bias_HA_S_SAV_UserArgs_MT16x16x32_MI16x16x1_SN_LDSB0_AFC1_AFEM1_AFEM1_ASEM1_CLR1_CADS0_DTLA0_DTLB0_DTVA0_DTVB1_EPS0_FDSI0_GRPM1_,46.0,0.6229858592964824,0.027207724510138767,0.0038266463907868425,13543.170854271357,13521.0,12680,0.0,40294.909547738695,4,32,4,0.1953125,120,12,0,3584,"(128, 1, 1)/(32, 1, 1)",1.0,1.0,1,"WG<64,OCC<25"
prof-base,620-819,decode:199,Agent 1,AMD Radeon RX 9070 XT,"mla_attend::mla_split_kernel<__hip_bfloat16, 512, 64, 16, mla_attend::CacheFp8, false>",47.0,0.5995497185929648,0.02618419556429363,0.0036826915611565796,12756.376991339677,12480,8960,0,10416945.070351759,960,256,7680,100.0,72,16,0,16896,"(2560, 6, 16)/(256, 1, 1)",1.0,0.0,1,
prof-base,620-819,decode:199,Agent 1,AMD Radeon RX 9070 XT,Cijk_Alik_Bljk_BBS_BH_Bias_HA_S_SAV_UserArgs_MT64x64x32_MI16x16x1_SN_LDSB0_AFC1_AFEM1_AFEM1_ASEM1_CLR1_CADS0_DTLA0_DTLB0_DTVA1_DTVB0_EPS0_FDSI0_GRPM1_,47.0,0.5511811708542714,0.024071791081604437,0.0033855911922318536,11727.2589543462,11720,11200,0,166255.25628140703,40,128,160,7.8125,128,10,0,13312,"(512, 1, 10)/(128, 1, 1)",1.0,1.0,1,"WG<64,OCC<25"
prof-base,620-819,decode:199,Agent 1,AMD Radeon RX 9070 XT,"at::native::elementwise_kernel_manual_unroll<128, 8, at::native::gpu_kernel_impl_nocast<at::native::direct_copy_kernel_cuda(at::TensorIteratorBase&)::",189.0,0.40277891959798995,0.017590604536816844,0.0024740409047248734,2131.1053946983593,2240,1360,1456,21851066.422110554,15,128,60,2.9296875,32,16,0,0,"(1920, 1, 1)/(128, 1, 1)",0.28847704462234447,0.9816000909760028,5,"WG<64,OCC<25"
prof-base,620-819,decode:199,Agent 1,AMD Radeon RX 9070 XT,w4a8_fp8_wmma::compute_act_fp8_and_scales_kernel<__hip_bfloat16>,92.0,0.30372039698492465,0.013264411649098355,0.0018655809655827146,3301.3086628796154,3440.0,2840,9731.5,1152755.407035176,6,256,48,2.34375,16,16,0,512,"(1536, 1, 1)/(256, 1, 1)",1.0,1.0,1,"WG<64,OCC<25"
prof-base,620-819,decode:199,Agent 1,AMD Radeon RX 9070 XT,"at::native::vectorized_elementwise_kernel<4, at::native::bfloat16tofloat32_copy_kernel_cuda(at::TensorIteratorBase&)::{lambda(c10::BFloat16)#1}, std::",142.0,0.28376806030150753,0.01239303122895691,0.0017430251546954787,1998.3666218416024,2160.0,1240,0.0,3824517.145728643,2,256,16,0.78125,16,16,0,0,"(512, 1, 1)/(256, 1, 1)",0.7549105147164918,0.9817367124300892,3,"WG<64,OCC<25"
prof-base,620-819,decode:199,Agent 1,AMD Radeon RX 9070 XT,"at::native::vectorized_elementwise_kernel<4, at::native::bfloat16_copy_kernel_cuda(at::TensorIteratorBase&)::{lambda(float)#1}, std::array<char*, 2ul>",140.0,0.22660647236180906,0.009896607411277219,0.0013919141608952266,1618.6176597272074,1360.0,1000,1586.0,13561616.060301507,2,256,16,0.78125,32,16,0,0,"(512, 1, 1)/(256, 1, 1)",0.4839701740479943,1.0,3,"WG<64,OCC<25"
prof-base,620-819,decode:199,Agent 1,AMD Radeon RX 9070 XT,"at::native::vectorized_elementwise_kernel<4, at::native::CUDAFunctor_add<float>, std::array<char*, 3ul> >",188.0,0.22163785427135677,0.00967961245034219,0.0013613947771896344,1178.9247567625362,1200.0,960,0.0,11852468.75879397,2,256,16,0.78125,16,16,0,0,"(512, 1, 1)/(256, 1, 1)",0.5295335210344604,1.0,2,"WG<64,OCC<25"
prof-base,620-819,decode:199,Agent 1,AMD Radeon RX 9070 XT,"at::native::anon::CatArrayBatchedCopy_contig<at::native::anon::OpaqueType<4u>, unsigned int, 3, 128, 1>",94.0,0.1995544472361809,0.008715161578958313,0.0012257490180341028,2122.919651448733,2180.0,1360,0.0,385231.2311557789,2,256,16,0.78125,16,16,0,0,"(256, 2, 1)/(256, 1, 1)",1.0,1.0,1,"WG<64,OCC<25"
prof-base,620-819,decode:199,Agent 1,AMD Radeon RX 9070 XT,"anon::rms_norm_kernel<__hip_bfloat16, false>",95.0,0.1880827487437186,0.008214156929191856,0.0011552849248652008,1979.8184078286167,1960,1720,2526,1145806.9045226132,6,256,48,2.34375,32,16,0,512,"(1536, 1, 1)/(256, 1, 1)",1.0,1.0,1,"WG<64,OCC<25"
prof-base,620-819,decode:199,Agent 1,AMD Radeon RX 9070 XT,w4a8_fp8_moe::moe_compute_act_fp8_kernel<__hip_bfloat16>,46.0,0.18326377386934675,0.008003697351584025,0.0011256847139854036,3983.9950841162336,3960.0,3800,0.0,5571510.703517588,384,256,3072,100.0,16,16,0,512,"(98304, 1, 1)/(256, 1, 1)",1.0,0.0,1,
prof-base,620-819,decode:199,Agent 1,AMD Radeon RX 9070 XT,"at::native::anon::CatArrayBatchedCopy<at::native::anon::OpaqueType<2u>, unsigned int, 3, 64, 64>",47.0,0.15079980904522614,0.006585895328856,0.0009262771159299055,3208.506575430343,3200,2960,9952,1149712.9246231157,30,256,240,11.71875,8,16,0,0,"(3840, 2, 1)/(256, 1, 1)",1.0,1.0,1,"WG<64,OCC<25"
prof-base,620-819,decode:199,Agent 1,AMD Radeon RX 9070 XT,"at::native::elementwise_kernel_manual_unroll<128, 4, at::native::gpu_kernel_impl<at::native::direct_copy_kernel_cuda(at::TensorIteratorBase&)::{lambda",97.0,0.14983525628140704,0.006543770318341124,0.0009203524190891779,1544.6933637258458,1480,1240,183,20165481.442211054,1,128,4,0.1953125,16,16,0,0,"(128, 1, 1)/(128, 1, 1)",1.0,1.0,1,"WG<64,OCC<25"
prof-base,620-819,decode:199,Agent 1,AMD Radeon RX 9070 XT,"anon::moe_topk_softmax_kernel<1, 4, true, c10::BFloat16, moe_core::SigmoidBiasScore<c10::BFloat16> >",46.0,0.14717685427135677,0.006427669658193998,0.0009040233735655652,3199.4968319860172,3200.0,2920,1338.0,517174.3768844221,6,256,48,2.34375,32,16,0,4096,"(1536, 1, 1)/(256, 1, 1)",1.0,1.0,1,"WG<64,OCC<25"
prof-base,620-819,decode:199,Agent 1,AMD Radeon RX 9070 XT,ncclDevKernel_Generic_4,1.0,0.13396947738693468,0.0058508625502786986,0.0008228979991572142,133969.47738693468,134121,101881,4002,3737.6984924623116,2,256,16,0.78125,256,5,776,21504,"(512, 1, 1)/(256, 1, 1)",1.0,1.0,1,"WG<64,OCC<25,SPILL776B"
prof-base,620-819,decode:199,Agent 1,AMD Radeon RX 9070 XT,"anon::rms_norm_add_kernel<__hip_bfloat16, true>",46.0,0.12972182914572863,0.005665354578567724,0.0007968071215409894,2820.039764037579,2800.0,2560,12369.0,672330.5025125628,6,256,48,2.34375,40,16,0,512,"(1536, 1, 1)/(256, 1, 1)",1.0,1.0,1,"WG<64,OCC<25"
prof-base,620-819,decode:199,Agent 1,AMD Radeon RX 9070 XT,anon::moe_align_kernel,46.0,0.12601063316582914,0.005503275140780379,0.0007740113638362763,2739.3615905615034,2720.0,2560,7211.0,765845.1155778895,1,256,8,0.390625,16,16,0,1536,"(256, 1, 1)/(256, 1, 1)",1.0,1.0,1,"WG<64,OCC<25"
prof-base,620-819,decode:199,Agent 1,AMD Radeon RX 9070 XT,"at::native::index_elementwise_kernel<128, 4, at::native::gpu_index_kernel<at::native::index_put_kernel_impl<at::native::OpaqueType<1> >(at::TensorIter",47.0,0.12286095477386935,0.005365718917464568,0.0007546646880315591,2614.062867529135,2600,2240,0,356036.7185929648,7,128,28,1.3671875,16,16,0,0,"(896, 1, 1)/(128, 1, 1)",1.0,1.0,1,"WG<64,OCC<25"
prof-base,620-819,decode:199,Agent 1,AMD Radeon RX 9070 XT,"at::native::anon::CatArrayBatchedCopy_contig<at::native::anon::OpaqueType<2u>, unsigned int, 2, 128, 1>",47.0,0.11819028140703518,0.0051617361266109016,0.0007259754086281331,2514.686838447557,2480,2240,0,399165.1256281407,4,256,32,1.5625,8,16,0,0,"(512, 2, 1)/(256, 1, 1)",1.0,1.0,1,"WG<64,OCC<25"
prof-base,620-819,decode:199,Agent 1,AMD Radeon RX 9070 XT,"anon::rms_norm_add_kernel<__hip_bfloat16, false>",48.0,0.11252630653266332,0.004914372778447138,0.000691184845267677,2344.298052763819,2320.0,1880,132.0,304626.1457286432,6,256,48,2.34375,32,16,0,512,"(1536, 1, 1)/(256, 1, 1)",1.0,1.0,1,"WG<64,OCC<25"
prof-base,620-819,decode:199,Agent 1,AMD Radeon RX 9070 XT,"at::native::vectorized_elementwise_kernel<4, at::native::ConvertToFloat8E4M3fnOp<float>, std::array<char*, 2ul> >",47.0,0.11228272864321608,0.004903734976619139,0.0006896886853827941,2388.994226451406,2360,2040,0,3579255.8040201003,1,256,8,0.390625,40,16,0,0,"(256, 1, 1)/(256, 1, 1)",1.0,1.0,1,"WG<64,OCC<25"
prof-base,620-819,decode:199,Agent 1,AMD Radeon RX 9070 XT,__amd_rocclr_copyBuffer,23.12060301507538,0.08075277386934673,0.0035267240693839037,0.0004960181777193454,3492.6759400130404,2520,1160,20007.5,1517958.4422110552,1,512,16,0.78125,16,16,0,0,"(512, 1, 1)/(512, 1, 1)",0.9086377044346906,1.0,4,"WG<64,OCC<25"
prof-base,620-819,decode:199,Agent 1,AMD Radeon RX 9070 XT,"at::native::vectorized_gather_kernel<16, long>",48.0,0.06023124623115578,0.00263048531504425,0.0003699661518213649,1254.8176298157455,1240.0,1040,244.0,510867.93467336684,6,32,6,0.29296875,16,16,0,0,"(192, 1, 1)/(32, 1, 1)",0.9744468096076612,1.0,2,"WG<64,OCC<25"
prof-base,620-819,decode:199,Agent 1,AMD Radeon RX 9070 XT,w4a8_fp8_moe::moe_build_inverse_map_kernel,46.0,0.0556040351758794,0.002428400658123789,0.0003415438365796065,1208.7833733886825,1200.0,1080,6197.5,691167.8341708543,2,256,16,0.78125,8,16,0,0,"(512, 1, 1)/(256, 1, 1)",1.0,1.0,1,"WG<64,OCC<25"
prof-base,620-819,decode:199,Agent 1,AMD Radeon RX 9070 XT,"at::native::vectorized_elementwise_kernel<8, at::native::CUDAFunctor_add<c10::BFloat16>, std::array<char*, 3ul> >",46.0,0.05340165326633166,0.002332215809997772,0.00032801586213276716,1160.9055057898186,1120.0,1040,8227.5,515041.01005025127,6,256,48,2.34375,32,16,0,0,"(1536, 1, 1)/(256, 1, 1)",1.0,1.0,1,"WG<64,OCC<25"
prof-base,620-819,decode:199,Agent 1,AMD Radeon RX 9070 XT,"at::native::vectorized_elementwise_kernel<4, at::native::FillFunctor<int>, std::array<char*, 1ul> >",46.0,0.043055969849246235,0.001880387730626853,0.00026446823658486126,935.9993445488311,880.0,760,1555.0,302774.59798994975,1,256,8,0.390625,8,16,0,0,"(256, 1, 1)/(256, 1, 1)",1.0,1.0,1,"WG<64,OCC<25"
prof-base,620-819,decode:199,Agent 1,AMD Radeon RX 9070 XT,"at::native::vectorized_elementwise_kernel<4, at::native::FillFunctor<float>, std::array<char*, 1ul> >",46.0,0.04038805025125628,0.0017638714078979838,0.0002480807299533518,878.0010924186148,880.0,760,2942.5,5688203.085427135,12,256,96,4.6875,8,16,0,0,"(3072, 1, 1)/(256, 1, 1)",1.0,1.0,1,"WG<64,OCC<25"
prof-base,620-819,decode:199,Agent 1,AMD Radeon RX 9070 XT,"at::native::reduce_kernel<512, 1, at::native::ReduceOp<float, at::native::ArgMaxOps<float>, unsigned int, long, 4, 4> >",1.0,0.0301393216080402,0.001316277644182895,0.00018512864221735656,30139.3216080402,29680,28000,3921,4539.381909547738,320,512,5120,100.0,40,16,0,512,"(640, 256, 1)/(128, 4, 1)",1.0,0.0,1,
prof-base,620-819,decode:199,Agent 1,AMD Radeon RX 9070 XT,"at::native::elementwise_kernel_manual_unroll<128, 4, at::native::gpu_kernel_impl_nocast<at::native::BUnaryFunctor<int, int, int, at::native::binary_in",5.0,0.018331366834170856,0.0008005876397927278,0.00011259911872379413,3666.2733668341707,2360,1880,3600,64838.502512562816,1,128,4,0.1953125,24,16,0,0,"(128, 1, 1)/(128, 1, 1)",1.0,1.0,1,"WG<64,OCC<25"
prof-base,620-819,decode:199,Agent 1,AMD Radeon RX 9070 XT,"at::native::elementwise_kernel_manual_unroll<128, 4, at::native::gpu_kernel_impl<at::native::BinaryFunctor<c10::BFloat16, c10::BFloat16, c10::BFloat16",1.0,0.013354281407035175,0.0005832228840054073,8.202772500404895e-05,13354.281407035176,13320,12240,4469,47826.065326633165,24,128,96,4.6875,24,16,0,0,"(3072, 1, 1)/(128, 1, 1)",1.0,1.0,1,"WG<64,OCC<25"
prof-base,620-819,decode:199,Agent 1,AMD Radeon RX 9070 XT,"at::native::anon::CatArrayBatchedCopy<at::native::anon::OpaqueType<4u>, unsigned int, 1, 64, 64>",1.0,0.009936165829145728,0.0004339431762893273,6.103219285153162e-05,9936.165829145728,11961,2320,4834,15453.095477386934,6,256,48,2.34375,8,16,0,0,"(256, 6, 1)/(256, 1, 1)",1.0,1.0,1,"WG<64,OCC<25"
prof-base,620-819,decode:199,Agent 1,AMD Radeon RX 9070 XT,"at::native::index_elementwise_kernel<128, 4, at::native::gpu_index_kernel<at::native::index_kernel_impl<at::native::OpaqueType<4> >(at::TensorIterator",2.0,0.008121256281407035,0.00035468044785202756,4.9884239865405044e-05,4060.6281407035176,3100.0,2600,19837.5,56373.497487437184,1,128,4,0.1953125,16,16,0,0,"(128, 1, 1)/(128, 1, 1)",1.0,1.0,1,"WG<64,OCC<25"
prof-base,620-819,decode:199,Agent 1,AMD Radeon RX 9070 XT,__amd_rocclr_fillBufferAligned,3.0,0.007572733668341709,0.0003307247642339177,4.6514978675557596e-05,2524.244556113903,2280,1760,4071,12330.281407035176,1,256,8,0.390625,16,16,0,0,"(256, 1, 1)/(256, 1, 1)",1.0,1.0,1,"WG<64,OCC<25"
prof-base,620-819,decode:199,Agent 1,AMD Radeon RX 9070 XT,"at::native::vectorized_elementwise_kernel<4, at::native::BUnaryFunctor<int, int, int, at::native::binary_internal::div_floor_kernel_cuda(at::TensorIte",2.0,0.006807708542713568,0.00029731374446385423,4.181586618020805e-05,3403.854271356784,2160.0,1520,14322.0,54580.427135678394,1,256,8,0.390625,16,16,0,0,"(256, 1, 1)/(256, 1, 1)",1.0,1.0,1,"WG<64,OCC<25"
prof-base,620-819,decode:199,Agent 1,AMD Radeon RX 9070 XT,"at::native::index_elementwise_kernel<128, 4, at::native::gpu_index_kernel<at::native::index_put_kernel_impl<at::native::OpaqueType<4> >(at::TensorIter",2.0603015075376883,0.006382582914572864,0.0002787471898622556,3.9204562205519585e-05,3097.887804878049,2960.0,2440,41283.0,127833.63819095478,1,128,4,0.1953125,16,16,0,0,"(128, 1, 1)/(128, 1, 1)",1.0,1.0,1,"WG<64,OCC<25"
prof-base,620-819,decode:199,Agent 1,AMD Radeon RX 9070 XT,"at::native::elementwise_kernel_manual_unroll<128, 4, at::native::gpu_kernel_impl_nocast<at::native::direct_copy_kernel_cuda(at::TensorIteratorBase&)::",2.0,0.005401261306532663,0.0002358898319158729,3.317686393023487e-05,2700.6306532663316,2360.0,1960,3911.0,8865.38190954774,1,128,4,0.1953125,24,16,0,0,"(128, 1, 1)/(128, 1, 1)",1.0,1.0,1,"WG<64,OCC<25"
prof-base,620-819,decode:199,Agent 1,AMD Radeon RX 9070 XT,"anon::elementwise_kernel_with_index_grid_stride<int, at::native::arange_cuda_out(c10::Scalar const&, c10::Scalar const&, c10::Scalar const&, at::Tenso",1.0603015075376885,0.0036072562814070354,0.0001575400688112286,2.2157315489435762e-05,3402.104265402844,2360,1280,17620,33250.753768844224,1,128,4,0.1953125,8,16,0,0,"(128, 1, 1)/(128, 1, 1)",1.0,1.0,1,"WG<64,OCC<25"
prof-base,620-819,decode:199,Agent 1,AMD Radeon RX 9070 XT,"at::native::vectorized_elementwise_kernel<4, at::native::compare_scalar_kernel<int>(at::TensorIteratorBase&, at::native::anon::OpType, int)::{lambda(i",2.0,0.0034496783919597987,0.00015065815369069753,2.118940449607547e-05,1724.8391959798994,1760.0,1320,3815.0,11560.708542713568,1,256,8,0.390625,24,16,0,0,"(256, 1, 1)/(256, 1, 1)",1.0,1.0,1,"WG<64,OCC<25"
prof-base,620-819,decode:199,Agent 1,AMD Radeon RX 9070 XT,rocprim::ROCPRIM_400200_NS::detail::trampoline_kernel<rocprim::ROCPRIM_400200_NS::detail::wrapped_partition_config<rocprim::ROCPRIM_400200_NS::default,1.0,0.0032368190954773866,0.0001413619280834976,1.988193138657395e-05,3236.819095477387,2760,2600,4252,4211.226130653266,1,256,8,0.390625,64,16,0,12800,"(256, 1, 1)/(256, 1, 1)",1.0,1.0,1,"WG<64,OCC<25"
prof-base,620-819,decode:199,Agent 1,AMD Radeon RX 9070 XT,rocprim::ROCPRIM_400200_NS::detail::trampoline_kernel<rocprim::ROCPRIM_400200_NS::detail::wrapped_transform_config<rocprim::ROCPRIM_400200_NS::default,1.0,0.00220143216080402,9.614336965297067e-05,1.352214068264061e-05,2201.43216080402,2160,1520,56978,56906.6432160804,1,1024,32,1.5625,8,16,0,0,"(1024, 1, 1)/(1024, 1, 1)",1.0,1.0,1,"WG<64,OCC<25"
prof-base,620-819,decode:199,Agent 1,AMD Radeon RX 9070 XT,rocprim::ROCPRIM_400200_NS::detail::trampoline_kernel<rocprim::ROCPRIM_400200_NS::detail::wrapped_reduce_config<rocprim::ROCPRIM_400200_NS::default_co,1.0,0.002104547738693467,9.191212647662527e-05,1.2927035001411371e-05,2104.547738693467,2080,1880,9517,11637.075376884422,1,256,8,0.390625,8,16,0,512,"(256, 1, 1)/(256, 1, 1)",1.0,1.0,1,"WG<64,OCC<25"
prof-base,620-819,decode:199,Agent 1,AMD Radeon RX 9070 XT,"rocprim::ROCPRIM_400200_NS::detail::init_lookback_scan_state_kernel<rocprim::ROCPRIM_400200_NS::detail::lookback_scan_state<unsigned long, false, true",1.0,0.0017523618090452262,7.653107471240498e-05,1.0763757943893156e-05,1752.3618090452262,1520,1360,4203,4916.532663316583,1,256,8,0.390625,8,16,0,0,"(256, 1, 1)/(256, 1, 1)",1.0,1.0,1,"WG<64,OCC<25"
prof-base,620-819,decode:199,Agent 1,AMD Radeon RX 9070 XT,"at::native::vectorized_elementwise_kernel<16, at::native::BinaryFunctor<bool, bool, bool, at::native::BitwiseAndFunctor<bool> >, std::array<char*, 3ul",1.0,0.0015935829145728643,6.959670797781029e-05,9.788469862471983e-06,1593.5829145728644,1560,1400,5623,6330.497487437186,1,256,8,0.390625,40,16,0,0,"(256, 1, 1)/(256, 1, 1)",1.0,1.0,1,"WG<64,OCC<25"
prof-base,620-819,decode:199,Agent 1,AMD Radeon RX 9070 XT,"anon::gated_mul_kernel<__hip_bfloat16, anon::SiluAct>",1.0,0.0015310603015075376,6.686615156701726e-05,9.404429152624773e-06,1531.0603015075376,1520,1360,3784,6573.140703517588,15,256,120,5.859375,72,16,0,0,"(3840, 1, 1)/(256, 1, 1)",1.0,1.0,1,"WG<64,OCC<25"
prof-base,620-819,decode:199,Agent 1,AMD Radeon RX 9070 XT,"at::native::vectorized_elementwise_kernel<4, at::native::CUDAFunctorOnSelf_add<int>, std::array<char*, 2ul> >",1.0,0.0013316834170854271,5.815874470681601e-05,8.179770801564023e-06,1331.6834170854272,1360,1120,5452,6651.015075376885,1,256,8,0.390625,16,16,0,0,"(256, 1, 1)/(256, 1, 1)",1.0,1.0,1,"WG<64,OCC<25"
prof-base,620-819,decode:199,Agent 1,AMD Radeon RX 9070 XT,"at::native::vectorized_elementwise_kernel<4, at::native::anon::launch_clamp_scalar(at::TensorIteratorBase&, c10::Scalar, c10::Scalar, at::native::deta",1.0,0.0011795075376884422,5.151275211816105e-05,7.245041271239073e-06,1179.5075376884422,1160,1080,4391,3073.497487437186,1,256,8,0.390625,16,16,0,0,"(256, 1, 1)/(256, 1, 1)",1.0,1.0,1,"WG<64,OCC<25"
prof-base,620-819,decode:199,Agent 1,AMD Radeon RX 9070 XT,"at::native::elementwise_kernel_manual_unroll<128, 4, at::native::gpu_kernel_impl_nocast<at::native::CUDAFunctor_add<int> >(at::TensorIteratorBase&, at",0.06030150753768844,0.00015920100502512562,6.9528016115040775e-06,9.77880865509518e-07,2640.0833333333335,2640.0,2400,57668.5,3779.6231155778896,1,128,4,0.1953125,24,16,0,0,"(128, 1, 1)/(128, 1, 1)",1.0,1.0,1,"WG<64,OCC<25"
prof-base,1130-1329,decode:199,Agent 1,AMD Radeon RX 9070 XT,"custom_ar::one_shot_ar_vec_kernel<__hip_bfloat16, 8>",72.41206030150754,4.745589592964825,0.2721630810762735,0.029121359047706276,65535.900693962525,35321.0,9520,0.0,172925.175879397,8,256,64,3.125,32,16,0,512,"(2048, 1, 1)/(256, 1, 1)",1.0,1.0,1,"WG<64,OCC<25"
prof-base,1130-1329,decode:199,Agent 1,AMD Radeon RX 9070 XT,"gemv_decode::gemv_decode_core<__hip_bfloat16, gemv_decode::Bf16GemvLoader<__hip_bfloat16>, false, false, false, 16, 8, 1, false, 0>",110.03517587939699,2.633549663316583,0.15103602544943814,0.016160804429675563,23933.70703749372,12960,11080,0,7476260.43718593,128,512,2048,100.0,32,16,0,512,"(65536, 1, 1)/(512, 1, 1)",0.4802519731174377,0.3486268222088535,5,
prof-base,1130-1329,decode:199,Agent 1,AMD Radeon RX 9070 XT,"gemv_decode::gemv_decode_core<__hip_bfloat16, gemv_decode::Int4Fp8GemvLoader, true, true, false, 32, 8, 1, false, 0>",35.04522613065327,1.7743518844221107,0.10176039590396015,0.010888328476577875,50630.344852308575,50441.0,41281,0.0,33656.02512562814,576,1024,18432,75.0,112,12,0,512,"(24576, 24, 1)/(1024, 1, 1)",1.0,0.0,1,
prof-base,1130-1329,decode:199,Agent 1,AMD Radeon RX 9070 XT,"w4a8_fp8_moe::moe_gemm2_gather_reduce_core<__hip_bfloat16, gemv_decode::Int4Fp8GemvLoader, 8, 4, false>",35.09045226130653,1.5608103618090452,0.08951363128313226,0.009577928740193623,44479.63081770013,44440,39681,0,33276.522613065325,384,256,3072,75.0,120,12,0,0,"(16384, 6, 1)/(256, 1, 1)",1.0,0.0,1,
prof-base,1130-1329,decode:199,Agent 1,AMD Radeon RX 9070 XT,"mla_attend::mla_combine_kernel<__hip_bfloat16, 512>",35.77386934673367,1.39528,0.08002034232523185,0.008562149982864056,39002.770051973595,39041,34040,0,247646.32663316582,60,256,480,23.4375,24,16,0,0,"(2560, 6, 1)/(256, 1, 1)",1.0,1.0,1,"WG<64,OCC<25"
prof-base,1130-1329,decode:199,Agent 1,AMD Radeon RX 9070 XT,"gemv_decode::gemv_decode_core<__hip_bfloat16, gemv_decode::Bf16GemvLoader<__hip_bfloat16>, false, false, false, 8, 8, 1, true, 0>",35.994974874371856,1.3650473165829147,0.07828647551968347,0.008376626812029863,37923.274605612176,37641,32920,0,251058.29648241206,10,256,80,3.90625,32,16,0,512,"(2560, 1, 1)/(256, 1, 1)",1.0,1.0,1,"WG<64,OCC<25"
prof-base,1130-1329,decode:199,Agent 1,AMD Radeon RX 9070 XT,"gemv_decode::gemv_decode_core<__hip_bfloat16, gemv_decode::Int4Fp8GemvLoader, false, true, false, 16, 8, 1, false, 0>",35.14070351758794,0.7244851356783919,0.04154975959415097,0.004445810440939458,20616.694122694124,20440,18720,0,40843.33668341709,96,512,1536,75.0,96,16,0,512,"(49152, 1, 1)/(512, 1, 1)",1.0,0.0,1,
prof-base,1130-1329,decode:199,Agent 1,AMD Radeon RX 9070 XT,"mla_attend::mla_split_kernel<__hip_bfloat16, 512, 64, 16, mla_attend::CacheFp8, false>",35.768844221105525,0.5391113015075377,0.030918432786275478,0.00330826201261724,15072.091739252599,15760.0,10840,0.0,7756750.447236181,960,256,7680,100.0,72,16,0,16896,"(2560, 6, 16)/(256, 1, 1)",1.0,0.0,1,
prof-base,1130-1329,decode:199,Agent 1,AMD Radeon RX 9070 XT,"at::native::elementwise_kernel_manual_unroll<128, 4, at::native::gpu_kernel_impl_nocast<at::native::BinaryFunctor<float, float, float, at::native::bin",322.0502512562814,0.5248367788944724,0.030099778332669927,0.0032206662586848037,1629.6735582324304,1560.0,1320,0.0,20338993.100502513,4,128,16,0.78125,24,16,0,0,"(512, 1, 1)/(128, 1, 1)",0.4894702606703693,1.0,3,"WG<64,OCC<25"
prof-base,1130-1329,decode:199,Agent 1,AMD Radeon RX 9070 XT,"gemv_decode::gemv_decode_core<__hip_bfloat16, gemv_decode::Int4Fp8GemvLoader, false, false, false, 16, 8, 1, false, 0>",35.19597989949749,0.49017095477386935,0.028111667621474375,0.00300793907460692,13926.901770416905,13760.0,12600,0.0,23808.5175879397,128,512,2048,100.0,88,16,0,512,"(65536, 1, 1)/(512, 1, 1)",1.0,0.0,1,
prof-base,1130-1329,decode:199,Agent 1,AMD Radeon RX 9070 XT,Cijk_Ailk_Bljk_BBS_BH_Bias_HA_S_SAV_UserArgs_MT128x128x32_MI16x16x1_SN_LDSB0_AFC1_AFEM1_AFEM1_ASEM1_CLR0_CADS0_DTLA0_DTLB0_DTVA0_DTVB0_EPS0_FDSI0_GRPM,35.768844221105525,0.484422,0.02778196080347562,0.00297266055486997,13543.127001966845,13400.0,12281,0.0,29075.040201005024,40,128,160,7.8125,256,5,0,51200,"(512, 1, 10)/(128, 1, 1)",1.0,1.0,1,"WG<64,OCC<25"
prof-base,1130-1329,decode:199,Agent 1,AMD Radeon RX 9070 XT,Cijk_Alik_Bljk_BBS_BH_Bias_HA_S_SAV_UserArgs_MT16x16x32_MI16x16x1_SN_LDSB0_AFC1_AFEM1_AFEM1_ASEM1_CLR1_CADS0_DTLA0_DTLB0_DTVA0_DTVB1_EPS0_FDSI0_GRPM1_,35.030150753768844,0.4790873216080402,0.027476013043083697,0.0029399242463854338,13676.42762874767,13560,12400,0,29387.261306532662,4,32,4,0.1953125,120,12,0,3584,"(128, 1, 1)/(32, 1, 1)",1.0,1.0,1,"WG<64,OCC<25"
prof-base,1130-1329,decode:199,Agent 1,AMD Radeon RX 9070 XT,Cijk_Alik_Bljk_BBS_BH_Bias_HA_S_SAV_UserArgs_MT64x64x32_MI16x16x1_SN_LDSB0_AFC1_AFEM1_AFEM1_ASEM1_CLR1_CADS0_DTLA0_DTLB0_DTVA1_DTVB0_EPS0_FDSI0_GRPM1_,35.78391959798995,0.4317330904522613,0.024760212782466772,0.00264933452283246,12065.002808594298,11720,11240,0,116381.16582914573,40,128,160,7.8125,128,10,0,13312,"(512, 1, 10)/(128, 1, 1)",1.0,1.0,1,"WG<64,OCC<25"
prof-base,1130-1329,decode:199,Agent 1,AMD Radeon RX 9070 XT,"at::native::elementwise_kernel_manual_unroll<128, 8, at::native::gpu_kernel_impl_nocast<at::native::direct_copy_kernel_cuda(at::TensorIteratorBase&)::",144.37688442211055,0.3088463366834171,0.01771256635750591,0.0018952387021540808,2139.167484598517,2240,1440,1486,24865803.33668342,15,128,60,2.9296875,32,16,0,0,"(1920, 1, 1)/(128, 1, 1)",0.2858389954732006,0.9816225307015063,5,"WG<64,OCC<25"
prof-base,1130-1329,decode:199,Agent 1,AMD Radeon RX 9070 XT,w4a8_fp8_wmma::compute_act_fp8_and_scales_kernel<__hip_bfloat16>,70.27638190954774,0.2312559095477387,0.013262697843259348,0.0014191042528893,3290.6632820879513,3280,2720,9650,884001.1055276382,6,256,48,2.34375,16,16,0,512,"(1536, 1, 1)/(256, 1, 1)",1.0,1.0,1,"WG<64,OCC<25"
prof-base,1130-1329,decode:199,Agent 1,AMD Radeon RX 9070 XT,"at::native::vectorized_elementwise_kernel<4, at::native::bfloat16tofloat32_copy_kernel_cuda(at::TensorIteratorBase&)::{lambda(c10::BFloat16)#1}, std::",108.17587939698493,0.21640719095477387,0.012411112824553367,0.0013279849394566506,2000.5124262554002,2160,1160,0,2297587.9145728643,2,256,16,0.78125,16,16,0,0,"(512, 1, 1)/(256, 1, 1)",0.7550316171837889,0.9804944759008765,3,"WG<64,OCC<25"
prof-base,1130-1329,decode:199,Agent 1,AMD Radeon RX 9070 XT,"at::native::vectorized_elementwise_kernel<4, at::native::bfloat16_copy_kernel_cuda(at::TensorIteratorBase&)::{lambda(float)#1}, std::array<char*, 2ul>",106.63819095477388,0.1772923216080402,0.010167846071548704,0.0010879561438694814,1662.5593515856933,1360,1080,1556,10073016.48241206,2,256,16,0.78125,32,16,0,0,"(512, 1, 1)/(256, 1, 1)",0.47096706424605167,1.0,3,"WG<64,OCC<25"
prof-base,1130-1329,decode:199,Agent 1,AMD Radeon RX 9070 XT,"at::native::vectorized_elementwise_kernel<4, at::native::CUDAFunctor_add<float>, std::array<char*, 3ul> >",143.12060301507537,0.16954079396984925,0.00972329021526786,0.0010403888152798744,1184.6008918226187,1200,920,0,23213684.2160804,2,256,16,0.78125,16,16,0,0,"(512, 1, 1)/(256, 1, 1)",0.5281484558733259,1.0,2,"WG<64,OCC<25"
prof-base,1130-1329,decode:199,Agent 1,AMD Radeon RX 9070 XT,"at::native::anon::CatArrayBatchedCopy_contig<at::native::anon::OpaqueType<4u>, unsigned int, 3, 128, 1>",71.55778894472361,0.15319726130653266,0.008785976501517072,0.0009400965600241879,2140.888693820225,2300.0,1360,0.0,366142.6733668342,2,256,16,0.78125,16,16,0,0,"(256, 2, 1)/(256, 1, 1)",1.0,1.0,1,"WG<64,OCC<25"
prof-base,1130-1329,decode:199,Agent 1,AMD Radeon RX 9070 XT,"anon::rms_norm_kernel<__hip_bfloat16, false>",72.70854271356784,0.14327158291457287,0.008216731487803136,0.0008791875331094234,1970.491740963439,1960,1720,2718,1027638.4974874372,6,256,48,2.34375,32,16,0,512,"(1536, 1, 1)/(256, 1, 1)",1.0,1.0,1,"WG<64,OCC<25"
prof-base,1130-1329,decode:199,Agent 1,AMD Radeon RX 9070 XT,w4a8_fp8_moe::moe_compute_act_fp8_kernel<__hip_bfloat16>,35.03517587939699,0.13984209547738694,0.00802004784099124,0.0008581424483941447,3991.476907630522,3960.0,3800,0.0,5541100.1959799,384,256,3072,100.0,16,16,0,512,"(98304, 1, 1)/(256, 1, 1)",1.0,0.0,1,
prof-base,1130-1329,decode:199,Agent 1,AMD Radeon RX 9070 XT,"at::native::anon::CatArrayBatchedCopy<at::native::anon::OpaqueType<2u>, unsigned int, 3, 64, 64>",35.77386934673367,0.11492920603015076,0.006591275163192882,0.000705264247636055,3212.6579575783117,3200,2920,9592,15663413.798994975,30,256,240,11.71875,8,16,0,0,"(3840, 2, 1)/(256, 1, 1)",1.0,1.0,1,"WG<64,OCC<25"
prof-base,1130-1329,decode:199,Agent 1,AMD Radeon RX 9070 XT,"at::native::elementwise_kernel_manual_unroll<128, 4, at::native::gpu_kernel_impl<at::native::direct_copy_kernel_cuda(at::TensorIteratorBase&)::{lambda",73.92462311557789,0.11398215075376884,0.006536960841037474,0.0006994526332515267,1541.8698932771395,1480,1200,156,15242390.653266331,1,128,4,0.1953125,16,16,0,0,"(128, 1, 1)/(128, 1, 1)",1.0,1.0,1,"WG<64,OCC<25"
prof-base,1130-1329,decode:199,Agent 1,AMD Radeon RX 9070 XT,"anon::moe_topk_softmax_kernel<1, 4, true, c10::BFloat16, moe_core::SigmoidBiasScore<c10::BFloat16> >",35.030150753768844,0.11189273366834171,0.006417131222297101,0.0006866309039483146,3194.1836178453595,3200,2880,1218,342120.5929648241,6,256,48,2.34375,32,16,0,4096,"(1536, 1, 1)/(256, 1, 1)",1.0,1.0,1,"WG<64,OCC<25"
prof-base,1130-1329,decode:199,Agent 1,AMD Radeon RX 9070 XT,ncclDevKernel_Generic_4,0.7638190954773869,0.1074298894472362,0.006161183797896947,0.0006592446147653092,140648.34210526315,127241.0,100960,4026.5,2814.738693467337,2,256,16,0.78125,256,5,776,21504,"(512, 1, 1)/(256, 1, 1)",1.0,1.0,1,"WG<64,OCC<25,SPILL776B"
prof-base,1130-1329,decode:199,Agent 1,AMD Radeon RX 9070 XT,"anon::rms_norm_add_kernel<__hip_bfloat16, true>",35.02512562814071,0.09863907537688442,0.005657024094305544,0.0006052996943609292,2816.237589670014,2800.0,2520,12660.0,570112.0201005025,6,256,48,2.34375,40,16,0,512,"(1536, 1, 1)/(256, 1, 1)",1.0,1.0,1,"WG<64,OCC<25"
prof-base,1130-1329,decode:199,Agent 1,AMD Radeon RX 9070 XT,anon::moe_align_kernel,35.03517587939699,0.09575283417085427,0.005491496021560487,0.0005875882456963223,2733.048479632817,2720.0,2440,7467.5,554389.1708542714,1,256,8,0.390625,16,16,0,1536,"(256, 1, 1)/(256, 1, 1)",1.0,1.0,1,"WG<64,OCC<25"
prof-base,1130-1329,decode:199,Agent 1,AMD Radeon RX 9070 XT,"at::native::index_elementwise_kernel<128, 4, at::native::gpu_index_kernel<at::native::index_put_kernel_impl<at::native::OpaqueType<1> >(at::TensorIter",35.78894472361809,0.09392750753768844,0.0053868121860283415,0.0005763871101530034,2624.483852850323,2600.0,2320,0.0,289785.6582914573,7,128,28,1.3671875,16,16,0,0,"(896, 1, 1)/(128, 1, 1)",1.0,1.0,1,"WG<64,OCC<25"
prof-base,1130-1329,decode:199,Agent 1,AMD Radeon RX 9070 XT,"at::native::anon::CatArrayBatchedCopy_contig<at::native::anon::OpaqueType<2u>, unsigned int, 2, 128, 1>",35.79396984924623,0.09047581909547739,0.005188855295120584,0.0005552057887434444,2527.6832795170576,2520,2280,0,318279.783919598,4,256,32,1.5625,8,16,0,0,"(512, 2, 1)/(256, 1, 1)",1.0,1.0,1,"WG<64,OCC<25"
prof-base,1130-1329,decode:199,Agent 1,AMD Radeon RX 9070 XT,"at::native::vectorized_elementwise_kernel<4, at::native::ConvertToFloat8E4M3fnOp<float>, std::array<char*, 2ul> >",35.79396984924623,0.08604470351758794,0.004934727531929411,0.0005280142027038719,2403.888249333146,2360,2040,0,2781759.5477386937,1,256,8,0.390625,40,16,0,0,"(256, 1, 1)/(256, 1, 1)",1.0,1.0,1,"WG<64,OCC<25"
prof-base,1130-1329,decode:199,Agent 1,AMD Radeon RX 9070 XT,"anon::rms_norm_add_kernel<__hip_bfloat16, false>",36.72361809045226,0.08569224623115577,0.004914513845274887,0.0005258513449627837,2333.436918445539,2320.0,1880,138.0,271155.03517587937,6,256,48,2.34375,32,16,0,512,"(1536, 1, 1)/(256, 1, 1)",1.0,1.0,1,"WG<64,OCC<25"
prof-base,1130-1329,decode:199,Agent 1,AMD Radeon RX 9070 XT,__amd_rocclr_copyBuffer,17.618090452261306,0.06946772864321607,0.003984025734323193,0.0004262894269337462,3942.9771819737593,2400.0,1160,19962,1130499.4271356785,1,512,16,0.78125,16,16,0,0,"(512, 1, 1)/(512, 1, 1)",0.8826935872323637,1.0,4,"WG<64,OCC<25"
prof-base,1130-1329,decode:199,Agent 1,AMD Radeon RX 9070 XT,"at::native::vectorized_gather_kernel<16, long>",36.63316582914573,0.04554149748743718,0.0026118386409526473,0.00027946586486702577,1243.1766803840878,1200.0,1000,294.0,517337.93969849247,6,32,6,0.29296875,16,16,0,0,"(192, 1, 1)/(32, 1, 1)",0.9750185318862095,1.0,2,"WG<64,OCC<25"
prof-base,1130-1329,decode:199,Agent 1,AMD Radeon RX 9070 XT,w4a8_fp8_moe::moe_build_inverse_map_kernel,35.040201005025125,0.04153569346733668,0.0023821028108853975,0.0002548842075494549,1185.3725799512406,1160,1080,6236,512486.2512562814,2,256,16,0.78125,8,16,0,0,"(512, 1, 1)/(256, 1, 1)",1.0,1.0,1,"WG<64,OCC<25"
prof-base,1130-1329,decode:199,Agent 1,AMD Radeon RX 9070 XT,"at::native::vectorized_elementwise_kernel<8, at::native::CUDAFunctor_add<c10::BFloat16>, std::array<char*, 3ul> >",35.19597989949749,0.04036601507537688,0.0023150208880204173,0.0002477064641404796,1146.8927755568247,1120.0,1040,7874.0,395924.783919598,6,256,48,2.34375,32,16,0,0,"(1536, 1, 1)/(256, 1, 1)",1.0,1.0,1,"WG<64,OCC<25"
prof-base,1130-1329,decode:199,Agent 1,AMD Radeon RX 9070 XT,"at::native::vectorized_elementwise_kernel<4, at::native::FillFunctor<int>, std::array<char*, 1ul> >",35.040201005025125,0.03292043718592965,0.0018880114766314882,0.00020201659931152511,939.5048042449448,840,760,1616,232579.95979899497,1,256,8,0.390625,8,16,0,0,"(256, 1, 1)/(256, 1, 1)",1.0,1.0,1,"WG<64,OCC<25"
prof-base,1130-1329,decode:199,Agent 1,AMD Radeon RX 9070 XT,"at::native::vectorized_elementwise_kernel<4, at::native::FillFunctor<float>, std::array<char*, 1ul> >",35.040201005025125,0.03092146733668342,0.0017733690739348963,0.00018974990039770896,882.4569052057938,840,760,2917,3080495.391959799,12,256,96,4.6875,8,16,0,0,"(3072, 1, 1)/(256, 1, 1)",1.0,1.0,1,"WG<64,OCC<25"
prof-base,1130-1329,decode:199,Agent 1,AMD Radeon RX 9070 XT,"at::native::reduce_kernel<512, 1, at::native::ReduceOp<float, at::native::ArgMaxOps<float>, unsigned int, long, 4, 4> >",0.7587939698492462,0.026427592964824123,0.0015156420473862702,0.00016217319437740604,34828.41721854304,33561,32520,4693,3556.4824120603016,384,512,6144,100.0,40,16,0,512,"(768, 256, 1)/(128, 4, 1)",1.0,0.0,1,
prof-base,1130-1329,decode:199,Agent 1,AMD Radeon RX 9070 XT,"at::native::elementwise_kernel_manual_unroll<128, 4, at::native::gpu_kernel_impl_nocast<at::native::BUnaryFunctor<int, int, int, at::native::binary_in",4.582914572864322,0.017263236180904522,0.0009900593922634224,0.0001059360252927798,3766.8684210526317,2360.0,2000,3766.5,35963.38190954774,1,128,4,0.1953125,24,16,0,0,"(128, 1, 1)/(128, 1, 1)",1.0,1.0,1,"WG<64,OCC<25"
prof-base,1130-1329,decode:199,Agent 1,AMD Radeon RX 9070 XT,"at::native::elementwise_kernel_manual_unroll<128, 4, at::native::gpu_kernel_impl<at::native::BinaryFunctor<c10::BFloat16, c10::BFloat16, c10::BFloat16",0.7587939698492462,0.010135125628140704,0.0005812569679727722,6.219430202060516e-05,13356.887417218542,13320,12160,4679,27269.19095477387,24,128,96,4.6875,24,16,0,0,"(3072, 1, 1)/(128, 1, 1)",1.0,1.0,1,"WG<64,OCC<25"
prof-base,1130-1329,decode:199,Agent 1,AMD Radeon RX 9070 XT,"at::native::anon::CatArrayBatchedCopy<at::native::anon::OpaqueType<4u>, unsigned int, 1, 64, 64>",0.7638190954773869,0.007153412060301507,0.00041025348450401977,4.389698623181733e-05,9365.322368421053,11080.0,2280,5014.0,18354.582914572864,6,256,48,2.34375,8,16,0,0,"(256, 6, 1)/(256, 1, 1)",1.0,1.0,1,"WG<64,OCC<25"
prof-base,1130-1329,decode:199,Agent 1,AMD Radeon RX 9070 XT,"at::native::index_elementwise_kernel<128, 4, at::native::gpu_index_kernel<at::native::index_kernel_impl<at::native::OpaqueType<4> >(at::TensorIterator",1.5226130653266332,0.006914442211055276,0.00039654838650068534,4.2430545309114614e-05,4541.168316831683,3080,2640,16525,48865.13065326633,1,128,4,0.1953125,16,16,0,0,"(128, 1, 1)/(128, 1, 1)",1.0,1.0,1,"WG<64,OCC<25"
prof-base,1130-1329,decode:199,Agent 1,AMD Radeon RX 9070 XT,__amd_rocclr_fillBufferAligned,2.2814070351758793,0.005784185929648242,0.00033172735089963425,3.549471608452798e-05,2535.3590308370044,2280.0,1800,4206.5,11991.763819095477,1,256,8,0.390625,16,16,0,0,"(256, 1, 1)/(256, 1, 1)",1.0,1.0,1,"WG<64,OCC<25"
prof-base,1130-1329,decode:199,Agent 1,AMD Radeon RX 9070 XT,"at::native::index_elementwise_kernel<128, 4, at::native::gpu_index_kernel<at::native::index_put_kernel_impl<at::native::OpaqueType<4> >(at::TensorIter",1.5628140703517588,0.005521467336683417,0.00031666024483902386,3.388254075323115e-05,3533.0289389067525,2920,2480,44980,108115.27638190954,1,128,4,0.1953125,16,16,0,0,"(128, 1, 1)/(128, 1, 1)",1.0,1.0,1,"WG<64,OCC<25"
prof-base,1130-1329,decode:199,Agent 1,AMD Radeon RX 9070 XT,"at::native::elementwise_kernel_manual_unroll<128, 4, at::native::gpu_kernel_impl_nocast<at::native::direct_copy_kernel_cuda(at::TensorIteratorBase&)::",1.5175879396984924,0.0040462562814070355,0.00023205579724056146,2.4829893032590465e-05,2666.2417218543046,2400.0,1960,3952.0,6690.090452261306,1,128,4,0.1953125,24,16,0,0,"(128, 1, 1)/(128, 1, 1)",1.0,1.0,1,"WG<64,OCC<25"
prof-base,1130-1329,decode:199,Agent 1,AMD Radeon RX 9070 XT,"at::native::vectorized_elementwise_kernel<4, at::native::BUnaryFunctor<int, int, int, at::native::binary_internal::div_floor_kernel_cuda(at::TensorIte",0.7638190954773869,0.0027154170854271358,0.0001557311827960429,1.666318470232406e-05,3555.0526315789475,2160.0,1760,34695.5,27054.206030150755,1,256,8,0.390625,16,16,0,0,"(256, 1, 1)/(256, 1, 1)",1.0,1.0,1,"WG<64,OCC<25"
prof-base,1130-1329,decode:199,Agent 1,AMD Radeon RX 9070 XT,"at::native::vectorized_elementwise_kernel<4, at::native::compare_scalar_kernel<int>(at::TensorIteratorBase&, at::native::anon::OpType, int)::{lambda(i",1.5276381909547738,0.0026416331658291456,0.0001514996203108582,1.6210408925475274e-05,1729.2269736842106,1720.0,1280,3815.5,10300.75376884422,1,256,8,0.390625,24,16,0,0,"(256, 1, 1)/(256, 1, 1)",1.0,1.0,1,"WG<64,OCC<25"
prof-base,1130-1329,decode:199,Agent 1,AMD Radeon RX 9070 XT,"anon::elementwise_kernel_with_index_grid_stride<int, at::native::arange_cuda_out(c10::Scalar const&, c10::Scalar const&, c10::Scalar const&, at::Tenso",0.8090452261306532,0.0021630402010050253,0.00012405195899580044,1.327351830454779e-05,2673.5714285714284,2360,1240,17509,26470.638190954774,1,128,4,0.1953125,8,16,0,0,"(128, 1, 1)/(128, 1, 1)",1.0,1.0,1,"WG<64,OCC<25"
prof-base,1130-1329,decode:199,Agent 1,AMD Radeon RX 9070 XT,rocprim::ROCPRIM_400200_NS::detail::trampoline_kernel<rocprim::ROCPRIM_400200_NS::detail::wrapped_partition_config<rocprim::ROCPRIM_400200_NS::default,0.7587939698492462,0.0021386984924623115,0.00012265594396629456,1.3124145161249042e-05,2818.5496688741723,2800,2600,4292,3722.165829145729,1,256,8,0.390625,64,16,0,12800,"(256, 1, 1)/(256, 1, 1)",1.0,1.0,1,"WG<64,OCC<25"
prof-base,1130-1329,decode:199,Agent 1,AMD Radeon RX 9070 XT,rocprim::ROCPRIM_400200_NS::detail::trampoline_kernel<rocprim::ROCPRIM_400200_NS::detail::wrapped_transform_config<rocprim::ROCPRIM_400200_NS::default,0.7587939698492462,0.0016699698492462312,9.577400880790899e-05,1.0247787050704595e-05,2200.82119205298,2200,1440,59636,43672.1608040201,1,1024,32,1.5625,8,16,0,0,"(1024, 1, 1)/(1024, 1, 1)",1.0,1.0,1,"WG<64,OCC<25"
prof-base,1130-1329,decode:199,Agent 1,AMD Radeon RX 9070 XT,rocprim::ROCPRIM_400200_NS::detail::trampoline_kernel<rocprim::ROCPRIM_400200_NS::detail::wrapped_reduce_config<rocprim::ROCPRIM_400200_NS::default_co,0.7638190954773869,0.0016476482412060302,9.449384803972874e-05,1.0110810274789435e-05,2157.1184210526317,2160.0,1920,9923.5,7540.879396984925,1,256,8,0.390625,8,16,0,512,"(256, 1, 1)/(256, 1, 1)",1.0,1.0,1,"WG<64,OCC<25"
prof-base,1130-1329,decode:199,Agent 1,AMD Radeon RX 9070 XT,"rocprim::ROCPRIM_400200_NS::detail::init_lookback_scan_state_kernel<rocprim::ROCPRIM_400200_NS::detail::lookback_scan_state<unsigned long, false, true",0.7638190954773869,0.0013815226130653266,7.923134598613631e-05,8.477727637308347e-06,1808.703947368421,1520.0,1360,4193.0,9210.236180904523,1,256,8,0.390625,8,16,0,0,"(256, 1, 1)/(256, 1, 1)",1.0,1.0,1,"WG<64,OCC<25"
prof-base,1130-1329,decode:199,Agent 1,AMD Radeon RX 9070 XT,"at::native::vectorized_elementwise_kernel<16, at::native::BinaryFunctor<bool, bool, bool, at::native::BitwiseAndFunctor<bool> >, std::array<char*, 3ul",0.7638190954773869,0.0012122763819095478,6.952494916661567e-05,7.4391464097481035e-06,1587.125,1560.0,1320,5413.0,11093.075376884422,1,256,8,0.390625,40,16,0,0,"(256, 1, 1)/(256, 1, 1)",1.0,1.0,1,"WG<64,OCC<25"
prof-base,1130-1329,decode:199,Agent 1,AMD Radeon RX 9070 XT,"anon::gated_mul_kernel<__hip_bfloat16, anon::SiluAct>",0.7638190954773869,0.0011670502512562814,6.69311970473851e-05,7.161615796682717e-06,1527.9144736842106,1520.0,1360,3964.0,5512.301507537689,15,256,120,5.859375,72,16,0,0,"(3840, 1, 1)/(256, 1, 1)",1.0,1.0,1,"WG<64,OCC<25"
prof-base,1130-1329,decode:199,Agent 1,AMD Radeon RX 9070 XT,"at::native::vectorized_elementwise_kernel<4, at::native::CUDAFunctorOnSelf_add<int>, std::array<char*, 2ul> >",0.7638190954773869,0.000998608040201005,5.727091137665079e-05,6.127968446688079e-06,1307.3881578947369,1300.0,1120,5447.5,12146.331658291458,1,256,8,0.390625,16,16,0,0,"(256, 1, 1)/(256, 1, 1)",1.0,1.0,1,"WG<64,OCC<25"
prof-base,1130-1329,decode:199,Agent 1,AMD Radeon RX 9070 XT,"at::native::vectorized_elementwise_kernel<4, at::native::anon::launch_clamp_scalar(at::TensorIteratorBase&, c10::Scalar, c10::Scalar, at::native::deta",0.7587939698492462,0.0009009045226130652,5.166754221507301e-05,5.52840981226249e-06,1187.2847682119204,1200,1000,5032,2725.7236180904524,1,256,8,0.390625,16,16,0,0,"(256, 1, 1)/(256, 1, 1)",1.0,1.0,1,"WG<64,OCC<25"
prof-base,1130-1329,decode:199,Agent 1,AMD Radeon RX 9070 XT,"at::native::elementwise_kernel_manual_unroll<128, 4, at::native::gpu_kernel_impl_nocast<at::native::CUDAFunctor_add<int> >(at::TensorIteratorBase&, at",0.04522613065326633,0.00011557788944723617,6.628477638033685e-06,7.092449000559866e-07,2555.5555555555557,2520,2240,67433,3155.386934673367,1,128,4,0.1953125,24,16,0,0,"(128, 1, 1)/(128, 1, 1)",1.0,1.0,1,"WG<64,OCC<25"
prof-base,1130-1329,decode:199,Agent 2,AMD Radeon RX 9070,"custom_ar::one_shot_ar_vec_kernel<__hip_bfloat16, 8>",22.4321608040201,1.099765798994975,0.17990975761284286,0.006748724067584498,49026.2979390681,15160.0,9120,4160.0,95046.67336683418,8,256,64,3.125,32,16,0,512,"(2048, 1, 1)/(256, 1, 1)",1.0,1.0,1,"WG<64,OCC<25"
prof-base,1130-1329,decode:199,Agent 2,AMD Radeon RX 9070,"gemv_decode::gemv_decode_core<__hip_bfloat16, gemv_decode::Bf16GemvLoader<__hip_bfloat16>, false, false, false, 16, 8, 1, false, 0>",34.10050251256281,0.8276109698492462,0.13538817911902354,0.005078643176504235,24269.75876805187,13160.0,11400,4160.0,2671255.341708543,128,512,2048,100.0,32,16,0,512,"(65536, 1, 1)/(512, 1, 1)",0.47716145588103526,0.3502926444156333,5,
prof-base,1130-1329,decode:199,Agent 2,AMD Radeon RX 9070,"gemv_decode::gemv_decode_core<__hip_bfloat16, gemv_decode::Int4Fp8GemvLoader, true, true, false, 32, 8, 1, false, 0>",10.829145728643216,0.6207602512562814,0.10154964488008716,0.0038093016273842216,57323.104408352665,57440,47801,4160,45374.84422110553,576,1024,18432,75.0,112,12,0,512,"(24576, 24, 1)/(1024, 1, 1)",1.0,0.0,1,
prof-base,1130-1329,decode:199,Agent 2,AMD Radeon RX 9070,"w4a8_fp8_moe::moe_gemm2_gather_reduce_core<__hip_bfloat16, gemv_decode::Int4Fp8GemvLoader, 8, 4, false>",10.909547738693467,0.567277175879397,0.09280039377931835,0.0034811021886180186,51998.23030861354,52041,45200,4160,48263.76884422111,384,256,3072,75.0,120,12,0,0,"(16384, 6, 1)/(256, 1, 1)",1.0,0.0,1,
prof-base,1130-1329,decode:199,Agent 2,AMD Radeon RX 9070,"mla_attend::mla_combine_kernel<__hip_bfloat16, 512>",10.979899497487438,0.43558988442211055,0.07125778106266262,0.00267300177845345,39671.57299771167,39680,35561,4200,46930.9648241206,60,256,480,23.4375,24,16,0,0,"(2560, 6, 1)/(256, 1, 1)",1.0,1.0,1,"WG<64,OCC<25"
prof-base,1130-1329,decode:199,Agent 2,AMD Radeon RX 9070,"gemv_decode::gemv_decode_core<__hip_bfloat16, gemv_decode::Bf16GemvLoader<__hip_bfloat16>, false, false, false, 8, 8, 1, true, 0>",11.206030150753769,0.42767032663316584,0.06996222729702269,0.002624403331126101,38164.30269058296,38040.0,33880,4160.0,47186.10552763819,10,256,80,3.90625,32,16,0,512,"(2560, 1, 1)/(256, 1, 1)",1.0,1.0,1,"WG<64,OCC<25"
prof-base,1130-1329,decode:199,Agent 2,AMD Radeon RX 9070,"gemv_decode::gemv_decode_core<__hip_bfloat16, gemv_decode::Int4Fp8GemvLoader, false, true, false, 16, 8, 1, false, 0>",10.964824120603016,0.2778199899497487,0.0454483373619533,0.0017048452082646733,25337.386801099907,25200.0,22040,4160.0,45999.63819095477,96,512,1536,75.0,96,16,0,512,"(49152, 1, 1)/(512, 1, 1)",1.0,0.0,1,
prof-base,1130-1329,decode:199,Agent 2,AMD Radeon RX 9070,"gemv_decode::gemv_decode_core<__hip_bfloat16, gemv_decode::Int4Fp8GemvLoader, false, false, false, 16, 8, 1, false, 0>",10.969849246231156,0.18171449748743718,0.029726521071650226,0.0011150928713578713,16564.90380210719,16441,14320,4120,45878.753768844224,128,512,2048,100.0,88,16,0,512,"(65536, 1, 1)/(512, 1, 1)",1.0,0.0,1,
prof-base,1130-1329,decode:199,Agent 2,AMD Radeon RX 9070,"mla_attend::mla_split_kernel<__hip_bfloat16, 512, 64, 16, mla_attend::CacheFp8, false>",10.954773869346734,0.1813908391959799,0.029673574085283965,0.0011131067389438365,16558.154587155965,16360.0,14280,4160.0,2514003.9346733666,960,256,7680,100.0,72,16,0,16896,"(2560, 6, 16)/(256, 1, 1)",1.0,0.0,1,
prof-base,1130-1329,decode:199,Agent 2,AMD Radeon RX 9070,"at::native::elementwise_kernel_manual_unroll<128, 4, at::native::gpu_kernel_impl_nocast<at::native::BinaryFunctor<float, float, float, at::native::bin",100.63316582914572,0.1618326834170854,0.02647407191059304,0.0009930879160788102,1608.1446120043943,1560.0,1160,4160,6360142.814070351,4,128,16,0.78125,24,16,0,0,"(512, 1, 1)/(128, 1, 1)",0.49706990009906626,1.0,3,"WG<64,OCC<25"
prof-base,1130-1329,decode:199,Agent 2,AMD Radeon RX 9070,Cijk_Ailk_Bljk_BBS_BH_Bias_HA_S_SAV_UserArgs_MT128x128x32_MI16x16x1_SN_LDSB0_AFC1_AFEM1_AFEM1_ASEM1_CLR0_CADS0_DTLA0_DTLB0_DTVA0_DTVB0_EPS0_FDSI0_GRPM,10.979899497487438,0.15007181407035178,0.02455012123362092,0.0009209172211103435,13667.867734553776,13600,12440,4200,48840.23115577889,40,128,160,7.8125,256,5,0,51200,"(512, 1, 10)/(128, 1, 1)",1.0,1.0,1,"WG<64,OCC<25"
prof-base,1130-1329,decode:199,Agent 2,AMD Radeon RX 9070,Cijk_Alik_Bljk_BBS_BH_Bias_HA_S_SAV_UserArgs_MT16x16x32_MI16x16x1_SN_LDSB0_AFC1_AFEM1_AFEM1_ASEM1_CLR1_CADS0_DTLA0_DTLB0_DTVA0_DTVB1_EPS0_FDSI0_GRPM1_,10.773869346733669,0.1478567688442211,0.02418776385707872,0.0009073245734375053,13723.64598880597,13680.0,12440,4200.0,45513.18090452261,4,32,4,0.1953125,120,12,0,3584,"(128, 1, 1)/(32, 1, 1)",1.0,1.0,1,"WG<64,OCC<25"
prof-base,1130-1329,decode:199,Agent 2,AMD Radeon RX 9070,Cijk_Alik_Bljk_BBS_BH_Bias_HA_S_SAV_UserArgs_MT64x64x32_MI16x16x1_SN_LDSB0_AFC1_AFEM1_AFEM1_ASEM1_CLR1_CADS0_DTLA0_DTLB0_DTVA1_DTVB0_EPS0_FDSI0_GRPM1_,10.969849246231156,0.1322432462311558,0.021633560888259122,0.0008115120323175115,12055.156207054511,11760,11160,4160,46410.01005025126,40,128,160,7.8125,128,10,0,13312,"(512, 1, 10)/(128, 1, 1)",1.0,1.0,1,"WG<64,OCC<25"
prof-base,1130-1329,decode:199,Agent 2,AMD Radeon RX 9070,"at::native::elementwise_kernel_manual_unroll<128, 8, at::native::gpu_kernel_impl_nocast<at::native::direct_copy_kernel_cuda(at::TensorIteratorBase&)::",44.80904522613066,0.09649867839195979,0.01578613724424112,0.0005921651263833228,2153.5535494000223,2200,1480,4160,3540076.9547738694,15,128,60,2.9296875,32,16,0,0,"(1920, 1, 1)/(128, 1, 1)",0.28338826417650315,0.9790825890447532,5,"WG<64,OCC<25"
prof-base,1130-1329,decode:199,Agent 2,AMD Radeon RX 9070,w4a8_fp8_wmma::compute_act_fp8_and_scales_kernel<__hip_bfloat16>,21.90452261306533,0.07251975879396984,0.011863446052503184,0.0004450182411523812,3310.7208075246617,3200,2640,4160,91781.25125628141,6,256,48,2.34375,16,16,0,512,"(1536, 1, 1)/(256, 1, 1)",1.0,1.0,1,"WG<64,OCC<25"
prof-base,1130-1329,decode:199,Agent 2,AMD Radeon RX 9070,"at::native::vectorized_elementwise_kernel<4, at::native::bfloat16tofloat32_copy_kernel_cuda(at::TensorIteratorBase&)::{lambda(c10::BFloat16)#1}, std::",33.71859296482412,0.06852817085427136,0.011210465554857446,0.0004205238209575172,2032.3555886736215,2200.0,1200,4160.0,153612.20603015076,2,256,16,0.78125,16,16,0,0,"(512, 1, 1)/(256, 1, 1)",0.7558803165422341,0.9807348421285279,3,"WG<64,OCC<25"
prof-base,1130-1329,decode:199,Agent 2,AMD Radeon RX 9070,"at::native::vectorized_elementwise_kernel<4, at::native::bfloat16_copy_kernel_cuda(at::TensorIteratorBase&)::{lambda(float)#1}, std::array<char*, 2ul>",33.2964824120603,0.05471508542713568,0.00895079458368113,0.00033575968103345216,1643.2692423785088,1360.0,1040,4160.0,2693103.527638191,2,256,16,0.78125,32,16,0,0,"(512, 1, 1)/(256, 1, 1)",0.47100190644969253,1.0,3,"WG<64,OCC<25"
prof-base,1130-1329,decode:199,Agent 2,AMD Radeon RX 9070,"at::native::vectorized_elementwise_kernel<4, at::native::CUDAFunctor_add<float>, std::array<char*, 3ul> >",44.778894472361806,0.05364171859296483,0.008775203410413315,0.000329172954483367,1197.9241387049715,1200,960,4160,3141369.40201005,2,256,16,0.78125,16,16,0,0,"(512, 1, 1)/(256, 1, 1)",0.5236764454876586,1.0,2,"WG<64,OCC<25"
prof-base,1130-1329,decode:199,Agent 2,AMD Radeon RX 9070,"at::native::anon::CatArrayBatchedCopy_contig<at::native::anon::OpaqueType<4u>, unsigned int, 3, 128, 1>",22.376884422110553,0.04829113567839196,0.0078999060733549,0.000296339047733236,2158.0812935099934,2440,1400,4160,97710.11055276381,2,256,16,0.78125,16,16,0,0,"(256, 2, 1)/(256, 1, 1)",1.0,1.0,1,"WG<64,OCC<25"
prof-base,1130-1329,decode:199,Agent 2,AMD Radeon RX 9070,w4a8_fp8_moe::moe_compute_act_fp8_kernel<__hip_bfloat16>,10.844221105527637,0.04514260301507538,0.00738484027588142,0.0002770180448597891,4162.825764596849,4160.0,3600,4160.0,2546992.4271356785,384,256,3072,100.0,16,16,0,512,"(98304, 1, 1)/(256, 1, 1)",1.0,0.0,1,
prof-base,1130-1329,decode:199,Agent 2,AMD Radeon RX 9070,"anon::rms_norm_kernel<__hip_bfloat16, false>",22.65829145728643,0.043660793969849246,0.007142432386493719,0.00026792490850637566,1926.923486360612,1920,1600,4160,310317.7738693467,6,256,48,2.34375,32,16,0,512,"(1536, 1, 1)/(256, 1, 1)",1.0,1.0,1,"WG<64,OCC<25"
prof-base,1130-1329,decode:199,Agent 2,AMD Radeon RX 9070,"at::native::elementwise_kernel_manual_unroll<128, 4, at::native::gpu_kernel_impl<at::native::direct_copy_kernel_cuda(at::TensorIteratorBase&)::{lambda",22.91959798994975,0.0356466783919598,0.005831409992073916,0.00021874620634057616,1555.2924797193598,1520,1280,4160,6801036.718592965,1,128,4,0.1953125,16,16,0,0,"(128, 1, 1)/(128, 1, 1)",1.0,1.0,1,"WG<64,OCC<25"
prof-base,1130-1329,decode:199,Agent 2,AMD Radeon RX 9070,"at::native::anon::CatArrayBatchedCopy<at::native::anon::OpaqueType<2u>, unsigned int, 3, 64, 64>",10.949748743718592,0.03541733668341709,0.005793892175796904,0.00021733884860172158,3234.5341899954105,3200,2840,4160,46027.91959798995,30,256,240,11.71875,8,16,0,0,"(3840, 2, 1)/(256, 1, 1)",1.0,1.0,1,"WG<64,OCC<25"
prof-base,1130-1329,decode:199,Agent 2,AMD Radeon RX 9070,"anon::moe_topk_softmax_kernel<1, 4, true, c10::BFloat16, moe_core::SigmoidBiasScore<c10::BFloat16> >",10.804020100502512,0.03492045226130654,0.005712607273115624,0.00021428971226617653,3232.172093023256,3240.0,2840,4160.0,45546.150753768845,6,256,48,2.34375,32,16,0,4096,"(1536, 1, 1)/(256, 1, 1)",1.0,1.0,1,"WG<64,OCC<25"
prof-base,1130-1329,decode:199,Agent 2,AMD Radeon RX 9070,"anon::rms_norm_add_kernel<__hip_bfloat16, true>",10.763819095477388,0.030557442211055278,0.004998866146304417,0.00018751605649314568,2838.9033613445376,2840.0,2480,4160.0,45329.959798994976,6,256,48,2.34375,40,16,0,512,"(1536, 1, 1)/(256, 1, 1)",1.0,1.0,1,"WG<64,OCC<25"
prof-base,1130-1329,decode:199,Agent 2,AMD Radeon RX 9070,anon::moe_align_kernel,10.809045226130653,0.02981254271356784,0.004877008667047139,0.00018294497311228486,2758.1106462110647,2760,2360,4160,45602.56281407035,1,256,8,0.390625,16,16,0,1536,"(256, 1, 1)/(256, 1, 1)",1.0,1.0,1,"WG<64,OCC<25"
prof-base,1130-1329,decode:199,Agent 2,AMD Radeon RX 9070,"at::native::index_elementwise_kernel<128, 4, at::native::gpu_index_kernel<at::native::index_put_kernel_impl<at::native::OpaqueType<1> >(at::TensorIter",10.984924623115578,0.029110819095477386,0.004762214293411196,0.00017863883895669712,2650.069990850869,2600.0,2320,4160.0,47461.0351758794,7,128,28,1.3671875,16,16,0,0,"(896, 1, 1)/(128, 1, 1)",1.0,1.0,1,"WG<64,OCC<25"
prof-base,1130-1329,decode:199,Agent 2,AMD Radeon RX 9070,"at::native::anon::CatArrayBatchedCopy_contig<at::native::anon::OpaqueType<2u>, unsigned int, 2, 128, 1>",11.130653266331658,0.028691110552763816,0.004693554527616841,0.00017606329319398074,2577.6663656884875,2560,2280,4160,56190.261306532666,4,256,32,1.5625,8,16,0,0,"(512, 2, 1)/(256, 1, 1)",1.0,1.0,1,"WG<64,OCC<25"
prof-base,1130-1329,decode:199,Agent 2,AMD Radeon RX 9070,ncclDevKernel_Generic_4,0.24120603015075376,0.02751423618090452,0.004501030643735869,0.00016884139158079327,114069.4375,105000.5,103241,4380.0,1208.2412060301508,2,256,16,0.78125,256,5,776,21504,"(512, 1, 1)/(256, 1, 1)",1.0,1.0,1,"WG<64,OCC<25,SPILL776B"
prof-base,1130-1329,decode:199,Agent 2,AMD Radeon RX 9070,"anon::rms_norm_add_kernel<__hip_bfloat16, false>",11.447236180904522,0.02693029648241206,0.004405504441964272,0.00016525803965183216,2352.5588235294117,2360.0,1960,4121.0,47956.13567839196,6,256,48,2.34375,32,16,0,512,"(1536, 1, 1)/(256, 1, 1)",1.0,1.0,1,"WG<64,OCC<25"
prof-base,1130-1329,decode:199,Agent 2,AMD Radeon RX 9070,"at::native::vectorized_elementwise_kernel<4, at::native::ConvertToFloat8E4M3fnOp<float>, std::array<char*, 2ul> >",11.055276381909549,0.026644447236180906,0.004358742605353006,0.00016350392283031977,2410.1113636363634,2400.0,2080,4160.0,163619.87939698494,1,256,8,0.390625,40,16,0,0,"(256, 1, 1)/(256, 1, 1)",1.0,1.0,1,"WG<64,OCC<25"
prof-base,1130-1329,decode:199,Agent 2,AMD Radeon RX 9070,__amd_rocclr_copyBuffer,5.467336683417085,0.021551989949748742,0.0035256718216524923,0.00013225400663589208,3941.954044117647,2520.0,1240,19180.5,571492.6231155779,1,512,16,0.78125,16,16,0,0,"(512, 1, 1)/(512, 1, 1)",0.8547765529468766,1.0,4,"WG<64,OCC<25"
prof-base,1130-1329,decode:199,Agent 2,AMD Radeon RX 9070,"at::native::vectorized_gather_kernel<16, long>",11.417085427135678,0.014488055276381908,0.0023700887183774376,8.890609930365724e-05,1268.9801936619717,1240.0,1080,4160.0,51840.91959798995,6,32,6,0.29296875,16,16,0,0,"(192, 1, 1)/(32, 1, 1)",0.9772885166536426,1.0,2,"WG<64,OCC<25"
prof-base,1130-1329,decode:199,Agent 2,AMD Radeon RX 9070,w4a8_fp8_moe::moe_build_inverse_map_kernel,10.884422110552764,0.013042050251256281,0.002133537978378936,8.00326746855872e-05,1198.230840258541,1200.0,1080,4160.0,45737.43718592965,2,256,16,0.78125,8,16,0,0,"(512, 1, 1)/(256, 1, 1)",1.0,1.0,1,"WG<64,OCC<25"
prof-base,1130-1329,decode:199,Agent 2,AMD Radeon RX 9070,"at::native::vectorized_elementwise_kernel<8, at::native::CUDAFunctor_add<c10::BFloat16>, std::array<char*, 3ul> >",10.979899497487438,0.012592587939698493,0.002060010818685148,7.727454461620862e-05,1146.8764302059496,1160,1000,4160,47088.69849246231,6,256,48,2.34375,32,16,0,0,"(1536, 1, 1)/(256, 1, 1)",1.0,1.0,1,"WG<64,OCC<25"
prof-base,1130-1329,decode:199,Agent 2,AMD Radeon RX 9070,"at::native::vectorized_elementwise_kernel<4, at::native::FillFunctor<int>, std::array<char*, 1ul> >",10.884422110552764,0.009672175879396986,0.001582263077867407,5.935340615506352e-05,888.6255771006463,840.0,760,4160.0,45708.20100502513,1,256,8,0.390625,8,16,0,0,"(256, 1, 1)/(256, 1, 1)",1.0,1.0,1,"WG<64,OCC<25"
prof-base,1130-1329,decode:199,Agent 2,AMD Radeon RX 9070,"at::native::vectorized_elementwise_kernel<4, at::native::FillFunctor<float>, std::array<char*, 1ul> >",10.824120603015075,0.00942575879396985,0.0015419519151167805,5.784126519140937e-05,870.8105849582173,840.0,720,4160.0,45403.39698492462,12,256,96,4.6875,8,16,0,0,"(3072, 1, 1)/(256, 1, 1)",1.0,1.0,1,"WG<64,OCC<25"
prof-base,1130-1329,decode:199,Agent 2,AMD Radeon RX 9070,"at::native::reduce_kernel<512, 1, at::native::ReduceOp<float, at::native::ArgMaxOps<float>, unsigned int, long, 4, 4> >",0.23618090452261306,0.00911659296482412,0.0014913757384120566,5.594406592049439e-05,38600.04255319149,38360,34720,4360,1046.2311557788944,384,512,6144,100.0,40,16,0,512,"(768, 256, 1)/(128, 4, 1)",1.0,0.0,1,
prof-base,1130-1329,decode:199,Agent 2,AMD Radeon RX 9070,"at::native::elementwise_kernel_manual_unroll<128, 4, at::native::gpu_kernel_impl_nocast<at::native::BUnaryFunctor<int, int, int, at::native::binary_in",1.4170854271356783,0.00596,0.0009749913630269593,3.657360092445228e-05,4205.815602836879,2560.0,2120,4280.0,14663.75376884422,1,128,4,0.1953125,24,16,0,0,"(128, 1, 1)/(128, 1, 1)",1.0,1.0,1,"WG<64,OCC<25"
prof-base,1130-1329,decode:199,Agent 2,AMD Radeon RX 9070,"at::native::elementwise_kernel_manual_unroll<128, 4, at::native::gpu_kernel_impl<at::native::BinaryFunctor<c10::BFloat16, c10::BFloat16, c10::BFloat16",0.24120603015075376,0.003236386934673367,0.0005294378034764813,1.9860121507693812e-05,13417.520833333334,13440.0,12680,4200.0,1012.1407035175879,24,128,96,4.6875,24,16,0,0,"(3072, 1, 1)/(128, 1, 1)",1.0,1.0,1,"WG<64,OCC<25"
prof-base,1130-1329,decode:199,Agent 2,AMD Radeon RX 9070,"at::native::index_elementwise_kernel<128, 4, at::native::gpu_index_kernel<at::native::index_kernel_impl<at::native::OpaqueType<4> >(at::TensorIterator",0.4723618090452261,0.0019684472361809046,0.0003220166197736025,1.2079396586731788e-05,4167.244680851064,3320.0,2880,20380.0,10089.477386934674,1,128,4,0.1953125,16,16,0,0,"(128, 1, 1)/(128, 1, 1)",1.0,1.0,1,"WG<64,OCC<25"
prof-base,1130-1329,decode:199,Agent 2,AMD Radeon RX 9070,__amd_rocclr_fillBufferAligned,0.7135678391959799,0.0018452311557788945,0.0003018598053142073,1.1323279849802536e-05,2585.9225352112676,2360.0,2000,4360.0,3135.095477386935,1,256,8,0.390625,16,16,0,0,"(256, 1, 1)/(256, 1, 1)",1.0,1.0,1,"WG<64,OCC<25"
prof-base,1130-1329,decode:199,Agent 2,AMD Radeon RX 9070,"at::native::anon::CatArrayBatchedCopy<at::native::anon::OpaqueType<4u>, unsigned int, 1, 64, 64>",0.23618090452261306,0.001584321608040201,0.00025917783290204353,9.722205743028325e-06,6708.085106382979,2880,2400,4440,1507.5427135678392,6,256,48,2.34375,8,16,0,0,"(256, 6, 1)/(256, 1, 1)",1.0,1.0,1,"WG<64,OCC<25"
prof-base,1130-1329,decode:199,Agent 2,AMD Radeon RX 9070,"at::native::index_elementwise_kernel<128, 4, at::native::gpu_index_kernel<at::native::index_put_kernel_impl<at::native::OpaqueType<4> >(at::TensorIter",0.48743718592964824,0.0015103517587939698,0.0002470771677779694,9.268289006992493e-06,3098.556701030928,3080,2680,53640,31987.226130653267,1,128,4,0.1953125,16,16,0,0,"(128, 1, 1)/(128, 1, 1)",1.0,1.0,1,"WG<64,OCC<25"
prof-base,1130-1329,decode:199,Agent 2,AMD Radeon RX 9070,"at::native::elementwise_kernel_manual_unroll<128, 4, at::native::gpu_kernel_impl_nocast<at::native::direct_copy_kernel_cuda(at::TensorIteratorBase&)::",0.4723618090452261,0.00131578391959799,0.0002152479793989596,8.074321472850418e-06,2785.5425531914893,2640.0,2240,4260.0,2037.9949748743718,1,128,4,0.1953125,24,16,0,0,"(128, 1, 1)/(128, 1, 1)",1.0,1.0,1,"WG<64,OCC<25"
prof-base,1130-1329,decode:199,Agent 2,AMD Radeon RX 9070,"at::native::vectorized_elementwise_kernel<4, at::native::compare_scalar_kernel<int>(at::TensorIteratorBase&, at::native::anon::OpType, int)::{lambda(i",0.4723618090452261,0.000817286432160804,0.00013369919672414477,5.015286545439377e-06,1730.212765957447,1780.0,1400,4200.5,2002.427135678392,1,256,8,0.390625,24,16,0,0,"(256, 1, 1)/(256, 1, 1)",1.0,1.0,1,"WG<64,OCC<25"
prof-base,1130-1329,decode:199,Agent 2,AMD Radeon RX 9070,rocprim::ROCPRIM_400200_NS::detail::trampoline_kernel<rocprim::ROCPRIM_400200_NS::detail::wrapped_transform_config<rocprim::ROCPRIM_400200_NS::default,0.23618090452261306,0.0007256281407035176,0.00011870489428779209,4.452824502960194e-06,3072.340425531915,2120,1640,53320,11794.778894472362,1,1024,32,1.5625,8,16,0,0,"(1024, 1, 1)/(1024, 1, 1)",1.0,1.0,1,"WG<64,OCC<25"
prof-base,1130-1329,decode:199,Agent 2,AMD Radeon RX 9070,rocprim::ROCPRIM_400200_NS::detail::trampoline_kernel<rocprim::ROCPRIM_400200_NS::detail::wrapped_partition_config<rocprim::ROCPRIM_400200_NS::default,0.23618090452261306,0.0006916582914572864,0.00011314779535852979,4.244368175813304e-06,2928.5106382978724,2920,2720,4280,1016.4824120603015,1,256,8,0.390625,64,16,0,12800,"(256, 1, 1)/(256, 1, 1)",1.0,1.0,1,"WG<64,OCC<25"
prof-base,1130-1329,decode:199,Agent 2,AMD Radeon RX 9070,"at::native::vectorized_elementwise_kernel<4, at::native::BUnaryFunctor<int, int, int, at::native::binary_internal::div_floor_kernel_cuda(at::TensorIte",0.23618090452261306,0.0006231155778894472,0.00010193495077345026,3.823755113345319e-06,2638.2978723404253,2200,1920,52640,10612.678391959798,1,256,8,0.390625,16,16,0,0,"(256, 1, 1)/(256, 1, 1)",1.0,1.0,1,"WG<64,OCC<25"
prof-base,1130-1329,decode:199,Agent 2,AMD Radeon RX 9070,"anon::elementwise_kernel_with_index_grid_stride<int, at::native::arange_cuda_out(c10::Scalar const&, c10::Scalar const&, c10::Scalar const&, at::Tenso",0.25125628140703515,0.000601608040201005,9.841655085965698e-05,3.6917738884653354e-06,2394.4,2200.0,1440,17280.0,4804.638190954774,1,128,4,0.1953125,8,16,0,0,"(128, 1, 1)/(128, 1, 1)",1.0,1.0,1,"WG<64,OCC<25"
prof-base,1130-1329,decode:199,Agent 2,AMD Radeon RX 9070,rocprim::ROCPRIM_400200_NS::detail::trampoline_kernel<rocprim::ROCPRIM_400200_NS::detail::wrapped_reduce_config<rocprim::ROCPRIM_400200_NS::default_co,0.24120603015075376,0.0005322613065326633,8.707217730583752e-05,3.2662269484317434e-06,2206.6666666666665,2180.0,2000,4320.0,1062.713567839196,1,256,8,0.390625,8,16,0,512,"(256, 1, 1)/(256, 1, 1)",1.0,1.0,1,"WG<64,OCC<25"
prof-base,1130-1329,decode:199,Agent 2,AMD Radeon RX 9070,"rocprim::ROCPRIM_400200_NS::detail::init_lookback_scan_state_kernel<rocprim::ROCPRIM_400200_NS::detail::lookback_scan_state<unsigned long, false, true",0.24120603015075376,0.00039035175879396987,6.385731432323885e-05,2.395397558102132e-06,1618.3333333333333,1600.0,1480,4340.0,13146.954773869347,1,256,8,0.390625,8,16,0,0,"(256, 1, 1)/(256, 1, 1)",1.0,1.0,1,"WG<64,OCC<25"
prof-base,1130-1329,decode:199,Agent 2,AMD Radeon RX 9070,"at::native::vectorized_elementwise_kernel<16, at::native::BinaryFunctor<bool, bool, bool, at::native::BitwiseAndFunctor<bool> >, std::array<char*, 3ul",0.23618090452261306,0.00037386934673366834,6.116097046407015e-05,2.2942530680071915e-06,1582.9787234042553,1560,1360,4200,5113.939698492462,1,256,8,0.390625,40,16,0,0,"(256, 1, 1)/(256, 1, 1)",1.0,1.0,1,"WG<64,OCC<25"
prof-base,1130-1329,decode:199,Agent 2,AMD Radeon RX 9070,"anon::gated_mul_kernel<__hip_bfloat16, anon::SiluAct>",0.23618090452261306,0.0003634170854271357,5.9451093870450994e-05,2.2301126596543024e-06,1538.723404255319,1560,1400,4120,992.964824120603,15,256,120,5.859375,72,16,0,0,"(3840, 1, 1)/(256, 1, 1)",1.0,1.0,1,"WG<64,OCC<25"
prof-base,1130-1329,decode:199,Agent 2,AMD Radeon RX 9070,"at::native::vectorized_elementwise_kernel<4, at::native::CUDAFunctorOnSelf_add<int>, std::array<char*, 2ul> >",0.23618090452261306,0.0002978894472361809,4.8731482918146225e-05,1.828001638057343e-06,1261.276595744681,1240,1160,4280,1011.4572864321608,1,256,8,0.390625,16,16,0,0,"(256, 1, 1)/(256, 1, 1)",1.0,1.0,1,"WG<64,OCC<25"
prof-base,1130-1329,decode:199,Agent 2,AMD Radeon RX 9070,"at::native::vectorized_elementwise_kernel<4, at::native::anon::launch_clamp_scalar(at::TensorIteratorBase&, c10::Scalar, c10::Scalar, at::native::deta",0.24120603015075376,0.00028804020100502517,4.712025305108201e-05,1.7675616378786587e-06,1194.1666666666667,1200.0,1080,4160.0,1066.1306532663316,1,256,8,0.390625,16,16,0,0,"(256, 1, 1)/(256, 1, 1)",1.0,1.0,1,"WG<64,OCC<25"
prof-base,1130-1329,decode:199,Agent 2,AMD Radeon RX 9070,"at::native::elementwise_kernel_manual_unroll<128, 4, at::native::gpu_kernel_impl_nocast<at::native::CUDAFunctor_add<int> >(at::TensorIteratorBase&, at",0.01507537688442211,3.8391959798994973e-05,6.280508257331935e-06,2.3559265375772772e-07,2546.6666666666665,2520,2520,69320,1081.4070351758794,1,128,4,0.1953125,24,16,0,0,"(128, 1, 1)/(128, 1, 1)",1.0,1.0,1,"WG<64,OCC<25"
prof-base,1600-1799,decode:120/prefill:79,Agent 1,AMD Radeon RX 9070 XT,"custom_ar::one_shot_ar_vec_kernel<__hip_bfloat16, 8>",56.79396984924623,18.402091844221104,0.292763033805616,0.15136318301629095,324014.8891346664,26280.0,7240,0.0,344690.82914572867,8,256,64,3.125,32,16,0,512,"(2048, 1, 1)/(256, 1, 1)",1.0,1.0,1,"WG<64,OCC<25"
prof-base,1600-1799,decode:120/prefill:79,Agent 1,AMD Radeon RX 9070 XT,"anon::mla_prefill_kernel<__hip_bfloat16, 256, 256, 16, 16, 8, true>",9.447236180904522,14.488907050251257,0.23050729343529572,0.11917596695627375,1533666.225,1514795.0,1416053,0.0,15709.010050251256,1050,256,8400,37.5,224,6,0,35328,"(2560, 105, 1)/(256, 1, 1)",0.4997200951692691,0.0,5,
prof-base,1600-1799,decode:120/prefill:79,Agent 1,AMD Radeon RX 9070 XT,"w4a8_tile::moe_gemm1_silu_flag_w4_kernel<__hip_bfloat16, 64, 64, 64, 16, 64, 8>",9.246231155778894,7.475269386934674,0.11892574837466109,0.06148651891801063,808466.6347826087,796768.0,709007,0.0,11076.64824120603,2016,128,8064,50.0,176,8,0,14336,"(1536, 168, 1)/(128, 1, 1)",0.49884643474249263,0.0,5,
prof-base,1600-1799,decode:120/prefill:79,Agent 1,AMD Radeon RX 9070 XT,"w4a8_tile::moe_gemm_tiled_ashuffle_kernel<__hip_bfloat16, w4a8_tile::WmmaFp8, w4a8_tile::Int4Fp8Loader, false, 64, 2, 128, false>",9.246231155778894,5.862040482412061,0.09326052551255114,0.04821718714912757,633992.4217391304,628826.5,558606,0.0,45541.934673366835,5376,256,43008,100.0,96,16,0,0,"(8192, 168, 1)/(256, 1, 1)",0.4991072525644028,0.0,5,
prof-base,1600-1799,decode:120/prefill:79,Agent 1,AMD Radeon RX 9070 XT,"dense_gemm::dense_gemm_pipe_kernel<64, 2, 64, 1, false, __hip_bfloat16>",47.63819095477387,4.409225894472361,0.07014737022983525,0.03626731524192312,92556.53512658228,70721.0,46320,0.0,214579.3015075377,224,256,1792,56.25,160,9,0,0,"(8192, 7, 1)/(256, 1, 1)",0.3702371961045002,0.1082290903117347,6,
prof-base,1600-1799,decode:120/prefill:79,Agent 1,AMD Radeon RX 9070 XT,"w4a8_fp8_wmma::mmq_fp8_gemm_wmma_tiled_tuned_kernel<__hip_bfloat16, 384, 64, 24, 128, 1>",9.246231155778894,2.677104095477387,0.04259065346701474,0.022020050795728278,289534.6277173913,287723.0,270722,0.0,49145.02512562814,240,768,5760,75.0,112,12,0,512,"(3840, 48, 1)/(768, 1, 1)",1.0,0.0,1,
prof-base,1600-1799,decode:120/prefill:79,Agent 1,AMD Radeon RX 9070 XT,"w4a8_fp8_wmma::mmq_fp8_gemm_wmma_tiled_tuned_kernel<__hip_bfloat16, 256, 128, 16, 128, 1>",9.246231155778894,1.2809038693467336,0.02037818884819149,0.010535850404588131,138532.53804347827,137922.0,127041,0.0,37051.27638190955,112,512,1792,50.0,192,8,0,512,"(3584, 16, 1)/(512, 1, 1)",1.0,0.0,1,
prof-base,1600-1799,decode:120/prefill:79,Agent 1,AMD Radeon RX 9070 XT,"gemv_decode::gemv_decode_core<__hip_bfloat16, gemv_decode::Bf16GemvLoader<__hip_bfloat16>, false, false, false, 16, 1, 1, false, 0>",57.346733668341706,1.017644417085427,0.016189934785856272,0.008370455894511809,17745.46433578689,6560.0,4960,0.0,194965.86934673367,128,512,2048,100.0,24,16,0,512,"(65536, 1, 1)/(512, 1, 1)",0.45001148306637934,0.22450823087404054,5,
prof-base,1600-1799,decode:120/prefill:79,Agent 1,AMD Radeon RX 9070 XT,"at::native::anon::CatArrayBatchedCopy<at::native::anon::OpaqueType<2u>, unsigned int, 3, 64, 64>",18.894472361809044,0.9986812763819095,0.015888245899079632,0.008214477902380899,52855.73776595745,54160.0,42760,0.0,96573.43216080402,2048,256,16384,100.0,8,16,0,0,"(262144, 2, 1)/(256, 1, 1)",1.0,0.0,1,
prof-base,1600-1799,decode:120/prefill:79,Agent 1,AMD Radeon RX 9070 XT,"mla_attend::mla_combine_kernel<__hip_bfloat16, 512>",18.65326633165829,0.7294132311557788,0.01160439977470189,0.005999660763382599,39103.78044181035,39040.0,33281,0.0,98571.31658291457,10,256,80,3.90625,24,16,0,0,"(2560, 1, 1)/(256, 1, 1)",1.0,1.0,1,"WG<64,OCC<25"
prof-base,1600-1799,decode:120/prefill:79,Agent 1,AMD Radeon RX 9070 XT,"at::native::elementwise_kernel_manual_unroll<128, 4, at::native::gpu_kernel_impl_nocast<at::native::BinaryFunctor<float, float, float, at::native::bin",252.90452261306532,0.7180126080402011,0.0114230246876278,0.005905886934964018,2839.0659076458433,1680.0,1080,0.0,7202476.788944724,1,128,4,0.1953125,24,16,0,0,"(128, 1, 1)/(128, 1, 1)",0.3086177172642277,0.344512742105584,57,"WG<64,OCC<25"
prof-base,1600-1799,decode:120/prefill:79,Agent 1,AMD Radeon RX 9070 XT,w4a8_fp8_moe::moe_compute_act_fp8_kernel<__hip_bfloat16>,27.502512562814072,0.6766524623115578,0.010765016791315592,0.005565686301226225,24603.296181253427,2240,1960,232,260725.48743718592,10752,256,86016,100.0,16,16,0,512,"(2752512, 1, 1)/(256, 1, 1)",0.46899160098219256,0.0,6,
prof-base,1600-1799,decode:120/prefill:79,Agent 1,AMD Radeon RX 9070 XT,w4a8_fp8_moe::moe_gather_reduce_kernel<__hip_bfloat16>,9.246231155778894,0.6331555075376885,0.010073013917473688,0.005207909718986414,68477.14456521739,68161.0,60361,0.0,29661.683417085427,13416,256,107328,100.0,8,16,0,0,"(2048, 1677, 1)/(256, 1, 1)",0.05059655496288805,0.0,27,
prof-base,1600-1799,decode:120/prefill:79,Agent 1,AMD Radeon RX 9070 XT,__amd_rocclr_copyBuffer,65.80402010050251,0.5939466834170855,0.009449231882329498,0.004885404404293937,9025.993890798014,11000,1240,978,1998465.3216080402,32,512,512,25.0,16,16,0,0,"(16384, 1, 1)/(512, 1, 1)",0.9627547233441169,1.0,3,WG<64
prof-base,1600-1799,decode:120/prefill:79,Agent 1,AMD Radeon RX 9070 XT,w4a8_fp8_wmma::compute_act_fp8_and_scales_kernel<__hip_bfloat16>,54.994974874371856,0.529563904522613,0.008424951717142673,0.00435583513426762,9629.314418859649,3760.0,2520,4227.5,9924049.748743718,1,256,8,0.390625,16,16,0,512,"(256, 1, 1)/(256, 1, 1)",0.23188627843843485,0.23188627843843485,28,"WG<64,OCC<25"
prof-base,1600-1799,decode:120/prefill:79,Agent 1,AMD Radeon RX 9070 XT,"at::native::elementwise_kernel_manual_unroll<128, 8, at::native::gpu_kernel_impl_nocast<at::native::direct_copy_kernel_cuda(at::TensorIteratorBase&)::",65.8894472361809,0.4216893567839196,0.0067087511822395505,0.0034685319379574074,6399.952867602196,5000.0,1880,0.0,1719883.2412060301,1,128,4,0.1953125,32,16,0,0,"(128, 1, 1)/(128, 1, 1)",0.09977339054820202,0.09977339054820202,75,"WG<64,OCC<25"
prof-base,1600-1799,decode:120/prefill:79,Agent 1,AMD Radeon RX 9070 XT,"gemv_decode::gemv_decode_core<__hip_bfloat16, gemv_decode::Int4Fp8GemvLoader, true, true, false, 32, 8, 1, false, 0>",18.256281407035175,0.3580986934673367,0.005697072962617975,0.002945478075864118,19615.094962840627,19240,16440,0,18091.879396984925,96,1024,3072,75.0,112,12,0,512,"(24576, 4, 1)/(1024, 1, 1)",1.0,0.0,1,
prof-base,1600-1799,decode:120/prefill:79,Agent 1,AMD Radeon RX 9070 XT,"anon::rms_norm_add_kernel<__hip_bfloat16, true>",27.502512562814072,0.3432722964824121,0.005461196465616572,0.002823526144567455,12481.488580303307,2840,2440,7349,414064.20603015076,1,256,8,0.390625,40,16,0,512,"(256, 1, 1)/(256, 1, 1)",0.15004643382935215,0.15004643382935215,28,"WG<64,OCC<25"
prof-base,1600-1799,decode:120/prefill:79,Agent 1,AMD Radeon RX 9070 XT,"w4a8_tile::moe_gemm_tiled_kernel<__hip_bfloat16, w4a8_tile::WmmaFp8, w4a8_tile::Int4Fp8Loader, true, 64, 4, 128, false>",18.256281407035175,0.33127068341708543,0.005270260093745917,0.0027248089785911196,18145.57280484448,17800,16360,0.0,11426.507537688442,512,128,2048,100.0,64,16,0,0,"(4096, 4, 4)/(128, 1, 1)",1.0,0.0,1,
prof-base,1600-1799,decode:120/prefill:79,Agent 1,AMD Radeon RX 9070 XT,"anon::rms_norm_add_kernel<__hip_bfloat16, false>",28.693467336683415,0.3179161859296482,0.005057800378162041,0.0026149638987820905,11079.740980735553,2400.0,2000,0.0,151891.4070351759,1,256,8,0.390625,32,16,0,512,"(256, 1, 1)/(256, 1, 1)",0.14108901778906646,0.14108901778906646,28,"WG<64,OCC<25"
prof-base,1600-1799,decode:120/prefill:79,Agent 1,AMD Radeon RX 9070 XT,"at::native::elementwise_kernel_manual_unroll<128, 4, at::native::gpu_kernel_impl<at::native::direct_copy_kernel_cuda(at::TensorIteratorBase&)::{lambda",77.08542713567839,0.3163683316582915,0.005033175215098652,0.002602232294606802,4104.126336375489,2560.0,1240,0.0,3434281.6834170856,4,128,16,0.78125,16,16,0,0,"(512, 1, 1)/(128, 1, 1)",0.45516584908075314,0.6499435061523765,29,"WG<64,OCC<25"
prof-base,1600-1799,decode:120/prefill:79,Agent 1,AMD Radeon RX 9070 XT,"anon::moe_topk_softmax_kernel<1, 4, true, c10::BFloat16, moe_core::SigmoidBiasScore<c10::BFloat16> >",27.502512562814072,0.291860216080402,0.004643270071151943,0.0024006450829461103,10612.12917960899,3240,2720,0,228472.49246231155,1,256,8,0.390625,32,16,0,4096,"(256, 1, 1)/(256, 1, 1)",0.199971701191093,0.199971701191093,28,"WG<64,OCC<25"
prof-base,1600-1799,decode:120/prefill:79,Agent 1,AMD Radeon RX 9070 XT,"at::native::vectorized_elementwise_kernel<4, at::native::bfloat16_copy_kernel_cuda(at::TensorIteratorBase&)::{lambda(float)#1}, std::array<char*, 2ul>",86.1105527638191,0.26682221105527637,0.004244934796355564,0.0021946993584565848,3098.6006069094306,1560.0,920,1545.0,9030779.050251257,1,256,8,0.390625,32,16,0,0,"(256, 1, 1)/(256, 1, 1)",0.2848460062805075,0.3989004780251921,46,"WG<64,OCC<25"
prof-base,1600-1799,decode:120/prefill:79,Agent 1,AMD Radeon RX 9070 XT,Cijk_Ailk_Bljk_BBS_BH_Bias_HA_S_SAV_UserArgs_MT128x128x32_MI16x16x1_SN_LDSB0_AFC1_AFEM1_AFEM1_ASEM1_CLR0_CADS0_DTLA0_DTLB0_DTVA0_DTVB0_EPS0_FDSI0_GRPM,18.65326633165829,0.25552061306532664,0.004065135122362077,0.0021017400438628738,13698.438038793103,13480.0,10320,0.0,4089082.9396984926,40,128,160,7.8125,256,5,0,51200,"(512, 1, 10)/(128, 1, 1)",1.0,1.0,1,"WG<64,OCC<25"
prof-base,1600-1799,decode:120/prefill:79,Agent 1,AMD Radeon RX 9070 XT,Cijk_Alik_Bljk_BBS_BH_Bias_HA_S_SAV_UserArgs_MT16x16x32_MI16x16x1_SN_LDSB0_AFC1_AFEM1_AFEM1_ASEM1_CLR1_CADS0_DTLA0_DTLB0_DTVA0_DTVB1_EPS0_FDSI0_GRPM1_,18.256281407035175,0.2517525929648241,0.004005188839874085,0.0020707468545608366,13789.916322598403,13640,12281,0,20744.371859296483,4,32,4,0.1953125,120,12,0,3584,"(128, 1, 1)/(32, 1, 1)",1.0,1.0,1,"WG<64,OCC<25"
prof-base,1600-1799,decode:120/prefill:79,Agent 1,AMD Radeon RX 9070 XT,"anon::rms_norm_kernel<__hip_bfloat16, false>",56.79899497487437,0.24289795979899498,0.00386431848172086,0.0019979146204992288,4276.448199593028,2000,1640,1224,556368.5879396985,1,256,8,0.390625,32,16,0,512,"(256, 1, 1)/(256, 1, 1)",0.3108345597652996,0.3108345597652996,28,"WG<64,OCC<25"
prof-base,1600-1799,decode:120/prefill:79,Agent 1,AMD Radeon RX 9070 XT,"mla_attend::mla_split_kernel<__hip_bfloat16, 512, 64, 16, mla_attend::CacheFp8, false>",18.65326633165829,0.23228110050251255,0.0036954124701957824,0.001910587504084671,12452.569773706897,12480.0,10240,0.0,4727031.542713568,160,256,1280,62.5,72,16,0,16896,"(2560, 1, 16)/(256, 1, 1)",1.0,0.0,1,
prof-base,1600-1799,decode:120/prefill:79,Agent 1,AMD Radeon RX 9070 XT,Cijk_Alik_Bljk_BBS_BH_Bias_HA_S_SAV_UserArgs_MT64x64x32_MI16x16x1_SN_LDSB0_AFC1_AFEM1_AFEM1_ASEM1_CLR1_CADS0_DTLA0_DTLB0_DTVA1_DTVB0_EPS0_FDSI0_GRPM1_,18.65326633165829,0.22605945728643215,0.003596430943605487,0.001859412467640465,12119.028017241379,11680.0,11000,9479.5,228564.5728643216,40,128,160,7.8125,128,10,0,13312,"(512, 1, 10)/(128, 1, 1)",1.0,1.0,1,"WG<64,OCC<25"
prof-base,1600-1799,decode:120/prefill:79,Agent 1,AMD Radeon RX 9070 XT,"gemv_decode::gemv_decode_core<__hip_bfloat16, gemv_decode::Bf16GemvLoader<__hip_bfloat16>, false, false, false, 8, 1, 1, true, 0>",18.65326633165829,0.21401318090452262,0.0034047840129476396,0.001760327931377138,11473.22817887931,11440.0,10000,0.0,22957.773869346733,10,256,80,3.90625,16,16,0,512,"(2560, 1, 1)/(256, 1, 1)",1.0,1.0,1,"WG<64,OCC<25"
prof-base,1600-1799,decode:120/prefill:79,Agent 1,AMD Radeon RX 9070 XT,"at::native::vectorized_elementwise_kernel<4, at::native::CUDAFunctor_add<float>, std::array<char*, 3ul> >",112.40201005025126,0.20115548743718592,0.0032002280646834078,0.0016545692260115292,1789.6075643776824,1160.0,880,0.0,5679344.809045226,1,256,8,0.390625,16,16,0,0,"(256, 1, 1)/(256, 1, 1)",0.4177453717020125,0.580113256222055,19,"WG<64,OCC<25"
prof-base,1600-1799,decode:120/prefill:79,Agent 1,AMD Radeon RX 9070 XT,"at::native::anon::CatArrayBatchedCopy_contig<at::native::anon::OpaqueType<4u>, unsigned int, 3, 128, 1>",56.20100502512563,0.20048233165829146,0.0031895186774180237,0.001649032301067245,3567.2374821173103,1720.0,1320,0.0,3385869.658291457,2,256,16,0.78125,16,16,0,0,"(256, 2, 1)/(256, 1, 1)",0.30378052587949705,0.5182984332458124,12,"WG<64,OCC<25"
prof-base,1600-1799,decode:120/prefill:79,Agent 1,AMD Radeon RX 9070 XT,"gemv_decode::gemv_decode_core<__hip_bfloat16, gemv_decode::Int4Fp8GemvLoader, false, true, false, 16, 1, 1, false, 0>",18.251256281407034,0.1952089447236181,0.003105623174097259,0.001605656980562074,10695.644273127753,10440.0,8960,0.0,16351.015075376885,96,512,1536,75.0,88,16,0,512,"(49152, 1, 1)/(512, 1, 1)",1.0,0.0,1,
prof-base,1600-1799,decode:120/prefill:79,Agent 1,AMD Radeon RX 9070 XT,"at::native::vectorized_elementwise_kernel<4, at::native::bfloat16tofloat32_copy_kernel_cuda(at::TensorIteratorBase&)::{lambda(c10::BFloat16)#1}, std::",84.69346733668341,0.18788802512562813,0.0029891530113626023,0.0015454400387959622,2218.4476682093273,1600.0,1000,0.0,671704.5979899497,1,256,8,0.390625,16,16,0,0,"(256, 1, 1)/(256, 1, 1)",0.43482393835716915,0.568385767669758,32,"WG<64,OCC<25"
prof-base,1600-1799,decode:120/prefill:79,Agent 1,AMD Radeon RX 9070 XT,Cijk_Alik_Bljk_BBS_BH_Bias_HA_S_SAV_UserArgs_MT16x16x32_MI16x16x1_SN_LDSB1_AFC1_AFEM1_AFEM1_ASEM1_CLR0_CADS0_DTLA0_DTLB0_DTVA0_DTVB1_EPS0_FDSI0_GRPM1_,9.246231155778894,0.18537424623115578,0.002949160735392446,0.0015247633908318343,20048.627717391304,19080.0,17000,7461.5,184255.29145728642,420,32,420,20.5078125,48,16,0,2048,"(128, 105, 1)/(32, 1, 1)",0.5001657247765114,0.0,5,OCC<25
prof-base,1600-1799,decode:120/prefill:79,Agent 1,AMD Radeon RX 9070 XT,anon::moe_align_kernel,27.502512562814072,0.18368963819095477,0.0029223599257455005,0.0015109069424857331,6679.012972775443,2600,2240,6955,1508701.8844221106,1,256,8,0.390625,16,16,0,1536,"(256, 1, 1)/(256, 1, 1)",1.0,1.0,1,"WG<64,OCC<25"
prof-base,1600-1799,decode:120/prefill:79,Agent 1,AMD Radeon RX 9070 XT,"at::native::vectorized_elementwise_kernel<8, at::native::FillFunctor<c10::BFloat16>, std::array<char*, 1ul> >",47.63819095477387,0.16443135175879395,0.0026159754989365726,0.0013525012808638063,3451.670780590717,3640.0,1480,13013.0,1133298.9396984924,1792,256,14336,100.0,8,16,0,0,"(458752, 1, 1)/(256, 1, 1)",0.49790972934009,0.0,5,
prof-base,1600-1799,decode:120/prefill:79,Agent 1,AMD Radeon RX 9070 XT,"at::native::vectorized_elementwise_kernel<8, at::native::CUDAFunctor_add<c10::BFloat16>, std::array<char*, 3ul> >",27.497487437185928,0.15077721608040204,0.002398748771723228,0.00124019157960195,5483.30884502924,1120.0,920,4609.0,354197.03517587937,1,256,8,0.390625,32,16,0,0,"(256, 1, 1)/(256, 1, 1)",0.13936522406215088,0.13936522406215088,28,"WG<64,OCC<25"
prof-base,1600-1799,decode:120/prefill:79,Agent 1,AMD Radeon RX 9070 XT,"at::native::index_elementwise_kernel<128, 4, at::native::gpu_index_kernel<at::native::index_put_kernel_impl<at::native::OpaqueType<1> >(at::TensorIter",28.100502512562816,0.14508020603015076,0.0023081137526149834,0.0011933318213645937,5162.904327610872,2640.0,2200,0.0,429625.7587939699,2,128,8,0.390625,16,16,0,0,"(256, 1, 1)/(128, 1, 1)",0.32978465801675255,0.32978465801675255,28,"WG<64,OCC<25"
prof-base,1600-1799,decode:120/prefill:79,Agent 1,AMD Radeon RX 9070 XT,"anon::gated_mul_kernel<__hip_bfloat16, anon::SiluAct>",9.844221105527637,0.13005224120603015,0.002069030467351669,0.001069721929114758,13211.023991832568,12000,1280,17435,321252.03517587937,1257,256,10056,100.0,72,16,0,0,"(321792, 1, 1)/(256, 1, 1)",0.06580324350523849,0.0043107532048582255,51,
prof-base,1600-1799,decode:120/prefill:79,Agent 1,AMD Radeon RX 9070 XT,"gemv_decode::gemv_decode_core<__hip_bfloat16, gemv_decode::Int4Fp8GemvLoader, false, false, false, 16, 1, 2, false, 0>",18.251256281407034,0.11804247738693467,0.0018779644232991032,0.0009709377205410442,6467.635737885463,6440.0,5480,0.0,25668.090452261305,64,512,1024,50.0,88,16,0,512,"(32768, 1, 1)/(512, 1, 1)",1.0,0.0,1,
prof-base,1600-1799,decode:120/prefill:79,Agent 1,AMD Radeon RX 9070 XT,"at::native::anon::CatArrayBatchedCopy_contig<at::native::anon::OpaqueType<2u>, unsigned int, 2, 128, 1>",28.100502512562816,0.10057837185929648,0.001600124025573972,0.0008272897796670916,3579.2374821173103,1840.0,1560,0.0,113912.50251256282,2,256,16,0.78125,8,16,0,0,"(256, 2, 1)/(256, 1, 1)",0.33157477735805013,0.33157477735805013,13,"WG<64,OCC<25"
prof-base,1600-1799,decode:120/prefill:79,Agent 1,AMD Radeon RX 9070 XT,"at::native::vectorized_elementwise_kernel<4, at::native::ConvertToFloat8E4M3fnOp<float>, std::array<char*, 2ul> >",28.100502512562816,0.08517768844221106,0.0013551110760661868,0.0007006141559190064,3031.1802575107295,1560.0,1281,0.0,1686591.0,1,256,8,0.390625,40,16,0,0,"(256, 1, 1)/(256, 1, 1)",0.3366454753763342,0.3366454753763342,9,"WG<64,OCC<25"
prof-base,1600-1799,decode:120/prefill:79,Agent 1,AMD Radeon RX 9070 XT,"at::native::vectorized_elementwise_kernel<4, at::native::FillFunctor<float>, std::array<char*, 1ul> >",27.502512562814072,0.08173382412060302,0.001300321861049552,0.0006722872531947094,2971.8675315183627,840,720,4362,228560.7487437186,2,256,16,0.78125,8,16,0,0,"(512, 1, 1)/(256, 1, 1)",0.18738482576516455,0.18738482576516455,28,"WG<64,OCC<25"
prof-base,1600-1799,decode:120/prefill:79,Agent 1,AMD Radeon RX 9070 XT,"at::native::vectorized_gather_kernel<16, long>",19.09547738693467,0.058050798994974874,0.0009235432673892402,0.00047748667852006436,3040.0286842105265,2560.0,2240,2102.0,226776.61809045225,1674,32,1674,81.73828125,16,16,0,0,"(53568, 1, 1)/(32, 1, 1)",0.02833482613434482,0.0,81,
prof-base,1600-1799,decode:120/prefill:79,Agent 1,AMD Radeon RX 9070 XT,"at::native::anon::CatArrayBatchedCopy_contig<at::native::anon::OpaqueType<2u>, unsigned int, 3, 128, 1>",18.65326633165829,0.04938752763819096,0.0007857173274600339,0.00040622845749838907,2647.661099137931,2600.0,2240,10894.0,578080.8492462311,6,256,48,2.34375,16,16,0,0,"(768, 2, 1)/(256, 1, 1)",1.0,1.0,1,"WG<64,OCC<25"
prof-base,1600-1799,decode:120/prefill:79,Agent 1,AMD Radeon RX 9070 XT,"at::native::elementwise_kernel_manual_unroll<128, 8, at::native::gpu_kernel_impl_nocast<at::native::BinaryFunctor<c10::BFloat16, c10::BFloat16, c10::B",9.447236180904522,0.04752711055276382,0.0007561195320200284,0.00039092592264681054,5030.795212765957,4920.0,4320,0.0,49026.45728643216,942,128,3768,100.0,48,16,0,0,"(120576, 1, 1)/(128, 1, 1)",0.09630187266828401,0.0,21,
prof-base,1600-1799,decode:120/prefill:79,Agent 1,AMD Radeon RX 9070 XT,ncclDevKernel_Generic_4,0.592964824120603,0.041565824120603015,0.0006612800802860821,0.0003418924053226892,70098.29661016949,46140.5,29920,6298.0,5453.180904522613,2,256,16,0.78125,256,5,776,21504,"(512, 1, 1)/(256, 1, 1)",1.0,1.0,1,"WG<64,OCC<25,SPILL776B"
prof-base,1600-1799,decode:120/prefill:79,Agent 1,AMD Radeon RX 9070 XT,"at::native::index_elementwise_kernel<128, 4, at::native::gpu_index_kernel<at::native::index_kernel_impl<at::native::OpaqueType<4> >(at::TensorIterator",19.849246231155778,0.03550915577889447,0.0005649231762186862,0.00029207434080939315,1788.9422784810126,1640.0,1400,0.0,1292031.4271356785,1,128,4,0.1953125,16,16,0,0,"(128, 1, 1)/(128, 1, 1)",0.9413152981140684,1.0,2,"WG<64,OCC<25"
prof-base,1600-1799,decode:120/prefill:79,Agent 1,AMD Radeon RX 9070 XT,"at::native::vectorized_elementwise_kernel<4, at::native::FillFunctor<int>, std::array<char*, 1ul> >",9.246231155778894,0.01903170351758794,0.00030277966806517115,0.00015654194354806957,2058.3201086956524,1840.0,1240,3540.0,134846.13567839196,7,256,56,2.734375,8,16,0,0,"(1792, 1, 1)/(256, 1, 1)",1.0,1.0,1,"WG<64,OCC<25"
prof-base,1600-1799,decode:120/prefill:79,Agent 1,AMD Radeon RX 9070 XT,"anon::elementwise_kernel_with_index_grid_stride<int, at::native::arange_cuda_out(c10::Scalar const&, c10::Scalar const&, c10::Scalar const&, at::Tenso",9.859296482412061,0.01875778391959799,0.0002984218193376888,0.0001542888658766133,1902.5479102956167,1560.0,1160,17288.0,306793.3417085427,84,128,336,16.40625,8,16,0,0,"(10752, 1, 1)/(128, 1, 1)",0.8106611151578212,0.045906570377885335,4,OCC<25
prof-base,1600-1799,decode:120/prefill:79,Agent 1,AMD Radeon RX 9070 XT,"at::native::elementwise_kernel_manual_unroll<128, 4, at::native::gpu_kernel_impl<at::native::BinaryFunctor<c10::BFloat16, c10::BFloat16, c10::BFloat16",0.5979899497487438,0.017960366834170856,0.0002857355308920959,0.00014772985132198655,30034.563025210085,14400,12320,4334,2643.5879396984924,4,128,16,0.78125,24,16,0,0,"(512, 1, 1)/(128, 1, 1)",0.29709525132529385,0.29709525132529385,28,"WG<64,OCC<25"
prof-base,1600-1799,decode:120/prefill:79,Agent 1,AMD Radeon RX 9070 XT,w4a8_fp8_moe::moe_build_inverse_map_kernel,9.246231155778894,0.017377070351758794,0.00027645573546206033,0.0001429320482804904,1879.3679347826087,1840.0,1680,6777.0,177678.77889447237,42,256,336,16.40625,8,16,0,0,"(10752, 1, 1)/(256, 1, 1)",0.9001505767578543,1.0,2,"WG<64,OCC<25"
prof-base,1600-1799,decode:120/prefill:79,Agent 1,AMD Radeon RX 9070 XT,"at::native::unrolled_elementwise_kernel<at::native::bfloat16_copy_kernel_cuda(at::TensorIteratorBase&)::{lambda(float)#1}, std::array<char*, 2ul>, 4, ",4.623115577889447,0.007779562814070352,0.00012376682120754804,6.398943120059746e-05,1682.753260869565,1520.0,1400,2734.0,63486.48743718593,1,256,8,0.390625,16,16,0,0,"(256, 1, 1)/(256, 1, 1)",1.0,1.0,1,"WG<64,OCC<25"
prof-base,1600-1799,decode:120/prefill:79,Agent 1,AMD Radeon RX 9070 XT,"at::native::vectorized_elementwise_kernel<2, at::native::bfloat16_copy_kernel_cuda(at::TensorIteratorBase&)::{lambda(float)#1}, std::array<char*, 2ul>",2.4120603015075375,0.0042340251256281405,6.736006164306617e-05,3.482623200727496e-05,1755.35625,1600.0,1480,3058.5,23961.30150753769,1,256,8,0.390625,32,16,0,0,"(256, 1, 1)/(256, 1, 1)",1.0,1.0,1,"WG<64,OCC<25"
prof-base,1600-1799,decode:120/prefill:79,Agent 1,AMD Radeon RX 9070 XT,"at::native::reduce_kernel<512, 1, at::native::ReduceOp<float, at::native::ArgMaxOps<float>, unsigned int, long, 4, 4> >",0.39195979899497485,0.003873613065326633,6.162618480519257e-05,3.1861725737743046e-05,9882.679487179486,9380.0,8840,5835.5,5425.48743718593,64,512,1024,50.0,40,16,0,512,"(512, 64, 1)/(512, 1, 1)",1.0,0.0,1,
prof-base,1600-1799,decode:120/prefill:79,Agent 1,AMD Radeon RX 9070 XT,"at::native::index_elementwise_kernel<128, 4, at::native::gpu_index_kernel<at::native::index_put_kernel_impl<at::native::OpaqueType<4> >(at::TensorIter",1.0050251256281406,0.0036842613065326633,5.8613744924431936e-05,3.03042460140567e-05,3665.84,3040.5,2680,11537.0,49533.45728643216,1,128,4,0.1953125,16,16,0,0,"(128, 1, 1)/(128, 1, 1)",0.6991112541736683,1.0,2,"WG<64,OCC<25"
prof-base,1600-1799,decode:120/prefill:79,Agent 1,AMD Radeon RX 9070 XT,"at::native::vectorized_elementwise_kernel<4, at::native::compare_scalar_kernel<int>(at::TensorIteratorBase&, at::native::anon::OpType, int)::{lambda(i",1.1959798994974875,0.0027897738693467337,4.43831423370527e-05,2.294679628460842e-05,2332.626050420168,2000.0,1360,3601.0,8170.246231155779,1,256,8,0.390625,24,16,0,0,"(256, 1, 1)/(256, 1, 1)",1.0,1.0,1,"WG<64,OCC<25"
prof-base,1600-1799,decode:120/prefill:79,Agent 1,AMD Radeon RX 9070 XT,"at::native::vectorized_elementwise_kernel<16, at::native::BinaryFunctor<bool, bool, bool, at::native::BitwiseAndFunctor<bool> >, std::array<char*, 3ul",0.5979899497487438,0.0026261608040201003,4.17801851417106e-05,2.160102567545517e-05,4391.64705882353,1640,1520,4831,3631.8442211055276,1,256,8,0.390625,40,16,0,0,"(256, 1, 1)/(256, 1, 1)",1.0,1.0,1,"WG<64,OCC<25"
prof-base,1600-1799,decode:120/prefill:79,Agent 1,AMD Radeon RX 9070 XT,"at::native::reduce_kernel<512, 1, at::native::ReduceOp<bool, at::native::func_wrapper_t<bool, at::native::and_kernel_cuda(at::TensorIterator&)::{lambd",0.4020100502512563,0.002577522613065327,4.100638918072543e-05,2.12009607555868e-05,6411.5875,3720.0,3280,1226553.5,1137239.7386934673,1,32,1,0.048828125,32,16,12,512,"(32, 1, 1)/(32, 1, 1)",0.4494245769865887,1.0,5,"WG<64,OCC<25,SPILL12B"
prof-base,1600-1799,decode:120/prefill:79,Agent 1,AMD Radeon RX 9070 XT,__amd_rocclr_fillBufferAligned,0.7889447236180904,0.002272180904522613,3.614863900226257e-05,1.8689426017911222e-05,2880.0254777070063,2360,1920,4476,4659.145728643216,1,256,8,0.390625,16,16,0,0,"(256, 1, 1)/(256, 1, 1)",1.0,1.0,1,"WG<64,OCC<25"
prof-base,1600-1799,decode:120/prefill:79,Agent 1,AMD Radeon RX 9070 XT,"at::native::elementwise_kernel_manual_unroll<128, 4, at::native::gpu_kernel_impl_nocast<at::native::direct_copy_kernel_cuda(at::TensorIteratorBase&)::",0.7939698492462312,0.0022458391959798998,3.572956281386663e-05,1.8472756908504256e-05,2828.6202531645567,2400.0,2040,3767.0,5679.266331658291,1,128,4,0.1953125,24,16,0,0,"(128, 1, 1)/(128, 1, 1)",1.0,1.0,1,"WG<64,OCC<25"
prof-base,1600-1799,decode:120/prefill:79,Agent 1,AMD Radeon RX 9070 XT,"at::native::anon::CatArrayBatchedCopy<at::native::anon::OpaqueType<4u>, unsigned int, 1, 64, 64>",0.5276381909547738,0.002213075376884422,3.520831581876142e-05,1.820326385369056e-05,4194.304761904762,2640,1960,8351,118699.10050251256,3,256,24,1.171875,8,16,0,0,"(256, 3, 1)/(256, 1, 1)",0.624252387591337,1.0,2,"WG<64,OCC<25"
prof-base,1600-1799,decode:120/prefill:79,Agent 1,AMD Radeon RX 9070 XT,"at::native::index_elementwise_kernel<128, 4, at::native::gpu_index_kernel<at::native::index_kernel_impl<at::native::OpaqueType<2> >(at::TensorIterator",0.5979899497487438,0.0020207386934673367,3.2148388098262665e-05,1.662123215537855e-05,3379.218487394958,3280,2801,3095,4795.236180904522,4,128,16,0.78125,16,16,0,0,"(512, 1, 1)/(128, 1, 1)",1.0,1.0,1,"WG<64,OCC<25"
prof-base,1600-1799,decode:120/prefill:79,Agent 1,AMD Radeon RX 9070 XT,"at::native::reduce_kernel<512, 1, at::native::ReduceOp<c10::BFloat16, at::native::ArgMaxOps<float>, unsigned int, long, 4, 4> >",0.20100502512562815,0.0016589045226130653,2.6391886582534044e-05,1.3645028564602419e-05,8253.05,8240.0,7960,2695.0,790.070351758794,64,512,1024,50.0,40,16,0,512,"(512, 64, 1)/(512, 1, 1)",1.0,0.0,1,
prof-base,1600-1799,decode:120/prefill:79,Agent 1,AMD Radeon RX 9070 XT,"at::native::vectorized_elementwise_kernel<4, at::native::CUDAFunctorOnSelf_add<int>, std::array<char*, 2ul> >",0.5979899497487438,0.0014096532663316582,2.2426492072685348e-05,1.1594856016778147e-05,2357.3193277310925,1520,1160,5062,3318.7989949748744,2,256,16,0.78125,16,16,0,0,"(512, 1, 1)/(256, 1, 1)",0.6100113716976626,1.0,2,"WG<64,OCC<25"
prof-base,1600-1799,decode:120/prefill:79,Agent 1,AMD Radeon RX 9070 XT,"at::native::elementwise_kernel_manual_unroll<128, 4, at::native::gpu_kernel_impl_nocast<at::native::BUnaryFunctor<int, int, int, at::native::binary_in",0.3969849246231156,0.0013250402010050251,2.108036371324033e-05,1.0898886069392708e-05,3337.759493670886,2440,2080,1938,1542.5075376884422,1,128,4,0.1953125,24,16,0,0,"(128, 1, 1)/(128, 1, 1)",1.0,1.0,1,"WG<64,OCC<25"
prof-base,1600-1799,decode:120/prefill:79,Agent 1,AMD Radeon RX 9070 XT,"at::native::vectorized_elementwise_kernel<4, at::native::anon::launch_clamp_scalar(at::TensorIteratorBase&, c10::Scalar, c10::Scalar, at::native::deta",0.5979899497487438,0.0010993115577889448,1.7489195765368242e-05,9.042194654940049e-06,1838.3445378151262,1200,1120,4312,3070.4120603015076,2,256,16,0.78125,16,16,0,0,"(512, 1, 1)/(256, 1, 1)",0.5726836805127009,1.0,2,"WG<64,OCC<25"
prof-base,1600-1799,decode:120/prefill:79,Agent 1,AMD Radeon RX 9070 XT,"at::native::vectorized_elementwise_kernel<4, at::native::BUnaryFunctor<int, int, int, at::native::binary_internal::div_floor_kernel_cuda(at::TensorIte",0.5979899497487438,0.0010659497487437186,1.6958435213143782e-05,8.767782938543094e-06,1782.5546218487395,1720,1520,13836,51532.25628140703,1,256,8,0.390625,16,16,0,0,"(256, 1, 1)/(256, 1, 1)",1.0,1.0,1,"WG<64,OCC<25"
prof-base,1600-1799,decode:120/prefill:79,Agent 1,AMD Radeon RX 9070 XT,"at::native::vectorized_elementwise_kernel<4, at::native::BUnaryFunctor<int, int, int, at::native::remainder_kernel_cuda(at::TensorIteratorBase&)::{lam",0.4020100502512563,0.0010558793969849246,1.679822371342126e-05,8.684951024149436e-06,2626.5,2160.0,1800,4496.5,2276.5829145728644,1,256,8,0.390625,16,16,0,0,"(256, 1, 1)/(256, 1, 1)",0.9225204644964782,1.0,2,"WG<64,OCC<25"
prof-base,1600-1799,decode:120/prefill:79,Agent 1,AMD Radeon RX 9070 XT,"at::native::vectorized_elementwise_kernel<4, at::native::AUnaryFunctor<int, int, bool, at::native::anon::CompareEqFunctor<int> >, std::array<char*, 2u",0.4020100502512563,0.0007931708542713568,1.2618734195460333e-05,6.5240879240565926e-06,1973.0125,1740.0,1480,5142.5,32921.61809045226,1,256,8,0.390625,24,16,0,0,"(256, 1, 1)/(256, 1, 1)",1.0,1.0,1,"WG<64,OCC<25"
prof-base,1600-1799,decode:120/prefill:79,Agent 1,AMD Radeon RX 9070 XT,rocprim::ROCPRIM_400200_NS::detail::trampoline_kernel<rocprim::ROCPRIM_400200_NS::detail::wrapped_partition_config<rocprim::ROCPRIM_400200_NS::default,0.19597989949748743,0.0005501608040201004,8.75263244142769e-06,4.525251323176892e-06,2807.230769230769,2800,2440,4333,853.8140703517588,1,256,8,0.390625,64,16,0,12800,"(256, 1, 1)/(256, 1, 1)",1.0,1.0,1,"WG<64,OCC<25"
prof-base,1600-1799,decode:120/prefill:79,Agent 1,AMD Radeon RX 9070 XT,"at::native::elementwise_kernel_manual_unroll<128, 4, at::native::gpu_kernel_impl_nocast<at::native::CUDAFunctor_add<int> >(at::TensorIteratorBase&, at",0.21608040201005024,0.000539105527638191,8.576751553508755e-06,4.434318083822577e-06,2494.9302325581393,2480,2200,3982,847.9698492462312,4,128,16,0.78125,24,16,0,0,"(512, 1, 1)/(128, 1, 1)",0.929158665945825,1.0,2,"WG<64,OCC<25"
prof-base,1600-1799,decode:120/prefill:79,Agent 1,AMD Radeon RX 9070 XT,rocprim::ROCPRIM_400200_NS::detail::trampoline_kernel<rocprim::ROCPRIM_400200_NS::detail::wrapped_transform_config<rocprim::ROCPRIM_400200_NS::default,0.19597989949748743,0.0004389949748743718,6.984070167544647e-06,3.610876268178635e-06,2240.0,2240,1960,55911,11701.346733668342,1,1024,32,1.5625,8,16,0,0,"(1024, 1, 1)/(1024, 1, 1)",1.0,1.0,1,"WG<64,OCC<25"
prof-base,1600-1799,decode:120/prefill:79,Agent 1,AMD Radeon RX 9070 XT,rocprim::ROCPRIM_400200_NS::detail::trampoline_kernel<rocprim::ROCPRIM_400200_NS::detail::wrapped_reduce_config<rocprim::ROCPRIM_400200_NS::default_co,0.19597989949748743,0.0004341859296482412,6.9075619812999104e-06,3.5713203090595078e-06,2215.4615384615386,2200,1920,4153,1379.889447236181,1,256,8,0.390625,8,16,0,512,"(256, 1, 1)/(256, 1, 1)",1.0,1.0,1,"WG<64,OCC<25"
prof-base,1600-1799,decode:120/prefill:79,Agent 1,AMD Radeon RX 9070 XT,"at::native::unrolled_elementwise_kernel<at::native::CUDAFunctorOnSelf_add<int>, std::array<char*, 2ul>, 4, TrivialOffsetCalculator<1, unsigned int>, T",0.20100502512562815,0.00034834170854271355,5.541846886609374e-06,2.8652237054732483e-06,1733.0,1580.0,1440,6612.0,1018.5125628140704,1,256,8,0.390625,16,16,0,0,"(256, 1, 1)/(256, 1, 1)",1.0,1.0,1,"WG<64,OCC<25"
prof-base,1600-1799,decode:120/prefill:79,Agent 1,AMD Radeon RX 9070 XT,"rocprim::ROCPRIM_400200_NS::detail::init_lookback_scan_state_kernel<rocprim::ROCPRIM_400200_NS::detail::lookback_scan_state<unsigned long, false, true",0.19597989949748743,0.0003312562814070352,5.270030968916474e-06,2.7246905173802155e-06,1690.2564102564102,1600,1440,4233,879.4472361809045,1,256,8,0.390625,8,16,0,0,"(256, 1, 1)/(256, 1, 1)",1.0,1.0,1,"WG<64,OCC<25"
prof-base,1600-1799,decode:120/prefill:79,Agent 1,AMD Radeon RX 9070 XT,"at::native::anon::CatArrayBatchedCopy_contig<at::native::anon::OpaqueType<4u>, unsigned int, 1, 128, 1>",0.010050251256281407,3.115577889447236e-05,4.956643204988188e-07,2.5626640181670713e-07,3100.0,3100.0,2520,4498.0,45.20603015075377,5,256,40,1.953125,8,16,0,0,"(256, 5, 1)/(256, 1, 1)",0.5935483870967742,1.0,2,"WG<64,OCC<25"
