tag,window,classes,agent,product,kernel,n_per_step,ms_per_step,share_of_busy,share_of_wall,ns_per_dispatch_mean,ns_per_dispatch_median,ns_per_dispatch_min,gap_after_ns_median,gap_after_ns_total_per_step,workgroups,threads_per_wg,waves,occ_upper_pct,vgpr,waves_per_simd_by_vgpr,scratch_b,lds_b,top_grid,dom_grid_time_frac,starved_time_frac,n_distinct_grids,flags
glm-overlap,120-319,decode:199,Agent 1,AMD Radeon RX 9070 XT,"custom_ar::one_shot_ar_vec_kernel<__hip_bfloat16, 8>",22.623115577889447,0.647086974874372,0.2175445471696826,0.004445865977276646,28602.911594846733,18280.0,7641,0.0,54526.427135678394,8,256,64,3.125,32,16,0,512,"(2048, 1, 1)/(256, 1, 1)",1.0,1.0,1,"WG<64,OCC<25"
glm-overlap,120-319,decode:199,Agent 1,AMD Radeon RX 9070 XT,"gemv_decode::gemv_decode_core<__hip_bfloat16, gemv_decode::Bf16GemvLoader<__hip_bfloat16>, false, false, false, 16, 1, 1, false, 0>",34.2964824120603,0.562795296482412,0.18920647869053964,0.0038667328472934406,16409.709010989012,6520,5040,0,126326.30653266332,128,512,2048,100.0,24,16,0,512,"(65536, 1, 1)/(512, 1, 1)",0.49667715701659476,0.24291726374015477,5,
glm-overlap,120-319,decode:199,Agent 1,AMD Radeon RX 9070 XT,"mla_attend::mla_combine_kernel<__hip_bfloat16, 512>",11.185929648241206,0.43489426130653264,0.14620735514107824,0.002987977930526182,38878.687331536385,38841.0,32881,0.0,46283.0703517588,10,256,80,3.90625,24,16,0,0,"(2560, 1, 1)/(256, 1, 1)",1.0,1.0,1,"WG<64,OCC<25"
glm-overlap,120-319,decode:199,Agent 1,AMD Radeon RX 9070 XT,"gemv_decode::gemv_decode_core<__hip_bfloat16, gemv_decode::Int4Fp8GemvLoader, true, true, false, 32, 8, 1, false, 0>",10.944723618090451,0.21408008040201007,0.07197170698443775,0.0014708553607600064,19560.11753902663,19121.0,17800,0.0,12743.427135678392,96,1024,3072,75.0,112,12,0,512,"(24576, 4, 1)/(1024, 1, 1)",1.0,0.0,1,
glm-overlap,120-319,decode:199,Agent 1,AMD Radeon RX 9070 XT,"w4a8_tile::moe_gemm_tiled_kernel<__hip_bfloat16, w4a8_tile::WmmaFp8, w4a8_tile::Int4Fp8Loader, true, 64, 4, 128, false>",10.949748743718592,0.19802474371859297,0.06657405398867336,0.0013605458075065453,18084.866452501148,17720,17160,0,8032.804020100502,512,128,2048,100.0,64,16,0,0,"(4096, 4, 4)/(128, 1, 1)",1.0,0.0,1,
glm-overlap,120-319,decode:199,Agent 1,AMD Radeon RX 9070 XT,Cijk_Ailk_Bljk_BBS_BH_Bias_HA_S_SAV_UserArgs_MT128x128x32_MI16x16x1_SN_LDSB0_AFC1_AFEM1_AFEM1_ASEM1_CLR0_CADS0_DTLA0_DTLB0_DTVA0_DTVB0_EPS0_FDSI0_GRPM,11.185929648241206,0.15259540703517588,0.05130113881535879,0.0010484196943665585,13641.727762803235,13480.0,11440,0.0,2683881.226130653,40,128,160,7.8125,256,5,0,51200,"(512, 1, 10)/(128, 1, 1)",1.0,1.0,1,"WG<64,OCC<25"
glm-overlap,120-319,decode:199,Agent 1,AMD Radeon RX 9070 XT,Cijk_Alik_Bljk_BBS_BH_Bias_HA_S_SAV_UserArgs_MT16x16x32_MI16x16x1_SN_LDSB0_AFC1_AFEM1_AFEM1_ASEM1_CLR1_CADS0_DTLA0_DTLB0_DTVA0_DTVB1_EPS0_FDSI0_GRPM1_,10.93969849246231,0.15052884422110555,0.050606379858617434,0.0010342211991692719,13759.871382636657,13600,13080,0,13471.37688442211,4,32,4,0.1953125,120,12,0,3584,"(128, 1, 1)/(32, 1, 1)",1.0,1.0,1,"WG<64,OCC<25"
glm-overlap,120-319,decode:199,Agent 1,AMD Radeon RX 9070 XT,"at::native::elementwise_kernel_manual_unroll<128, 4, at::native::gpu_kernel_impl_nocast<at::native::BinaryFunctor<float, float, float, at::native::bin",100.678391959799,0.1475597135678392,0.049608186094049926,0.0010138215350344643,1465.654255053656,1400,1080,92,4098321.206030151,1,128,4,0.1953125,24,16,0,0,"(128, 1, 1)/(128, 1, 1)",0.8953822390887627,1.0,2,"WG<64,OCC<25"
glm-overlap,120-319,decode:199,Agent 1,AMD Radeon RX 9070 XT,Cijk_Alik_Bljk_BBS_BH_Bias_HA_S_SAV_UserArgs_MT64x64x32_MI16x16x1_SN_LDSB0_AFC1_AFEM1_AFEM1_ASEM1_CLR1_CADS0_DTLA0_DTLB0_DTVA1_DTVB0_EPS0_FDSI0_GRPM1_,11.185929648241206,0.13479431658291458,0.045316579842717475,0.0009261157916871736,12050.345462713387,11640.0,11120,8979.5,135905.48241206032,40,128,160,7.8125,128,10,0,13312,"(512, 1, 10)/(128, 1, 1)",1.0,1.0,1,"WG<64,OCC<25"
glm-overlap,120-319,decode:199,Agent 1,AMD Radeon RX 9070 XT,"gemv_decode::gemv_decode_core<__hip_bfloat16, gemv_decode::Bf16GemvLoader<__hip_bfloat16>, false, false, false, 8, 1, 1, true, 0>",11.195979899497488,0.12802525125628142,0.04304088382591803,0.0008796083538895205,11434.930430879713,11360.0,10080,0.0,13613.959798994974,10,256,80,3.90625,16,16,0,512,"(2560, 1, 1)/(256, 1, 1)",1.0,1.0,1,"WG<64,OCC<25"
glm-overlap,120-319,decode:199,Agent 1,AMD Radeon RX 9070 XT,"gemv_decode::gemv_decode_core<__hip_bfloat16, gemv_decode::Int4Fp8GemvLoader, false, true, false, 16, 1, 1, false, 0>",10.949748743718592,0.11700730653266332,0.039336754568633205,0.000803908629604762,10685.843965121616,10400,8961,0,9172.713567839195,96,512,1536,75.0,88,16,0,512,"(49152, 1, 1)/(512, 1, 1)",1.0,0.0,1,
glm-overlap,120-319,decode:199,Agent 1,AMD Radeon RX 9070 XT,w4a8_fp8_wmma::compute_act_fp8_and_scales_kernel<__hip_bfloat16>,21.899497487437184,0.07335079899497488,0.024659847858928375,0.0005039628895653922,3349.428407526388,3540.0,2760,4115.0,5993756.43718593,1,256,8,0.390625,16,16,0,512,"(256, 1, 1)/(256, 1, 1)",1.0,1.0,1,"WG<64,OCC<25"
glm-overlap,120-319,decode:199,Agent 1,AMD Radeon RX 9070 XT,"gemv_decode::gemv_decode_core<__hip_bfloat16, gemv_decode::Int4Fp8GemvLoader, false, false, false, 16, 1, 2, false, 0>",10.949748743718592,0.07050113065326633,0.023701816198499544,0.0004843840013805636,6438.607159247361,6400,6160,0,18781.306532663315,64,512,1024,50.0,88,16,0,512,"(32768, 1, 1)/(512, 1, 1)",1.0,0.0,1,
glm-overlap,120-319,decode:199,Agent 1,AMD Radeon RX 9070 XT,"mla_attend::mla_split_kernel<__hip_bfloat16, 512, 64, 16, mla_attend::CacheFp8, false>",11.185929648241206,0.05175117587939698,0.01739825797663093,0.0003555608458521968,4626.452830188679,4720.0,3360,0.0,2842348.663316583,160,256,1280,62.5,72,16,0,16896,"(2560, 1, 16)/(256, 1, 1)",1.0,0.0,1,
glm-overlap,120-319,decode:199,Agent 1,AMD Radeon RX 9070 XT,"at::native::vectorized_elementwise_kernel<4, at::native::CUDAFunctor_add<float>, std::array<char*, 3ul> >",44.743718592964825,0.05023313567839196,0.016887907156824786,0.0003451310218195052,1122.685759209344,1120.0,880,0.0,3004952.2311557787,1,256,8,0.390625,16,16,0,0,"(256, 1, 1)/(256, 1, 1)",1.0,1.0,1,"WG<64,OCC<25"
glm-overlap,120-319,decode:199,Agent 1,AMD Radeon RX 9070 XT,"at::native::vectorized_elementwise_kernel<4, at::native::bfloat16tofloat32_copy_kernel_cuda(at::TensorIteratorBase&)::{lambda(c10::BFloat16)#1}, std::",33.80904522613066,0.04917786934673367,0.01653313655383346,0.0003378807249304418,1454.577288941736,1520.0,1080,0.0,108959249.05527638,1,256,8,0.390625,16,16,0,0,"(256, 1, 1)/(256, 1, 1)",0.9858579195037683,0.9858579195037683,2,"WG<64,OCC<25"
glm-overlap,120-319,decode:199,Agent 1,AMD Radeon RX 9070 XT,"anon::rms_norm_kernel<__hip_bfloat16, false>",22.628140703517587,0.044528879396984924,0.014970189913452009,0.0003059394449343458,1967.8540972684877,1960,1720,3030,353028.7035175879,1,256,8,0.390625,32,16,0,512,"(256, 1, 1)/(256, 1, 1)",1.0,1.0,1,"WG<64,OCC<25"
glm-overlap,120-319,decode:199,Agent 1,AMD Radeon RX 9070 XT,"at::native::vectorized_elementwise_kernel<4, at::native::bfloat16_copy_kernel_cuda(at::TensorIteratorBase&)::{lambda(float)#1}, std::array<char*, 2ul>",33.321608040201006,0.04305029648241206,0.014473104261765029,0.0002957807155367123,1291.9633539435983,1160,960,1625,4357979.959798995,1,256,8,0.390625,32,16,0,0,"(256, 1, 1)/(256, 1, 1)",1.0,1.0,1,"WG<64,OCC<25"
glm-overlap,120-319,decode:199,Agent 1,AMD Radeon RX 9070 XT,"at::native::anon::CatArrayBatchedCopy_contig<at::native::anon::OpaqueType<4u>, unsigned int, 3, 128, 1>",22.376884422110553,0.03648876884422111,0.01226718046138451,0.0002506991830406254,1630.6456321580956,1640,1320,133,1712377.7537688443,2,256,16,0.78125,16,16,0,0,"(256, 2, 1)/(256, 1, 1)",1.0,1.0,1,"WG<64,OCC<25"
glm-overlap,120-319,decode:199,Agent 1,AMD Radeon RX 9070 XT,"at::native::elementwise_kernel_manual_unroll<128, 4, at::native::gpu_kernel_impl<at::native::direct_copy_kernel_cuda(at::TensorIteratorBase&)::{lambda",23.105527638190956,0.036405804020100505,0.012239288468816072,0.0002501291661755198,1575.6317964332318,1480.0,1280,42.5,2453922.9346733666,1,128,4,0.1953125,16,16,0,0,"(128, 1, 1)/(128, 1, 1)",1.0,1.0,1,"WG<64,OCC<25"
glm-overlap,120-319,decode:199,Agent 1,AMD Radeon RX 9070 XT,"anon::moe_topk_softmax_kernel<1, 4, true, c10::BFloat16, moe_core::SigmoidBiasScore<c10::BFloat16> >",10.949748743718592,0.034832030150753764,0.011710200514571617,0.00023931641924453107,3181.080312069757,3160,3080,1308,1991575.3115577889,1,256,8,0.390625,32,16,0,4096,"(256, 1, 1)/(256, 1, 1)",1.0,1.0,1,"WG<64,OCC<25"
glm-overlap,120-319,decode:199,Agent 1,AMD Radeon RX 9070 XT,"anon::rms_norm_add_kernel<__hip_bfloat16, true>",10.944723618090451,0.030760371859296483,0.01034134734082828,0.00021134174540319667,2810.5206611570247,2800.0,2680,11286.5,214543.19095477386,1,256,8,0.390625,40,16,0,512,"(256, 1, 1)/(256, 1, 1)",1.0,1.0,1,"WG<64,OCC<25"
glm-overlap,120-319,decode:199,Agent 1,AMD Radeon RX 9070 XT,"at::native::anon::CatArrayBatchedCopy_contig<at::native::anon::OpaqueType<2u>, unsigned int, 3, 128, 1>",11.185929648241206,0.02948422110552764,0.009912317475248324,0.00020257384334619984,2635.831087151842,2600.0,2440,8026.5,460328.72361809044,6,256,48,2.34375,16,16,0,0,"(768, 2, 1)/(256, 1, 1)",1.0,1.0,1,"WG<64,OCC<25"
glm-overlap,120-319,decode:199,Agent 1,AMD Radeon RX 9070 XT,"at::native::index_elementwise_kernel<128, 4, at::native::gpu_index_kernel<at::native::index_put_kernel_impl<at::native::OpaqueType<1> >(at::TensorIter",11.190954773869347,0.02832627135678392,0.009523025674428802,0.00019461805132560598,2531.1755725190837,2520,2320,419,213665.44221105528,2,128,8,0.390625,16,16,0,0,"(256, 1, 1)/(128, 1, 1)",1.0,1.0,1,"WG<64,OCC<25"
glm-overlap,120-319,decode:199,Agent 1,AMD Radeon RX 9070 XT,anon::moe_align_kernel,10.93969849246231,0.028131381909547736,0.00945750567759163,0.0001932790468386654,2571.4951768488745,2560,2440,4829,104380.49246231155,1,256,8,0.390625,16,16,0,1536,"(256, 1, 1)/(256, 1, 1)",1.0,1.0,1,"WG<64,OCC<25"
glm-overlap,120-319,decode:199,Agent 1,AMD Radeon RX 9070 XT,"anon::rms_norm_add_kernel<__hip_bfloat16, false>",11.4321608040201,0.02689227638190955,0.009040930068172456,0.00018476566715172057,2352.3353846153846,2321,2040,311,156290.78391959798,1,256,8,0.390625,32,16,0,512,"(256, 1, 1)/(256, 1, 1)",1.0,1.0,1,"WG<64,OCC<25"
glm-overlap,120-319,decode:199,Agent 1,AMD Radeon RX 9070 XT,w4a8_fp8_moe::moe_compute_act_fp8_kernel<__hip_bfloat16>,10.93969849246231,0.02429849246231156,0.008168924340728325,0.00016694485460517418,2221.1299954065225,2200,2120,596,131101.51256281408,64,256,512,25.0,16,16,0,512,"(16384, 1, 1)/(256, 1, 1)",1.0,0.0,1,
glm-overlap,120-319,decode:199,Agent 1,AMD Radeon RX 9070 XT,"at::native::elementwise_kernel_manual_unroll<128, 8, at::native::gpu_kernel_impl_nocast<at::native::direct_copy_kernel_cuda(at::TensorIteratorBase&)::",11.185929648241206,0.024058653266331657,0.008088292661666762,0.00016529701905473456,2150.796046720575,2120.0,2000,0.0,44952.43216080402,1,128,4,0.1953125,32,16,0,0,"(128, 1, 1)/(128, 1, 1)",1.0,1.0,1,"WG<64,OCC<25"
glm-overlap,120-319,decode:199,Agent 1,AMD Radeon RX 9070 XT,"at::native::index_elementwise_kernel<128, 4, at::native::gpu_index_kernel<at::native::index_kernel_impl<at::native::OpaqueType<4> >(at::TensorIterator",11.673366834170855,0.020945231155778895,0.007041589467989012,0.0001439059882170412,1794.2750753336204,1600,1480,23,1067772.2261306532,1,128,4,0.1953125,16,16,0,0,"(128, 1, 1)/(128, 1, 1)",1.0,1.0,1,"WG<64,OCC<25"
glm-overlap,120-319,decode:199,Agent 1,AMD Radeon RX 9070 XT,"at::native::anon::CatArrayBatchedCopy_contig<at::native::anon::OpaqueType<2u>, unsigned int, 2, 128, 1>",11.185929648241206,0.01991870351758794,0.0066964805431017965,0.000136853142960415,1780.6927223719676,1760.0,1560,0.0,47265.19095477387,2,256,16,0.78125,8,16,0,0,"(256, 2, 1)/(256, 1, 1)",1.0,1.0,1,"WG<64,OCC<25"
glm-overlap,120-319,decode:199,Agent 1,AMD Radeon RX 9070 XT,__amd_rocclr_copyBuffer,4.36180904522613,0.01844269849246231,0.006200261553570336,0.00012671212517100671,4228.222350230415,2440.0,1520,28658,289345.08040201006,1,512,16,0.78125,16,16,0,0,"(512, 1, 1)/(512, 1, 1)",0.8149877237577099,1.0,4,"WG<64,OCC<25"
glm-overlap,120-319,decode:199,Agent 1,AMD Radeon RX 9070 XT,"at::native::vectorized_elementwise_kernel<4, at::native::ConvertToFloat8E4M3fnOp<float>, std::array<char*, 2ul> >",11.190954773869347,0.017145180904522616,0.005764048359559065,0.00011779742046649755,1532.0570273911092,1520,1440,0,831201.2261306533,1,256,8,0.390625,40,16,0,0,"(256, 1, 1)/(256, 1, 1)",1.0,1.0,1,"WG<64,OCC<25"
glm-overlap,120-319,decode:199,Agent 1,AMD Radeon RX 9070 XT,ncclDevKernel_Generic_4,0.24120603015075376,0.013007015075376886,0.004372835977963319,8.93658009431721e-05,53924.916666666664,36300.5,27560,4759.5,1149.9346733668342,2,256,16,0.78125,256,5,776,21504,"(512, 1, 1)/(256, 1, 1)",1.0,1.0,1,"WG<64,OCC<25,SPILL776B"
glm-overlap,120-319,decode:199,Agent 1,AMD Radeon RX 9070 XT,"at::native::vectorized_elementwise_kernel<8, at::native::CUDAFunctor_add<c10::BFloat16>, std::array<char*, 3ul> >",10.949748743718592,0.012487844221105528,0.004198295625921638,8.579879352837011e-05,1140.4685635612666,1080,1000,2689,98966.6231155779,1,256,8,0.390625,32,16,0,0,"(256, 1, 1)/(256, 1, 1)",1.0,1.0,1,"WG<64,OCC<25"
glm-overlap,120-319,decode:199,Agent 1,AMD Radeon RX 9070 XT,"at::native::vectorized_elementwise_kernel<4, at::native::FillFunctor<float>, std::array<char*, 1ul> >",10.944723618090451,0.009058603015075377,0.003045417026493362,6.223790079254508e-05,827.6685032139577,800.0,760,8025.0,115894.29648241206,2,256,16,0.78125,8,16,0,0,"(512, 1, 1)/(256, 1, 1)",1.0,1.0,1,"WG<64,OCC<25"
glm-overlap,120-319,decode:199,Agent 1,AMD Radeon RX 9070 XT,"at::native::elementwise_kernel_manual_unroll<128, 4, at::native::gpu_kernel_impl<at::native::BinaryFunctor<c10::BFloat16, c10::BFloat16, c10::BFloat16",0.24120603015075376,0.003193603015075377,0.0010736592586942238,2.1941920546937694e-05,13240.145833333334,13240.0,12320,4734.5,1179.8090452261306,4,128,16,0.78125,24,16,0,0,"(512, 1, 1)/(128, 1, 1)",1.0,1.0,1,"WG<64,OCC<25"
glm-overlap,120-319,decode:199,Agent 1,AMD Radeon RX 9070 XT,"at::native::reduce_kernel<512, 1, at::native::ReduceOp<float, at::native::ArgMaxOps<float>, unsigned int, long, 4, 4> >",0.24120603015075376,0.0022739849246231156,0.000764492316962279,1.562360641115466e-05,9427.5625,9060.0,8800,23223.5,6605.603015075377,64,512,1024,50.0,40,16,0,512,"(512, 64, 1)/(512, 1, 1)",1.0,0.0,1,
glm-overlap,120-319,decode:199,Agent 1,AMD Radeon RX 9070 XT,"at::native::elementwise_kernel_manual_unroll<128, 4, at::native::gpu_kernel_impl_nocast<at::native::direct_copy_kernel_cuda(at::TensorIteratorBase&)::",0.4824120603015075,0.0016900904522613065,0.0005681924940374066,1.1611909885355714e-05,3503.4166666666665,2520.0,2080,5602.0,5210.396984924623,1,128,4,0.1953125,24,16,0,0,"(128, 1, 1)/(128, 1, 1)",1.0,1.0,1,"WG<64,OCC<25"
glm-overlap,120-319,decode:199,Agent 1,AMD Radeon RX 9070 XT,"at::native::index_elementwise_kernel<128, 4, at::native::gpu_index_kernel<at::native::index_put_kernel_impl<at::native::OpaqueType<4> >(at::TensorIter",0.49246231155778897,0.0015827386934673365,0.0005321018436897665,1.087434051592809e-05,3213.9285714285716,2980.5,2520,46988.5,30180.97487437186,1,128,4,0.1953125,16,16,0,0,"(128, 1, 1)/(128, 1, 1)",1.0,1.0,1,"WG<64,OCC<25"
glm-overlap,120-319,decode:199,Agent 1,AMD Radeon RX 9070 XT,__amd_rocclr_fillBufferAligned,0.4824120603015075,0.0013487688442211055,0.00045344338372692766,9.266830810336637e-06,2795.8854166666665,2540.0,1920,4411.0,2534.572864321608,1,256,8,0.390625,16,16,0,0,"(256, 1, 1)/(256, 1, 1)",1.0,1.0,1,"WG<64,OCC<25"
glm-overlap,120-319,decode:199,Agent 1,AMD Radeon RX 9070 XT,"at::native::vectorized_elementwise_kernel<4, at::native::compare_scalar_kernel<int>(at::TensorIteratorBase&, at::native::anon::OpType, int)::{lambda(i",0.4824120603015075,0.0008008190954773869,0.00026922783838182737,5.5020955586806405e-06,1660.03125,1700.0,1280,5087.5,2169.2964824120604,1,256,8,0.390625,24,16,0,0,"(256, 1, 1)/(256, 1, 1)",1.0,1.0,1,"WG<64,OCC<25"
glm-overlap,120-319,decode:199,Agent 1,AMD Radeon RX 9070 XT,"at::native::index_elementwise_kernel<128, 4, at::native::gpu_index_kernel<at::native::index_kernel_impl<at::native::OpaqueType<2> >(at::TensorIterator",0.24120603015075376,0.0007851306532663317,0.00026395353185253216,5.394306785036815e-06,3255.0208333333335,3200.0,3040,3877.5,808.7939698492462,4,128,16,0.78125,16,16,0,0,"(512, 1, 1)/(128, 1, 1)",1.0,1.0,1,"WG<64,OCC<25"
glm-overlap,120-319,decode:199,Agent 1,AMD Radeon RX 9070 XT,rocprim::ROCPRIM_400200_NS::detail::trampoline_kernel<rocprim::ROCPRIM_400200_NS::detail::wrapped_partition_config<rocprim::ROCPRIM_400200_NS::default,0.24120603015075376,0.0007775075376884421,0.00026139071218406944,5.341931522507128e-06,3223.4166666666665,2780.0,2521,4267.0,978.4221105527638,1,256,8,0.390625,64,16,0,12800,"(256, 1, 1)/(256, 1, 1)",1.0,1.0,1,"WG<64,OCC<25"
glm-overlap,120-319,decode:199,Agent 1,AMD Radeon RX 9070 XT,"at::native::elementwise_kernel_manual_unroll<128, 4, at::native::gpu_kernel_impl_nocast<at::native::BUnaryFunctor<int, int, int, at::native::binary_in",0.24120603015075376,0.000727035175879397,0.0002444223794549725,4.9951568772545395e-06,3014.1666666666665,2400.0,2200,4447.0,1201.3065326633166,1,128,4,0.1953125,24,16,0,0,"(128, 1, 1)/(128, 1, 1)",1.0,1.0,1,"WG<64,OCC<25"
glm-overlap,120-319,decode:199,Agent 1,AMD Radeon RX 9070 XT,"anon::elementwise_kernel_with_index_grid_stride<int, at::native::arange_cuda_out(c10::Scalar const&, c10::Scalar const&, c10::Scalar const&, at::Tenso",0.25125628140703515,0.0006898542713567839,0.00023192250949653081,4.739702317295966e-06,2745.62,2240.0,1240,16311.5,5915.658291457286,1,128,4,0.1953125,8,16,0,0,"(128, 1, 1)/(128, 1, 1)",1.0,1.0,1,"WG<64,OCC<25"
glm-overlap,120-319,decode:199,Agent 1,AMD Radeon RX 9070 XT,"at::native::vectorized_elementwise_kernel<4, at::native::BUnaryFunctor<int, int, int, at::native::binary_internal::div_floor_kernel_cuda(at::TensorIte",0.24120603015075376,0.0005742763819095477,0.00019306631149083295,3.94561461908713e-06,2380.8541666666665,2060.0,1640,34675.5,8160.964824120603,1,256,8,0.390625,16,16,0,0,"(256, 1, 1)/(256, 1, 1)",1.0,1.0,1,"WG<64,OCC<25"
glm-overlap,120-319,decode:199,Agent 1,AMD Radeon RX 9070 XT,rocprim::ROCPRIM_400200_NS::detail::trampoline_kernel<rocprim::ROCPRIM_400200_NS::detail::wrapped_transform_config<rocprim::ROCPRIM_400200_NS::default,0.24120603015075376,0.0004940753768844221,0.00016610348887470522,3.39458680763439e-06,2048.3541666666665,2040.0,1960,72327.0,17694.869346733667,1,1024,32,1.5625,8,16,0,0,"(1024, 1, 1)/(1024, 1, 1)",1.0,1.0,1,"WG<64,OCC<25"
glm-overlap,120-319,decode:199,Agent 1,AMD Radeon RX 9070 XT,rocprim::ROCPRIM_400200_NS::detail::trampoline_kernel<rocprim::ROCPRIM_400200_NS::detail::wrapped_reduce_config<rocprim::ROCPRIM_400200_NS::default_co,0.24120603015075376,0.0004932663316582915,0.00016583149548866533,3.3890281937469282e-06,2045.0,2020.0,1840,4188.0,920.1306532663317,1,256,8,0.390625,8,16,0,512,"(256, 1, 1)/(256, 1, 1)",1.0,1.0,1,"WG<64,OCC<25"
glm-overlap,120-319,decode:199,Agent 1,AMD Radeon RX 9070 XT,"rocprim::ROCPRIM_400200_NS::detail::init_lookback_scan_state_kernel<rocprim::ROCPRIM_400200_NS::detail::lookback_scan_state<unsigned long, false, true",0.24120603015075376,0.00037548743718592963,0.00012623534032094592,2.5798183037200283e-06,1556.7083333333333,1540.0,1360,4238.0,964.4422110552764,1,256,8,0.390625,8,16,0,0,"(256, 1, 1)/(256, 1, 1)",1.0,1.0,1,"WG<64,OCC<25"
glm-overlap,120-319,decode:199,Agent 1,AMD Radeon RX 9070 XT,"at::native::vectorized_elementwise_kernel<16, at::native::BinaryFunctor<bool, bool, bool, at::native::BitwiseAndFunctor<bool> >, std::array<char*, 3ul",0.24120603015075376,0.00036643718592964825,0.00012319273107710843,2.517637784395067e-06,1519.1875,1520.0,1400,4946.5,846.0402010050251,1,256,8,0.390625,40,16,0,0,"(256, 1, 1)/(256, 1, 1)",1.0,1.0,1,"WG<64,OCC<25"
glm-overlap,120-319,decode:199,Agent 1,AMD Radeon RX 9070 XT,"anon::gated_mul_kernel<__hip_bfloat16, anon::SiluAct>",0.24120603015075376,0.00035699497487437184,0.00012001834864003426,2.4527642720066145e-06,1480.0416666666667,1480.0,1320,3694.0,984.035175879397,3,256,24,1.171875,72,16,0,0,"(768, 1, 1)/(256, 1, 1)",1.0,1.0,1,"WG<64,OCC<25"
glm-overlap,120-319,decode:199,Agent 1,AMD Radeon RX 9070 XT,"at::native::vectorized_elementwise_kernel<4, at::native::CUDAFunctorOnSelf_add<int>, std::array<char*, 2ul> >",0.24120603015075376,0.0002884422110552764,9.697155502291554e-05,1.9817666903124864e-06,1195.8333333333333,1160.0,1120,5072.0,1067.643216080402,1,256,8,0.390625,16,16,0,0,"(256, 1, 1)/(256, 1, 1)",1.0,1.0,1,"WG<64,OCC<25"
glm-overlap,120-319,decode:199,Agent 1,AMD Radeon RX 9070 XT,"at::native::vectorized_elementwise_kernel<4, at::native::anon::launch_clamp_scalar(at::TensorIteratorBase&, c10::Scalar, c10::Scalar, at::native::deta",0.24120603015075376,0.00027900502512562817,9.379886198575465e-05,1.9169277034761304e-06,1156.7083333333333,1160.0,1080,4651.0,1002.2814070351759,1,256,8,0.390625,16,16,0,0,"(256, 1, 1)/(256, 1, 1)",1.0,1.0,1,"WG<64,OCC<25"
glm-overlap,120-319,decode:199,Agent 1,AMD Radeon RX 9070 XT,"at::native::elementwise_kernel_manual_unroll<128, 4, at::native::gpu_kernel_impl_nocast<at::native::CUDAFunctor_add<int> >(at::TensorIteratorBase&, at",0.010050251256281407,2.3517587939698495e-05,7.90639159420287e-06,1.615795838094501e-07,2340.0,2340.0,2280,26655.0,267.8894472361809,1,128,4,0.1953125,24,16,0,0,"(128, 1, 1)/(128, 1, 1)",1.0,1.0,1,"WG<64,OCC<25"
glm-overlap,120-319,decode:199,Agent 2,AMD Radeon RX 9070,"custom_ar::one_shot_ar_vec_kernel<__hip_bfloat16, 8>",72.35175879396985,2.7819915326633167,0.22106184258188902,0.01911390892474817,38450.91783581053,8360.0,7320,4200.0,307304.58291457285,8,256,64,3.125,32,16,0,512,"(2048, 1, 1)/(256, 1, 1)",1.0,1.0,1,"WG<64,OCC<25"
glm-overlap,120-319,decode:199,Agent 2,AMD Radeon RX 9070,"gemv_decode::gemv_decode_core<__hip_bfloat16, gemv_decode::Bf16GemvLoader<__hip_bfloat16>, false, false, false, 16, 1, 1, false, 0>",109.678391959799,1.6078744773869347,0.127764477511285,0.011047038052549057,14659.90199761752,6560.0,5000,4200.0,483248.7135678392,128,512,2048,100.0,24,16,0,512,"(65536, 1, 1)/(512, 1, 1)",0.4399632204595235,0.27318241025846224,5,
glm-overlap,120-319,decode:199,Agent 2,AMD Radeon RX 9070,"mla_attend::mla_combine_kernel<__hip_bfloat16, 512>",35.78894472361809,1.3914729346733667,0.11056883790988506,0.009560232887961692,38879.965459140694,39040.0,35080,4240.0,153758.73869346734,10,256,80,3.90625,24,16,0,0,"(2560, 1, 1)/(256, 1, 1)",1.0,1.0,1,"WG<64,OCC<25"
glm-overlap,120-319,decode:199,Agent 2,AMD Radeon RX 9070,"gemv_decode::gemv_decode_core<__hip_bfloat16, gemv_decode::Int4Fp8GemvLoader, true, true, false, 32, 8, 1, false, 0>",35.03517587939699,0.7899332713567839,0.06276945937204023,0.005427303580211591,22546.86187607573,22321.0,20040,4200.0,148170.80904522614,96,1024,3072,75.0,112,12,0,512,"(24576, 4, 1)/(1024, 1, 1)",1.0,0.0,1,
glm-overlap,120-319,decode:199,Agent 2,AMD Radeon RX 9070,"w4a8_tile::moe_gemm_tiled_kernel<__hip_bfloat16, w4a8_tile::WmmaFp8, w4a8_tile::Int4Fp8Loader, true, 64, 4, 128, false>",35.040201005025125,0.6579630301507537,0.05228287652502047,0.004520590838072421,18777.376021798365,18441,16801,4200,165860.59798994975,512,128,2048,100.0,64,16,0,0,"(4096, 4, 4)/(128, 1, 1)",1.0,0.0,1,
glm-overlap,120-319,decode:199,Agent 2,AMD Radeon RX 9070,Cijk_Ailk_Bljk_BBS_BH_Bias_HA_S_SAV_UserArgs_MT128x128x32_MI16x16x1_SN_LDSB0_AFC1_AFEM1_AFEM1_ASEM1_CLR0_CADS0_DTLA0_DTLB0_DTVA0_DTVB0_EPS0_FDSI0_GRPM,35.79899497487437,0.49125533165829144,0.039035995444096014,0.0033752114475791677,13722.601207186974,13560.0,11161,4200.0,9306179.658291457,40,128,160,7.8125,256,5,0,51200,"(512, 1, 10)/(128, 1, 1)",1.0,1.0,1,"WG<64,OCC<25"
glm-overlap,120-319,decode:199,Agent 2,AMD Radeon RX 9070,Cijk_Alik_Bljk_BBS_BH_Bias_HA_S_SAV_UserArgs_MT16x16x32_MI16x16x1_SN_LDSB0_AFC1_AFEM1_AFEM1_ASEM1_CLR1_CADS0_DTLA0_DTLB0_DTVA0_DTVB1_EPS0_FDSI0_GRPM1_,35.040201005025125,0.47996975879396986,0.038139224371040045,0.003297672961440878,13697.688512835222,13560,12480,4240,152046.7336683417,4,32,4,0.1953125,120,12,0,3584,"(128, 1, 1)/(32, 1, 1)",1.0,1.0,1,"WG<64,OCC<25"
glm-overlap,120-319,decode:199,Agent 2,AMD Radeon RX 9070,"at::native::elementwise_kernel_manual_unroll<128, 4, at::native::gpu_kernel_impl_nocast<at::native::BinaryFunctor<float, float, float, at::native::bin",322.1959798994975,0.47722648241206034,0.037921238901071436,0.003278825048245027,1481.1683328914328,1400,1080,4200,10732799.165829146,1,128,4,0.1953125,24,16,0,0,"(128, 1, 1)/(128, 1, 1)",0.8956723559823844,1.0,2,"WG<64,OCC<25"
glm-overlap,120-319,decode:199,Agent 2,AMD Radeon RX 9070,Cijk_Alik_Bljk_BBS_BH_Bias_HA_S_SAV_UserArgs_MT64x64x32_MI16x16x1_SN_LDSB0_AFC1_AFEM1_AFEM1_ASEM1_CLR1_CADS0_DTLA0_DTLB0_DTVA1_DTVB0_EPS0_FDSI0_GRPM1_,35.79899497487437,0.4332594422110553,0.03442754209948508,0.0029767457671883305,12102.55881527232,11680.0,10880,4200.0,152225.65829145728,40,128,160,7.8125,128,10,0,13312,"(512, 1, 10)/(128, 1, 1)",1.0,1.0,1,"WG<64,OCC<25"
glm-overlap,120-319,decode:199,Agent 2,AMD Radeon RX 9070,"gemv_decode::gemv_decode_core<__hip_bfloat16, gemv_decode::Bf16GemvLoader<__hip_bfloat16>, false, false, false, 8, 1, 1, true, 0>",35.79899497487437,0.4144114773869347,0.03292985032579736,0.0028472492252918824,11576.064570466031,11481.0,10280,4200.0,151366.0201005025,10,256,80,3.90625,16,16,0,512,"(2560, 1, 1)/(256, 1, 1)",1.0,1.0,1,"WG<64,OCC<25"
glm-overlap,120-319,decode:199,Agent 2,AMD Radeon RX 9070,"gemv_decode::gemv_decode_core<__hip_bfloat16, gemv_decode::Int4Fp8GemvLoader, false, true, false, 16, 1, 1, false, 0>",35.04522613065327,0.39467737185929647,0.03136174428434267,0.0027116643784877155,11261.94393461428,11040.0,10000,4160.0,148009.3165829146,96,512,1536,75.0,88,16,0,512,"(49152, 1, 1)/(512, 1, 1)",1.0,0.0,1,
glm-overlap,120-319,decode:199,Agent 2,AMD Radeon RX 9070,"gemv_decode::gemv_decode_core<__hip_bfloat16, gemv_decode::Int4Fp8GemvLoader, false, false, false, 16, 1, 2, false, 0>",35.040201005025125,0.28679651758793967,0.022789345646700748,0.0019704598136798994,8184.785171375304,8160,7240,4160,148118.4271356784,64,512,1024,50.0,88,16,0,512,"(32768, 1, 1)/(512, 1, 1)",1.0,0.0,1,
glm-overlap,120-319,decode:199,Agent 2,AMD Radeon RX 9070,w4a8_fp8_wmma::compute_act_fp8_and_scales_kernel<__hip_bfloat16>,70.08542713567839,0.23636520603015077,0.018781986700459354,0.0016239672076623828,3372.5300064530006,3400,2640,4200,18016765.59798995,1,256,8,0.390625,16,16,0,512,"(256, 1, 1)/(256, 1, 1)",1.0,1.0,1,"WG<64,OCC<25"
glm-overlap,120-319,decode:199,Agent 2,AMD Radeon RX 9070,"at::native::vectorized_elementwise_kernel<4, at::native::CUDAFunctor_add<float>, std::array<char*, 3ul> >",143.19597989949747,0.16219395477386933,0.012888211224579013,0.0011143673312062705,1132.6711468276249,1120.0,920,4200.0,10088947.180904523,1,256,8,0.390625,16,16,0,0,"(256, 1, 1)/(256, 1, 1)",1.0,1.0,1,"WG<64,OCC<25"
glm-overlap,120-319,decode:199,Agent 2,AMD Radeon RX 9070,"at::native::vectorized_elementwise_kernel<4, at::native::bfloat16tofloat32_copy_kernel_cuda(at::TensorIteratorBase&)::{lambda(c10::BFloat16)#1}, std::",108.16582914572864,0.16076113567839195,0.01277435694946211,0.0011045230260115755,1486.246968641115,1560,1080,4200.0,464032.7286432161,1,256,8,0.390625,16,16,0,0,"(256, 1, 1)/(256, 1, 1)",0.9861537448768368,0.9861537448768368,2,"WG<64,OCC<25"
glm-overlap,120-319,decode:199,Agent 2,AMD Radeon RX 9070,"mla_attend::mla_split_kernel<__hip_bfloat16, 512, 64, 16, mla_attend::CacheFp8, false>",35.78894472361809,0.15870138190954775,0.01261068536453468,0.0010903713129373793,4434.368857062623,4400.0,3760,4200.0,10008891.145728644,160,256,1280,62.5,72,16,0,16896,"(2560, 1, 16)/(256, 1, 1)",1.0,0.0,1,
glm-overlap,120-319,decode:199,Agent 2,AMD Radeon RX 9070,"anon::rms_norm_kernel<__hip_bfloat16, false>",72.36180904522612,0.14397018592964822,0.011440119139398146,0.000989159380763432,1989.5879861111111,1960.0,1760,4200.0,417977.2663316583,1,256,8,0.390625,32,16,0,512,"(256, 1, 1)/(256, 1, 1)",1.0,1.0,1,"WG<64,OCC<25"
glm-overlap,120-319,decode:199,Agent 2,AMD Radeon RX 9070,"at::native::vectorized_elementwise_kernel<4, at::native::bfloat16_copy_kernel_cuda(at::TensorIteratorBase&)::{lambda(float)#1}, std::array<char*, 2ul>",106.64321608040201,0.13925534673366835,0.011065469889785651,0.0009567656779326695,1305.8059560833099,1200.0,960,4240.0,14098373.929648241,1,256,8,0.390625,32,16,0,0,"(256, 1, 1)/(256, 1, 1)",1.0,1.0,1,"WG<64,OCC<25"
glm-overlap,120-319,decode:199,Agent 2,AMD Radeon RX 9070,"at::native::anon::CatArrayBatchedCopy_contig<at::native::anon::OpaqueType<4u>, unsigned int, 3, 128, 1>",71.59798994974874,0.11812642713567839,0.009386529518020862,0.0008115976426843098,1649.8567518248176,1640.0,1360,4160.0,9138452.547738694,2,256,16,0.78125,16,16,0,0,"(256, 2, 1)/(256, 1, 1)",1.0,1.0,1,"WG<64,OCC<25"
glm-overlap,120-319,decode:199,Agent 2,AMD Radeon RX 9070,"at::native::elementwise_kernel_manual_unroll<128, 4, at::native::gpu_kernel_impl<at::native::direct_copy_kernel_cuda(at::TensorIteratorBase&)::{lambda",73.87939698492463,0.11354279396984925,0.009022306125727641,0.0007801054020187748,1536.8668208407018,1480.0,1120,4200.0,9211757.587939698,1,128,4,0.1953125,16,16,0,0,"(128, 1, 1)/(128, 1, 1)",1.0,1.0,1,"WG<64,OCC<25"
glm-overlap,120-319,decode:199,Agent 2,AMD Radeon RX 9070,"anon::moe_topk_softmax_kernel<1, 4, true, c10::BFloat16, moe_core::SigmoidBiasScore<c10::BFloat16> >",35.030150753768844,0.11280291457286432,0.008963514033492449,0.0007750219978303629,3220.166403672357,3200,2841,4200,148598.61809045225,1,256,8,0.390625,32,16,0,4096,"(256, 1, 1)/(256, 1, 1)",1.0,1.0,1,"WG<64,OCC<25"
glm-overlap,120-319,decode:199,Agent 2,AMD Radeon RX 9070,"anon::rms_norm_add_kernel<__hip_bfloat16, true>",35.03517587939699,0.0988722311557789,0.007856557916462972,0.0006793100551564183,2822.08462421113,2800.0,2520,4200.0,148838.82914572864,1,256,8,0.390625,40,16,0,512,"(256, 1, 1)/(256, 1, 1)",1.0,1.0,1,"WG<64,OCC<25"
glm-overlap,120-319,decode:199,Agent 2,AMD Radeon RX 9070,"at::native::anon::CatArrayBatchedCopy_contig<at::native::anon::OpaqueType<2u>, unsigned int, 3, 128, 1>",35.79899497487437,0.0948162864321608,0.00753426555737914,0.0006514433427164882,2648.5739752947784,2600.0,2320,4200.0,152305.4271356784,6,256,48,2.34375,16,16,0,0,"(768, 2, 1)/(256, 1, 1)",1.0,1.0,1,"WG<64,OCC<25"
glm-overlap,120-319,decode:199,Agent 2,AMD Radeon RX 9070,"at::native::index_elementwise_kernel<128, 4, at::native::gpu_index_kernel<at::native::index_put_kernel_impl<at::native::OpaqueType<1> >(at::TensorIter",35.79899497487437,0.09142268844221106,0.007264604411458148,0.0006281273397216804,2553.7780741156653,2520.0,2200,4200.0,152980.81909547737,2,128,8,0.390625,16,16,0,0,"(256, 1, 1)/(128, 1, 1)",1.0,1.0,1,"WG<64,OCC<25"
glm-overlap,120-319,decode:199,Agent 2,AMD Radeon RX 9070,anon::moe_align_kernel,35.030150753768844,0.09083029648241206,0.007217531925209963,0.000624057260487287,2592.9176588724717,2600,2320,4200,148963.38693467336,1,256,8,0.390625,16,16,0,1536,"(256, 1, 1)/(256, 1, 1)",1.0,1.0,1,"WG<64,OCC<25"
glm-overlap,120-319,decode:199,Agent 2,AMD Radeon RX 9070,"anon::rms_norm_add_kernel<__hip_bfloat16, false>",36.55778894472362,0.08653412060301507,0.0068761503843947904,0.0005945400195038538,2367.050171821306,2360,2080,4160,154866.27135678392,1,256,8,0.390625,32,16,0,512,"(256, 1, 1)/(256, 1, 1)",1.0,1.0,1,"WG<64,OCC<25"
glm-overlap,120-319,decode:199,Agent 2,AMD Radeon RX 9070,w4a8_fp8_moe::moe_compute_act_fp8_kernel<__hip_bfloat16>,35.03517587939699,0.07928788944723619,0.006300352366225684,0.0005447541733813694,2263.093803786575,2240.0,2000,4200.0,149207.43216080402,64,256,512,25.0,16,16,0,512,"(16384, 1, 1)/(256, 1, 1)",1.0,0.0,1,
glm-overlap,120-319,decode:199,Agent 2,AMD Radeon RX 9070,"at::native::elementwise_kernel_manual_unroll<128, 8, at::native::gpu_kernel_impl_nocast<at::native::direct_copy_kernel_cuda(at::TensorIteratorBase&)::",35.80402010050251,0.07912812060301508,0.006287656858465858,0.000543656467978028,2210.0345263157897,2160,1960,4200,152456.1055276382,1,128,4,0.1953125,32,16,0,0,"(128, 1, 1)/(128, 1, 1)",1.0,1.0,1,"WG<64,OCC<25"
glm-overlap,120-319,decode:199,Agent 2,AMD Radeon RX 9070,"at::native::index_elementwise_kernel<128, 4, at::native::gpu_index_kernel<at::native::index_kernel_impl<at::native::OpaqueType<4> >(at::TensorIterator",37.321608040201006,0.07438370351758794,0.005910657298773651,0.0005110595477476283,1993.0465867779722,1640,1440,4200,2448957.527638191,1,128,4,0.1953125,16,16,0,0,"(128, 1, 1)/(128, 1, 1)",1.0,1.0,1,"WG<64,OCC<25"
glm-overlap,120-319,decode:199,Agent 2,AMD Radeon RX 9070,"at::native::anon::CatArrayBatchedCopy_contig<at::native::anon::OpaqueType<2u>, unsigned int, 2, 128, 1>",35.79899497487437,0.06430488442211055,0.005109776960305202,0.0004418121657918897,1796.2762492981471,1800.0,1560,4200.0,151759.87939698494,2,256,16,0.78125,8,16,0,0,"(256, 2, 1)/(256, 1, 1)",1.0,1.0,1,"WG<64,OCC<25"
glm-overlap,120-319,decode:199,Agent 2,AMD Radeon RX 9070,__amd_rocclr_copyBuffer,13.758793969849247,0.05614081909547739,0.004461046256823633,0.0003857202621046163,4080.3590211833457,2760.0,1720,27200.5,973810.5527638191,1,512,16,0.78125,16,16,0,0,"(512, 1, 1)/(512, 1, 1)",0.8275102906608768,1.0,4,"WG<64,OCC<25"
glm-overlap,120-319,decode:199,Agent 2,AMD Radeon RX 9070,"at::native::vectorized_elementwise_kernel<4, at::native::ConvertToFloat8E4M3fnOp<float>, std::array<char*, 2ul> >",35.78894472361809,0.055385341708542715,0.004401014721420344,0.0003805296906024982,1547.5544790789104,1560.0,1360,4200.0,152623.7135678392,1,256,8,0.390625,40,16,0,0,"(256, 1, 1)/(256, 1, 1)",1.0,1.0,1,"WG<64,OCC<25"
glm-overlap,120-319,decode:199,Agent 2,AMD Radeon RX 9070,"at::native::vectorized_elementwise_kernel<8, at::native::CUDAFunctor_add<c10::BFloat16>, std::array<char*, 3ul> >",35.03517587939699,0.03867965829145729,0.003073552321045904,0.00026575187492232,1104.0235226620769,1120.0,960,4200.0,149074.62311557788,1,256,8,0.390625,32,16,0,0,"(256, 1, 1)/(256, 1, 1)",1.0,1.0,1,"WG<64,OCC<25"
glm-overlap,120-319,decode:199,Agent 2,AMD Radeon RX 9070,ncclDevKernel_Generic_4,0.7587939698492462,0.030942788944723618,0.0024587673464967854,0.00021259505746983487,40778.90728476821,31960,29320,4360,3407.100502512563,2,256,16,0.78125,256,5,776,21504,"(512, 1, 1)/(256, 1, 1)",1.0,1.0,1,"WG<64,OCC<25,SPILL776B"
glm-overlap,120-319,decode:199,Agent 2,AMD Radeon RX 9070,"at::native::vectorized_elementwise_kernel<4, at::native::FillFunctor<float>, std::array<char*, 1ul> >",35.03517587939699,0.02960267336683417,0.00235227945268306,0.0002033876796602076,844.9414802065404,840.0,720,4200.0,148218.15075376883,2,256,16,0.78125,8,16,0,0,"(512, 1, 1)/(256, 1, 1)",1.0,1.0,1,"WG<64,OCC<25"
glm-overlap,120-319,decode:199,Agent 2,AMD Radeon RX 9070,"at::native::reduce_kernel<512, 1, at::native::ReduceOp<float, at::native::ArgMaxOps<float>, unsigned int, long, 4, 4> >",0.7587939698492462,0.010771547738693467,0.0008559257505340991,7.400683288883357e-05,14195.615894039734,11040,9720,17760,18060.286432160803,64,512,1024,50.0,40,16,0,512,"(512, 64, 1)/(512, 1, 1)",1.0,0.0,1,
glm-overlap,120-319,decode:199,Agent 2,AMD Radeon RX 9070,"at::native::elementwise_kernel_manual_unroll<128, 4, at::native::gpu_kernel_impl<at::native::BinaryFunctor<c10::BFloat16, c10::BFloat16, c10::BFloat16",0.7587939698492462,0.010204542713567839,0.0008108705538752274,7.01111767436294e-05,13448.370860927153,13400,12680,4200,3226.2311557788944,4,128,16,0.78125,24,16,0,0,"(512, 1, 1)/(128, 1, 1)",1.0,1.0,1,"WG<64,OCC<25"
glm-overlap,120-319,decode:199,Agent 2,AMD Radeon RX 9070,"at::native::elementwise_kernel_manual_unroll<128, 4, at::native::gpu_kernel_impl_nocast<at::native::direct_copy_kernel_cuda(at::TensorIteratorBase&)::",1.5175879396984924,0.007252713567839196,0.000576313121805333,4.9830384084688305e-05,4779.105960264901,2740.0,2360,4440.0,15804.542713567838,1,128,4,0.1953125,24,16,0,0,"(128, 1, 1)/(128, 1, 1)",1.0,1.0,1,"WG<64,OCC<25"
glm-overlap,120-319,decode:199,Agent 2,AMD Radeon RX 9070,"at::native::index_elementwise_kernel<128, 4, at::native::gpu_index_kernel<at::native::index_put_kernel_impl<at::native::OpaqueType<4> >(at::TensorIter",1.5678391959798994,0.0057863819095477385,0.00045979588068068293,3.97558279830649e-05,3690.673076923077,3160.0,2840,52821.0,90375.73366834171,1,128,4,0.1953125,16,16,0,0,"(128, 1, 1)/(128, 1, 1)",1.0,1.0,1,"WG<64,OCC<25"
glm-overlap,120-319,decode:199,Agent 2,AMD Radeon RX 9070,__amd_rocclr_fillBufferAligned,1.5175879396984924,0.00429429648241206,0.0003412322006911808,2.9504328426949303e-05,2829.6854304635763,2720.0,2080,4481.0,7743.43216080402,1,256,8,0.390625,16,16,0,0,"(256, 1, 1)/(256, 1, 1)",1.0,1.0,1,"WG<64,OCC<25"
glm-overlap,120-319,decode:199,Agent 2,AMD Radeon RX 9070,"at::native::vectorized_elementwise_kernel<4, at::native::compare_scalar_kernel<int>(at::TensorIteratorBase&, at::native::anon::OpType, int)::{lambda(i",1.5175879396984924,0.002609281407035176,0.00020733799829421233,1.7927289349210586e-05,1719.3609271523178,1700.0,1320,4280.0,6579.547738693467,1,256,8,0.390625,24,16,0,0,"(256, 1, 1)/(256, 1, 1)",1.0,1.0,1,"WG<64,OCC<25"
glm-overlap,120-319,decode:199,Agent 2,AMD Radeon RX 9070,"at::native::elementwise_kernel_manual_unroll<128, 4, at::native::gpu_kernel_impl_nocast<at::native::BUnaryFunctor<int, int, int, at::native::binary_in",0.7587939698492462,0.002496095477386935,0.00019834404922261666,1.7149635813799466e-05,3289.5562913907283,2680,2280,4280,4821.497487437186,1,128,4,0.1953125,24,16,0,0,"(128, 1, 1)/(128, 1, 1)",1.0,1.0,1,"WG<64,OCC<25"
glm-overlap,120-319,decode:199,Agent 2,AMD Radeon RX 9070,"anon::elementwise_kernel_with_index_grid_stride<int, at::native::arange_cuda_out(c10::Scalar const&, c10::Scalar const&, c10::Scalar const&, at::Tenso",0.8090452261306532,0.002490075376884422,0.00019786568165967175,1.710827420238841e-05,3077.795031055901,2200,1360,17680,15165.050251256282,1,128,4,0.1953125,8,16,0,0,"(128, 1, 1)/(128, 1, 1)",1.0,1.0,1,"WG<64,OCC<25"
glm-overlap,120-319,decode:199,Agent 2,AMD Radeon RX 9070,"at::native::index_elementwise_kernel<128, 4, at::native::gpu_index_kernel<at::native::index_kernel_impl<at::native::OpaqueType<2> >(at::TensorIterator",0.7587939698492462,0.0024569145728643217,0.00019523066701203102,1.688044008410667e-05,3237.9205298013244,3240,3001,4280,4080.0201005025124,4,128,16,0.78125,16,16,0,0,"(512, 1, 1)/(128, 1, 1)",1.0,1.0,1,"WG<64,OCC<25"
glm-overlap,120-319,decode:199,Agent 2,AMD Radeon RX 9070,rocprim::ROCPRIM_400200_NS::detail::trampoline_kernel<rocprim::ROCPRIM_400200_NS::detail::wrapped_partition_config<rocprim::ROCPRIM_400200_NS::default,0.7587939698492462,0.0022557035175879395,0.00017924208972665707,1.5498002452629276e-05,2972.748344370861,2880,2680,4360,3711.115577889447,1,256,8,0.390625,64,16,0,12800,"(256, 1, 1)/(256, 1, 1)",1.0,1.0,1,"WG<64,OCC<25"
glm-overlap,120-319,decode:199,Agent 2,AMD Radeon RX 9070,"at::native::vectorized_elementwise_kernel<4, at::native::BUnaryFunctor<int, int, int, at::native::binary_internal::div_floor_kernel_cuda(at::TensorIte",0.7587939698492462,0.0020211306532663315,0.00016060252558786796,1.38863496807863e-05,2663.609271523179,2200,1800,50841,31565.633165829146,1,256,8,0.390625,16,16,0,0,"(256, 1, 1)/(256, 1, 1)",1.0,1.0,1,"WG<64,OCC<25"
glm-overlap,120-319,decode:199,Agent 2,AMD Radeon RX 9070,rocprim::ROCPRIM_400200_NS::detail::trampoline_kernel<rocprim::ROCPRIM_400200_NS::detail::wrapped_transform_config<rocprim::ROCPRIM_400200_NS::default,0.7587939698492462,0.0018383969849246232,0.0001460821933183108,1.2630862504366035e-05,2422.7880794701987,2160,1960,68360,54611.477386934675,1,1024,32,1.5625,8,16,0,0,"(1024, 1, 1)/(1024, 1, 1)",1.0,1.0,1,"WG<64,OCC<25"
glm-overlap,120-319,decode:199,Agent 2,AMD Radeon RX 9070,rocprim::ROCPRIM_400200_NS::detail::trampoline_kernel<rocprim::ROCPRIM_400200_NS::detail::wrapped_reduce_config<rocprim::ROCPRIM_400200_NS::default_co,0.7587939698492462,0.0016560904522613066,0.0001315958019860244,1.137830999987393e-05,2182.5298013245033,2160,1920,4440,3398.472361809045,1,256,8,0.390625,8,16,0,512,"(256, 1, 1)/(256, 1, 1)",1.0,1.0,1,"WG<64,OCC<25"
glm-overlap,120-319,decode:199,Agent 2,AMD Radeon RX 9070,"rocprim::ROCPRIM_400200_NS::detail::init_lookback_scan_state_kernel<rocprim::ROCPRIM_400200_NS::detail::lookback_scan_state<unsigned long, false, true",0.7587939698492462,0.0013190150753768844,0.0001048112115125519,9.062405016376005e-06,1738.3046357615895,1640,1520,4400,4390.427135678392,1,256,8,0.390625,8,16,0,0,"(256, 1, 1)/(256, 1, 1)",1.0,1.0,1,"WG<64,OCC<25"
glm-overlap,120-319,decode:199,Agent 2,AMD Radeon RX 9070,"at::native::vectorized_elementwise_kernel<16, at::native::BinaryFunctor<bool, bool, bool, at::native::BitwiseAndFunctor<bool> >, std::array<char*, 3ul",0.7587939698492462,0.0012010251256281408,9.543552672294675e-05,8.251745053161073e-06,1582.8079470198675,1560,1480,4280,4384.899497487437,1,256,8,0.390625,40,16,0,0,"(256, 1, 1)/(256, 1, 1)",1.0,1.0,1,"WG<64,OCC<25"
glm-overlap,120-319,decode:199,Agent 2,AMD Radeon RX 9070,"anon::gated_mul_kernel<__hip_bfloat16, anon::SiluAct>",0.7587939698492462,0.0011340753768844221,9.01155842846201e-05,7.79176112258558e-06,1494.5761589403974,1480,1400,4160,3170.497487437186,3,256,24,1.171875,72,16,0,0,"(768, 1, 1)/(256, 1, 1)",1.0,1.0,1,"WG<64,OCC<25"
glm-overlap,120-319,decode:199,Agent 2,AMD Radeon RX 9070,"at::native::vectorized_elementwise_kernel<4, at::native::CUDAFunctorOnSelf_add<int>, std::array<char*, 2ul> >",0.7587939698492462,0.0009395075376884422,7.465488840009192e-05,6.454966270979148e-06,1238.158940397351,1240,1080,4320,3303.477386934673,1,256,8,0.390625,16,16,0,0,"(256, 1, 1)/(256, 1, 1)",1.0,1.0,1,"WG<64,OCC<25"
glm-overlap,120-319,decode:199,Agent 2,AMD Radeon RX 9070,"at::native::vectorized_elementwise_kernel<4, at::native::anon::launch_clamp_scalar(at::TensorIteratorBase&, c10::Scalar, c10::Scalar, at::native::deta",0.7587939698492462,0.0008984924623115578,7.139575981181435e-05,6.173168714771299e-06,1184.1059602649007,1160,1080,4160,3206.7236180904524,1,256,8,0.390625,16,16,0,0,"(256, 1, 1)/(256, 1, 1)",1.0,1.0,1,"WG<64,OCC<25"
glm-overlap,120-319,decode:199,Agent 2,AMD Radeon RX 9070,"at::native::elementwise_kernel_manual_unroll<128, 4, at::native::gpu_kernel_impl_nocast<at::native::CUDAFunctor_add<int> >(at::TensorIteratorBase&, at",0.05025125628140704,0.00016763819095477387,1.3320819615895564e-05,1.1517724179237726e-06,3336.0,3000.0,2560,56680.5,2242.8391959798996,1,128,4,0.1953125,24,16,0,0,"(128, 1, 1)/(128, 1, 1)",1.0,1.0,1,"WG<64,OCC<25"
glm-overlap,620-819,decode:199,Agent 1,AMD Radeon RX 9070 XT,"custom_ar::one_shot_ar_vec_kernel<__hip_bfloat16, 8>",95.0,6.528386427135678,0.2832909142036081,0.039504992651329715,68719.85712774398,34880,9440,0,224796.6633165829,8,256,64,3.125,32,16,0,512,"(2048, 1, 1)/(256, 1, 1)",1.0,1.0,1,"WG<64,OCC<25"
glm-overlap,620-819,decode:199,Agent 1,AMD Radeon RX 9070 XT,"gemv_decode::gemv_decode_core<__hip_bfloat16, gemv_decode::Bf16GemvLoader<__hip_bfloat16>, false, false, false, 16, 8, 1, false, 0>",144.0,3.3534769145728642,0.14551980822416744,0.0202927756108227,23288.034128978223,12881.0,11080,0.0,9452584.32160804,128,512,2048,100.0,32,16,0,512,"(65536, 1, 1)/(512, 1, 1)",0.4848897260769354,0.353328451098349,5,
glm-overlap,620-819,decode:199,Agent 1,AMD Radeon RX 9070 XT,"gemv_decode::gemv_decode_core<__hip_bfloat16, gemv_decode::Int4Fp8GemvLoader, true, true, false, 32, 8, 1, false, 0>",46.0,2.620620628140703,0.11371845429384911,0.015858068423508464,56970.01365523269,57121.0,44320,0.0,45549.0,576,1024,18432,75.0,112,12,0,512,"(24576, 24, 1)/(1024, 1, 1)",1.0,0.0,1,
glm-overlap,620-819,decode:199,Agent 1,AMD Radeon RX 9070 XT,"w4a8_fp8_moe::moe_gemm2_gather_reduce_core<__hip_bfloat16, gemv_decode::Int4Fp8GemvLoader, 8, 4, false>",46.0,2.083867040201005,0.0904267241968887,0.012610030522597003,45301.45739567402,45360.0,39120,0.0,101575.51256281407,384,256,3072,75.0,120,12,0,0,"(16384, 6, 1)/(256, 1, 1)",1.0,0.0,1,
glm-overlap,620-819,decode:199,Agent 1,AMD Radeon RX 9070 XT,"mla_attend::mla_combine_kernel<__hip_bfloat16, 512>",47.0,1.8156448894472361,0.07878756969144202,0.010986947359135964,38630.7423286646,38840,31880,0,300190.30150753766,60,256,480,23.4375,24,16,0,0,"(2560, 6, 1)/(256, 1, 1)",1.0,1.0,1,"WG<64,OCC<25"
glm-overlap,620-819,decode:199,Agent 1,AMD Radeon RX 9070 XT,"gemv_decode::gemv_decode_core<__hip_bfloat16, gemv_decode::Bf16GemvLoader<__hip_bfloat16>, false, false, false, 8, 8, 1, true, 0>",47.0,1.7631714623115577,0.07651055295682069,0.010669416775350566,37514.28643216081,37441,32601,0,257743.21608040202,10,256,80,3.90625,32,16,0,512,"(2560, 1, 1)/(256, 1, 1)",1.0,1.0,1,"WG<64,OCC<25"
glm-overlap,620-819,decode:199,Agent 1,AMD Radeon RX 9070 XT,"gemv_decode::gemv_decode_core<__hip_bfloat16, gemv_decode::Int4Fp8GemvLoader, false, true, false, 16, 8, 1, false, 0>",46.0,0.9359831457286432,0.04061578216793348,0.005663881528226523,20347.459689753112,20321.0,17880,0.0,51005.306532663315,96,512,1536,75.0,96,16,0,512,"(49152, 1, 1)/(512, 1, 1)",1.0,0.0,1,
glm-overlap,620-819,decode:199,Agent 1,AMD Radeon RX 9070 XT,"at::native::elementwise_kernel_manual_unroll<128, 4, at::native::gpu_kernel_impl_nocast<at::native::BinaryFunctor<float, float, float, at::native::bin",423.0,0.6862106030150753,0.02977722462266092,0.004152441821871291,1622.247288451715,1560,1240,0,24924392.025125626,4,128,16,0.78125,24,16,0,0,"(512, 1, 1)/(128, 1, 1)",0.48766623868567827,1.0,3,"WG<64,OCC<25"
glm-overlap,620-819,decode:199,Agent 1,AMD Radeon RX 9070 XT,"gemv_decode::gemv_decode_core<__hip_bfloat16, gemv_decode::Int4Fp8GemvLoader, false, false, false, 16, 8, 1, false, 0>",46.0,0.6351798090452261,0.027562809094780264,0.003843640992865383,13808.256718374481,13681.0,11920,0.0,27581.77889447236,128,512,2048,100.0,88,16,0,512,"(65536, 1, 1)/(512, 1, 1)",1.0,0.0,1,
glm-overlap,620-819,decode:199,Agent 1,AMD Radeon RX 9070 XT,Cijk_Ailk_Bljk_BBS_BH_Bias_HA_S_SAV_UserArgs_MT128x128x32_MI16x16x1_SN_LDSB0_AFC1_AFEM1_AFEM1_ASEM1_CLR0_CADS0_DTLA0_DTLB0_DTVA0_DTVB0_EPS0_FDSI0_GRPM,47.0,0.6280953467336684,0.02725538798432943,0.0038007710379874965,13363.730781567412,13360,12040,0,41439.98492462312,40,128,160,7.8125,256,5,0,51200,"(512, 1, 10)/(128, 1, 1)",1.0,1.0,1,"WG<64,OCC<25"
glm-overlap,620-819,decode:199,Agent 1,AMD Radeon RX 9070 XT,Cijk_Alik_Bljk_BBS_BH_Bias_HA_S_SAV_UserArgs_MT16x16x32_MI16x16x1_SN_LDSB0_AFC1_AFEM1_AFEM1_ASEM1_CLR1_CADS0_DTLA0_DTLB0_DTVA0_DTVB1_EPS0_FDSI0_GRPM1_,46.0,0.6231636482412061,0.0270413832849907,0.0037709280262605118,13547.035831330566,13521.0,12240,0.0,40702.24120603015,4,32,4,0.1953125,120,12,0,3584,"(128, 1, 1)/(32, 1, 1)",1.0,1.0,1,"WG<64,OCC<25"
glm-overlap,620-819,decode:199,Agent 1,AMD Radeon RX 9070 XT,"mla_attend::mla_split_kernel<__hip_bfloat16, 512, 64, 16, mla_attend::CacheFp8, false>",47.0,0.5960654422110553,0.02586549156270378,0.0036069496156634216,12682.243451299048,12400,8880,0,10039837.688442212,960,256,7680,100.0,72,16,0,16896,"(2560, 6, 16)/(256, 1, 1)",1.0,0.0,1,
glm-overlap,620-819,decode:199,Agent 1,AMD Radeon RX 9070 XT,Cijk_Alik_Bljk_BBS_BH_Bias_HA_S_SAV_UserArgs_MT64x64x32_MI16x16x1_SN_LDSB0_AFC1_AFEM1_AFEM1_ASEM1_CLR1_CADS0_DTLA0_DTLB0_DTVA1_DTVB0_EPS0_FDSI0_GRPM1_,47.0,0.5504014070351758,0.023883959615172246,0.003330624463317215,11710.668234790975,11680,11080,0,273739.61306532664,40,128,160,7.8125,128,10,0,13312,"(512, 1, 10)/(128, 1, 1)",1.0,1.0,1,"WG<64,OCC<25"
glm-overlap,620-819,decode:199,Agent 1,AMD Radeon RX 9070 XT,"at::native::elementwise_kernel_manual_unroll<128, 8, at::native::gpu_kernel_impl_nocast<at::native::direct_copy_kernel_cuda(at::TensorIteratorBase&)::",189.0,0.40174715577889447,0.017433299990674254,0.0024310782785113456,2125.6463268724574,2240,1400,1456,21404071.457286432,15,128,60,2.9296875,32,16,0,0,"(1920, 1, 1)/(128, 1, 1)",0.28868502307083715,0.9816186670273025,5,"WG<64,OCC<25"
glm-overlap,620-819,decode:199,Agent 1,AMD Radeon RX 9070 XT,w4a8_fp8_wmma::compute_act_fp8_and_scales_kernel<__hip_bfloat16>,92.0,0.3025120603015075,0.01312712093209093,0.0018305804738328025,3288.1745684946472,3160.0,2600,9644.0,1196559.8793969848,6,256,48,2.34375,16,16,0,512,"(1536, 1, 1)/(256, 1, 1)",1.0,1.0,1,"WG<64,OCC<25"
glm-overlap,620-819,decode:199,Agent 1,AMD Radeon RX 9070 XT,"at::native::vectorized_elementwise_kernel<4, at::native::bfloat16tofloat32_copy_kernel_cuda(at::TensorIteratorBase&)::{lambda(c10::BFloat16)#1}, std::",142.0,0.28415528140703517,0.012330552173043036,0.0017194987504357412,2001.093531035459,2160.0,1200,0.0,4361824.050251257,2,256,16,0.78125,16,16,0,0,"(512, 1, 1)/(256, 1, 1)",0.7554539903079747,0.9817217039002721,3,"WG<64,OCC<25"
glm-overlap,620-819,decode:199,Agent 1,AMD Radeon RX 9070 XT,"at::native::vectorized_elementwise_kernel<4, at::native::bfloat16_copy_kernel_cuda(at::TensorIteratorBase&)::{lambda(float)#1}, std::array<char*, 2ul>",140.0,0.22626894974874373,0.009818649423657911,0.0013692132499837453,1616.206783919598,1360.0,960,1634.5,13109732.110552764,2,256,16,0.78125,32,16,0,0,"(512, 1, 1)/(256, 1, 1)",0.4839266190115152,1.0,3,"WG<64,OCC<25"
glm-overlap,620-819,decode:199,Agent 1,AMD Radeon RX 9070 XT,"at::native::vectorized_elementwise_kernel<4, at::native::CUDAFunctor_add<float>, std::array<char*, 3ul> >",188.0,0.22115290452261308,0.009596645235426448,0.0013382547074222814,1176.34523682241,1200.0,920,0.0,12487925.904522613,2,256,16,0.78125,16,16,0,0,"(512, 1, 1)/(256, 1, 1)",0.5293010170457112,1.0,2,"WG<64,OCC<25"
glm-overlap,620-819,decode:199,Agent 1,AMD Radeon RX 9070 XT,"at::native::anon::CatArrayBatchedCopy_contig<at::native::anon::OpaqueType<4u>, unsigned int, 3, 128, 1>",94.0,0.19915235175879395,0.008641959605981938,0.0012051235447743014,2118.64203998717,2400.0,1320,0.0,524670.5829145729,2,256,16,0.78125,16,16,0,0,"(256, 2, 1)/(256, 1, 1)",1.0,1.0,1,"WG<64,OCC<25"
glm-overlap,620-819,decode:199,Agent 1,AMD Radeon RX 9070 XT,"anon::rms_norm_kernel<__hip_bfloat16, false>",95.0,0.18753147236180906,0.008137686523350379,0.0011348025304924768,1974.0154985453585,1960,1720,2529,1430060.351758794,6,256,48,2.34375,32,16,0,512,"(1536, 1, 1)/(256, 1, 1)",1.0,1.0,1,"WG<64,OCC<25"
glm-overlap,620-819,decode:199,Agent 1,AMD Radeon RX 9070 XT,w4a8_fp8_moe::moe_compute_act_fp8_kernel<__hip_bfloat16>,46.0,0.18260404522613066,0.007923867174033698,0.0011049853658749186,3969.653157089797,3960.0,3400,0.0,6813297.085427135,384,256,3072,100.0,16,16,0,512,"(98304, 1, 1)/(256, 1, 1)",1.0,0.0,1,
glm-overlap,620-819,decode:199,Agent 1,AMD Radeon RX 9070 XT,"at::native::anon::CatArrayBatchedCopy<at::native::anon::OpaqueType<2u>, unsigned int, 3, 64, 64>",47.0,0.15022025125628138,0.006518614175993113,0.0009090224649223212,3196.175558644285,3160,2800,9872,1140588.9949748744,30,256,240,11.71875,8,16,0,0,"(3840, 2, 1)/(256, 1, 1)",1.0,1.0,1,"WG<64,OCC<25"
glm-overlap,620-819,decode:199,Agent 1,AMD Radeon RX 9070 XT,"at::native::elementwise_kernel_manual_unroll<128, 4, at::native::gpu_kernel_impl<at::native::direct_copy_kernel_cuda(at::TensorIteratorBase&)::{lambda",97.0,0.15012904522613066,0.006514656407875268,0.0009084705531151576,1547.7221157333056,1480,1240,92,19591747.974874374,1,128,4,0.1953125,16,16,0,0,"(128, 1, 1)/(128, 1, 1)",1.0,1.0,1,"WG<64,OCC<25"
glm-overlap,620-819,decode:199,Agent 1,AMD Radeon RX 9070 XT,"anon::moe_topk_softmax_kernel<1, 4, true, c10::BFloat16, moe_core::SigmoidBiasScore<c10::BFloat16> >",46.0,0.1465730703517588,0.0063603494616965555,0.0008869524088005895,3186.371094603452,3160.0,2800,1393.0,444748.5376884422,6,256,48,2.34375,32,16,0,4096,"(1536, 1, 1)/(256, 1, 1)",1.0,1.0,1,"WG<64,OCC<25"
glm-overlap,620-819,decode:199,Agent 1,AMD Radeon RX 9070 XT,ncclDevKernel_Generic_4,1.0,0.1323838391959799,0.005744626064984184,0.0008010896188457672,132383.8391959799,132562,121642,4042,3666.753768844221,2,256,16,0.78125,256,5,776,21504,"(512, 1, 1)/(256, 1, 1)",1.0,1.0,1,"WG<64,OCC<25,SPILL776B"
glm-overlap,620-819,decode:199,Agent 1,AMD Radeon RX 9070 XT,"anon::rms_norm_add_kernel<__hip_bfloat16, true>",46.0,0.12920420603015076,0.005606649982159832,0.0007818488177302125,2808.7870876119728,2800.0,2440,12515.0,689795.2412060301,6,256,48,2.34375,40,16,0,512,"(1536, 1, 1)/(256, 1, 1)",1.0,1.0,1,"WG<64,OCC<25"
glm-overlap,620-819,decode:199,Agent 1,AMD Radeon RX 9070 XT,anon::moe_align_kernel,46.0,0.12549746231155778,0.005445800616320529,0.0007594183312696207,2728.2057024251694,2720.0,2320,6638.5,752438.0653266332,1,256,8,0.390625,16,16,0,1536,"(256, 1, 1)/(256, 1, 1)",1.0,1.0,1,"WG<64,OCC<25"
glm-overlap,620-819,decode:199,Agent 1,AMD Radeon RX 9070 XT,"at::native::index_elementwise_kernel<128, 4, at::native::gpu_index_kernel<at::native::index_put_kernel_impl<at::native::OpaqueType<1> >(at::TensorIter",47.0,0.12218382412060302,0.0053020095581574125,0.00073936663031045,2599.655832353256,2560,2200,0,451318.98994974873,7,128,28,1.3671875,16,16,0,0,"(896, 1, 1)/(128, 1, 1)",1.0,1.0,1,"WG<64,OCC<25"
glm-overlap,620-819,decode:199,Agent 1,AMD Radeon RX 9070 XT,"at::native::anon::CatArrayBatchedCopy_contig<at::native::anon::OpaqueType<2u>, unsigned int, 2, 128, 1>",47.0,0.11815769849246231,0.00512730102602247,0.0007150034794571367,2513.9935849460066,2520,2160,0,532218.1959798995,4,256,32,1.5625,8,16,0,0,"(512, 2, 1)/(256, 1, 1)",1.0,1.0,1,"WG<64,OCC<25"
glm-overlap,620-819,decode:199,Agent 1,AMD Radeon RX 9070 XT,"anon::rms_norm_add_kernel<__hip_bfloat16, false>",48.0,0.11220004020100503,0.0048687761236232505,0.0006789521136793887,2337.500837520938,2320.0,1840,543.0,341513.97989949747,6,256,48,2.34375,32,16,0,512,"(1536, 1, 1)/(256, 1, 1)",1.0,1.0,1,"WG<64,OCC<25"
glm-overlap,620-819,decode:199,Agent 1,AMD Radeon RX 9070 XT,"at::native::vectorized_elementwise_kernel<4, at::native::ConvertToFloat8E4M3fnOp<float>, std::array<char*, 2ul> >",47.0,0.11190063819095478,0.004855783959313095,0.0006771403529420548,2380.8646423607397,2360,2040,0,3907676.1407035175,1,256,8,0.390625,40,16,0,0,"(256, 1, 1)/(256, 1, 1)",1.0,1.0,1,"WG<64,OCC<25"
glm-overlap,620-819,decode:199,Agent 1,AMD Radeon RX 9070 XT,__amd_rocclr_copyBuffer,23.12060301507538,0.08108466834170855,0.0035185646681299885,0.0004906647703420529,3507.030862855901,2520,1080,20904.0,1943184.3668341709,1,512,16,0.78125,16,16,0,0,"(512, 1, 1)/(512, 1, 1)",0.9014996359968416,1.0,4,"WG<64,OCC<25"
glm-overlap,620-819,decode:199,Agent 1,AMD Radeon RX 9070 XT,"at::native::vectorized_gather_kernel<16, long>",48.0,0.060163884422110556,0.0026107342159060725,0.00036406757450688074,1253.4142587939698,1240.0,960,304.0,745534.1608040201,6,32,6,0.29296875,16,16,0,0,"(192, 1, 1)/(32, 1, 1)",0.974698505664553,1.0,2,"WG<64,OCC<25"
glm-overlap,620-819,decode:199,Agent 1,AMD Radeon RX 9070 XT,w4a8_fp8_moe::moe_build_inverse_map_kernel,46.0,0.05577070351758794,0.002420097793170587,0.00033748327511128355,1212.4065982084335,1200.0,1000,5736.0,670321.8190954773,2,256,16,0.78125,8,16,0,0,"(512, 1, 1)/(256, 1, 1)",1.0,1.0,1,"WG<64,OCC<25"
glm-overlap,620-819,decode:199,Agent 1,AMD Radeon RX 9070 XT,"at::native::vectorized_elementwise_kernel<8, at::native::CUDAFunctor_add<c10::BFloat16>, std::array<char*, 3ul> >",46.0,0.052344055276381904,0.0022714028095417835,0.00031674772045341853,1137.9142451387372,1120.0,960,6656.0,527366.3718592965,6,256,48,2.34375,32,16,0,0,"(1536, 1, 1)/(256, 1, 1)",1.0,1.0,1,"WG<64,OCC<25"
glm-overlap,620-819,decode:199,Agent 1,AMD Radeon RX 9070 XT,"at::native::vectorized_elementwise_kernel<4, at::native::FillFunctor<int>, std::array<char*, 1ul> >",46.0,0.04334973366834171,0.0018811058166444267,0.0002623207019251632,942.3855145291676,880.0,720,1731.5,316790.9849246231,1,256,8,0.390625,8,16,0,0,"(256, 1, 1)/(256, 1, 1)",1.0,1.0,1,"WG<64,OCC<25"
glm-overlap,620-819,decode:199,Agent 1,AMD Radeon RX 9070 XT,"at::native::vectorized_elementwise_kernel<4, at::native::FillFunctor<float>, std::array<char*, 1ul> >",46.0,0.04049962814070352,0.0017574291609327901,0.0002450739596893086,880.4266987109461,880.0,720,2998.0,4705586.457286432,12,256,96,4.6875,8,16,0,0,"(3072, 1, 1)/(256, 1, 1)",1.0,1.0,1,"WG<64,OCC<25"
glm-overlap,620-819,decode:199,Agent 1,AMD Radeon RX 9070 XT,"at::native::reduce_kernel<512, 1, at::native::ReduceOp<float, at::native::ArgMaxOps<float>, unsigned int, long, 4, 4> >",1.0,0.03073075376884422,0.0013335214492138279,0.00018595991756276335,30730.75376884422,29761,27960,4181,6287.628140703518,320,512,5120,100.0,40,16,0,512,"(640, 256, 1)/(128, 4, 1)",1.0,0.0,1,
glm-overlap,620-819,decode:199,Agent 1,AMD Radeon RX 9070 XT,"at::native::elementwise_kernel_manual_unroll<128, 4, at::native::gpu_kernel_impl_nocast<at::native::BUnaryFunctor<int, int, int, at::native::binary_in",5.0,0.018379768844221104,0.000797566378284209,0.0001112208416625034,3675.953768844221,2320,1920,3780,71059.33165829146,1,128,4,0.1953125,24,16,0,0,"(128, 1, 1)/(128, 1, 1)",1.0,1.0,1,"WG<64,OCC<25"
glm-overlap,620-819,decode:199,Agent 1,AMD Radeon RX 9070 XT,"at::native::elementwise_kernel_manual_unroll<128, 4, at::native::gpu_kernel_impl<at::native::BinaryFunctor<c10::BFloat16, c10::BFloat16, c10::BFloat16",1.0,0.013272336683417084,0.0005759359429207342,8.031441903698891e-05,13272.336683417085,13280,12240,4566,61793.63819095477,24,128,96,4.6875,24,16,0,0,"(3072, 1, 1)/(128, 1, 1)",1.0,1.0,1,"WG<64,OCC<25"
glm-overlap,620-819,decode:199,Agent 1,AMD Radeon RX 9070 XT,"at::native::anon::CatArrayBatchedCopy<at::native::anon::OpaqueType<4u>, unsigned int, 1, 64, 64>",1.0,0.008787055276381909,0.00038130293759219814,5.3172795145430644e-05,8787.055276381909,3000,2280,5244,17458.829145728643,6,256,48,2.34375,8,16,0,0,"(256, 6, 1)/(256, 1, 1)",1.0,1.0,1,"WG<64,OCC<25"
glm-overlap,620-819,decode:199,Agent 1,AMD Radeon RX 9070 XT,"at::native::index_elementwise_kernel<128, 4, at::native::gpu_index_kernel<at::native::index_kernel_impl<at::native::OpaqueType<4> >(at::TensorIterator",2.0,0.00802583417085427,0.0003482707288982314,4.856644493691511e-05,4012.9170854271356,3120.0,2561,18325.0,50300.27638190955,1,128,4,0.1953125,16,16,0,0,"(128, 1, 1)/(128, 1, 1)",1.0,1.0,1,"WG<64,OCC<25"
glm-overlap,620-819,decode:199,Agent 1,AMD Radeon RX 9070 XT,__amd_rocclr_fillBufferAligned,3.0,0.007723110552763819,0.00033513442768857787,4.67345842709566e-05,2574.3701842546066,2280,1840,4030,12409.206030150754,1,256,8,0.390625,16,16,0,0,"(256, 1, 1)/(256, 1, 1)",1.0,1.0,1,"WG<64,OCC<25"
glm-overlap,620-819,decode:199,Agent 1,AMD Radeon RX 9070 XT,"at::native::vectorized_elementwise_kernel<4, at::native::BUnaryFunctor<int, int, int, at::native::binary_internal::div_floor_kernel_cuda(at::TensorIte",2.0,0.00688313567839196,0.000298684800705748,4.165167418134645e-05,3441.56783919598,1920.0,1440,5203.5,67060.77386934674,1,256,8,0.390625,16,16,0,0,"(256, 1, 1)/(256, 1, 1)",1.0,1.0,1,"WG<64,OCC<25"
glm-overlap,620-819,decode:199,Agent 1,AMD Radeon RX 9070 XT,"at::native::index_elementwise_kernel<128, 4, at::native::gpu_index_kernel<at::native::index_put_kernel_impl<at::native::OpaqueType<4> >(at::TensorIter",2.0603015075376883,0.0060149547738693465,0.00026101120940085404,3.6398081944430014e-05,2919.4536585365854,2880.0,2480,53606.5,151507.68844221105,1,128,4,0.1953125,16,16,0,0,"(128, 1, 1)/(128, 1, 1)",1.0,1.0,1,"WG<64,OCC<25"
glm-overlap,620-819,decode:199,Agent 1,AMD Radeon RX 9070 XT,"at::native::elementwise_kernel_manual_unroll<128, 4, at::native::gpu_kernel_impl_nocast<at::native::direct_copy_kernel_cuda(at::TensorIteratorBase&)::",2.0,0.005660185929648242,0.00024561647268726004,3.4251281852201925e-05,2830.092964824121,2400.0,1920,3882.0,9596.422110552763,1,128,4,0.1953125,24,16,0,0,"(128, 1, 1)/(128, 1, 1)",1.0,1.0,1,"WG<64,OCC<25"
glm-overlap,620-819,decode:199,Agent 1,AMD Radeon RX 9070 XT,rocprim::ROCPRIM_400200_NS::detail::trampoline_kernel<rocprim::ROCPRIM_400200_NS::detail::wrapped_partition_config<rocprim::ROCPRIM_400200_NS::default,1.0,0.003607502512562814,0.00015654292162115807,2.1829951679342523e-05,3607.502512562814,2800,2561,4403,4728.492462311558,1,256,8,0.390625,64,16,0,12800,"(256, 1, 1)/(256, 1, 1)",1.0,1.0,1,"WG<64,OCC<25"
glm-overlap,620-819,decode:199,Agent 1,AMD Radeon RX 9070 XT,"at::native::vectorized_elementwise_kernel<4, at::native::compare_scalar_kernel<int>(at::TensorIteratorBase&, at::native::anon::OpType, int)::{lambda(i",2.0,0.0033654723618090454,0.0001460403351953795,2.0365363234151035e-05,1682.7361809045226,1660.0,1280,3975.5,31953.30150753769,1,256,8,0.390625,24,16,0,0,"(256, 1, 1)/(256, 1, 1)",1.0,1.0,1,"WG<64,OCC<25"
glm-overlap,620-819,decode:199,Agent 1,AMD Radeon RX 9070 XT,"anon::elementwise_kernel_with_index_grid_stride<int, at::native::arange_cuda_out(c10::Scalar const&, c10::Scalar const&, c10::Scalar const&, at::Tenso",1.0603015075376885,0.003118819095477387,0.00013533713462809033,1.887279909405098e-05,2941.445497630332,2240,1320,17239,27348.316582914573,1,128,4,0.1953125,8,16,0,0,"(128, 1, 1)/(128, 1, 1)",1.0,1.0,1,"WG<64,OCC<25"
glm-overlap,620-819,decode:199,Agent 1,AMD Radeon RX 9070 XT,rocprim::ROCPRIM_400200_NS::detail::trampoline_kernel<rocprim::ROCPRIM_400200_NS::detail::wrapped_reduce_config<rocprim::ROCPRIM_400200_NS::default_co,1.0,0.0020464522613065327,8.880315809276159e-05,1.2383623801460897e-05,2046.4522613065326,2040,1800,9167,13914.628140703517,1,256,8,0.390625,8,16,0,512,"(256, 1, 1)/(256, 1, 1)",1.0,1.0,1,"WG<64,OCC<25"
glm-overlap,620-819,decode:199,Agent 1,AMD Radeon RX 9070 XT,rocprim::ROCPRIM_400200_NS::detail::trampoline_kernel<rocprim::ROCPRIM_400200_NS::detail::wrapped_transform_config<rocprim::ROCPRIM_400200_NS::default,1.0,0.002024934673366834,8.786943009933945e-05,1.225341518667994e-05,2024.9346733668342,1960,1800,72086,73505.18090452261,1,1024,32,1.5625,8,16,0,0,"(1024, 1, 1)/(1024, 1, 1)",1.0,1.0,1,"WG<64,OCC<25"
glm-overlap,620-819,decode:199,Agent 1,AMD Radeon RX 9070 XT,"rocprim::ROCPRIM_400200_NS::detail::init_lookback_scan_state_kernel<rocprim::ROCPRIM_400200_NS::detail::lookback_scan_state<unsigned long, false, true",1.0,0.0017473618090452262,7.582451343127345e-05,1.0573748382696836e-05,1747.3618090452262,1520,1320,4113,4471.768844221106,1,256,8,0.390625,8,16,0,0,"(256, 1, 1)/(256, 1, 1)",1.0,1.0,1,"WG<64,OCC<25"
glm-overlap,620-819,decode:199,Agent 1,AMD Radeon RX 9070 XT,"at::native::vectorized_elementwise_kernel<16, at::native::BinaryFunctor<bool, bool, bool, at::native::BitwiseAndFunctor<bool> >, std::array<char*, 3ul",1.0,0.0015764924623115578,6.840985837281176e-05,9.539772780549045e-06,1576.4924623115578,1560,1360,4652,7425.326633165829,1,256,8,0.390625,40,16,0,0,"(256, 1, 1)/(256, 1, 1)",1.0,1.0,1,"WG<64,OCC<25"
glm-overlap,620-819,decode:199,Agent 1,AMD Radeon RX 9070 XT,"anon::gated_mul_kernel<__hip_bfloat16, anon::SiluAct>",1.0,0.0015262713567839195,6.623057823122819e-05,9.235871590422732e-06,1526.2713567839196,1520,1321,3988,9028.251256281406,15,256,120,5.859375,72,16,0,0,"(3840, 1, 1)/(256, 1, 1)",1.0,1.0,1,"WG<64,OCC<25"
glm-overlap,620-819,decode:199,Agent 1,AMD Radeon RX 9070 XT,"at::native::vectorized_elementwise_kernel<4, at::native::CUDAFunctorOnSelf_add<int>, std::array<char*, 2ul> >",1.0,0.0012599195979899498,5.467258697402431e-05,7.624106663320962e-06,1259.9195979899498,1200,1120,5242,13882.814070351758,1,256,8,0.390625,16,16,0,0,"(256, 1, 1)/(256, 1, 1)",1.0,1.0,1,"WG<64,OCC<25"
glm-overlap,620-819,decode:199,Agent 1,AMD Radeon RX 9070 XT,"at::native::vectorized_elementwise_kernel<4, at::native::anon::launch_clamp_scalar(at::TensorIteratorBase&, c10::Scalar, c10::Scalar, at::native::deta",1.0,0.0011728844221105528,5.0895807701237897e-05,7.097433798303177e-06,1172.8844221105528,1160,1000,5003,12251.261306532664,1,256,8,0.390625,16,16,0,0,"(256, 1, 1)/(256, 1, 1)",1.0,1.0,1,"WG<64,OCC<25"
glm-overlap,620-819,decode:199,Agent 1,AMD Radeon RX 9070 XT,"at::native::elementwise_kernel_manual_unroll<128, 4, at::native::gpu_kernel_impl_nocast<at::native::CUDAFunctor_add<int> >(at::TensorIteratorBase&, at",0.06030150753768844,0.00015195979899497488,6.594099607913463e-06,9.195489282989498e-07,2520.0,2540.0,2320,68561.5,4177.507537688442,1,128,4,0.1953125,24,16,0,0,"(128, 1, 1)/(128, 1, 1)",1.0,1.0,1,"WG<64,OCC<25"
glm-overlap,1130-1329,decode:199,Agent 1,AMD Radeon RX 9070 XT,"custom_ar::one_shot_ar_vec_kernel<__hip_bfloat16, 8>",85.78391959798995,5.547972427135678,0.2718316704784003,0.03385165228744623,64673.804287973755,34280,9720,0,194892.20100502513,8,256,64,3.125,32,16,0,512,"(2048, 1, 1)/(256, 1, 1)",1.0,1.0,1,"WG<64,OCC<25"
glm-overlap,1130-1329,decode:199,Agent 1,AMD Radeon RX 9070 XT,"gemv_decode::gemv_decode_core<__hip_bfloat16, gemv_decode::Bf16GemvLoader<__hip_bfloat16>, false, false, false, 16, 8, 1, false, 0>",130.0251256281407,3.0984769798994978,0.1518147727745279,0.018905747409845446,23829.832618357486,12920,10960,0,8191839.351758794,128,512,2048,100.0,32,16,0,512,"(65536, 1, 1)/(512, 1, 1)",0.4838608705406133,0.34723335521564613,5,
glm-overlap,1130-1329,decode:199,Agent 1,AMD Radeon RX 9070 XT,"gemv_decode::gemv_decode_core<__hip_bfloat16, gemv_decode::Int4Fp8GemvLoader, true, true, false, 32, 8, 1, false, 0>",41.54271356783919,2.095771552763819,0.10268563689005651,0.012787613999500338,50448.595500181444,50280,40761,0,40918.668341708544,576,1024,18432,75.0,112,12,0,512,"(24576, 24, 1)/(1024, 1, 1)",1.0,0.0,1,
glm-overlap,1130-1329,decode:199,Agent 1,AMD Radeon RX 9070 XT,"w4a8_fp8_moe::moe_gemm2_gather_reduce_core<__hip_bfloat16, gemv_decode::Int4Fp8GemvLoader, 8, 4, false>",41.54271356783919,1.8385079597989948,0.09008060087962913,0.011217887795983403,44255.84661908794,44240,37680,0,39972.29145728643,384,256,3072,75.0,120,12,0,0,"(16384, 6, 1)/(256, 1, 1)",1.0,0.0,1,
glm-overlap,1130-1329,decode:199,Agent 1,AMD Radeon RX 9070 XT,"mla_attend::mla_combine_kernel<__hip_bfloat16, 512>",42.44221105527638,1.6476441256281407,0.0807289259104437,0.010053308080879035,38820.88337674639,38881.0,33481,0.0,291190.22110552766,60,256,480,23.4375,24,16,0,0,"(2560, 6, 1)/(256, 1, 1)",1.0,1.0,1,"WG<64,OCC<25"
glm-overlap,1130-1329,decode:199,Agent 1,AMD Radeon RX 9070 XT,"gemv_decode::gemv_decode_core<__hip_bfloat16, gemv_decode::Bf16GemvLoader<__hip_bfloat16>, false, false, false, 8, 8, 1, true, 0>",42.44221105527638,1.598841623115578,0.078337770230464,0.009755533467268452,37671.025692635565,37481.0,32001,0.0,236075.11557788946,10,256,80,3.90625,32,16,0,512,"(2560, 1, 1)/(256, 1, 1)",1.0,1.0,1,"WG<64,OCC<25"
glm-overlap,1130-1329,decode:199,Agent 1,AMD Radeon RX 9070 XT,"gemv_decode::gemv_decode_core<__hip_bfloat16, gemv_decode::Int4Fp8GemvLoader, false, true, false, 16, 8, 1, false, 0>",41.54271356783919,0.8506685628140703,0.0416798496189703,0.005190461340326212,20476.961896697714,20360,18241,0,45838.522613065325,96,512,1536,75.0,96,16,0,512,"(49152, 1, 1)/(512, 1, 1)",1.0,0.0,1,
glm-overlap,1130-1329,decode:199,Agent 1,AMD Radeon RX 9070 XT,"mla_attend::mla_split_kernel<__hip_bfloat16, 512, 64, 16, mla_attend::CacheFp8, false>",42.44221105527638,0.623243809045226,0.030536814656728962,0.003802800571053842,14684.527350224958,14120.0,10440,0.0,8875939.582914572,960,256,7680,100.0,72,16,0,16896,"(2560, 6, 16)/(256, 1, 1)",1.0,0.0,1,
glm-overlap,1130-1329,decode:199,Agent 1,AMD Radeon RX 9070 XT,"at::native::elementwise_kernel_manual_unroll<128, 4, at::native::gpu_kernel_impl_nocast<at::native::BinaryFunctor<float, float, float, at::native::bin",381.99497487437185,0.6180197236180905,0.030280852341300995,0.003770925156076228,1617.8739624031466,1560,1240,0,38082939.49748744,4,128,16,0.78125,24,16,0,0,"(512, 1, 1)/(128, 1, 1)",0.48783142461220663,1.0,3,"WG<64,OCC<25"
glm-overlap,1130-1329,decode:199,Agent 1,AMD Radeon RX 9070 XT,"gemv_decode::gemv_decode_core<__hip_bfloat16, gemv_decode::Int4Fp8GemvLoader, false, false, false, 16, 8, 1, false, 0>",41.54271356783919,0.5742268140703518,0.028135149579829762,0.0035037172046785666,13822.563928873837,13680,12040,0,27852.51256281407,128,512,2048,100.0,88,16,0,512,"(65536, 1, 1)/(512, 1, 1)",1.0,0.0,1,
glm-overlap,1130-1329,decode:199,Agent 1,AMD Radeon RX 9070 XT,Cijk_Ailk_Bljk_BBS_BH_Bias_HA_S_SAV_UserArgs_MT128x128x32_MI16x16x1_SN_LDSB0_AFC1_AFEM1_AFEM1_ASEM1_CLR0_CADS0_DTLA0_DTLB0_DTVA0_DTVB0_EPS0_FDSI0_GRPM,42.44221105527638,0.5717114974874372,0.028011907671637963,0.0034883696838543454,13470.351408950983,13360.0,12200,0.0,35695.69849246231,40,128,160,7.8125,256,5,0,51200,"(512, 1, 10)/(128, 1, 1)",1.0,1.0,1,"WG<64,OCC<25"
glm-overlap,1130-1329,decode:199,Agent 1,AMD Radeon RX 9070 XT,Cijk_Alik_Bljk_BBS_BH_Bias_HA_S_SAV_UserArgs_MT16x16x32_MI16x16x1_SN_LDSB0_AFC1_AFEM1_AFEM1_ASEM1_CLR1_CADS0_DTLA0_DTLB0_DTVA0_DTVB1_EPS0_FDSI0_GRPM1_,41.54271356783919,0.5676323668341708,0.027812044223479205,0.0034634803545862246,13663.824966735212,13560,12201,0,38476.54271356784,4,32,4,0.1953125,120,12,0,3584,"(128, 1, 1)/(32, 1, 1)",1.0,1.0,1,"WG<64,OCC<25"
glm-overlap,1130-1329,decode:199,Agent 1,AMD Radeon RX 9070 XT,Cijk_Alik_Bljk_BBS_BH_Bias_HA_S_SAV_UserArgs_MT64x64x32_MI16x16x1_SN_LDSB0_AFC1_AFEM1_AFEM1_ASEM1_CLR1_CADS0_DTLA0_DTLB0_DTVA1_DTVB0_EPS0_FDSI0_GRPM1_,42.44221105527638,0.5070782864321608,0.024845101426602324,0.003094002008888459,11947.499289604546,11681.0,11120,0.0,136731.47236180905,40,128,160,7.8125,128,10,0,13312,"(512, 1, 10)/(128, 1, 1)",1.0,1.0,1,"WG<64,OCC<25"
glm-overlap,1130-1329,decode:199,Agent 1,AMD Radeon RX 9070 XT,"at::native::elementwise_kernel_manual_unroll<128, 8, at::native::gpu_kernel_impl_nocast<at::native::direct_copy_kernel_cuda(at::TensorIteratorBase&)::",170.66834170854273,0.3626113869346734,0.01776671754221955,0.002212519032348283,2124.6552424697466,2240,1440,1487,19451584.130653266,15,128,60,2.9296875,32,16,0,0,"(1920, 1, 1)/(128, 1, 1)",0.28791372177360136,0.9816836181032212,5,"WG<64,OCC<25"
glm-overlap,1130-1329,decode:199,Agent 1,AMD Radeon RX 9070 XT,w4a8_fp8_wmma::compute_act_fp8_and_scales_kernel<__hip_bfloat16>,83.08542713567839,0.272156040201005,0.013334714981058543,0.0016605943453776564,3275.6170315713075,3400.0,2640,9612.0,1183537.7537688443,6,256,48,2.34375,16,16,0,512,"(1536, 1, 1)/(256, 1, 1)",1.0,1.0,1,"WG<64,OCC<25"
glm-overlap,1130-1329,decode:199,Agent 1,AMD Radeon RX 9070 XT,"at::native::vectorized_elementwise_kernel<4, at::native::bfloat16tofloat32_copy_kernel_cuda(at::TensorIteratorBase&)::{lambda(c10::BFloat16)#1}, std::",128.23115577889448,0.2566041407035176,0.012572725105471366,0.0015657024725155458,2001.1060427933223,2160.0,1160,0.0,3291350.336683417,2,256,16,0.78125,16,16,0,0,"(512, 1, 1)/(256, 1, 1)",0.7528791586062289,0.9808591823504456,3,"WG<64,OCC<25"
glm-overlap,1130-1329,decode:199,Agent 1,AMD Radeon RX 9070 XT,"at::native::vectorized_elementwise_kernel<4, at::native::bfloat16_copy_kernel_cuda(at::TensorIteratorBase&)::{lambda(float)#1}, std::array<char*, 2ul>",126.4321608040201,0.20866390452261308,0.010223817526110459,0.0012731890854921206,1650.402106518283,1360.0,1080,1553.5,12468504.301507538,2,256,16,0.78125,32,16,0,0,"(512, 1, 1)/(256, 1, 1)",0.4731580926814169,1.0,3,"WG<64,OCC<25"
glm-overlap,1130-1329,decode:199,Agent 1,AMD Radeon RX 9070 XT,"at::native::vectorized_elementwise_kernel<4, at::native::CUDAFunctor_add<float>, std::array<char*, 3ul> >",169.77386934673368,0.19814915075376882,0.009708630560206658,0.0012090319915004342,1167.1357407133344,1160,880,0,11228787.773869347,2,256,16,0.78125,16,16,0,0,"(512, 1, 1)/(256, 1, 1)",0.5290094023635462,1.0,2,"WG<64,OCC<25"
glm-overlap,1130-1329,decode:199,Agent 1,AMD Radeon RX 9070 XT,"at::native::anon::CatArrayBatchedCopy_contig<at::native::anon::OpaqueType<4u>, unsigned int, 3, 128, 1>",84.8894472361809,0.17979237688442212,0.008809211435285918,0.001097025824507779,2117.959095483336,2360,1320,0,470244.7638190955,2,256,16,0.78125,16,16,0,0,"(256, 2, 1)/(256, 1, 1)",1.0,1.0,1,"WG<64,OCC<25"
glm-overlap,1130-1329,decode:199,Agent 1,AMD Radeon RX 9070 XT,"anon::rms_norm_kernel<__hip_bfloat16, false>",85.78391959798995,0.16946467336683418,0.008303189291833955,0.0010340100411748905,1975.4829828363893,1960,1680,2668,1105406.0050251256,6,256,48,2.34375,32,16,0,512,"(1536, 1, 1)/(256, 1, 1)",1.0,1.0,1,"WG<64,OCC<25"
glm-overlap,1130-1329,decode:199,Agent 1,AMD Radeon RX 9070 XT,w4a8_fp8_moe::moe_compute_act_fp8_kernel<__hip_bfloat16>,41.54271356783919,0.1652568944723618,0.008097022519934783,0.0010083357484654595,3977.999516148542,3960,3720,0,5505225.125628141,384,256,3072,100.0,16,16,0,512,"(98304, 1, 1)/(256, 1, 1)",1.0,0.0,1,
glm-overlap,1130-1329,decode:199,Agent 1,AMD Radeon RX 9070 XT,"at::native::anon::CatArrayBatchedCopy<at::native::anon::OpaqueType<2u>, unsigned int, 3, 64, 64>",42.44221105527638,0.13645398994974872,0.006685778727028257,0.0008325912000608816,3215.0537532559792,3160.0,2720,9460.5,1106726.4623115577,30,256,240,11.71875,8,16,0,0,"(3840, 2, 1)/(256, 1, 1)",1.0,1.0,1,"WG<64,OCC<25"
glm-overlap,1130-1329,decode:199,Agent 1,AMD Radeon RX 9070 XT,"at::native::elementwise_kernel_manual_unroll<128, 4, at::native::gpu_kernel_impl<at::native::direct_copy_kernel_cuda(at::TensorIteratorBase&)::{lambda",87.58291457286433,0.13462799497487438,0.0065963112196056346,0.0008214496618178762,1537.1490619083138,1480,1240,116,18345352.899497487,1,128,4,0.1953125,16,16,0,0,"(128, 1, 1)/(128, 1, 1)",1.0,1.0,1,"WG<64,OCC<25"
glm-overlap,1130-1329,decode:199,Agent 1,AMD Radeon RX 9070 XT,"anon::moe_topk_softmax_kernel<1, 4, true, c10::BFloat16, moe_core::SigmoidBiasScore<c10::BFloat16> >",41.54271356783919,0.1321106432160804,0.006472969594757655,0.0008060897231117857,3180.1158824240956,3160,2760,1197,391333.83417085424,6,256,48,2.34375,32,16,0,4096,"(1536, 1, 1)/(256, 1, 1)",1.0,1.0,1,"WG<64,OCC<25"
glm-overlap,1130-1329,decode:199,Agent 1,AMD Radeon RX 9070 XT,ncclDevKernel_Generic_4,0.8994974874371859,0.12227697487437186,0.005991153484932958,0.0007460883576065413,135939.2067039106,128561,100441,4032,3328.281407035176,2,256,16,0.78125,256,5,776,21504,"(512, 1, 1)/(256, 1, 1)",1.0,1.0,1,"WG<64,OCC<25,SPILL776B"
glm-overlap,1130-1329,decode:199,Agent 1,AMD Radeon RX 9070 XT,"anon::rms_norm_add_kernel<__hip_bfloat16, true>",41.54271356783919,0.11655447236180905,0.005710770437299483,0.0007111717880284682,2805.6538042820853,2800,2440,12650,684953.2361809046,6,256,48,2.34375,40,16,0,512,"(1536, 1, 1)/(256, 1, 1)",1.0,1.0,1,"WG<64,OCC<25"
glm-overlap,1130-1329,decode:199,Agent 1,AMD Radeon RX 9070 XT,anon::moe_align_kernel,41.54271356783919,0.11397387437185931,0.005584329963476975,0.0006954259444798978,2743.5346558606507,2720,2320,6659,649203.2311557789,1,256,8,0.390625,16,16,0,1536,"(256, 1, 1)/(256, 1, 1)",1.0,1.0,1,"WG<64,OCC<25"
glm-overlap,1130-1329,decode:199,Agent 1,AMD Radeon RX 9070 XT,"at::native::index_elementwise_kernel<128, 4, at::native::gpu_index_kernel<at::native::index_put_kernel_impl<at::native::OpaqueType<1> >(at::TensorIter",42.44221105527638,0.11078865829145729,0.005428265271494113,0.0006759909475273589,2610.341345015392,2560.0,2200,0.0,355754.5628140704,7,128,28,1.3671875,16,16,0,0,"(896, 1, 1)/(128, 1, 1)",1.0,1.0,1,"WG<64,OCC<25"
glm-overlap,1130-1329,decode:199,Agent 1,AMD Radeon RX 9070 XT,"at::native::anon::CatArrayBatchedCopy_contig<at::native::anon::OpaqueType<2u>, unsigned int, 2, 128, 1>",42.44221105527638,0.10685574371859297,0.005235565911100481,0.0006519937740832996,2517.6761780724605,2480.0,2240,0.0,321229.6231155779,4,256,32,1.5625,8,16,0,0,"(512, 2, 1)/(256, 1, 1)",1.0,1.0,1,"WG<64,OCC<25"
glm-overlap,1130-1329,decode:199,Agent 1,AMD Radeon RX 9070 XT,"anon::rms_norm_add_kernel<__hip_bfloat16, false>",43.34170854271357,0.100739783919598,0.004935904802366768,0.0006146764753334091,2324.3150144927536,2320,1960,264,294636.6934673367,6,256,48,2.34375,32,16,0,512,"(1536, 1, 1)/(256, 1, 1)",1.0,1.0,1,"WG<64,OCC<25"
glm-overlap,1130-1329,decode:199,Agent 1,AMD Radeon RX 9070 XT,"at::native::vectorized_elementwise_kernel<4, at::native::ConvertToFloat8E4M3fnOp<float>, std::array<char*, 2ul> >",42.44221105527638,0.10067570351758794,0.004932765081873904,0.0006142854806924348,2372.0654747809613,2360.0,2000,0.0,3436060.879396985,1,256,8,0.390625,40,16,0,0,"(256, 1, 1)/(256, 1, 1)",1.0,1.0,1,"WG<64,OCC<25"
glm-overlap,1130-1329,decode:199,Agent 1,AMD Radeon RX 9070 XT,__amd_rocclr_copyBuffer,20.798994974874372,0.08631757286432161,0.004229265796020467,0.0005266775387360555,4150.083836675525,2360,1160,20528.0,1478359.4824120603,1,512,16,0.78125,16,16,0,0,"(512, 1, 1)/(512, 1, 1)",0.8805118204093485,1.0,4,"WG<64,OCC<25"
glm-overlap,1130-1329,decode:199,Agent 1,AMD Radeon RX 9070 XT,"at::native::vectorized_gather_kernel<16, long>",43.34170854271357,0.05367113065326633,0.002629701804317397,0.00032748116120081004,1238.3252173913042,1200,1000,274,629803.6180904523,6,32,6,0.29296875,16,16,0,0,"(192, 1, 1)/(32, 1, 1)",0.9748661001230742,1.0,2,"WG<64,OCC<25"
glm-overlap,1130-1329,decode:199,Agent 1,AMD Radeon RX 9070 XT,w4a8_fp8_moe::moe_build_inverse_map_kernel,41.54271356783919,0.049294341708542716,0.002415254118103884,0.00030077563239038374,1186.594169589936,1160,1000,6086,603643.4422110553,2,256,16,0.78125,8,16,0,0,"(512, 1, 1)/(256, 1, 1)",1.0,1.0,1,"WG<64,OCC<25"
glm-overlap,1130-1329,decode:199,Agent 1,AMD Radeon RX 9070 XT,"at::native::vectorized_elementwise_kernel<8, at::native::CUDAFunctor_add<c10::BFloat16>, std::array<char*, 3ul> >",41.54271356783919,0.048919929648241205,0.0023969092079343204,0.0002984911100637116,1177.5814684891739,1080,1040,7288,502178.4824120603,6,256,48,2.34375,32,16,0,0,"(1536, 1, 1)/(256, 1, 1)",1.0,1.0,1,"WG<64,OCC<25"
glm-overlap,1130-1329,decode:199,Agent 1,AMD Radeon RX 9070 XT,"at::native::vectorized_elementwise_kernel<4, at::native::FillFunctor<int>, std::array<char*, 1ul> >",41.54271356783919,0.037984819095477386,0.001861126197570942,0.00023176915622947851,914.3557517842022,840,760,1755,284441.95477386937,1,256,8,0.390625,8,16,0,0,"(256, 1, 1)/(256, 1, 1)",1.0,1.0,1,"WG<64,OCC<25"
glm-overlap,1130-1329,decode:199,Agent 1,AMD Radeon RX 9070 XT,"at::native::vectorized_elementwise_kernel<4, at::native::FillFunctor<float>, std::array<char*, 1ul> >",41.54271356783919,0.035580402010050256,0.001743317985392082,0.000217098302652094,856.4775613886537,840,720,2958,4923722.216080402,12,256,96,4.6875,8,16,0,0,"(3072, 1, 1)/(256, 1, 1)",1.0,1.0,1,"WG<64,OCC<25"
glm-overlap,1130-1329,decode:199,Agent 1,AMD Radeon RX 9070 XT,"at::native::reduce_kernel<512, 1, at::native::ReduceOp<float, at::native::ArgMaxOps<float>, unsigned int, long, 4, 4> >",0.8994974874371859,0.03029475376884422,0.0014843393026681573,0.00018484725441329883,33679.642458100556,33320,32361,4062,3760.5628140703516,384,512,6144,100.0,40,16,0,512,"(768, 256, 1)/(128, 4, 1)",1.0,0.0,1,
glm-overlap,1130-1329,decode:199,Agent 1,AMD Radeon RX 9070 XT,"at::native::elementwise_kernel_manual_unroll<128, 4, at::native::gpu_kernel_impl_nocast<at::native::BUnaryFunctor<int, int, int, at::native::binary_in",5.396984924623116,0.019675824120603015,0.0009640480750377598,0.00012005451817709834,3645.7067039106146,2320.0,1880,3420.5,35330.030150753766,1,128,4,0.1953125,24,16,0,0,"(128, 1, 1)/(128, 1, 1)",1.0,1.0,1,"WG<64,OCC<25"
glm-overlap,1130-1329,decode:199,Agent 1,AMD Radeon RX 9070 XT,"at::native::elementwise_kernel_manual_unroll<128, 4, at::native::gpu_kernel_impl<at::native::BinaryFunctor<c10::BFloat16, c10::BFloat16, c10::BFloat16",0.8994974874371859,0.011950291457286433,0.0005855234019638152,7.29162079405926e-05,13285.519553072625,13280,12161,4595,42282.72361809045,24,128,96,4.6875,24,16,0,0,"(3072, 1, 1)/(128, 1, 1)",1.0,1.0,1,"WG<64,OCC<25"
glm-overlap,1130-1329,decode:199,Agent 1,AMD Radeon RX 9070 XT,"at::native::index_elementwise_kernel<128, 4, at::native::gpu_index_kernel<at::native::index_kernel_impl<at::native::OpaqueType<4> >(at::TensorIterator",1.7989949748743719,0.00835527135678392,0.0004093797148497182,5.098074016260631e-05,4644.41061452514,3080.0,2480,17694.5,55230.62814070352,1,128,4,0.1953125,16,16,0,0,"(128, 1, 1)/(128, 1, 1)",1.0,1.0,1,"WG<64,OCC<25"
glm-overlap,1130-1329,decode:199,Agent 1,AMD Radeon RX 9070 XT,"at::native::anon::CatArrayBatchedCopy<at::native::anon::OpaqueType<4u>, unsigned int, 1, 64, 64>",0.8994974874371859,0.008245718592964824,0.0004040120041796337,5.031229018080866e-05,9167.027932960895,6760,2280,5123,13007.226130653265,6,256,48,2.34375,8,16,0,0,"(256, 6, 1)/(256, 1, 1)",1.0,1.0,1,"WG<64,OCC<25"
glm-overlap,1130-1329,decode:199,Agent 1,AMD Radeon RX 9070 XT,__amd_rocclr_fillBufferAligned,2.698492462311558,0.0071160703517587935,0.00034866310465048465,4.341959920754537e-05,2637.054003724395,2280,1800,4080,11920.361809045226,1,256,8,0.390625,16,16,0,0,"(256, 1, 1)/(256, 1, 1)",1.0,1.0,1,"WG<64,OCC<25"
glm-overlap,1130-1329,decode:199,Agent 1,AMD Radeon RX 9070 XT,"at::native::index_elementwise_kernel<128, 4, at::native::gpu_index_kernel<at::native::index_put_kernel_impl<at::native::OpaqueType<4> >(at::TensorIter",1.8542713567839195,0.005614984924623115,0.00027511505361957144,3.426053747814449e-05,3028.1355013550137,2920,2440,41643,131272.87939698494,1,128,4,0.1953125,16,16,0,0,"(128, 1, 1)/(128, 1, 1)",1.0,1.0,1,"WG<64,OCC<25"
glm-overlap,1130-1329,decode:199,Agent 1,AMD Radeon RX 9070 XT,"at::native::elementwise_kernel_manual_unroll<128, 4, at::native::gpu_kernel_impl_nocast<at::native::direct_copy_kernel_cuda(at::TensorIteratorBase&)::",1.7989949748743719,0.005141170854271356,0.0002518997849909952,3.1369501271836564e-05,2857.8016759776538,2360.0,1960,3932.0,7974.733668341709,1,128,4,0.1953125,24,16,0,0,"(128, 1, 1)/(128, 1, 1)",1.0,1.0,1,"WG<64,OCC<25"
glm-overlap,1130-1329,decode:199,Agent 1,AMD Radeon RX 9070 XT,"at::native::vectorized_elementwise_kernel<4, at::native::compare_scalar_kernel<int>(at::TensorIteratorBase&, at::native::anon::OpType, int)::{lambda(i",1.7989949748743719,0.0030374070351758794,0.00014882255439055598,1.853312145303895e-05,1688.391061452514,1720.0,1280,3816.0,12680.633165829146,1,256,8,0.390625,24,16,0,0,"(256, 1, 1)/(256, 1, 1)",1.0,1.0,1,"WG<64,OCC<25"
glm-overlap,1130-1329,decode:199,Agent 1,AMD Radeon RX 9070 XT,rocprim::ROCPRIM_400200_NS::detail::trampoline_kernel<rocprim::ROCPRIM_400200_NS::detail::wrapped_partition_config<rocprim::ROCPRIM_400200_NS::default,0.8994974874371859,0.0029063668341708544,0.00014240203280238152,1.7733563167853068e-05,3231.1005586592178,2800,2600,4403,3729.819095477387,1,256,8,0.390625,64,16,0,12800,"(256, 1, 1)/(256, 1, 1)",1.0,1.0,1,"WG<64,OCC<25"
glm-overlap,1130-1329,decode:199,Agent 1,AMD Radeon RX 9070 XT,"at::native::vectorized_elementwise_kernel<4, at::native::BUnaryFunctor<int, int, int, at::native::binary_internal::div_floor_kernel_cuda(at::TensorIte",0.8994974874371859,0.00290035175879397,0.00014210731468522676,1.7696861428106643e-05,3224.413407821229,1960,1800,36795,39397.20100502513,1,256,8,0.390625,16,16,0,0,"(256, 1, 1)/(256, 1, 1)",1.0,1.0,1,"WG<64,OCC<25"
glm-overlap,1130-1329,decode:199,Agent 1,AMD Radeon RX 9070 XT,"anon::elementwise_kernel_with_index_grid_stride<int, at::native::arange_cuda_out(c10::Scalar const&, c10::Scalar const&, c10::Scalar const&, at::Tenso",0.9547738693467337,0.0028312010050251255,0.0001387191643007934,1.7274929397487977e-05,2965.3105263157895,2240.0,1320,17645.0,17863.0351758794,1,128,4,0.1953125,8,16,0,0,"(128, 1, 1)/(128, 1, 1)",1.0,1.0,1,"WG<64,OCC<25"
glm-overlap,1130-1329,decode:199,Agent 1,AMD Radeon RX 9070 XT,rocprim::ROCPRIM_400200_NS::detail::trampoline_kernel<rocprim::ROCPRIM_400200_NS::detail::wrapped_reduce_config<rocprim::ROCPRIM_400200_NS::default_co,0.8994974874371859,0.0018456532663316582,9.04306964571331e-05,1.126148578342975e-05,2051.8715083798884,2040,1840,9628,10467.718592964824,1,256,8,0.390625,8,16,0,512,"(256, 1, 1)/(256, 1, 1)",1.0,1.0,1,"WG<64,OCC<25"
glm-overlap,1130-1329,decode:199,Agent 1,AMD Radeon RX 9070 XT,rocprim::ROCPRIM_400200_NS::detail::trampoline_kernel<rocprim::ROCPRIM_400200_NS::detail::wrapped_transform_config<rocprim::ROCPRIM_400200_NS::default,0.8994974874371859,0.0018100753768844223,8.868750157872395e-05,1.1044402811496011e-05,2012.31843575419,2000,1840,62589,56594.030150753766,1,1024,32,1.5625,8,16,0,0,"(1024, 1, 1)/(1024, 1, 1)",1.0,1.0,1,"WG<64,OCC<25"
glm-overlap,1130-1329,decode:199,Agent 1,AMD Radeon RX 9070 XT,"rocprim::ROCPRIM_400200_NS::detail::init_lookback_scan_state_kernel<rocprim::ROCPRIM_400200_NS::detail::lookback_scan_state<unsigned long, false, true",0.8994974874371859,0.0015734824120603016,7.709525563730315e-05,9.600801048136661e-06,1749.2905027932961,1480,1320,4234,5034.849246231156,1,256,8,0.390625,8,16,0,0,"(256, 1, 1)/(256, 1, 1)",1.0,1.0,1,"WG<64,OCC<25"
glm-overlap,1130-1329,decode:199,Agent 1,AMD Radeon RX 9070 XT,"at::native::vectorized_elementwise_kernel<16, at::native::BinaryFunctor<bool, bool, bool, at::native::BitwiseAndFunctor<bool> >, std::array<char*, 3ul",0.8994974874371859,0.001398,6.84972177349125e-05,8.530073016653887e-06,1554.2011173184358,1520,1320,5232,11341.115577889448,1,256,8,0.390625,40,16,0,0,"(256, 1, 1)/(256, 1, 1)",1.0,1.0,1,"WG<64,OCC<25"
glm-overlap,1130-1329,decode:199,Agent 1,AMD Radeon RX 9070 XT,"anon::gated_mul_kernel<__hip_bfloat16, anon::SiluAct>",0.8994974874371859,0.0013720954773869345,6.722798474081658e-05,8.372013310394225e-06,1525.4022346368715,1520,1320,4505,6978.321608040201,15,256,120,5.859375,72,16,0,0,"(3840, 1, 1)/(256, 1, 1)",1.0,1.0,1,"WG<64,OCC<25"
glm-overlap,1130-1329,decode:199,Agent 1,AMD Radeon RX 9070 XT,"at::native::vectorized_elementwise_kernel<4, at::native::CUDAFunctorOnSelf_add<int>, std::array<char*, 2ul> >",0.8994974874371859,0.0011158040201005026,5.467058005315795e-05,6.808218715116758e-06,1240.4748603351954,1200,1120,5603,14203.236180904523,1,256,8,0.390625,16,16,0,0,"(256, 1, 1)/(256, 1, 1)",1.0,1.0,1,"WG<64,OCC<25"
glm-overlap,1130-1329,decode:199,Agent 1,AMD Radeon RX 9070 XT,"at::native::vectorized_elementwise_kernel<4, at::native::anon::launch_clamp_scalar(at::TensorIteratorBase&, c10::Scalar, c10::Scalar, at::native::deta",0.8994974874371859,0.0010577085427135677,5.182410039365398e-05,6.453741845268463e-06,1175.8882681564246,1160,1080,4822,9291.934673366834,1,256,8,0.390625,16,16,0,0,"(256, 1, 1)/(256, 1, 1)",1.0,1.0,1,"WG<64,OCC<25"
glm-overlap,1130-1329,decode:199,Agent 1,AMD Radeon RX 9070 XT,"at::native::elementwise_kernel_manual_unroll<128, 4, at::native::gpu_kernel_impl_nocast<at::native::CUDAFunctor_add<int> >(at::TensorIteratorBase&, at",0.05527638190954774,0.00013608040201005026,6.667474195949097e-06,8.303117062098305e-07,2461.818181818182,2400,2240,64297,3031.879396984925,1,128,4,0.1953125,24,16,0,0,"(128, 1, 1)/(128, 1, 1)",1.0,1.0,1,"WG<64,OCC<25"
glm-overlap,1130-1329,decode:199,Agent 2,AMD Radeon RX 9070,"custom_ar::one_shot_ar_vec_kernel<__hip_bfloat16, 8>",9.21105527638191,0.4101095226130653,0.16623981630124168,0.0025023348874925007,44523.61974904528,15201,9640,4200,38968.46231155779,8,256,64,3.125,32,16,0,512,"(2048, 1, 1)/(256, 1, 1)",1.0,1.0,1,"WG<64,OCC<25"
glm-overlap,1130-1329,decode:199,Agent 2,AMD Radeon RX 9070,"gemv_decode::gemv_decode_core<__hip_bfloat16, gemv_decode::Bf16GemvLoader<__hip_bfloat16>, false, false, false, 16, 8, 1, false, 0>",13.969849246231156,0.34263516582914577,0.1388887696702511,0.00209063160414587,24526.761870503597,13080.0,12320,4160.0,1114967.582914573,128,512,2048,100.0,32,16,0,512,"(65536, 1, 1)/(512, 1, 1)",0.4814589842092615,0.342541969791975,5,
glm-overlap,1130-1329,decode:199,Agent 2,AMD Radeon RX 9070,"gemv_decode::gemv_decode_core<__hip_bfloat16, gemv_decode::Int4Fp8GemvLoader, true, true, false, 32, 8, 1, false, 0>",4.457286432160804,0.2508640251256281,0.1016889078501634,0.0015306784346017907,56281.78241262683,56480,49520,4160,18724.27638190955,576,1024,18432,75.0,112,12,0,512,"(24576, 24, 1)/(1024, 1, 1)",1.0,0.0,1,
glm-overlap,1130-1329,decode:199,Agent 2,AMD Radeon RX 9070,"w4a8_fp8_moe::moe_gemm2_gather_reduce_core<__hip_bfloat16, gemv_decode::Int4Fp8GemvLoader, 8, 4, false>",4.457286432160804,0.2292137688442211,0.09291287503784643,0.001398576670002598,51424.50958286358,51401,50880,4200,20452.844221105526,384,256,3072,75.0,120,12,0,0,"(16384, 6, 1)/(256, 1, 1)",1.0,0.0,1,
glm-overlap,1130-1329,decode:199,Agent 2,AMD Radeon RX 9070,"mla_attend::mla_combine_kernel<__hip_bfloat16, 512>",4.552763819095477,0.18004937185929648,0.07298385639117039,0.0010985939117041964,39547.26821192053,39441.0,39200,4200.5,19418.768844221104,60,256,480,23.4375,24,16,0,0,"(2560, 6, 1)/(256, 1, 1)",1.0,1.0,1,"WG<64,OCC<25"
glm-overlap,1130-1329,decode:199,Agent 2,AMD Radeon RX 9070,"gemv_decode::gemv_decode_core<__hip_bfloat16, gemv_decode::Bf16GemvLoader<__hip_bfloat16>, false, false, false, 8, 8, 1, true, 0>",4.557788944723618,0.17329408040201005,0.07024556735129314,0.0010573756503455187,38021.5237045204,37801,37280,4160,19148.180904522615,10,256,80,3.90625,32,16,0,512,"(2560, 1, 1)/(256, 1, 1)",1.0,1.0,1,"WG<64,OCC<25"
glm-overlap,1130-1329,decode:199,Agent 2,AMD Radeon RX 9070,"gemv_decode::gemv_decode_core<__hip_bfloat16, gemv_decode::Int4Fp8GemvLoader, false, true, false, 16, 8, 1, false, 0>",4.457286432160804,0.11164091457286432,0.04525416774534638,0.0006811910965325835,25046.834272829765,24921,24680,4160,18704.27135678392,96,512,1536,75.0,96,16,0,512,"(49152, 1, 1)/(512, 1, 1)",1.0,0.0,1,
glm-overlap,1130-1329,decode:199,Agent 2,AMD Radeon RX 9070,"mla_attend::mla_split_kernel<__hip_bfloat16, 512, 64, 16, mla_attend::CacheFp8, false>",4.552763819095477,0.08442300502512563,0.0342212605977869,0.0005151175945276535,18543.242825607063,18560.0,17920,4160.0,1085440.8894472362,960,256,7680,100.0,72,16,0,16896,"(2560, 6, 16)/(256, 1, 1)",1.0,0.0,1,
glm-overlap,1130-1329,decode:199,Agent 2,AMD Radeon RX 9070,"gemv_decode::gemv_decode_core<__hip_bfloat16, gemv_decode::Int4Fp8GemvLoader, false, false, false, 16, 8, 1, false, 0>",4.457286432160804,0.07287282412060302,0.029539340657035985,0.0004446427115010875,16349.14543404735,16320,16080,4121,18625.76381909548,128,512,2048,100.0,88,16,0,512,"(65536, 1, 1)/(512, 1, 1)",1.0,0.0,1,
glm-overlap,1130-1329,decode:199,Agent 2,AMD Radeon RX 9070,"at::native::elementwise_kernel_manual_unroll<128, 4, at::native::gpu_kernel_impl_nocast<at::native::BinaryFunctor<float, float, float, at::native::bin",41.02010050251256,0.06561885929648241,0.02659891203169233,0.0004003817318086786,1599.6757319612886,1560,1240,4160.0,2648054.040201005,4,128,16,0.78125,24,16,0,0,"(512, 1, 1)/(128, 1, 1)",0.4965002324601343,1.0,3,"WG<64,OCC<25"
glm-overlap,1130-1329,decode:199,Agent 2,AMD Radeon RX 9070,Cijk_Ailk_Bljk_BBS_BH_Bias_HA_S_SAV_UserArgs_MT128x128x32_MI16x16x1_SN_LDSB0_AFC1_AFEM1_AFEM1_ASEM1_CLR0_CADS0_DTLA0_DTLB0_DTVA0_DTVB0_EPS0_FDSI0_GRPM,4.552763819095477,0.06184441206030151,0.025068922161709604,0.0003773514667713892,13583.927152317881,13480.0,13000,4160.0,19224.658291457286,40,128,160,7.8125,256,5,0,51200,"(512, 1, 10)/(128, 1, 1)",1.0,1.0,1,"WG<64,OCC<25"
glm-overlap,1130-1329,decode:199,Agent 2,AMD Radeon RX 9070,Cijk_Alik_Bljk_BBS_BH_Bias_HA_S_SAV_UserArgs_MT16x16x32_MI16x16x1_SN_LDSB0_AFC1_AFEM1_AFEM1_ASEM1_CLR1_CADS0_DTLA0_DTLB0_DTVA0_DTVB1_EPS0_FDSI0_GRPM1_,4.452261306532663,0.06091580402010051,0.02469250654220564,0.0003716854478967351,13681.992099322799,13600.0,13200,4200.0,18833.376884422112,4,32,4,0.1953125,120,12,0,3584,"(128, 1, 1)/(32, 1, 1)",1.0,1.0,1,"WG<64,OCC<25"
glm-overlap,1130-1329,decode:199,Agent 2,AMD Radeon RX 9070,Cijk_Alik_Bljk_BBS_BH_Bias_HA_S_SAV_UserArgs_MT64x64x32_MI16x16x1_SN_LDSB0_AFC1_AFEM1_AFEM1_ASEM1_CLR1_CADS0_DTLA0_DTLB0_DTVA1_DTVB0_EPS0_FDSI0_GRPM1_,4.552763819095477,0.05457189447236181,0.02212097308663458,0.000332977285054633,11986.541942604856,11720.0,11480,4160.0,19114.773869346733,40,128,160,7.8125,128,10,0,13312,"(512, 1, 10)/(128, 1, 1)",1.0,1.0,1,"WG<64,OCC<25"
glm-overlap,1130-1329,decode:199,Agent 2,AMD Radeon RX 9070,"at::native::elementwise_kernel_manual_unroll<128, 8, at::native::gpu_kernel_impl_nocast<at::native::direct_copy_kernel_cuda(at::TensorIteratorBase&)::",18.326633165829147,0.04020760804020101,0.01629834228653534,0.00024533178283827933,2193.9440636139293,2240,1480,4160,1492352.3618090453,15,128,60,2.9296875,32,16,0,0,"(1920, 1, 1)/(128, 1, 1)",0.28072089159355573,0.9792332859327856,5,"WG<64,OCC<25"
glm-overlap,1130-1329,decode:199,Agent 2,AMD Radeon RX 9070,w4a8_fp8_wmma::compute_act_fp8_and_scales_kernel<__hip_bfloat16>,8.914572864321608,0.029353180904522616,0.01189844939550179,0.0001791021290319231,3292.7187147688837,3320.0,2880,4160.0,37380.74371859297,6,256,48,2.34375,16,16,0,512,"(1536, 1, 1)/(256, 1, 1)",1.0,1.0,1,"WG<64,OCC<25"
glm-overlap,1130-1329,decode:199,Agent 2,AMD Radeon RX 9070,"at::native::vectorized_elementwise_kernel<4, at::native::bfloat16tofloat32_copy_kernel_cuda(at::TensorIteratorBase&)::{lambda(c10::BFloat16)#1}, std::",13.773869346733669,0.02788547738693467,0.011303508898646494,0.00017014675122661204,2024.5202480846406,2160,1280,4160,58787.81909547739,2,256,16,0.78125,16,16,0,0,"(512, 1, 1)/(256, 1, 1)",0.7570661409461887,0.9801267207404297,3,"WG<64,OCC<25"
glm-overlap,1130-1329,decode:199,Agent 2,AMD Radeon RX 9070,"at::native::vectorized_elementwise_kernel<4, at::native::bfloat16_copy_kernel_cuda(at::TensorIteratorBase&)::{lambda(float)#1}, std::array<char*, 2ul>",13.57286432160804,0.022136718592964826,0.00897322258931989,0.00013506997564170933,1630.9540910773787,1360,1080,4160,1100400.944723618,2,256,16,0.78125,32,16,0,0,"(512, 1, 1)/(256, 1, 1)",0.4707569928041974,1.0,3,"WG<64,OCC<25"
glm-overlap,1130-1329,decode:199,Agent 2,AMD Radeon RX 9070,"at::native::vectorized_elementwise_kernel<4, at::native::CUDAFunctor_add<float>, std::array<char*, 3ul> >",18.231155778894472,0.02174813567839196,0.008815708684437117,0.00013269898806350425,1192.9104189636164,1200.0,1000,4160.0,1296820.8844221106,2,256,16,0.78125,16,16,0,0,"(512, 1, 1)/(256, 1, 1)",0.5246770993366496,1.0,2,"WG<64,OCC<25"
glm-overlap,1130-1329,decode:199,Agent 2,AMD Radeon RX 9070,"at::native::anon::CatArrayBatchedCopy_contig<at::native::anon::OpaqueType<4u>, unsigned int, 3, 128, 1>",9.115577889447236,0.01960745226130653,0.007947972632496783,0.00011963733866917031,2150.9829106945976,2220.0,1440,4160.0,38220.69849246231,2,256,16,0.78125,16,16,0,0,"(256, 2, 1)/(256, 1, 1)",1.0,1.0,1,"WG<64,OCC<25"
glm-overlap,1130-1329,decode:199,Agent 2,AMD Radeon RX 9070,w4a8_fp8_moe::moe_compute_act_fp8_kernel<__hip_bfloat16>,4.457286432160804,0.01844256783919598,0.0074757812746615165,0.00011252964970166983,4137.622322435175,4120,3960,4160,1070894.608040201,384,256,3072,100.0,16,16,0,512,"(98304, 1, 1)/(256, 1, 1)",1.0,0.0,1,
glm-overlap,1130-1329,decode:199,Agent 2,AMD Radeon RX 9070,"anon::rms_norm_kernel<__hip_bfloat16, false>",9.21608040201005,0.01770627638190955,0.007177322083020277,0.00010803707467148974,1921.2371864776444,1920.0,1720,4160.0,38756.030150753766,6,256,48,2.34375,32,16,0,512,"(1536, 1, 1)/(256, 1, 1)",1.0,1.0,1,"WG<64,OCC<25"
glm-overlap,1130-1329,decode:199,Agent 2,AMD Radeon RX 9070,"at::native::anon::CatArrayBatchedCopy<at::native::anon::OpaqueType<2u>, unsigned int, 3, 64, 64>",4.552763819095477,0.014678542713567838,0.00595001605601759,8.956297648412486e-05,3224.0949227373067,3200.0,3120,4160.0,19084.316582914573,30,256,240,11.71875,8,16,0,0,"(3840, 2, 1)/(256, 1, 1)",1.0,1.0,1,"WG<64,OCC<25"
glm-overlap,1130-1329,decode:199,Agent 2,AMD Radeon RX 9070,"at::native::elementwise_kernel_manual_unroll<128, 4, at::native::gpu_kernel_impl<at::native::direct_copy_kernel_cuda(at::TensorIteratorBase&)::{lambda",9.412060301507537,0.014566783919597991,0.005904714105306425,8.888106613160985e-05,1547.6721836625734,1480,1440,4160,2798927.663316583,1,128,4,0.1953125,16,16,0,0,"(128, 1, 1)/(128, 1, 1)",1.0,1.0,1,"WG<64,OCC<25"
glm-overlap,1130-1329,decode:199,Agent 2,AMD Radeon RX 9070,"anon::moe_topk_softmax_kernel<1, 4, true, c10::BFloat16, moe_core::SigmoidBiasScore<c10::BFloat16> >",4.452261306532663,0.014303417085427136,0.005797957125235737,8.727410023343934e-05,3212.6185101580136,3200.0,3120,4160.0,18724.884422110554,6,256,48,2.34375,32,16,0,4096,"(1536, 1, 1)/(256, 1, 1)",1.0,1.0,1,"WG<64,OCC<25"
glm-overlap,1130-1329,decode:199,Agent 2,AMD Radeon RX 9070,"anon::rms_norm_add_kernel<__hip_bfloat16, true>",4.452261306532663,0.01257238190954774,0.005096273907017262,7.671197116001477e-05,2823.819413092551,2800.0,2760,4160.0,18770.8391959799,6,256,48,2.34375,40,16,0,512,"(1536, 1, 1)/(256, 1, 1)",1.0,1.0,1,"WG<64,OCC<25"
glm-overlap,1130-1329,decode:199,Agent 2,AMD Radeon RX 9070,anon::moe_align_kernel,4.452261306532663,0.012251562814070352,0.004966228383669562,7.475445305589533e-05,2751.7618510158013,2720.0,2600,4180.5,18803.402010050253,1,256,8,0.390625,16,16,0,1536,"(256, 1, 1)/(256, 1, 1)",1.0,1.0,1,"WG<64,OCC<25"
glm-overlap,1130-1329,decode:199,Agent 2,AMD Radeon RX 9070,"at::native::index_elementwise_kernel<128, 4, at::native::gpu_index_kernel<at::native::index_put_kernel_impl<at::native::OpaqueType<1> >(at::TensorIter",4.552763819095477,0.012000110552763819,0.004864301031527659,7.322018542417326e-05,2635.7858719646797,2600.0,2520,4160.0,19090.713567839197,7,128,28,1.3671875,16,16,0,0,"(896, 1, 1)/(128, 1, 1)",1.0,1.0,1,"WG<64,OCC<25"
glm-overlap,1130-1329,decode:199,Agent 2,AMD Radeon RX 9070,"at::native::anon::CatArrayBatchedCopy_contig<at::native::anon::OpaqueType<2u>, unsigned int, 2, 128, 1>",4.557788944723618,0.011713683417085428,0.004748196450206362,7.147251419292311e-05,2570.0363836824695,2560,2360,4160,19147.422110552765,4,256,32,1.5625,8,16,0,0,"(512, 2, 1)/(256, 1, 1)",1.0,1.0,1,"WG<64,OCC<25"
glm-overlap,1130-1329,decode:199,Agent 2,AMD Radeon RX 9070,ncclDevKernel_Generic_4,0.10050251256281408,0.011168130653266332,0.0045270540815482005,6.81437553160889e-05,111122.9,105141.0,103441,4320.0,480.41206030150755,2,256,16,0.78125,256,5,776,21504,"(512, 1, 1)/(256, 1, 1)",1.0,1.0,1,"WG<64,OCC<25,SPILL776B"
glm-overlap,1130-1329,decode:199,Agent 2,AMD Radeon RX 9070,"at::native::vectorized_elementwise_kernel<4, at::native::ConvertToFloat8E4M3fnOp<float>, std::array<char*, 2ul> >",4.552763819095477,0.01092575376884422,0.004428805475943364,6.666486223907197e-05,2399.806843267108,2400.0,2320,4160.0,19233.251256281408,1,256,8,0.390625,40,16,0,0,"(256, 1, 1)/(256, 1, 1)",1.0,1.0,1,"WG<64,OCC<25"
glm-overlap,1130-1329,decode:199,Agent 2,AMD Radeon RX 9070,"anon::rms_norm_add_kernel<__hip_bfloat16, false>",4.658291457286432,0.010899819095477388,0.004418292734593529,6.650661856419202e-05,2339.8748651564188,2320,2120,4160,19522.78391959799,6,256,48,2.34375,32,16,0,512,"(1536, 1, 1)/(256, 1, 1)",1.0,1.0,1,"WG<64,OCC<25"
glm-overlap,1130-1329,decode:199,Agent 2,AMD Radeon RX 9070,__amd_rocclr_copyBuffer,2.321608040201005,0.009727939698492463,0.003943265930922384,5.935624887678591e-05,4190.17316017316,2640.0,1280,19400.0,224444.49246231155,1,512,16,0.78125,16,16,0,0,"(512, 1, 1)/(512, 1, 1)",0.8428388416517724,1.0,4,"WG<64,OCC<25"
glm-overlap,1130-1329,decode:199,Agent 2,AMD Radeon RX 9070,"at::native::vectorized_gather_kernel<16, long>",4.658291457286432,0.005725884422110553,0.0023210140755299665,3.493720472498145e-05,1229.1812297734627,1200,1160,4160,23863.396984924624,6,32,6,0.29296875,16,16,0,0,"(192, 1, 1)/(32, 1, 1)",0.9754969717872906,1.0,2,"WG<64,OCC<25"
glm-overlap,1130-1329,decode:199,Agent 2,AMD Radeon RX 9070,w4a8_fp8_moe::moe_build_inverse_map_kernel,4.457286432160804,0.00528570351758794,0.0021425846836911574,3.225138551459901e-05,1185.8568207440812,1160,1080,4160,18754.090452261305,2,256,16,0.78125,8,16,0,0,"(512, 1, 1)/(256, 1, 1)",1.0,1.0,1,"WG<64,OCC<25"
glm-overlap,1130-1329,decode:199,Agent 2,AMD Radeon RX 9070,"at::native::vectorized_elementwise_kernel<8, at::native::CUDAFunctor_add<c10::BFloat16>, std::array<char*, 3ul> >",4.457286432160804,0.004932090452261307,0.001999245971029561,3.0093770874485293e-05,1106.5231116121759,1120,1040,4160,18794.603015075376,6,256,48,2.34375,32,16,0,0,"(1536, 1, 1)/(256, 1, 1)",1.0,1.0,1,"WG<64,OCC<25"
glm-overlap,1130-1329,decode:199,Agent 2,AMD Radeon RX 9070,"at::native::vectorized_elementwise_kernel<4, at::native::FillFunctor<int>, std::array<char*, 1ul> >",4.457286432160804,0.0039027738693467335,0.001582007671930166,2.3813266146649828e-05,875.5941375422774,840,760,4160,18727.76381909548,1,256,8,0.390625,8,16,0,0,"(256, 1, 1)/(256, 1, 1)",1.0,1.0,1,"WG<64,OCC<25"
glm-overlap,1130-1329,decode:199,Agent 2,AMD Radeon RX 9070,"at::native::reduce_kernel<512, 1, at::native::ReduceOp<float, at::native::ArgMaxOps<float>, unsigned int, long, 4, 4> >",0.10050251256281408,0.0038549195979899497,0.0015626097188446257,2.3521277284824263e-05,38356.45,38120.0,37281,4280.0,436.18090452261305,384,512,6144,100.0,40,16,0,512,"(768, 256, 1)/(128, 4, 1)",1.0,0.0,1,
glm-overlap,1130-1329,decode:199,Agent 2,AMD Radeon RX 9070,"at::native::vectorized_elementwise_kernel<4, at::native::FillFunctor<float>, std::array<char*, 1ul> >",4.457286432160804,0.0038546934673366834,0.0015625180557249316,2.3519897520172142e-05,864.8072153325818,840,760,4160,18668.417085427136,12,256,96,4.6875,8,16,0,0,"(3072, 1, 1)/(256, 1, 1)",1.0,1.0,1,"WG<64,OCC<25"
glm-overlap,1130-1329,decode:199,Agent 2,AMD Radeon RX 9070,"at::native::elementwise_kernel_manual_unroll<128, 4, at::native::gpu_kernel_impl_nocast<at::native::BUnaryFunctor<int, int, int, at::native::binary_in",0.6030150753768844,0.0023650452261306533,0.0009586821623428525,1.4430621220731886e-05,3922.0333333333333,2520.0,2120,4280.0,6052.733668341709,1,128,4,0.1953125,24,16,0,0,"(128, 1, 1)/(128, 1, 1)",1.0,1.0,1,"WG<64,OCC<25"
glm-overlap,1130-1329,decode:199,Agent 2,AMD Radeon RX 9070,"at::native::elementwise_kernel_manual_unroll<128, 4, at::native::gpu_kernel_impl<at::native::BinaryFunctor<c10::BFloat16, c10::BFloat16, c10::BFloat16",0.10050251256281408,0.0013477587939698492,0.0005463203412111965,8.223519972389269e-06,13410.2,13400.0,13280,4220.0,423.0100502512563,24,128,96,4.6875,24,16,0,0,"(3072, 1, 1)/(128, 1, 1)",1.0,1.0,1,"WG<64,OCC<25"
glm-overlap,1130-1329,decode:199,Agent 2,AMD Radeon RX 9070,"at::native::index_elementwise_kernel<128, 4, at::native::gpu_index_kernel<at::native::index_kernel_impl<at::native::OpaqueType<4> >(at::TensorIterator",0.20100502512562815,0.0009043266331658291,0.00036657303740700417,5.517862812453003e-06,4499.025,3300.0,2880,22340.5,5188.804020100502,1,128,4,0.1953125,16,16,0,0,"(128, 1, 1)/(128, 1, 1)",1.0,1.0,1,"WG<64,OCC<25"
glm-overlap,1130-1329,decode:199,Agent 2,AMD Radeon RX 9070,__amd_rocclr_fillBufferAligned,0.3015075376884422,0.0007387035175879397,0.0002994369315846457,4.507292519802714e-06,2450.0333333333333,2320.0,2000,4360.0,1330.6683417085428,1,256,8,0.390625,16,16,0,0,"(256, 1, 1)/(256, 1, 1)",1.0,1.0,1,"WG<64,OCC<25"
glm-overlap,1130-1329,decode:199,Agent 2,AMD Radeon RX 9070,"at::native::index_elementwise_kernel<128, 4, at::native::gpu_index_kernel<at::native::index_put_kernel_impl<at::native::OpaqueType<4> >(at::TensorIter",0.20603015075376885,0.0006997236180904523,0.00028363624670755497,4.269451755213732e-06,3396.2195121951218,3000,2800,26921,14368.35175879397,1,128,4,0.1953125,16,16,0,0,"(128, 1, 1)/(128, 1, 1)",1.0,1.0,1,"WG<64,OCC<25"
glm-overlap,1130-1329,decode:199,Agent 2,AMD Radeon RX 9070,"at::native::elementwise_kernel_manual_unroll<128, 4, at::native::gpu_kernel_impl_nocast<at::native::direct_copy_kernel_cuda(at::TensorIteratorBase&)::",0.20100502512562815,0.0005228140703517588,0.00021192513273334064,3.190015875704238e-06,2601.0,2640.0,2200,4200.0,859.5025125628141,1,128,4,0.1953125,24,16,0,0,"(128, 1, 1)/(128, 1, 1)",1.0,1.0,1,"WG<64,OCC<25"
glm-overlap,1130-1329,decode:199,Agent 2,AMD Radeon RX 9070,"at::native::anon::CatArrayBatchedCopy<at::native::anon::OpaqueType<4u>, unsigned int, 1, 64, 64>",0.10050251256281408,0.000499497487437186,0.0002024736466137453,3.0477468093521844e-06,4970.0,2900.0,2560,4320.5,894.0804020100503,6,256,48,2.34375,8,16,0,0,"(256, 6, 1)/(256, 1, 1)",1.0,1.0,1,"WG<64,OCC<25"
glm-overlap,1130-1329,decode:199,Agent 2,AMD Radeon RX 9070,"anon::elementwise_kernel_with_index_grid_stride<int, at::native::arange_cuda_out(c10::Scalar const&, c10::Scalar const&, c10::Scalar const&, at::Tenso",0.10552763819095477,0.00034874874371859297,0.00014136693710905973,2.127934369374758e-06,3304.809523809524,2240,1360,20680,2290.065326633166,1,128,4,0.1953125,8,16,0,0,"(128, 1, 1)/(128, 1, 1)",1.0,1.0,1,"WG<64,OCC<25"
glm-overlap,1130-1329,decode:199,Agent 2,AMD Radeon RX 9070,"at::native::vectorized_elementwise_kernel<4, at::native::compare_scalar_kernel<int>(at::TensorIteratorBase&, at::native::anon::OpType, int)::{lambda(i",0.20100502512562815,0.000341105527638191,0.00013826872366339064,2.081298324133061e-06,1697.0,1700.0,1440,4240.0,4086.6582914572864,1,256,8,0.390625,24,16,0,0,"(256, 1, 1)/(256, 1, 1)",1.0,1.0,1,"WG<64,OCC<25"
glm-overlap,1130-1329,decode:199,Agent 2,AMD Radeon RX 9070,rocprim::ROCPRIM_400200_NS::detail::trampoline_kernel<rocprim::ROCPRIM_400200_NS::detail::wrapped_partition_config<rocprim::ROCPRIM_400200_NS::default,0.10050251256281408,0.00029387939698492457,0.00011912539035477919,1.7931421418967249e-06,2924.1,2920.0,2800,4340.5,435.7889447236181,1,256,8,0.390625,64,16,0,12800,"(256, 1, 1)/(256, 1, 1)",1.0,1.0,1,"WG<64,OCC<25"
glm-overlap,1130-1329,decode:199,Agent 2,AMD Radeon RX 9070,rocprim::ROCPRIM_400200_NS::detail::trampoline_kernel<rocprim::ROCPRIM_400200_NS::detail::wrapped_transform_config<rocprim::ROCPRIM_400200_NS::default,0.10050251256281408,0.00023176381909547738,9.394654985384855e-05,1.4141361226773853e-06,2306.05,2120.0,2080,56660.0,6586.592964824121,1,1024,32,1.5625,8,16,0,0,"(1024, 1, 1)/(1024, 1, 1)",1.0,1.0,1,"WG<64,OCC<25"
glm-overlap,1130-1329,decode:199,Agent 2,AMD Radeon RX 9070,"at::native::vectorized_elementwise_kernel<4, at::native::BUnaryFunctor<int, int, int, at::native::binary_internal::div_floor_kernel_cuda(at::TensorIte",0.10050251256281408,0.0002215075376884422,8.978911813615585e-05,1.35155613034451e-06,2204.0,2200.0,1920,50160.5,4631.180904522613,1,256,8,0.390625,16,16,0,0,"(256, 1, 1)/(256, 1, 1)",1.0,1.0,1,"WG<64,OCC<25"
glm-overlap,1130-1329,decode:199,Agent 2,AMD Radeon RX 9070,rocprim::ROCPRIM_400200_NS::detail::trampoline_kernel<rocprim::ROCPRIM_400200_NS::detail::wrapped_reduce_config<rocprim::ROCPRIM_400200_NS::default_co,0.10050251256281408,0.00022030150753768845,8.930024816445265e-05,1.3441973855331968e-06,2192.0,2160.0,2080,4360.0,448.6532663316583,1,256,8,0.390625,8,16,0,512,"(256, 1, 1)/(256, 1, 1)",1.0,1.0,1,"WG<64,OCC<25"
glm-overlap,1130-1329,decode:199,Agent 2,AMD Radeon RX 9070,"rocprim::ROCPRIM_400200_NS::detail::init_lookback_scan_state_kernel<rocprim::ROCPRIM_400200_NS::detail::lookback_scan_state<unsigned long, false, true",0.10050251256281408,0.00016261306532663316,6.591596785131586e-05,9.92204092058719e-07,1618.0,1600.0,1480,4360.0,446.63316582914575,1,256,8,0.390625,8,16,0,0,"(256, 1, 1)/(256, 1, 1)",1.0,1.0,1,"WG<64,OCC<25"
glm-overlap,1130-1329,decode:199,Agent 2,AMD Radeon RX 9070,"at::native::vectorized_elementwise_kernel<16, at::native::BinaryFunctor<bool, bool, bool, at::native::BitwiseAndFunctor<bool> >, std::array<char*, 3ul",0.10050251256281408,0.00016,6.485674957929225e-05,9.762601449675407e-07,1592.0,1560.0,1520,4240.0,2503.9447236180904,1,256,8,0.390625,40,16,0,0,"(256, 1, 1)/(256, 1, 1)",1.0,1.0,1,"WG<64,OCC<25"
glm-overlap,1130-1329,decode:199,Agent 2,AMD Radeon RX 9070,"anon::gated_mul_kernel<__hip_bfloat16, anon::SiluAct>",0.10050251256281408,0.0001549748743718593,6.281979136386221e-05,9.455987082537361e-07,1542.0,1560.0,1520,4120.5,423.52261306532665,15,256,120,5.859375,72,16,0,0,"(3840, 1, 1)/(256, 1, 1)",1.0,1.0,1,"WG<64,OCC<25"
glm-overlap,1130-1329,decode:199,Agent 2,AMD Radeon RX 9070,"at::native::vectorized_elementwise_kernel<4, at::native::CUDAFunctorOnSelf_add<int>, std::array<char*, 2ul> >",0.10050251256281408,0.000126035175879397,5.108894900120066e-05,7.69019494218935e-07,1254.05,1220.0,1120,4260.0,429.9497487437186,1,256,8,0.390625,16,16,0,0,"(256, 1, 1)/(256, 1, 1)",1.0,1.0,1,"WG<64,OCC<25"
glm-overlap,1130-1329,decode:199,Agent 2,AMD Radeon RX 9070,"at::native::vectorized_elementwise_kernel<4, at::native::anon::launch_clamp_scalar(at::TensorIteratorBase&, c10::Scalar, c10::Scalar, at::native::deta",0.10050251256281408,0.0001185929648241206,4.807221388414878e-05,7.236099064457902e-07,1180.0,1160.0,1160,4200.0,421.5075376884422,1,256,8,0.390625,16,16,0,0,"(256, 1, 1)/(256, 1, 1)",1.0,1.0,1,"WG<64,OCC<25"
glm-overlap,1130-1329,decode:199,Agent 2,AMD Radeon RX 9070,"at::native::elementwise_kernel_manual_unroll<128, 4, at::native::gpu_kernel_impl_nocast<at::native::CUDAFunctor_add<int> >(at::TensorIteratorBase&, at",0.005025125628140704,1.2663316582914574e-05,5.133134702883683e-06,7.726682051878777e-08,2520.0,2520,2520,68521,344.32663316582915,1,128,4,0.1953125,24,16,0,0,"(128, 1, 1)/(128, 1, 1)",1.0,1.0,1,"WG<64,OCC<25"
glm-overlap,1600-1799,decode:157/prefill:42,Agent 1,AMD Radeon RX 9070 XT,"custom_ar::one_shot_ar_vec_kernel<__hip_bfloat16, 8>",26.376884422110553,8.520228035175878,0.28933558847461277,0.0696960299889681,323018.74242712895,24640,7280,0,147287.17085427136,8,256,64,3.125,32,16,0,512,"(2048, 1, 1)/(256, 1, 1)",1.0,1.0,1,"WG<64,OCC<25"
glm-overlap,1600-1799,decode:157/prefill:42,Agent 1,AMD Radeon RX 9070 XT,"anon::mla_prefill_kernel<__hip_bfloat16, 256, 256, 16, 16, 8, true>",4.4874371859296485,6.862887879396985,0.233054525656205,0.056138877677762086,1529355.7536394177,1509262,1418581,0,7032.527638190954,1050,256,8400,37.5,224,6,0,35328,"(2560, 105, 1)/(256, 1, 1)",0.5766910035604743,0.0,3,
glm-overlap,1600-1799,decode:157/prefill:42,Agent 1,AMD Radeon RX 9070 XT,"w4a8_tile::moe_gemm1_silu_flag_w4_kernel<__hip_bfloat16, 64, 64, 64, 16, 64, 8>",4.391959798994975,3.546841221105528,0.1204460007053553,0.029013396248516746,807575.9759725401,795192.0,714491,0.0,3765.9899497487436,2016,128,8064,50.0,176,8,0,14336,"(1536, 168, 1)/(128, 1, 1)",0.5770329905963478,0.0,3,
glm-overlap,1600-1799,decode:157/prefill:42,Agent 1,AMD Radeon RX 9070 XT,"w4a8_tile::moe_gemm_tiled_ashuffle_kernel<__hip_bfloat16, w4a8_tile::WmmaFp8, w4a8_tile::Int4Fp8Loader, false, 64, 2, 128, false>",4.391959798994975,2.774674175879397,0.09422423697921654,0.022697018644726195,631762.1979405035,626289.0,563889,0.0,20867.75879396985,5376,256,43008,100.0,96,16,0,0,"(8192, 168, 1)/(256, 1, 1)",0.576825936560099,0.0,3,
glm-overlap,1600-1799,decode:157/prefill:42,Agent 1,AMD Radeon RX 9070 XT,"dense_gemm::dense_gemm_pipe_kernel<64, 2, 64, 1, false, __hip_bfloat16>",22.628140703517587,2.096073809045226,0.07117987294735646,0.017146022671128077,92631.28758605375,70841,45880,0,97343.96984924623,224,256,1792,56.25,160,9,0,0,"(8192, 7, 1)/(256, 1, 1)",0.37111003043814716,0.10787107673296095,6,
glm-overlap,1600-1799,decode:157/prefill:42,Agent 1,AMD Radeon RX 9070 XT,"w4a8_fp8_wmma::mmq_fp8_gemm_wmma_tiled_tuned_kernel<__hip_bfloat16, 384, 64, 24, 128, 1>",4.391959798994975,1.2668085577889447,0.04301913024385076,0.010362577957940435,288438.10411899316,287484.0,268964,0.0,22036.13567839196,240,768,5760,75.0,112,12,0,512,"(3840, 48, 1)/(768, 1, 1)",1.0,0.0,1,
glm-overlap,1600-1799,decode:157/prefill:42,Agent 1,AMD Radeon RX 9070 XT,"w4a8_fp8_wmma::mmq_fp8_gemm_wmma_tiled_tuned_kernel<__hip_bfloat16, 256, 128, 16, 128, 1>",4.391959798994975,0.6061787688442212,0.02058502308626749,0.004958582502442434,138020.10869565216,137662.0,127762,0.0,19240.201005025127,112,512,1792,50.0,192,8,0,512,"(3584, 16, 1)/(512, 1, 1)",1.0,0.0,1,
glm-overlap,1600-1799,decode:157/prefill:42,Agent 1,AMD Radeon RX 9070 XT,"at::native::anon::CatArrayBatchedCopy<at::native::anon::OpaqueType<2u>, unsigned int, 3, 64, 64>",8.974874371859297,0.4744254221105528,0.016110855029579003,0.0038808313944690533,52861.51119820829,54260.5,42561,0.0,44824.366834170854,2048,256,16384,100.0,8,16,0,0,"(262144, 2, 1)/(256, 1, 1)",1.0,0.0,1,
glm-overlap,1600-1799,decode:157/prefill:42,Agent 1,AMD Radeon RX 9070 XT,"gemv_decode::gemv_decode_core<__hip_bfloat16, gemv_decode::Bf16GemvLoader<__hip_bfloat16>, false, false, false, 16, 1, 1, false, 0>",26.34170854271357,0.4711978693467337,0.016001251639341435,0.0038544297989613497,17887.90080122091,6560.0,4920,0.0,87937.8944723618,128,512,2048,100.0,24,16,0,512,"(65536, 1, 1)/(512, 1, 1)",0.44611330370059943,0.22303838343110474,5,
glm-overlap,1600-1799,decode:157/prefill:42,Agent 1,AMD Radeon RX 9070 XT,"mla_attend::mla_combine_kernel<__hip_bfloat16, 512>",8.557788944723619,0.3336538190954774,0.01133043900893659,0.0027293103524466994,38988.32061068702,38881,33240,0,42944.25628140703,10,256,80,3.90625,24,16,0,0,"(2560, 1, 1)/(256, 1, 1)",1.0,1.0,1,"WG<64,OCC<25"
glm-overlap,1600-1799,decode:157/prefill:42,Agent 1,AMD Radeon RX 9070 XT,"at::native::elementwise_kernel_manual_unroll<128, 4, at::native::gpu_kernel_impl_nocast<at::native::BinaryFunctor<float, float, float, at::native::bin",117.44723618090453,0.3267718693467337,0.011096737167602672,0.0026730155474143933,2782.286582235153,1680.0,1040,0.0,3249734.2211055276,1,128,4,0.1953125,24,16,0,0,"(128, 1, 1)/(128, 1, 1)",0.3093712574546421,0.3454612242967225,35,"WG<64,OCC<25"
glm-overlap,1600-1799,decode:157/prefill:42,Agent 1,AMD Radeon RX 9070 XT,w4a8_fp8_moe::moe_compute_act_fp8_kernel<__hip_bfloat16>,12.768844221105528,0.32002657286432157,0.010867675889064468,0.0026178385751571046,25063.08067689886,2240,2120,212,114611.99497487437,10752,256,86016,100.0,16,16,0,512,"(2752512, 1, 1)/(256, 1, 1)",0.5439379342996769,0.0,4,
glm-overlap,1600-1799,decode:157/prefill:42,Agent 1,AMD Radeon RX 9070 XT,w4a8_fp8_moe::moe_gather_reduce_kernel<__hip_bfloat16>,4.391959798994975,0.30000713065326634,0.010187842313113751,0.0024540782111218103,68308.25972540045,67981.0,60121,0.0,13716.21608040201,13320,256,106560,100.0,8,16,0,0,"(2048, 1665, 1)/(256, 1, 1)",0.1057478550049204,0.0,16,
glm-overlap,1600-1799,decode:157/prefill:42,Agent 1,AMD Radeon RX 9070 XT,__amd_rocclr_copyBuffer,31.155778894472363,0.28211055276381913,0.00958009838021113,0.002307683017925896,9054.838709677419,11081.0,1280,1009.5,1063125.8291457286,32,512,512,25.0,16,16,0,0,"(16384, 1, 1)/(512, 1, 1)",0.9647418596366227,1.0,3,WG<64
glm-overlap,1600-1799,decode:157/prefill:42,Agent 1,AMD Radeon RX 9070 XT,w4a8_fp8_wmma::compute_act_fp8_and_scales_kernel<__hip_bfloat16>,25.537688442211056,0.2477797135678392,0.00841426883661358,0.0020268544780944427,9702.511412829595,3760.0,2480,4200.0,4658426.648241206,1,256,8,0.390625,16,16,0,512,"(256, 1, 1)/(256, 1, 1)",0.2264124704868847,0.2264124704868847,17,"WG<64,OCC<25"
glm-overlap,1600-1799,decode:157/prefill:42,Agent 1,AMD Radeon RX 9070 XT,"at::native::elementwise_kernel_manual_unroll<128, 8, at::native::gpu_kernel_impl_nocast<at::native::direct_copy_kernel_cuda(at::TensorIteratorBase&)::",31.0,0.19731194974874372,0.006700450839805195,0.001614024825403201,6364.901604798184,5040,1880,0,877271.6733668342,1,128,4,0.1953125,32,16,0,0,"(128, 1, 1)/(128, 1, 1)",0.09593690352531581,0.09593690352531581,48,"WG<64,OCC<25"
glm-overlap,1600-1799,decode:157/prefill:42,Agent 1,AMD Radeon RX 9070 XT,"gemv_decode::gemv_decode_core<__hip_bfloat16, gemv_decode::Int4Fp8GemvLoader, true, true, false, 32, 8, 1, false, 0>",8.371859296482413,0.16420113567839195,0.005576051723447395,0.0013431761719541334,19613.460984393758,19160.0,16880,0.0,7851.748743718593,96,1024,3072,75.0,112,12,0,512,"(24576, 4, 1)/(1024, 1, 1)",1.0,0.0,1,
glm-overlap,1600-1799,decode:157/prefill:42,Agent 1,AMD Radeon RX 9070 XT,"anon::rms_norm_add_kernel<__hip_bfloat16, true>",12.763819095477388,0.1616678391959799,0.005490024351234671,0.0013224536388387984,12666.102362204725,2840.0,2440,7769.5,227810.70351758794,1,256,8,0.390625,40,16,0,512,"(256, 1, 1)/(256, 1, 1)",0.1453433586452774,0.1453433586452774,17,"WG<64,OCC<25"
glm-overlap,1600-1799,decode:157/prefill:42,Agent 1,AMD Radeon RX 9070 XT,"w4a8_tile::moe_gemm_tiled_kernel<__hip_bfloat16, w4a8_tile::WmmaFp8, w4a8_tile::Int4Fp8Loader, true, 64, 4, 128, false>",8.376884422110553,0.15198182914572864,0.005161100359260481,0.0012432214347066206,18143.00179964007,17761,16760,0,6242.261306532663,512,128,2048,100.0,64,16,0,0,"(4096, 4, 4)/(128, 1, 1)",1.0,0.0,1,
glm-overlap,1600-1799,decode:157/prefill:42,Agent 1,AMD Radeon RX 9070 XT,"anon::rms_norm_add_kernel<__hip_bfloat16, false>",13.331658291457286,0.14919922613065326,0.005066606869469577,0.0012204595576318033,11191.347908028647,2400,2000,0,68524.63316582915,1,256,8,0.390625,32,16,0,512,"(256, 1, 1)/(256, 1, 1)",0.13740684524007998,0.13740684524007998,17,"WG<64,OCC<25"
glm-overlap,1600-1799,decode:157/prefill:42,Agent 1,AMD Radeon RX 9070 XT,"at::native::elementwise_kernel_manual_unroll<128, 4, at::native::gpu_kernel_impl<at::native::direct_copy_kernel_cuda(at::TensorIteratorBase&)::{lambda",36.005025125628144,0.14745279396984923,0.005007300360900668,0.0012061736268150955,4095.3392882065596,4080,1240,0,1479568.9949748744,4,128,16,0.78125,16,16,0,0,"(512, 1, 1)/(128, 1, 1)",0.4586952383295756,0.6453522336728771,18,"WG<64,OCC<25"
glm-overlap,1600-1799,decode:157/prefill:42,Agent 1,AMD Radeon RX 9070 XT,"anon::moe_topk_softmax_kernel<1, 4, true, c10::BFloat16, moe_core::SigmoidBiasScore<c10::BFloat16> >",12.763819095477388,0.13763197487437187,0.004673798433421562,0.0011258386757587659,10782.977559055118,3200.0,2721,0.0,74114.42713567839,1,256,8,0.390625,32,16,0,4096,"(256, 1, 1)/(256, 1, 1)",0.19326144813476973,0.19326144813476973,17,"WG<64,OCC<25"
glm-overlap,1600-1799,decode:157/prefill:42,Agent 1,AMD Radeon RX 9070 XT,"at::native::vectorized_elementwise_kernel<4, at::native::bfloat16_copy_kernel_cuda(at::TensorIteratorBase&)::{lambda(float)#1}, std::array<char*, 2ul>",40.015075376884425,0.12553095477386936,0.004262863918820893,0.0010268515293655276,3137.0915484114025,1560,920,1456,4326321.140703518,1,256,8,0.390625,32,16,0,0,"(256, 1, 1)/(256, 1, 1)",0.2778443403817193,0.3897742493593044,29,"WG<64,OCC<25"
glm-overlap,1600-1799,decode:157/prefill:42,Agent 1,AMD Radeon RX 9070 XT,Cijk_Ailk_Bljk_BBS_BH_Bias_HA_S_SAV_UserArgs_MT128x128x32_MI16x16x1_SN_LDSB0_AFC1_AFEM1_AFEM1_ASEM1_CLR0_CADS0_DTLA0_DTLB0_DTVA0_DTVB0_EPS0_FDSI0_GRPM,8.557788944723619,0.11720064824120603,0.003979977811447794,0.0009587090698537834,13695.201996476806,13480,10480,0,1974645.552763819,40,128,160,7.8125,256,5,0,51200,"(512, 1, 10)/(128, 1, 1)",1.0,1.0,1,"WG<64,OCC<25"
glm-overlap,1600-1799,decode:157/prefill:42,Agent 1,AMD Radeon RX 9070 XT,Cijk_Alik_Bljk_BBS_BH_Bias_HA_S_SAV_UserArgs_MT16x16x32_MI16x16x1_SN_LDSB0_AFC1_AFEM1_AFEM1_ASEM1_CLR1_CADS0_DTLA0_DTLB0_DTVA0_DTVB1_EPS0_FDSI0_GRPM1_,8.371859296482413,0.11537042713567838,0.003917825941988404,0.0009437377399162903,13780.741296518607,13600.0,13080,0.0,9799.819095477387,4,32,4,0.1953125,120,12,0,3584,"(128, 1, 1)/(32, 1, 1)",1.0,1.0,1,"WG<64,OCC<25"
glm-overlap,1600-1799,decode:157/prefill:42,Agent 1,AMD Radeon RX 9070 XT,"anon::rms_norm_kernel<__hip_bfloat16, false>",26.391959798994975,0.1131539296482412,0.0038425566414212737,0.0009256066435750753,4287.439451637471,2000.0,1640,1105,215392.2311557789,1,256,8,0.390625,32,16,0,512,"(256, 1, 1)/(256, 1, 1)",0.3012900734855246,0.3012900734855246,17,"WG<64,OCC<25"
glm-overlap,1600-1799,decode:157/prefill:42,Agent 1,AMD Radeon RX 9070 XT,"mla_attend::mla_split_kernel<__hip_bfloat16, 512, 64, 16, mla_attend::CacheFp8, false>",8.557788944723619,0.10619805025125628,0.003606344247765131,0.0008687070891206154,12409.519671168526,12440,10081,0,2284321.618090452,160,256,1280,62.5,72,16,0,16896,"(2560, 1, 16)/(256, 1, 1)",1.0,0.0,1,
glm-overlap,1600-1799,decode:157/prefill:42,Agent 1,AMD Radeon RX 9070 XT,Cijk_Alik_Bljk_BBS_BH_Bias_HA_S_SAV_UserArgs_MT64x64x32_MI16x16x1_SN_LDSB0_AFC1_AFEM1_AFEM1_ASEM1_CLR1_CADS0_DTLA0_DTLB0_DTVA1_DTVB0_EPS0_FDSI0_GRPM1_,8.557788944723619,0.10377264824120602,0.003523980828034087,0.0008488671399396923,12126.105108631826,11680,10880,9394,109002.74371859296,40,128,160,7.8125,128,10,0,13312,"(512, 1, 10)/(128, 1, 1)",1.0,1.0,1,"WG<64,OCC<25"
glm-overlap,1600-1799,decode:157/prefill:42,Agent 1,AMD Radeon RX 9070 XT,"gemv_decode::gemv_decode_core<__hip_bfloat16, gemv_decode::Bf16GemvLoader<__hip_bfloat16>, false, false, false, 8, 1, 1, true, 0>",8.56281407035176,0.09874120603015075,0.0033531197563583647,0.0008077096092043979,11531.396713615024,11361.0,9760,0.0,11638.603015075378,10,256,80,3.90625,16,16,0,512,"(2560, 1, 1)/(256, 1, 1)",1.0,1.0,1,"WG<64,OCC<25"
glm-overlap,1600-1799,decode:157/prefill:42,Agent 1,AMD Radeon RX 9070 XT,"at::native::vectorized_elementwise_kernel<4, at::native::CUDAFunctor_add<float>, std::array<char*, 3ul> >",52.19597989949749,0.09567283417085427,0.0032489219374850623,0.0007826101240450879,1832.9540772118994,1160,881,0,2831706.351758794,1,256,8,0.390625,16,16,0,0,"(256, 1, 1)/(256, 1, 1)",0.41741741931017634,0.5790341077585704,13,"WG<64,OCC<25"
glm-overlap,1600-1799,decode:157/prefill:42,Agent 1,AMD Radeon RX 9070 XT,"at::native::anon::CatArrayBatchedCopy_contig<at::native::anon::OpaqueType<4u>, unsigned int, 3, 128, 1>",26.100502512562816,0.0935588944723618,0.0031771353627433998,0.0007653179572142551,3584.5629572583753,1720.0,1320,0.0,1628314.9497487438,2,256,16,0.78125,16,16,0,0,"(256, 2, 1)/(256, 1, 1)",0.2982841001986226,0.5154873559341333,9,"WG<64,OCC<25"
glm-overlap,1600-1799,decode:157/prefill:42,Agent 1,AMD Radeon RX 9070 XT,"gemv_decode::gemv_decode_core<__hip_bfloat16, gemv_decode::Int4Fp8GemvLoader, false, true, false, 16, 1, 1, false, 0>",8.376884422110553,0.0897968944723618,0.003049382856666369,0.0007345445478951597,10719.605278944211,10440,9240,0,9680.366834170854,96,512,1536,75.0,88,16,0,512,"(49152, 1, 1)/(512, 1, 1)",1.0,0.0,1,
glm-overlap,1600-1799,decode:157/prefill:42,Agent 1,AMD Radeon RX 9070 XT,"at::native::vectorized_elementwise_kernel<4, at::native::bfloat16tofloat32_copy_kernel_cuda(at::TensorIteratorBase&)::{lambda(c10::BFloat16)#1}, std::",39.33165829145729,0.08695956783919598,0.002953031025739724,0.0007113350279976631,2210.9306247604445,1560,1000,0,291636.5075376884,1,256,8,0.390625,16,16,0,0,"(256, 1, 1)/(256, 1, 1)",0.42599645165193734,0.5621095554486882,24,"WG<64,OCC<25"
glm-overlap,1600-1799,decode:157/prefill:42,Agent 1,AMD Radeon RX 9070 XT,anon::moe_align_kernel,12.763819095477388,0.08624389949748744,0.0029287278826846314,0.0007054808135329861,6756.903937007874,2600.0,2280,7132.5,783860.0,1,256,8,0.390625,16,16,0,1536,"(256, 1, 1)/(256, 1, 1)",1.0,1.0,1,"WG<64,OCC<25"
glm-overlap,1600-1799,decode:157/prefill:42,Agent 1,AMD Radeon RX 9070 XT,Cijk_Alik_Bljk_BBS_BH_Bias_HA_S_SAV_UserArgs_MT16x16x32_MI16x16x1_SN_LDSB1_AFC1_AFEM1_AFEM1_ASEM1_CLR0_CADS0_DTLA0_DTLB0_DTVA0_DTVB1_EPS0_FDSI0_GRPM1_,4.391959798994975,0.08577677386934673,0.00291286491892924,0.0007016596949369697,19530.40961098398,18640.0,16920,9060.0,93263.33668341709,420,32,420,20.5078125,48,16,0,2048,"(128, 105, 1)/(32, 1, 1)",0.5798757297924998,0.0,3,OCC<25
glm-overlap,1600-1799,decode:157/prefill:42,Agent 1,AMD Radeon RX 9070 XT,"at::native::vectorized_elementwise_kernel<8, at::native::FillFunctor<c10::BFloat16>, std::array<char*, 1ul> >",22.628140703517587,0.07918044221105527,0.0026888622872806517,0.0006477012648133362,3499.2023095713967,3760,1480,13874,545031.6532663316,1792,256,14336,100.0,8,16,0,0,"(458752, 1, 1)/(256, 1, 1)",0.4964395933516906,0.0,5,
glm-overlap,1600-1799,decode:157/prefill:42,Agent 1,AMD Radeon RX 9070 XT,"at::native::vectorized_elementwise_kernel<8, at::native::CUDAFunctor_add<c10::BFloat16>, std::array<char*, 3ul> >",12.768844221105528,0.07135728643216081,0.00242319834358454,0.0005837073320778325,5588.3903974813065,1120,1000,4784,172253.11557788946,1,256,8,0.390625,32,16,0,0,"(256, 1, 1)/(256, 1, 1)",0.13358448179942395,0.13358448179942395,17,"WG<64,OCC<25"
glm-overlap,1600-1799,decode:157/prefill:42,Agent 1,AMD Radeon RX 9070 XT,"at::native::index_elementwise_kernel<128, 4, at::native::gpu_index_kernel<at::native::index_put_kernel_impl<at::native::OpaqueType<1> >(at::TensorIter",13.045226130653266,0.06801487939698492,0.0023096946553673105,0.0005563662210186908,5213.775423728814,2640.0,2080,0.0,300148.17085427133,2,128,8,0.390625,16,16,0,0,"(256, 1, 1)/(128, 1, 1)",0.3225472906793008,0.3225472906793008,17,"WG<64,OCC<25"
glm-overlap,1600-1799,decode:157/prefill:42,Agent 1,AMD Radeon RX 9070 XT,"anon::gated_mul_kernel<__hip_bfloat16, anon::SiluAct>",4.673366834170854,0.06146988442211055,0.0020874353490669987,0.0005028277283676461,13153.233333333334,11960.0,1280,18687.5,165527.83417085427,1254,256,10032,100.0,72,16,0,0,"(321024, 1, 1)/(256, 1, 1)",0.09308124655068663,0.004260860018310228,33,
glm-overlap,1600-1799,decode:157/prefill:42,Agent 1,AMD Radeon RX 9070 XT,"gemv_decode::gemv_decode_core<__hip_bfloat16, gemv_decode::Int4Fp8GemvLoader, false, false, false, 16, 1, 2, false, 0>",8.376884422110553,0.05401334170854272,0.0018342210964543686,0.00044183271480306864,6447.903419316137,6440,5640,0,11073.804020100502,64,512,1024,50.0,88,16,0,512,"(32768, 1, 1)/(512, 1, 1)",1.0,0.0,1,
glm-overlap,1600-1799,decode:157/prefill:42,Agent 1,AMD Radeon RX 9070 XT,"at::native::anon::CatArrayBatchedCopy_contig<at::native::anon::OpaqueType<2u>, unsigned int, 2, 128, 1>",13.050251256281408,0.047688763819095474,0.0016194468606074092,0.00039009724851852336,3654.2410473623413,1840,1560,0,50748.94974874372,2,256,16,0.78125,8,16,0,0,"(256, 2, 1)/(256, 1, 1)",0.3194804587197726,0.3194804587197726,10,"WG<64,OCC<25"
glm-overlap,1600-1799,decode:157/prefill:42,Agent 1,AMD Radeon RX 9070 XT,"at::native::vectorized_elementwise_kernel<4, at::native::ConvertToFloat8E4M3fnOp<float>, std::array<char*, 2ul> >",13.050251256281408,0.040241597989949744,0.0013665510344924186,0.00032917893848995324,3083.587986137851,1560,1280,0,806530.3668341709,1,256,8,0.390625,40,16,0,0,"(256, 1, 1)/(256, 1, 1)",0.32533611685600466,0.32533611685600466,7,"WG<64,OCC<25"
glm-overlap,1600-1799,decode:157/prefill:42,Agent 1,AMD Radeon RX 9070 XT,"at::native::vectorized_elementwise_kernel<4, at::native::FillFunctor<float>, std::array<char*, 1ul> >",12.768844221105528,0.038496150753768846,0.001307277972651021,0.0003149010644219366,3014.850059031877,840,760,3674,101876.25125628141,2,256,16,0.78125,8,16,0,0,"(512, 1, 1)/(256, 1, 1)",0.18091007989573846,0.18091007989573846,17,"WG<64,OCC<25"
glm-overlap,1600-1799,decode:157/prefill:42,Agent 1,AMD Radeon RX 9070 XT,"at::native::vectorized_gather_kernel<16, long>",9.07035175879397,0.027352628140703515,0.0009288587965890445,0.000223746310932183,3015.6083102493076,2560,2160,1759,100118.30150753769,1674,32,1674,81.73828125,16,16,0,0,"(53568, 1, 1)/(32, 1, 1)",0.05889322275812288,0.0,48,
glm-overlap,1600-1799,decode:157/prefill:42,Agent 1,AMD Radeon RX 9070 XT,"at::native::anon::CatArrayBatchedCopy_contig<at::native::anon::OpaqueType<2u>, unsigned int, 3, 128, 1>",8.557788944723619,0.02266547738693467,0.000769689403937579,0.00018540510713472568,2648.5202583675864,2600,2240,10515,243221.2512562814,6,256,48,2.34375,16,16,0,0,"(768, 2, 1)/(256, 1, 1)",1.0,1.0,1,"WG<64,OCC<25"
glm-overlap,1600-1799,decode:157/prefill:42,Agent 1,AMD Radeon RX 9070 XT,"at::native::elementwise_kernel_manual_unroll<128, 8, at::native::gpu_kernel_impl_nocast<at::native::BinaryFunctor<c10::BFloat16, c10::BFloat16, c10::B",4.4874371859296485,0.022183040201005023,0.0007533064800866319,0.00018145873898125264,4943.365061590145,4880,4440,0,21108.4824120603,937,128,3748,100.0,48,16,0,0,"(119936, 1, 1)/(128, 1, 1)",0.10621655141949404,0.0,15,
glm-overlap,1600-1799,decode:157/prefill:42,Agent 1,AMD Radeon RX 9070 XT,ncclDevKernel_Generic_4,0.27638190954773867,0.018255552763819093,0.0006199342412013165,0.00014933163145862454,66051.90909090909,36801,27480,5025,2284.78391959799,2,256,16,0.78125,256,5,776,21504,"(512, 1, 1)/(256, 1, 1)",1.0,1.0,1,"WG<64,OCC<25,SPILL776B"
glm-overlap,1600-1799,decode:157/prefill:42,Agent 1,AMD Radeon RX 9070 XT,"at::native::index_elementwise_kernel<128, 4, at::native::gpu_index_kernel<at::native::index_kernel_impl<at::native::OpaqueType<4> >(at::TensorIterator",9.125628140703517,0.01604521105527638,0.0005448739826811364,0.0001312508897967284,1758.2582599118944,1600.0,1360,0.0,634875.3567839196,1,128,4,0.1953125,16,16,0,0,"(128, 1, 1)/(128, 1, 1)",0.9407068030442872,1.0,2,"WG<64,OCC<25"
glm-overlap,1600-1799,decode:157/prefill:42,Agent 1,AMD Radeon RX 9070 XT,"anon::elementwise_kernel_with_index_grid_stride<int, at::native::arange_cuda_out(c10::Scalar const&, c10::Scalar const&, c10::Scalar const&, at::Tenso",4.678391959798995,0.009056608040201005,0.00030755033856806575,7.408365397759556e-05,1935.8378088077336,1640,1200,21648,154630.99497487437,84,128,336,16.40625,8,16,0,0,"(10752, 1, 1)/(128, 1, 1)",0.8550468438326218,0.043901424041414554,3,OCC<25
glm-overlap,1600-1799,decode:157/prefill:42,Agent 1,AMD Radeon RX 9070 XT,"at::native::vectorized_elementwise_kernel<4, at::native::FillFunctor<int>, std::array<char*, 1ul> >",4.391959798994975,0.009029487437185929,0.0003066293590355043,7.386180564756803e-05,2055.913043478261,1760.0,1200,3689.5,66778.11055276381,7,256,56,2.734375,8,16,0,0,"(1792, 1, 1)/(256, 1, 1)",1.0,1.0,1,"WG<64,OCC<25"
glm-overlap,1600-1799,decode:157/prefill:42,Agent 1,AMD Radeon RX 9070 XT,"at::native::elementwise_kernel_manual_unroll<128, 4, at::native::gpu_kernel_impl<at::native::BinaryFunctor<c10::BFloat16, c10::BFloat16, c10::BFloat16",0.2814070351758794,0.00842986432160804,0.00028626695719690987,6.895684882330712e-05,29956.125,14380.0,12480,4334.5,1201.8492462311558,4,128,16,0.78125,24,16,0,0,"(512, 1, 1)/(128, 1, 1)",0.2957933120045209,0.2957933120045209,17,"WG<64,OCC<25"
glm-overlap,1600-1799,decode:157/prefill:42,Agent 1,AMD Radeon RX 9070 XT,w4a8_fp8_moe::moe_build_inverse_map_kernel,4.391959798994975,0.008285763819095477,0.0002813734961860275,6.77780971627791e-05,1886.5755148741418,1840.0,1720,6686.0,86095.4824120603,42,256,336,16.40625,8,16,0,0,"(10752, 1, 1)/(256, 1, 1)",0.8959267181646549,1.0,2,"WG<64,OCC<25"
glm-overlap,1600-1799,decode:157/prefill:42,Agent 1,AMD Radeon RX 9070 XT,"at::native::unrolled_elementwise_kernel<at::native::bfloat16_copy_kernel_cuda(at::TensorIteratorBase&)::{lambda(float)#1}, std::array<char*, 2ul>, 4, ",2.1959798994974875,0.003706,0.00012585082071277925,3.0315325607806214e-05,1687.629290617849,1520,1400,2690,27737.070351758794,1,256,8,0.390625,16,16,0,0,"(256, 1, 1)/(256, 1, 1)",1.0,1.0,1,"WG<64,OCC<25"
glm-overlap,1600-1799,decode:157/prefill:42,Agent 1,AMD Radeon RX 9070 XT,"at::native::vectorized_elementwise_kernel<2, at::native::bfloat16_copy_kernel_cuda(at::TensorIteratorBase&)::{lambda(float)#1}, std::array<char*, 2ul>",1.1457286432160805,0.002010065326633166,6.825913951513347e-05,1.6442467584955685e-05,1754.3991228070176,1600.0,1480,2546.5,12193.64824120603,1,256,8,0.390625,32,16,0,0,"(256, 1, 1)/(256, 1, 1)",1.0,1.0,1,"WG<64,OCC<25"
glm-overlap,1600-1799,decode:157/prefill:42,Agent 1,AMD Radeon RX 9070 XT,"at::native::anon::CatArrayBatchedCopy<at::native::anon::OpaqueType<4u>, unsigned int, 1, 64, 64>",0.21105527638190955,0.0018201306532663315,6.180921114896245e-05,1.4888789369270878e-05,8623.952380952382,3100.0,2040,8746.0,57999.53768844221,3,256,24,1.171875,8,16,0,0,"(256, 3, 1)/(256, 1, 1)",0.825290028326422,1.0,2,"WG<64,OCC<25"
glm-overlap,1600-1799,decode:157/prefill:42,Agent 1,AMD Radeon RX 9070 XT,"at::native::reduce_kernel<512, 1, at::native::ReduceOp<float, at::native::ArgMaxOps<float>, unsigned int, long, 4, 4> >",0.18090452261306533,0.0018072462311557787,6.137167334620397e-05,1.4783393942517014e-05,9990.055555555555,9440.0,8840,6862.5,2036.1005025125628,64,512,1024,50.0,40,16,0,512,"(512, 64, 1)/(512, 1, 1)",1.0,0.0,1,
glm-overlap,1600-1799,decode:157/prefill:42,Agent 1,AMD Radeon RX 9070 XT,"at::native::index_elementwise_kernel<128, 4, at::native::gpu_index_kernel<at::native::index_put_kernel_impl<at::native::OpaqueType<4> >(at::TensorIter",0.46733668341708545,0.001679,5.7016602260322814e-05,1.3734331272397905e-05,3592.6989247311826,3000,2680,12868,23621.0351758794,1,128,4,0.1953125,16,16,0,0,"(128, 1, 1)/(128, 1, 1)",0.6872989126693623,1.0,2,"WG<64,OCC<25"
glm-overlap,1600-1799,decode:157/prefill:42,Agent 1,AMD Radeon RX 9070 XT,"at::native::vectorized_elementwise_kernel<4, at::native::compare_scalar_kernel<int>(at::TensorIteratorBase&, at::native::anon::OpType, int)::{lambda(i",0.5628140703517588,0.0011803065326633166,4.0081636758859465e-05,9.654985659662494e-06,2097.151785714286,1920.0,1400,4472.5,2863.326633165829,1,256,8,0.390625,24,16,0,0,"(256, 1, 1)/(256, 1, 1)",1.0,1.0,1,"WG<64,OCC<25"
glm-overlap,1600-1799,decode:157/prefill:42,Agent 1,AMD Radeon RX 9070 XT,__amd_rocclr_fillBufferAligned,0.36683417085427134,0.0010313768844221105,3.5024184395227164e-05,8.436731267032109e-06,2811.5616438356165,2280,1960,4276,1594.5427135678392,1,256,8,0.390625,16,16,0,0,"(256, 1, 1)/(256, 1, 1)",1.0,1.0,1,"WG<64,OCC<25"
glm-overlap,1600-1799,decode:157/prefill:42,Agent 1,AMD Radeon RX 9070 XT,"at::native::index_elementwise_kernel<128, 4, at::native::gpu_index_kernel<at::native::index_kernel_impl<at::native::OpaqueType<2> >(at::TensorIterator",0.2814070351758794,0.0009437386934673367,3.2048108232938564e-05,7.719845056974617e-06,3353.6428571428573,3360.0,3000,3221.0,1665.7638190954774,4,128,16,0.78125,16,16,0,0,"(512, 1, 1)/(128, 1, 1)",1.0,1.0,1,"WG<64,OCC<25"
glm-overlap,1600-1799,decode:157/prefill:42,Agent 1,AMD Radeon RX 9070 XT,"at::native::elementwise_kernel_manual_unroll<128, 4, at::native::gpu_kernel_impl_nocast<at::native::direct_copy_kernel_cuda(at::TensorIteratorBase&)::",0.37185929648241206,0.0009228241206030151,3.133787721301625e-05,7.548762464872594e-06,2481.6486486486488,2340.0,2120,4021.0,1630.1909547738694,1,128,4,0.1953125,24,16,0,0,"(128, 1, 1)/(128, 1, 1)",1.0,1.0,1,"WG<64,OCC<25"
glm-overlap,1600-1799,decode:157/prefill:42,Agent 1,AMD Radeon RX 9070 XT,"at::native::elementwise_kernel_manual_unroll<128, 4, at::native::gpu_kernel_impl_nocast<at::native::BUnaryFunctor<int, int, int, at::native::binary_in",0.18592964824120603,0.0007905628140703518,2.6846459518553176e-05,6.466856212079406e-06,4251.945945945946,2520,2120,2990,727.8592964824121,1,128,4,0.1953125,24,16,0,0,"(128, 1, 1)/(128, 1, 1)",1.0,1.0,1,"WG<64,OCC<25"
glm-overlap,1600-1799,decode:157/prefill:42,Agent 1,AMD Radeon RX 9070 XT,"at::native::reduce_kernel<512, 1, at::native::ReduceOp<c10::BFloat16, at::native::ArgMaxOps<float>, unsigned int, long, 4, 4> >",0.09547738693467336,0.0007730804020100503,2.6252780105215904e-05,6.323848922813923e-06,8097.0,8121,7600,4753,409.2613065326633,64,512,1024,50.0,40,16,0,512,"(512, 64, 1)/(512, 1, 1)",1.0,0.0,1,
glm-overlap,1600-1799,decode:157/prefill:42,Agent 1,AMD Radeon RX 9070 XT,"at::native::vectorized_elementwise_kernel<16, at::native::BinaryFunctor<bool, bool, bool, at::native::BitwiseAndFunctor<bool> >, std::array<char*, 3ul",0.2814070351758794,0.0007686532663316583,2.6102440477981026e-05,6.287634659565032e-06,2731.464285714286,1600.0,1520,3510.0,1242.5929648241206,1,256,8,0.390625,40,16,0,0,"(256, 1, 1)/(256, 1, 1)",1.0,1.0,1,"WG<64,OCC<25"
glm-overlap,1600-1799,decode:157/prefill:42,Agent 1,AMD Radeon RX 9070 XT,"at::native::reduce_kernel<512, 1, at::native::ReduceOp<bool, at::native::func_wrapper_t<bool, at::native::and_kernel_cuda(at::TensorIterator&)::{lambd",0.19095477386934673,0.0007505577889447236,2.548794218323325e-05,6.139612455298001e-06,3930.5526315789475,3820.0,3400,2714894.5,560731.8844221105,1,128,4,0.1953125,32,16,12,512,"(128, 1, 1)/(128, 1, 1)",0.2712890245780358,1.0,5,"WG<64,OCC<25,SPILL12B"
glm-overlap,1600-1799,decode:157/prefill:42,Agent 1,AMD Radeon RX 9070 XT,"at::native::vectorized_elementwise_kernel<4, at::native::BUnaryFunctor<int, int, int, at::native::remainder_kernel_cuda(at::TensorIteratorBase&)::{lam",0.19095477386934673,0.000653678391959799,2.219804698066662e-05,5.347132567471258e-06,3423.2105263157896,2220.0,1800,4361.0,2098.8643216080404,1,256,8,0.390625,16,16,0,0,"(256, 1, 1)/(256, 1, 1)",0.8056610445718855,1.0,2,"WG<64,OCC<25"
glm-overlap,1600-1799,decode:157/prefill:42,Agent 1,AMD Radeon RX 9070 XT,"at::native::vectorized_elementwise_kernel<4, at::native::anon::launch_clamp_scalar(at::TensorIteratorBase&, c10::Scalar, c10::Scalar, at::native::deta",0.2814070351758794,0.0005692462311557789,1.9330843329360825e-05,4.656471896520226e-06,2022.857142857143,1240.0,1120,4421.5,1277.2361809045226,2,256,16,0.78125,16,16,0,0,"(512, 1, 1)/(256, 1, 1)",0.611228813559322,1.0,2,"WG<64,OCC<25"
glm-overlap,1600-1799,decode:157/prefill:42,Agent 1,AMD Radeon RX 9070 XT,"at::native::vectorized_elementwise_kernel<4, at::native::CUDAFunctorOnSelf_add<int>, std::array<char*, 2ul> >",0.2814070351758794,0.0005622211055276382,1.909227942598471e-05,4.5990059033057554e-06,1997.892857142857,1240.5,1120,4552.0,1195.3316582914572,2,256,16,0.78125,16,16,0,0,"(512, 1, 1)/(256, 1, 1)",0.5888436030818184,1.0,2,"WG<64,OCC<25"
glm-overlap,1600-1799,decode:157/prefill:42,Agent 1,AMD Radeon RX 9070 XT,"at::native::vectorized_elementwise_kernel<4, at::native::AUnaryFunctor<int, int, bool, at::native::anon::CompareEqFunctor<int> >, std::array<char*, 2u",0.19095477386934673,0.0005525678391959799,1.8764467367053724e-05,4.520041544961693e-06,2893.7105263157896,1780.0,1520,5036.5,1742.6683417085428,1,256,8,0.390625,24,16,0,0,"(256, 1, 1)/(256, 1, 1)",1.0,1.0,1,"WG<64,OCC<25"
glm-overlap,1600-1799,decode:157/prefill:42,Agent 1,AMD Radeon RX 9070 XT,"at::native::vectorized_elementwise_kernel<4, at::native::BUnaryFunctor<int, int, int, at::native::binary_internal::div_floor_kernel_cuda(at::TensorIte",0.2814070351758794,0.0004995125628140703,1.6962780892200337e-05,4.086045868024365e-06,1775.0535714285713,1720.0,1600,13224.0,23417.015075376883,1,256,8,0.390625,16,16,0,0,"(256, 1, 1)/(256, 1, 1)",1.0,1.0,1,"WG<64,OCC<25"
glm-overlap,1600-1799,decode:157/prefill:42,Agent 1,AMD Radeon RX 9070 XT,rocprim::ROCPRIM_400200_NS::detail::trampoline_kernel<rocprim::ROCPRIM_400200_NS::detail::wrapped_partition_config<rocprim::ROCPRIM_400200_NS::default,0.09045226130653267,0.000248643216080402,8.443592231080276e-06,2.0339179858741245e-06,2748.8888888888887,2740.0,2640,3400.0,309.03015075376885,1,256,8,0.390625,64,16,0,12800,"(256, 1, 1)/(256, 1, 1)",1.0,1.0,1,"WG<64,OCC<25"
glm-overlap,1600-1799,decode:157/prefill:42,Agent 1,AMD Radeon RX 9070 XT,"at::native::elementwise_kernel_manual_unroll<128, 4, at::native::gpu_kernel_impl_nocast<at::native::CUDAFunctor_add<int> >(at::TensorIteratorBase&, at",0.10050251256281408,0.00024603517587939696,8.35502666180116e-06,2.012584044187207e-06,2448.05,2440.0,2200,4127.0,412.678391959799,4,128,16,0.78125,24,16,0,0,"(512, 1, 1)/(128, 1, 1)",0.9485100386021528,1.0,2,"WG<64,OCC<25"
glm-overlap,1600-1799,decode:157/prefill:42,Agent 1,AMD Radeon RX 9070 XT,rocprim::ROCPRIM_400200_NS::detail::trampoline_kernel<rocprim::ROCPRIM_400200_NS::detail::wrapped_reduce_config<rocprim::ROCPRIM_400200_NS::default_co,0.09045226130653267,0.00018794472361809044,6.38235232487133e-06,1.5374002948601076e-06,2077.8333333333335,2040.0,1960,4137.5,602.7035175879397,1,256,8,0.390625,8,16,0,512,"(256, 1, 1)/(256, 1, 1)",1.0,1.0,1,"WG<64,OCC<25"
glm-overlap,1600-1799,decode:157/prefill:42,Agent 1,AMD Radeon RX 9070 XT,rocprim::ROCPRIM_400200_NS::detail::trampoline_kernel<rocprim::ROCPRIM_400200_NS::detail::wrapped_transform_config<rocprim::ROCPRIM_400200_NS::default,0.09045226130653267,0.00018452763819095478,6.266312657993105e-06,1.5094483096055723e-06,2040.0555555555557,2040.0,1960,59372.5,5341.020100502513,1,1024,32,1.5625,8,16,0,0,"(1024, 1, 1)/(1024, 1, 1)",1.0,1.0,1,"WG<64,OCC<25"
glm-overlap,1600-1799,decode:157/prefill:42,Agent 1,AMD Radeon RX 9070 XT,"at::native::unrolled_elementwise_kernel<at::native::CUDAFunctorOnSelf_add<int>, std::array<char*, 2ul>, 4, TrivialOffsetCalculator<1, unsigned int>, T",0.09547738693467336,0.00018231155778894472,6.191057521091197e-06,1.491320625050793e-06,1909.4736842105262,1680,1480,4666,344.2814070351759,1,256,8,0.390625,16,16,0,0,"(256, 1, 1)/(256, 1, 1)",1.0,1.0,1,"WG<64,OCC<25"
glm-overlap,1600-1799,decode:157/prefill:42,Agent 1,AMD Radeon RX 9070 XT,"rocprim::ROCPRIM_400200_NS::detail::init_lookback_scan_state_kernel<rocprim::ROCPRIM_400200_NS::detail::lookback_scan_state<unsigned long, false, true",0.09045226130653267,0.00014532663316582916,4.935098773703347e-06,1.1887814905311171e-06,1606.6666666666667,1520.0,1440,4383.0,395.643216080402,1,256,8,0.390625,8,16,0,0,"(256, 1, 1)/(256, 1, 1)",1.0,1.0,1,"WG<64,OCC<25"
glm-overlap,1600-1799,decode:157/prefill:42,Agent 1,AMD Radeon RX 9070 XT,"at::native::anon::CatArrayBatchedCopy_contig<at::native::anon::OpaqueType<4u>, unsigned int, 1, 128, 1>",0.010050251256281407,3.0753768844221106e-05,1.0443570019040276e-06,2.5156786729081734e-07,3060.0,3060.0,2320,4312.5,43.34170854271357,4,256,32,1.5625,8,16,0,0,"(256, 4, 1)/(256, 1, 1)",0.6209150326797386,1.0,2,"WG<64,OCC<25"
glm-overlap,1600-1799,decode:157/prefill:42,Agent 2,AMD Radeon RX 9070,"anon::mla_prefill_kernel<__hip_bfloat16, 256, 256, 16, 16, 8, true>",4.959798994974874,8.851997391959799,0.2513305276747996,0.07240992531481724,1784749.2208713272,1754337,1659055,4160,171658.8391959799,1050,256,8400,37.5,224,6,0,35328,"(2560, 105, 1)/(256, 1, 1)",0.4313176296381647,0.0,5,
glm-overlap,1600-1799,decode:157/prefill:42,Agent 2,AMD Radeon RX 9070,"custom_ar::one_shot_ar_vec_kernel<__hip_bfloat16, 8>",30.417085427135678,6.46029435678392,0.18342404744716698,0.05284563598169928,212390.31505038825,10120,7280,4160,128238.82914572864,8,256,64,3.125,32,16,0,512,"(2048, 1, 1)/(256, 1, 1)",1.0,1.0,1,"WG<64,OCC<25"
glm-overlap,1600-1799,decode:157/prefill:42,Agent 2,AMD Radeon RX 9070,"w4a8_tile::moe_gemm1_silu_flag_w4_kernel<__hip_bfloat16, 64, 64, 64, 16, 64, 8>",4.8542713567839195,4.531040819095478,0.12864767459304446,0.037064214185952606,933413.1708074535,925009.0,844848,4200.0,29191.78894472362,2016,128,8064,50.0,176,8,0,14336,"(1536, 168, 1)/(128, 1, 1)",0.42882481227152086,0.0,5,
glm-overlap,1600-1799,decode:157/prefill:42,Agent 2,AMD Radeon RX 9070,"w4a8_tile::moe_gemm_tiled_ashuffle_kernel<__hip_bfloat16, w4a8_tile::WmmaFp8, w4a8_tile::Int4Fp8Loader, false, 64, 2, 128, false>",4.8542713567839195,3.621705909547739,0.10282936347861353,0.029625794361482907,746086.414078675,740027.0,678326,4080.0,20160.50753768844,5376,256,43008,100.0,96,16,0,0,"(8192, 168, 1)/(256, 1, 1)",0.4293315628395756,0.0,5,
glm-overlap,1600-1799,decode:157/prefill:42,Agent 2,AMD Radeon RX 9070,"dense_gemm::dense_gemm_pipe_kernel<64, 2, 64, 1, false, __hip_bfloat16>",25.01005025125628,2.5409966231155776,0.07214530165672944,0.0207855207766014,101599.02109704641,75000,55841,4120,104153.69346733668,224,256,1792,56.25,160,9,0,0,"(8192, 7, 1)/(256, 1, 1)",0.3681873365684981,0.11421999362383685,6,
glm-overlap,1600-1799,decode:157/prefill:42,Agent 2,AMD Radeon RX 9070,"w4a8_fp8_wmma::mmq_fp8_gemm_wmma_tiled_tuned_kernel<__hip_bfloat16, 384, 64, 24, 128, 1>",4.8542713567839195,1.6569402060301506,0.047044710687036334,0.013553880695755405,341336.54347826086,338444.0,328363,4120.0,20318.582914572864,240,768,5760,75.0,112,12,0,512,"(3840, 48, 1)/(768, 1, 1)",1.0,0.0,1,
glm-overlap,1600-1799,decode:157/prefill:42,Agent 2,AMD Radeon RX 9070,"w4a8_fp8_wmma::mmq_fp8_gemm_wmma_tiled_tuned_kernel<__hip_bfloat16, 256, 128, 16, 128, 1>",4.8542713567839195,0.7024246482412061,0.019943607038858644,0.005745880174414708,144702.3861283644,144401.0,136641,4120.0,20112.834170854272,112,512,1792,50.0,192,8,0,512,"(3584, 16, 1)/(512, 1, 1)",1.0,0.0,1,
glm-overlap,1600-1799,decode:157/prefill:42,Agent 2,AMD Radeon RX 9070,"at::native::anon::CatArrayBatchedCopy<at::native::anon::OpaqueType<2u>, unsigned int, 3, 64, 64>",9.919597989949748,0.5379799899497487,0.015274608516645595,0.004400711971346721,54234.05167173252,53281.0,51240,4040.0,40796.582914572864,1792,256,14336,100.0,8,16,0,0,"(229376, 2, 1)/(256, 1, 1)",1.0,0.0,1,
glm-overlap,1600-1799,decode:157/prefill:42,Agent 2,AMD Radeon RX 9070,"gemv_decode::gemv_decode_core<__hip_bfloat16, gemv_decode::Bf16GemvLoader<__hip_bfloat16>, false, false, false, 16, 1, 1, false, 0>",31.020100502512562,0.5002745175879397,0.014204055075957902,0.004092278708571659,16127.430584804795,6560,4920,4160,133642.48743718592,128,512,2048,100.0,24,16,0,512,"(65536, 1, 1)/(512, 1, 1)",0.39662036207276713,0.24723253200009415,5,
glm-overlap,1600-1799,decode:157/prefill:42,Agent 2,AMD Radeon RX 9070,w4a8_fp8_moe::moe_compute_act_fp8_kernel<__hip_bfloat16>,14.733668341708542,0.4089653417085427,0.011611557322155564,0.003345363598543498,27757.19747612551,2280.0,2160,4160.0,62020.46231155779,10752,256,86016,100.0,16,16,0,512,"(2752512, 1, 1)/(256, 1, 1)",0.4058851272219588,0.0,6,
glm-overlap,1600-1799,decode:157/prefill:42,Agent 2,AMD Radeon RX 9070,"mla_attend::mla_combine_kernel<__hip_bfloat16, 512>",10.095477386934673,0.39512588442211055,0.011218620231404595,0.0032321559207578753,39138.90044798407,39081,34881,4240.0,43214.88944723618,10,256,80,3.90625,24,16,0,0,"(2560, 1, 1)/(256, 1, 1)",1.0,1.0,1,"WG<64,OCC<25"
glm-overlap,1600-1799,decode:157/prefill:42,Agent 2,AMD Radeon RX 9070,"at::native::elementwise_kernel_manual_unroll<128, 4, at::native::gpu_kernel_impl_nocast<at::native::BinaryFunctor<float, float, float, at::native::bin",135.5075376884422,0.3775963216080402,0.010720911739536928,0.003088762935201741,2786.533709115182,1680.0,1120,4160.0,3048549.070351759,1,128,4,0.1953125,24,16,0,0,"(128, 1, 1)/(128, 1, 1)",0.32778379367357136,0.3649273130322313,43,"WG<64,OCC<25"
glm-overlap,1600-1799,decode:157/prefill:42,Agent 2,AMD Radeon RX 9070,w4a8_fp8_moe::moe_gather_reduce_kernel<__hip_bfloat16>,4.8542713567839195,0.3752786884422111,0.010655108289678986,0.003069804542308713,77308.96376811594,77180.5,68401,4040.0,19917.291457286432,13384,256,107072,100.0,8,16,0,0,"(2048, 1673, 1)/(256, 1, 1)",0.09567410398481883,0.0,19,
glm-overlap,1600-1799,decode:157/prefill:42,Agent 2,AMD Radeon RX 9070,__amd_rocclr_copyBuffer,34.64824120603015,0.31728380904522613,0.009008487420300991,0.0025954025853456666,9157.284699057287,11280,1520,4120,231746.53768844221,28,512,448,21.875,16,16,0,0,"(14336, 1, 1)/(512, 1, 1)",0.9578408297895653,1.0,3,"WG<64,OCC<25"
glm-overlap,1600-1799,decode:157/prefill:42,Agent 2,AMD Radeon RX 9070,w4a8_fp8_wmma::compute_act_fp8_and_scales_kernel<__hip_bfloat16>,29.477386934673365,0.3064723115577889,0.008701521743724943,0.0025069638193878584,10396.861575178998,3760.0,2560,4160.0,5084487.653266332,1,256,8,0.390625,16,16,0,512,"(256, 1, 1)/(256, 1, 1)",0.21748254041492432,0.21748254041492432,20,"WG<64,OCC<25"
glm-overlap,1600-1799,decode:157/prefill:42,Agent 2,AMD Radeon RX 9070,"at::native::elementwise_kernel_manual_unroll<128, 8, at::native::gpu_kernel_impl_nocast<at::native::direct_copy_kernel_cuda(at::TensorIteratorBase&)::",34.89447236180904,0.24188002512562815,0.006867583852208843,0.0019785946356469953,6931.757632488479,5520.0,1960,4120.0,145728.96984924623,1,128,4,0.1953125,32,16,0,0,"(128, 1, 1)/(128, 1, 1)",0.0906317295681598,0.0906317295681598,57,"WG<64,OCC<25"
glm-overlap,1600-1799,decode:157/prefill:42,Agent 2,AMD Radeon RX 9070,"gemv_decode::gemv_decode_core<__hip_bfloat16, gemv_decode::Int4Fp8GemvLoader, true, true, false, 32, 8, 1, false, 0>",9.879396984924623,0.22229280904522614,0.006311453395410566,0.0018183699100053751,22500.64547304171,22320.0,20440,4160.0,41467.20603015075,96,1024,3072,75.0,112,12,0,512,"(24576, 4, 1)/(1024, 1, 1)",1.0,0.0,1,
glm-overlap,1600-1799,decode:157/prefill:42,Agent 2,AMD Radeon RX 9070,"w4a8_tile::moe_gemm_tiled_kernel<__hip_bfloat16, w4a8_tile::WmmaFp8, w4a8_tile::Int4Fp8Loader, true, 64, 4, 128, false>",9.884422110552764,0.18526565829145727,0.005260159215670783,0.0015154853629385026,18743.195729537365,18480,17440,4200,48623.05025125628,512,128,2048,100.0,64,16,0,0,"(4096, 4, 4)/(128, 1, 1)",1.0,0.0,1,
glm-overlap,1600-1799,decode:157/prefill:42,Agent 2,AMD Radeon RX 9070,"at::native::elementwise_kernel_manual_unroll<128, 4, at::native::gpu_kernel_impl<at::native::direct_copy_kernel_cuda(at::TensorIteratorBase&)::{lambda",41.09045226130653,0.17295444221105527,0.004910612746461885,0.0014147787994993643,4209.115078879785,2040,1120,4120,2641264.718592965,4,128,16,0.78125,16,16,0,0,"(512, 1, 1)/(128, 1, 1)",0.44839379377042216,0.6225291151990704,21,"WG<64,OCC<25"
glm-overlap,1600-1799,decode:157/prefill:42,Agent 2,AMD Radeon RX 9070,"anon::rms_norm_add_kernel<__hip_bfloat16, true>",14.733668341708542,0.1721331055276382,0.004887292926888804,0.0014080602109965514,11682.976807639836,2840.0,2560,4160.0,61976.824120603014,1,256,8,0.390625,40,16,0,512,"(256, 1, 1)/(256, 1, 1)",0.16179065353421718,0.16179065353421718,20,"WG<64,OCC<25"
glm-overlap,1600-1799,decode:157/prefill:42,Agent 2,AMD Radeon RX 9070,"anon::moe_topk_softmax_kernel<1, 4, true, c10::BFloat16, moe_core::SigmoidBiasScore<c10::BFloat16> >",14.733668341708542,0.1695199447236181,0.004813098702162754,0.0013866843824376128,11505.61698499318,3240.0,2880,4160.0,61948.9296482412,1,256,8,0.390625,32,16,0,4096,"(256, 1, 1)/(256, 1, 1)",0.1877987170925975,0.1877987170925975,20,"WG<64,OCC<25"
glm-overlap,1600-1799,decode:157/prefill:42,Agent 2,AMD Radeon RX 9070,"anon::rms_norm_add_kernel<__hip_bfloat16, false>",15.371859296482413,0.1643379798994975,0.004665969653658806,0.001344295566751856,10690.83295194508,2400,2000,4160,65200.37185929648,1,256,8,0.390625,32,16,0,512,"(256, 1, 1)/(256, 1, 1)",0.14848664313506624,0.14848664313506624,20,"WG<64,OCC<25"
glm-overlap,1600-1799,decode:157/prefill:42,Agent 2,AMD Radeon RX 9070,"mla_attend::mla_split_kernel<__hip_bfloat16, 512, 64, 16, mla_attend::CacheFp8, false>",10.095477386934673,0.1444627537688442,0.00410166186527082,0.0011817148998118853,14309.650572424092,14321,12360,4200,2798328.487437186,160,256,1280,62.5,72,16,0,16896,"(2560, 1, 16)/(256, 1, 1)",1.0,0.0,1,
glm-overlap,1600-1799,decode:157/prefill:42,Agent 2,AMD Radeon RX 9070,"at::native::vectorized_elementwise_kernel<4, at::native::bfloat16_copy_kernel_cuda(at::TensorIteratorBase&)::{lambda(float)#1}, std::array<char*, 2ul>",46.11557788944724,0.14385508542713565,0.004084408628717497,0.0011767441325046942,3119.446660128582,1560,960,4160,4036532.8291457286,1,256,8,0.390625,32,16,0,0,"(256, 1, 1)/(256, 1, 1)",0.2893805889665207,0.4196998291343026,37,"WG<64,OCC<25"
glm-overlap,1600-1799,decode:157/prefill:42,Agent 2,AMD Radeon RX 9070,"anon::rms_norm_kernel<__hip_bfloat16, false>",30.42713567839196,0.13909518090452264,0.003949262936465418,0.0011378077980564792,4571.418827415359,2000,1720,4120,139181.49246231155,1,256,8,0.390625,32,16,0,512,"(256, 1, 1)/(256, 1, 1)",0.29004071937870096,0.29004071937870096,20,"WG<64,OCC<25"
glm-overlap,1600-1799,decode:157/prefill:42,Agent 2,AMD Radeon RX 9070,Cijk_Ailk_Bljk_BBS_BH_Bias_HA_S_SAV_UserArgs_MT128x128x32_MI16x16x1_SN_LDSB0_AFC1_AFEM1_AFEM1_ASEM1_CLR0_CADS0_DTLA0_DTLB0_DTVA0_DTVB0_EPS0_FDSI0_GRPM,10.095477386934673,0.1386187336683417,0.003935735397992879,0.001133910428088923,13730.775510204081,13520,10760,4200,2558363.462311558,40,128,160,7.8125,256,5,0,51200,"(512, 1, 10)/(128, 1, 1)",1.0,1.0,1,"WG<64,OCC<25"
glm-overlap,1600-1799,decode:157/prefill:42,Agent 2,AMD Radeon RX 9070,Cijk_Alik_Bljk_BBS_BH_Bias_HA_S_SAV_UserArgs_MT16x16x32_MI16x16x1_SN_LDSB0_AFC1_AFEM1_AFEM1_ASEM1_CLR1_CADS0_DTLA0_DTLB0_DTVA0_DTVB1_EPS0_FDSI0_GRPM1_,9.879396984924623,0.13534305025125626,0.0038427304856259318,0.001107115120647737,13699.525432349948,13560.0,13120,4200.0,41945.3567839196,4,32,4,0.1953125,120,12,0,3584,"(128, 1, 1)/(32, 1, 1)",1.0,1.0,1,"WG<64,OCC<25"
glm-overlap,1600-1799,decode:157/prefill:42,Agent 2,AMD Radeon RX 9070,Cijk_Alik_Bljk_BBS_BH_Bias_HA_S_SAV_UserArgs_MT64x64x32_MI16x16x1_SN_LDSB0_AFC1_AFEM1_AFEM1_ASEM1_CLR1_CADS0_DTLA0_DTLB0_DTVA1_DTVB0_EPS0_FDSI0_GRPM1_,10.090452261306533,0.12205494472361808,0.0034654476616281346,0.0009984175367887941,12096.08266932271,11680.0,10960,4160.0,42475.427135678394,40,128,160,7.8125,128,10,0,13312,"(512, 1, 10)/(128, 1, 1)",1.0,1.0,1,"WG<64,OCC<25"
glm-overlap,1600-1799,decode:157/prefill:42,Agent 2,AMD Radeon RX 9070,"gemv_decode::gemv_decode_core<__hip_bfloat16, gemv_decode::Bf16GemvLoader<__hip_bfloat16>, false, false, false, 8, 1, 1, true, 0>",10.095477386934673,0.11675252261306533,0.0033148985270102013,0.0009550433725169545,11564.834245893479,11520,10240,4160,42538.19095477387,10,256,80,3.90625,16,16,0,512,"(2560, 1, 1)/(256, 1, 1)",1.0,1.0,1,"WG<64,OCC<25"
glm-overlap,1600-1799,decode:157/prefill:42,Agent 2,AMD Radeon RX 9070,"at::native::anon::CatArrayBatchedCopy_contig<at::native::anon::OpaqueType<4u>, unsigned int, 3, 128, 1>",30.115577889447238,0.11485016582914573,0.0032608858208200116,0.000939481967949566,3813.646420824295,1720,1400,4120,2584265.8291457286,2,256,16,0.78125,16,16,0,0,"(256, 2, 1)/(256, 1, 1)",0.29819310569510643,0.5097199615509532,12,"WG<64,OCC<25"
glm-overlap,1600-1799,decode:157/prefill:42,Agent 2,AMD Radeon RX 9070,"gemv_decode::gemv_decode_core<__hip_bfloat16, gemv_decode::Int4Fp8GemvLoader, false, true, false, 16, 1, 1, false, 0>",9.884422110552764,0.11138776381909547,0.003162579496758211,0.0009111592900435228,11269.021352313168,11040,10240,4160,41540.98492462312,96,512,1536,75.0,88,16,0,512,"(49152, 1, 1)/(512, 1, 1)",1.0,0.0,1,
glm-overlap,1600-1799,decode:157/prefill:42,Agent 2,AMD Radeon RX 9070,"at::native::vectorized_elementwise_kernel<4, at::native::CUDAFunctor_add<float>, std::array<char*, 3ul> >",60.221105527638194,0.10967349748743718,0.0031139071528076628,0.0008971364778409539,1821.180407209613,1160.0,960,4120.0,2914024.4673366835,1,256,8,0.390625,16,16,0,0,"(256, 1, 1)/(256, 1, 1)",0.4236842604448673,0.592614780848371,18,"WG<64,OCC<25"
glm-overlap,1600-1799,decode:157/prefill:42,Agent 2,AMD Radeon RX 9070,"at::native::vectorized_elementwise_kernel<4, at::native::bfloat16tofloat32_copy_kernel_cuda(at::TensorIteratorBase&)::{lambda(c10::BFloat16)#1}, std::",45.381909547738694,0.10234566331658292,0.0029058514623996378,0.000837194308685677,2255.2083933119256,1600,1080,4120,192284.2663316583,1,256,8,0.390625,16,16,0,0,"(256, 1, 1)/(256, 1, 1)",0.43432668098311233,0.5756859439832115,30,"WG<64,OCC<25"
glm-overlap,1600-1799,decode:157/prefill:42,Agent 2,AMD Radeon RX 9070,anon::moe_align_kernel,14.733668341708542,0.10050817587939698,0.002853680560541576,0.0008221635396736573,6821.666780354707,2600.0,2400,4160.0,62145.175879396986,1,256,8,0.390625,16,16,0,1536,"(256, 1, 1)/(256, 1, 1)",1.0,1.0,1,"WG<64,OCC<25"
glm-overlap,1600-1799,decode:157/prefill:42,Agent 2,AMD Radeon RX 9070,Cijk_Alik_Bljk_BBS_BH_Bias_HA_S_SAV_UserArgs_MT16x16x32_MI16x16x1_SN_LDSB1_AFC1_AFEM1_AFEM1_ASEM1_CLR0_CADS0_DTLA0_DTLB0_DTVA0_DTVB1_EPS0_FDSI0_GRPM1_,4.8542713567839195,0.09988800502512563,0.002836072346129524,0.0008170905009851232,20577.34265010352,20280.0,18440,4120.0,20253.532663316582,420,32,420,20.5078125,48,16,0,2048,"(128, 105, 1)/(32, 1, 1)",0.4283169799262118,0.0,5,OCC<25
glm-overlap,1600-1799,decode:157/prefill:42,Agent 2,AMD Radeon RX 9070,"at::native::vectorized_elementwise_kernel<8, at::native::FillFunctor<c10::BFloat16>, std::array<char*, 1ul> >",25.01005025125628,0.08794168341708543,0.0024968861511303333,0.0007193687985125626,3516.2537673297165,3840,1680,4080,103670.77386934674,1792,256,14336,100.0,8,16,0,0,"(458752, 1, 1)/(256, 1, 1)",0.5046850656799461,0.0,5,
glm-overlap,1600-1799,decode:157/prefill:42,Agent 2,AMD Radeon RX 9070,"at::native::index_elementwise_kernel<128, 4, at::native::gpu_index_kernel<at::native::index_put_kernel_impl<at::native::OpaqueType<1> >(at::TensorIter",15.055276381909549,0.0853102512562814,0.0024221731565110603,0.0006978435090442336,5666.468624833111,2640.0,2200,4160.0,64011.44221105528,2,128,8,0.390625,16,16,0,0,"(256, 1, 1)/(128, 1, 1)",0.3050973861883966,0.3050973861883966,20,"WG<64,OCC<25"
glm-overlap,1600-1799,decode:157/prefill:42,Agent 2,AMD Radeon RX 9070,"gemv_decode::gemv_decode_core<__hip_bfloat16, gemv_decode::Int4Fp8GemvLoader, false, false, false, 16, 1, 2, false, 0>",9.884422110552764,0.080842,0.0022953082359401604,0.000661292917643354,8178.728012201322,8121,7321,4160,41519.36180904523,64,512,1024,50.0,88,16,0,512,"(32768, 1, 1)/(512, 1, 1)",1.0,0.0,1,
glm-overlap,1600-1799,decode:157/prefill:42,Agent 2,AMD Radeon RX 9070,"at::native::vectorized_elementwise_kernel<8, at::native::CUDAFunctor_add<c10::BFloat16>, std::array<char*, 3ul> >",14.738693467336683,0.08005205527638191,0.0022728797132655844,0.0006548311174521368,5431.421411524037,1120,1000,4160,62039.82914572865,1,256,8,0.390625,32,16,0,0,"(256, 1, 1)/(256, 1, 1)",0.1363976794245503,0.1363976794245503,20,"WG<64,OCC<25"
glm-overlap,1600-1799,decode:157/prefill:42,Agent 2,AMD Radeon RX 9070,"anon::gated_mul_kernel<__hip_bfloat16, anon::SiluAct>",5.1708542713567835,0.06963443718592965,0.001977097265999383,0.0005696143110652419,13466.71817298348,12240,1280,4000,20889.32663316583,1247,256,9976,100.0,72,16,0,0,"(319232, 1, 1)/(256, 1, 1)",0.08453125594228524,0.004355841666454383,37,
glm-overlap,1600-1799,decode:157/prefill:42,Agent 2,AMD Radeon RX 9070,"at::native::anon::CatArrayBatchedCopy_contig<at::native::anon::OpaqueType<2u>, unsigned int, 2, 128, 1>",15.06030150753769,0.05749869346733669,0.0016325328996236684,0.0004703431231747846,3817.897897897898,1840,1600,4120,62700.75879396985,2,256,16,0.78125,8,16,0,0,"(256, 2, 1)/(256, 1, 1)",0.3150254670414185,0.3150254670414185,12,"WG<64,OCC<25"
glm-overlap,1600-1799,decode:157/prefill:42,Agent 2,AMD Radeon RX 9070,"at::native::vectorized_elementwise_kernel<4, at::native::ConvertToFloat8E4M3fnOp<float>, std::array<char*, 2ul> >",15.06030150753769,0.04665379899497488,0.001324618998429809,0.000381631167666974,3097.7997997998,1560,1320,4160,63126.98492462312,1,256,8,0.390625,40,16,0,0,"(256, 1, 1)/(256, 1, 1)",0.33450264355017056,0.33450264355017056,9,"WG<64,OCC<25"
glm-overlap,1600-1799,decode:157/prefill:42,Agent 2,AMD Radeon RX 9070,"at::native::vectorized_elementwise_kernel<4, at::native::FillFunctor<float>, std::array<char*, 1ul> >",14.733668341708542,0.04115972361809045,0.0011686283442965755,0.0003366892669751008,2793.582878581173,840.0,760,4160.0,61853.693467336685,2,256,16,0.78125,8,16,0,0,"(512, 1, 1)/(256, 1, 1)",0.2021892895491702,0.2021892895491702,20,"WG<64,OCC<25"
glm-overlap,1600-1799,decode:157/prefill:42,Agent 2,AMD Radeon RX 9070,"at::native::vectorized_gather_kernel<16, long>",10.025125628140703,0.031429854271356784,0.0008923728181322117,0.0002570982908910091,3135.1082706766915,2600,2240,4080,41754.4472361809,1673,64,3346,100.0,16,16,0,0,"(107072, 1, 1)/(64, 1, 1)",0.04713423415083537,0.0,57,
glm-overlap,1600-1799,decode:157/prefill:42,Agent 2,AMD Radeon RX 9070,"at::native::elementwise_kernel_manual_unroll<128, 8, at::native::gpu_kernel_impl_nocast<at::native::BinaryFunctor<c10::BFloat16, c10::BFloat16, c10::B",4.959798994974874,0.028533869346733666,0.0008101485034363113,0.0002334089422819298,5753.029381965553,5600,5120,4000,20295.824120603014,935,128,3740,100.0,48,16,0,0,"(119680, 1, 1)/(128, 1, 1)",0.10035627236608527,0.0,16,
glm-overlap,1600-1799,decode:157/prefill:42,Agent 2,AMD Radeon RX 9070,"at::native::anon::CatArrayBatchedCopy_contig<at::native::anon::OpaqueType<2u>, unsigned int, 3, 128, 1>",10.095477386934673,0.026668557788944725,0.0007571876046313914,0.00021815057011938905,2641.6341463414633,2600,2320,4160,42643.43216080402,6,256,48,2.34375,16,16,0,0,"(768, 2, 1)/(256, 1, 1)",1.0,1.0,1,"WG<64,OCC<25"
glm-overlap,1600-1799,decode:157/prefill:42,Agent 2,AMD Radeon RX 9070,"at::native::index_elementwise_kernel<128, 4, at::native::gpu_index_kernel<at::native::index_kernel_impl<at::native::OpaqueType<4> >(at::TensorIterator",10.728643216080402,0.019341668341708543,0.0005491587373091547,0.0001582161288659179,1802.806557377049,1640,1440,4160,685597.6432160804,1,128,4,0.1953125,16,16,0,0,"(128, 1, 1)/(128, 1, 1)",0.9257673177808632,1.0,2,"WG<64,OCC<25"
glm-overlap,1600-1799,decode:157/prefill:42,Agent 2,AMD Radeon RX 9070,ncclDevKernel_Generic_4,0.3165829145728643,0.012023437185929648,0.0003413757007146472,9.835251301037845e-05,37978.793650793654,31361,29441,4560,2659.286432160804,2,256,16,0.78125,256,5,776,21504,"(512, 1, 1)/(256, 1, 1)",1.0,1.0,1,"WG<64,OCC<25,SPILL776B"
glm-overlap,1600-1799,decode:157/prefill:42,Agent 2,AMD Radeon RX 9070,"at::native::elementwise_kernel_manual_unroll<128, 4, at::native::gpu_kernel_impl<at::native::BinaryFunctor<c10::BFloat16, c10::BFloat16, c10::BFloat16",0.3165829145728643,0.010408738693467336,0.0002955303387949903,8.514417233109384e-05,32878.39682539683,14280,12640,4160,1342.6281407035176,4,128,16,0.78125,24,16,0,0,"(512, 1, 1)/(128, 1, 1)",0.2756685409775995,0.2756685409775995,20,"WG<64,OCC<25"
glm-overlap,1600-1799,decode:157/prefill:42,Agent 2,AMD Radeon RX 9070,"anon::elementwise_kernel_with_index_grid_stride<int, at::native::arange_cuda_out(c10::Scalar const&, c10::Scalar const&, c10::Scalar const&, at::Tenso",5.180904522613066,0.010164326633165828,0.00028859086407920947,8.314486547990252e-05,1961.882638215325,1600,1360,4080,21472.743718592967,84,128,336,16.40625,8,16,0,0,"(10752, 1, 1)/(128, 1, 1)",0.778196085333423,0.04939978770960216,4,OCC<25
glm-overlap,1600-1799,decode:157/prefill:42,Agent 2,AMD Radeon RX 9070,w4a8_fp8_moe::moe_build_inverse_map_kernel,4.8542713567839195,0.009924110552763819,0.000281770523813605,8.117988202236937e-05,2044.407867494824,2040.0,1880,4040.0,19887.447236180906,42,256,336,16.40625,8,16,0,0,"(10752, 1, 1)/(256, 1, 1)",0.9025569928168442,1.0,2,"WG<64,OCC<25"
glm-overlap,1600-1799,decode:157/prefill:42,Agent 2,AMD Radeon RX 9070,"at::native::vectorized_elementwise_kernel<4, at::native::FillFunctor<int>, std::array<char*, 1ul> >",4.8542713567839195,0.007068412060301507,0.00020069004251538567,5.782007909826891e-05,1456.1221532091097,1440.0,1320,4080.0,20125.53768844221,7,256,56,2.734375,8,16,0,0,"(1792, 1, 1)/(256, 1, 1)",1.0,1.0,1,"WG<64,OCC<25"
glm-overlap,1600-1799,decode:157/prefill:42,Agent 2,AMD Radeon RX 9070,"at::native::unrolled_elementwise_kernel<at::native::bfloat16_copy_kernel_cuda(at::TensorIteratorBase&)::{lambda(float)#1}, std::array<char*, 2ul>, 4, ",2.4271356783919598,0.004349391959798995,0.000123490205421174,3.5578314478489186e-05,1791.9855072463768,1680,1560,4080,10036.21608040201,1,256,8,0.390625,16,16,0,0,"(256, 1, 1)/(256, 1, 1)",1.0,1.0,1,"WG<64,OCC<25"
glm-overlap,1600-1799,decode:157/prefill:42,Agent 2,AMD Radeon RX 9070,"at::native::reduce_kernel<512, 1, at::native::ReduceOp<float, at::native::ArgMaxOps<float>, unsigned int, long, 4, 4> >",0.21105527638190955,0.002618924623115578,7.435787408455588e-05,2.142297698112518e-05,12408.714285714286,11120.0,10680,4560.0,2492.9497487437184,64,512,1024,50.0,40,16,0,512,"(512, 64, 1)/(512, 1, 1)",1.0,0.0,1,
glm-overlap,1600-1799,decode:157/prefill:42,Agent 2,AMD Radeon RX 9070,"at::native::vectorized_elementwise_kernel<2, at::native::bfloat16_copy_kernel_cuda(at::TensorIteratorBase&)::{lambda(float)#1}, std::array<char*, 2ul>",1.2663316582914572,0.0022806281407035177,6.475278388057791e-05,1.865568933506552e-05,1800.9722222222222,1720.0,1600,4080.0,5252.291457286432,1,256,8,0.390625,32,16,0,0,"(256, 1, 1)/(256, 1, 1)",1.0,1.0,1,"WG<64,OCC<25"
glm-overlap,1600-1799,decode:157/prefill:42,Agent 2,AMD Radeon RX 9070,"at::native::index_elementwise_kernel<128, 4, at::native::gpu_index_kernel<at::native::index_put_kernel_impl<at::native::OpaqueType<4> >(at::TensorIter",0.5376884422110553,0.001975100502512563,5.607808379588129e-05,1.615645300642472e-05,3673.3177570093458,3200,2960,4560,27266.070351758794,1,128,4,0.1953125,16,16,0,0,"(128, 1, 1)/(128, 1, 1)",0.6961085880751567,1.0,2,"WG<64,OCC<25"
glm-overlap,1600-1799,decode:157/prefill:42,Agent 2,AMD Radeon RX 9070,"at::native::vectorized_elementwise_kernel<4, at::native::compare_scalar_kernel<int>(at::TensorIteratorBase&, at::native::anon::OpType, int)::{lambda(i",0.6331658291457286,0.0013447386934673366,3.818052247968864e-05,1.1000051632454998e-05,2123.8333333333335,2000.0,1400,4320.0,2833.3015075376884,1,256,8,0.390625,24,16,0,0,"(256, 1, 1)/(256, 1, 1)",1.0,1.0,1,"WG<64,OCC<25"
glm-overlap,1600-1799,decode:157/prefill:42,Agent 2,AMD Radeon RX 9070,"at::native::anon::CatArrayBatchedCopy<at::native::anon::OpaqueType<4u>, unsigned int, 1, 64, 64>",0.3165829145728643,0.001266748743718593,3.596619114227924e-05,1.03620886748809e-05,4001.3174603174602,2600,2240,8960,79311.27135678392,3,256,24,1.171875,8,16,0,0,"(256, 3, 1)/(256, 1, 1)",0.5845773019203993,1.0,2,"WG<64,OCC<25"
glm-overlap,1600-1799,decode:157/prefill:42,Agent 2,AMD Radeon RX 9070,__amd_rocclr_fillBufferAligned,0.4221105527638191,0.0011811206030150755,3.353499230275242e-05,9.66164480909078e-06,2798.1309523809523,2480.5,2080,4420.0,1974.497487437186,1,256,8,0.390625,16,16,0,0,"(256, 1, 1)/(256, 1, 1)",1.0,1.0,1,"WG<64,OCC<25"
glm-overlap,1600-1799,decode:157/prefill:42,Agent 2,AMD Radeon RX 9070,"at::native::index_elementwise_kernel<128, 4, at::native::gpu_index_kernel<at::native::index_kernel_impl<at::native::OpaqueType<2> >(at::TensorIterator",0.3165829145728643,0.0011692462311557789,3.3197848942552785e-05,9.56451166033127e-06,3693.3333333333335,3360,3040,4320,9005.190954773869,4,128,16,0.78125,16,16,0,0,"(512, 1, 1)/(128, 1, 1)",1.0,1.0,1,"WG<64,OCC<25"
glm-overlap,1600-1799,decode:157/prefill:42,Agent 2,AMD Radeon RX 9070,"at::native::elementwise_kernel_manual_unroll<128, 4, at::native::gpu_kernel_impl_nocast<at::native::direct_copy_kernel_cuda(at::TensorIteratorBase&)::",0.4221105527638191,0.0011596180904522614,3.292448174909425e-05,9.48575283129055e-06,2747.190476190476,2600.0,2360,4340.5,2016.1708542713568,1,128,4,0.1953125,24,16,0,0,"(128, 1, 1)/(128, 1, 1)",1.0,1.0,1,"WG<64,OCC<25"
glm-overlap,1600-1799,decode:157/prefill:42,Agent 2,AMD Radeon RX 9070,"at::native::reduce_kernel<512, 1, at::native::ReduceOp<c10::BFloat16, at::native::ArgMaxOps<float>, unsigned int, long, 4, 4> >",0.10552763819095477,0.0010351959798994973,2.9391824280392142e-05,8.467971721140119e-06,9809.714285714286,9800,9640,4080,437.79396984924625,64,512,1024,50.0,40,16,0,512,"(512, 64, 1)/(512, 1, 1)",1.0,0.0,1,
glm-overlap,1600-1799,decode:157/prefill:42,Agent 2,AMD Radeon RX 9070,"at::native::reduce_kernel<512, 1, at::native::ReduceOp<bool, at::native::func_wrapper_t<bool, at::native::and_kernel_cuda(at::TensorIterator&)::{lambd",0.21105527638190955,0.0009302613065326633,2.6412464294065912e-05,7.609599138661877e-06,4407.666666666667,3840.0,3600,3643709.0,647469.7487437186,1,32,1,0.048828125,32,16,12,512,"(32, 1, 1)/(32, 1, 1)",1.0,1.0,1,"WG<64,OCC<25,SPILL12B"
glm-overlap,1600-1799,decode:157/prefill:42,Agent 2,AMD Radeon RX 9070,"at::native::vectorized_elementwise_kernel<16, at::native::BinaryFunctor<bool, bool, bool, at::native::BitwiseAndFunctor<bool> >, std::array<char*, 3ul",0.3165829145728643,0.0008422160804020102,2.391263830419799e-05,6.889383353890241e-06,2660.3333333333335,1640,1560,4280,2489.4422110552764,1,256,8,0.390625,40,16,0,0,"(256, 1, 1)/(256, 1, 1)",1.0,1.0,1,"WG<64,OCC<25"
glm-overlap,1600-1799,decode:157/prefill:42,Agent 2,AMD Radeon RX 9070,"at::native::vectorized_elementwise_kernel<4, at::native::BUnaryFunctor<int, int, int, at::native::remainder_kernel_cuda(at::TensorIteratorBase&)::{lam",0.21105527638190955,0.0008116633165829146,2.304516829572833e-05,6.639459721026161e-06,3845.7380952380954,2360.0,2000,4400.0,942.5226130653266,1,256,8,0.390625,16,16,0,0,"(256, 1, 1)/(256, 1, 1)",1.0,1.0,1,"WG<64,OCC<25"
glm-overlap,1600-1799,decode:157/prefill:42,Agent 2,AMD Radeon RX 9070,"at::native::elementwise_kernel_manual_unroll<128, 4, at::native::gpu_kernel_impl_nocast<at::native::BUnaryFunctor<int, int, int, at::native::binary_in",0.21105527638190955,0.0006388040201005025,1.813725697642769e-05,5.225459219892693e-06,3026.714285714286,2760.0,2400,4340.0,1849.2613065326634,1,128,4,0.1953125,24,16,0,0,"(128, 1, 1)/(128, 1, 1)",1.0,1.0,1,"WG<64,OCC<25"
glm-overlap,1600-1799,decode:157/prefill:42,Agent 2,AMD Radeon RX 9070,"at::native::vectorized_elementwise_kernel<4, at::native::BUnaryFunctor<int, int, int, at::native::binary_internal::div_floor_kernel_cuda(at::TensorIte",0.3165829145728643,0.0006126633165829146,1.7395056485628483e-05,5.011626532695498e-06,1935.2380952380952,1880,1720,12480,6816.120603015075,1,256,8,0.390625,16,16,0,0,"(256, 1, 1)/(256, 1, 1)",1.0,1.0,1,"WG<64,OCC<25"
glm-overlap,1600-1799,decode:157/prefill:42,Agent 2,AMD Radeon RX 9070,"at::native::vectorized_elementwise_kernel<4, at::native::CUDAFunctorOnSelf_add<int>, std::array<char*, 2ul> >",0.3165829145728643,0.000517391959798995,1.469006242467843e-05,4.2323005202826535e-06,1634.3015873015872,1320,1160,4280,1566.2462311557788,1,256,8,0.390625,16,16,0,0,"(256, 1, 1)/(256, 1, 1)",0.5314633696253921,1.0,2,"WG<64,OCC<25"
glm-overlap,1600-1799,decode:157/prefill:42,Agent 2,AMD Radeon RX 9070,"at::native::vectorized_elementwise_kernel<4, at::native::anon::launch_clamp_scalar(at::TensorIteratorBase&, c10::Scalar, c10::Scalar, at::native::deta",0.3165829145728643,0.00047679396984924626,1.353738311572672e-05,3.900206271942374e-06,1506.063492063492,1240,1120,4160,2293.5577889447236,1,256,8,0.390625,16,16,0,0,"(256, 1, 1)/(256, 1, 1)",0.5349908307160472,1.0,2,"WG<64,OCC<25"
glm-overlap,1600-1799,decode:157/prefill:42,Agent 2,AMD Radeon RX 9070,"at::native::vectorized_elementwise_kernel<4, at::native::AUnaryFunctor<int, int, bool, at::native::anon::CompareEqFunctor<int> >, std::array<char*, 2u",0.21105527638190955,0.0003981909547738694,1.1305645307752632e-05,3.257228399366726e-06,1886.6666666666667,1860.0,1680,4280.0,1338.5226130653266,1,256,8,0.390625,24,16,0,0,"(256, 1, 1)/(256, 1, 1)",1.0,1.0,1,"WG<64,OCC<25"
glm-overlap,1600-1799,decode:157/prefill:42,Agent 2,AMD Radeon RX 9070,rocprim::ROCPRIM_400200_NS::detail::trampoline_kernel<rocprim::ROCPRIM_400200_NS::detail::wrapped_partition_config<rocprim::ROCPRIM_400200_NS::default,0.10552763819095477,0.0002999045226130654,8.515045653861495e-06,2.4532388705528214e-06,2841.9523809523807,2840,2760,4360,530.8592964824121,1,256,8,0.390625,64,16,0,12800,"(256, 1, 1)/(256, 1, 1)",1.0,1.0,1,"WG<64,OCC<25"
glm-overlap,1600-1799,decode:157/prefill:42,Agent 2,AMD Radeon RX 9070,"at::native::elementwise_kernel_manual_unroll<128, 4, at::native::gpu_kernel_impl_nocast<at::native::CUDAFunctor_add<int> >(at::TensorIteratorBase&, at",0.11557788944723618,0.00029467336683417086,8.366519950108712e-06,2.4104476695969815e-06,2549.5652173913045,2520,2440,4240,927.2462311557789,4,128,16,0.78125,24,16,0,0,"(512, 1, 1)/(128, 1, 1)",0.9147339699863575,1.0,2,"WG<64,OCC<25"
glm-overlap,1600-1799,decode:157/prefill:42,Agent 2,AMD Radeon RX 9070,rocprim::ROCPRIM_400200_NS::detail::trampoline_kernel<rocprim::ROCPRIM_400200_NS::detail::wrapped_reduce_config<rocprim::ROCPRIM_400200_NS::default_co,0.10552763819095477,0.00023740201005025124,6.740441712192802e-06,1.941964175558837e-06,2249.6666666666665,2201,2120,4440,483.62311557788945,1,256,8,0.390625,8,16,0,512,"(256, 1, 1)/(256, 1, 1)",1.0,1.0,1,"WG<64,OCC<25"
glm-overlap,1600-1799,decode:157/prefill:42,Agent 2,AMD Radeon RX 9070,rocprim::ROCPRIM_400200_NS::detail::trampoline_kernel<rocprim::ROCPRIM_400200_NS::detail::wrapped_transform_config<rocprim::ROCPRIM_400200_NS::default,0.10552763819095477,0.00022834170854271358,6.483196905404841e-06,1.8678503087736501e-06,2163.809523809524,2160,1640,56960,6013.522613065326,1,1024,32,1.5625,8,16,0,0,"(1024, 1, 1)/(1024, 1, 1)",1.0,1.0,1,"WG<64,OCC<25"
glm-overlap,1600-1799,decode:157/prefill:42,Agent 2,AMD Radeon RX 9070,"rocprim::ROCPRIM_400200_NS::detail::init_lookback_scan_state_kernel<rocprim::ROCPRIM_400200_NS::detail::lookback_scan_state<unsigned long, false, true",0.10552763819095477,0.00018753768844221105,5.32466788093549e-06,1.5340707201459645e-06,1777.142857142857,1760,1560,4440,471.36180904522615,1,256,8,0.390625,8,16,0,0,"(256, 1, 1)/(256, 1, 1)",1.0,1.0,1,"WG<64,OCC<25"
glm-overlap,1600-1799,decode:157/prefill:42,Agent 2,AMD Radeon RX 9070,"at::native::unrolled_elementwise_kernel<at::native::CUDAFunctorOnSelf_add<int>, std::array<char*, 2ul>, 4, TrivialOffsetCalculator<1, unsigned int>, T",0.10552763819095477,0.00017969849246231154,5.102093339288669e-06,1.469945577503207e-06,1702.857142857143,1680,1560,4120,433.3718592964824,1,256,8,0.390625,16,16,0,0,"(256, 1, 1)/(256, 1, 1)",1.0,1.0,1,"WG<64,OCC<25"
