tag,window,classes,agent,product,kernel,n_per_step,ms_per_step,share_of_busy,share_of_wall,ns_per_dispatch_mean,ns_per_dispatch_median,ns_per_dispatch_min,gap_after_ns_median,gap_after_ns_total_per_step,workgroups,threads_per_wg,waves,occ_upper_pct,vgpr,waves_per_simd_by_vgpr,scratch_b,lds_b,top_grid,dom_grid_time_frac,starved_time_frac,n_distinct_grids,flags
qwen-normal,120-319,decode:199,Agent 1,AMD Radeon RX 9070 XT,"gemv_decode::gemv_decode_core<__hip_bfloat16, gemv_decode::Bf16GemvLoader<__hip_bfloat16>, false, false, false, 16, 1, 1, false, 0>",183.5175879396985,2.811530391959799,0.5167145572297508,0.04653749206779849,15320.223110624316,3920.0,3160,0.0,1211758.432160804,384,512,6144,100.0,24,16,0,512,"(196608, 1, 1)/(512, 1, 1)",0.33060247264464854,0.17030953802967175,8,
qwen-normal,120-319,decode:199,Agent 1,AMD Radeon RX 9070 XT,"custom_ar::one_shot_ar_vec_kernel<__hip_bfloat16, 8>",59.21608040201005,0.932111432160804,0.1713072522122128,0.015428653556275679,15740.849881194841,12760.0,7680,0.0,5194083.984924623,8,256,64,3.125,32,16,0,512,"(2048, 1, 1)/(256, 1, 1)",1.0,1.0,1,"WG<64,OCC<25"
qwen-normal,120-319,decode:199,Agent 1,AMD Radeon RX 9070 XT,"w4a8_tile::moe_gemm_tiled_kernel<__hip_bfloat16, w4a8_tile::WmmaFp8, w4a8_tile::Int4Fp8Loader, true, 64, 4, 0, false>",29.241206030150753,0.5842220603015076,0.10737072025820117,0.009670259860916009,19979.410551641176,19520,19040,0,34040.41206030151,1024,128,4096,100.0,40,16,0,0,"(4096, 8, 4)/(128, 1, 1)",1.0,0.0,1,
qwen-normal,120-319,decode:199,Agent 1,AMD Radeon RX 9070 XT,"gemv_decode::gemv_decode_core<__hip_bfloat16, gemv_decode::Int4Fp8GemvLoader, true, true, false, 32, 8, 1, false, 0>",29.241206030150753,0.43193756783919596,0.07938325324712225,0.007149590555586701,14771.53737755628,14760,13160,0,33330.50753768844,64,1024,2048,75.0,112,12,0,512,"(8192, 8, 1)/(1024, 1, 1)",1.0,0.0,1,
qwen-normal,120-319,decode:199,Agent 1,AMD Radeon RX 9070 XT,"gdn_decode_conv_gated_kernel<c10::BFloat16, c10::BFloat16, 128, 128, true>",21.92964824120603,0.42327066834170857,0.07779041500172904,0.007006132826027683,19301.297662694775,14720.0,12400,6.5,129972.78894472362,8,256,64,3.125,176,8,0,0,"(2048, 1, 1)/(256, 1, 1)",1.0,1.0,1,"WG<64,OCC<25"
qwen-normal,120-319,decode:199,Agent 1,AMD Radeon RX 9070 XT,"anon::moe_route_align_kernel<1, 8, true, c10::BFloat16>",29.241206030150753,0.1954790201005025,0.03592593400654265,0.0032356411203533003,6685.053273758378,6680,6480,0,89009.68844221106,1,256,8,0.390625,48,16,0,0,"(256, 1, 1)/(256, 1, 1)",1.0,1.0,1,"WG<64,OCC<25"
qwen-normal,120-319,decode:199,Agent 1,AMD Radeon RX 9070 XT,"anon::flash_decode_paged_fp8_split_kernel<__hip_bfloat16, 256, 16, 4>",7.311557788944723,0.18331563819095478,0.03369049791956963,0.0030343083192738815,25072.035738831615,25040,19360,0,32238.467336683418,128,256,1024,50.0,112,12,0,8704,"(512, 1, 64)/(256, 1, 1)",1.0,0.0,1,
qwen-normal,120-319,decode:199,Agent 1,AMD Radeon RX 9070 XT,"gemv_decode::gemv_decode_core<__hip_bfloat16, gemv_decode::Bf16GemvLoader<__hip_bfloat16>, false, false, false, 8, 1, 1, true, 0>",29.241206030150753,0.14178804522613067,0.02605838699770298,0.002346928224176229,4848.912356074927,4840,4600,0,78675.57286432161,8,256,64,3.125,16,16,0,512,"(2048, 1, 1)/(256, 1, 1)",1.0,1.0,1,"WG<64,OCC<25"
qwen-normal,120-319,decode:199,Agent 1,AMD Radeon RX 9070 XT,"anon::rms_norm_add_kernel<__hip_bfloat16, true>",29.241206030150753,0.08190690954773869,0.015053186912738948,0.0013557534943517981,2801.078363980065,2800,2560,2915,2570253.7236180906,1,256,8,0.390625,40,16,0,512,"(256, 1, 1)/(256, 1, 1)",1.0,1.0,1,"WG<64,OCC<25"
qwen-normal,120-319,decode:199,Agent 1,AMD Radeon RX 9070 XT,"anon::rms_norm_add_kernel<__hip_bfloat16, false>",29.251256281407034,0.06901872864321608,0.012684544301361993,0.0011424235519375923,2359.5133138635974,2360,2120,8640,418419.0904522613,1,256,8,0.390625,32,16,0,512,"(256, 1, 1)/(256, 1, 1)",1.0,1.0,1,"WG<64,OCC<25"
qwen-normal,120-319,decode:199,Agent 1,AMD Radeon RX 9070 XT,__amd_rocclr_copyBuffer,30.13065326633166,0.05652547236180904,0.010388482552833207,0.0009356305481131945,1876.0121747831888,1680.0,920,5234,1344922.1859296483,1,512,16,0.78125,16,16,0,0,"(512, 1, 1)/(512, 1, 1)",0.8782910964052405,1.0,4,"WG<64,OCC<25"
qwen-normal,120-319,decode:199,Agent 1,AMD Radeon RX 9070 XT,"at::native::elementwise_kernel_manual_unroll<128, 8, at::native::gpu_kernel_impl_nocast<at::native::BinaryFunctor<c10::BFloat16, c10::BFloat16, c10::B",29.241206030150753,0.05229609045226131,0.009611189443359067,0.0008656242527410608,1788.4382196253653,1800,1640,7962,376726.8743718593,2,128,8,0.390625,48,16,0,0,"(256, 1, 1)/(128, 1, 1)",1.0,1.0,1,"WG<64,OCC<25"
qwen-normal,120-319,decode:199,Agent 1,AMD Radeon RX 9070 XT,"at::native::vectorized_elementwise_kernel<8, at::native::sigmoid_kernel_cuda(at::TensorIteratorBase&)::{lambda()#2}::operator()() const::{lambda()#4}:",36.552763819095475,0.04867553266331658,0.008945788521430834,0.0008056954396413124,1331.6512235358812,1320.0,1120,2187.0,13440536.005025126,1,256,8,0.390625,48,16,0,0,"(256, 1, 1)/(256, 1, 1)",1.0,1.0,1,"WG<64,OCC<25"
qwen-normal,120-319,decode:199,Agent 1,AMD Radeon RX 9070 XT,w4a8_fp8_moe::moe_compute_act_fp8_kernel<__hip_bfloat16>,29.241206030150753,0.0470960703517588,0.008655508476330993,0.0007795515946358631,1610.6062897405052,1561,1520,4375,276110.06532663316,128,256,1024,50.0,16,16,0,512,"(32768, 1, 1)/(256, 1, 1)",1.0,0.0,1,
qwen-normal,120-319,decode:199,Agent 1,AMD Radeon RX 9070 XT,"anon::gated_mul_kernel<__hip_bfloat16, anon::SiluAct>",29.246231155778894,0.03939772361809045,0.007240674820161356,0.0006521257090477924,1347.1042955326461,1320.0,1120,2934.5,493895.98994974873,1,256,8,0.390625,72,16,0,0,"(256, 1, 1)/(256, 1, 1)",1.0,1.0,1,"WG<64,OCC<25"
qwen-normal,120-319,decode:199,Agent 1,AMD Radeon RX 9070 XT,"at::native::elementwise_kernel_manual_unroll<128, 4, at::native::gpu_kernel_impl<at::native::direct_copy_kernel_cuda(at::TensorIteratorBase&)::{lambda",24.13065326633166,0.038408381909547734,0.007058849553630187,0.0006357497587662963,1591.6842982090795,1480.0,1280,11333.5,16978140.26130653,1,128,4,0.1953125,16,16,0,0,"(128, 1, 1)/(128, 1, 1)",1.0,1.0,1,"WG<64,OCC<25"
qwen-normal,120-319,decode:199,Agent 1,AMD Radeon RX 9070 XT,"at::native::vectorized_elementwise_kernel<8, at::native::CUDAFunctor_add<c10::BFloat16>, std::array<char*, 3ul> >",29.246231155778894,0.033438256281407036,0.006145419533216706,0.0005534823990902259,1143.3355670103092,1120.0,1000,4662.5,3335826.4371859296,1,256,8,0.390625,32,16,0,0,"(256, 1, 1)/(256, 1, 1)",1.0,1.0,1,"WG<64,OCC<25"
qwen-normal,120-319,decode:199,Agent 1,AMD Radeon RX 9070 XT,"at::native::vectorized_elementwise_kernel<4, at::native::bfloat16_copy_kernel_cuda(at::TensorIteratorBase&)::{lambda(float)#1}, std::array<char*, 2ul>",29.241206030150753,0.03131601507537688,0.00575538536241615,0.0005183542768497478,1070.954975081629,1080,960,2577,841944.4522613066,1,256,8,0.390625,32,16,0,0,"(256, 1, 1)/(256, 1, 1)",1.0,1.0,1,"WG<64,OCC<25"
qwen-normal,120-319,decode:199,Agent 1,AMD Radeon RX 9070 XT,"anon::rms_norm_kernel<__hip_bfloat16, false>",15.35175879396985,0.029157422110552764,0.005358670316671662,0.00048262444683781444,1899.2887070376432,1880,1720,122,228051.608040201,1,256,8,0.390625,32,16,0,512,"(256, 1, 1)/(256, 1, 1)",0.5342923623573783,1.0,2,"WG<64,OCC<25"
qwen-normal,120-319,decode:199,Agent 1,AMD Radeon RX 9070 XT,anon::rope_kernel<__hip_bfloat16>,14.623115577889447,0.027597015075376884,0.005071892328219236,0.00045679601182259985,1887.2185567010308,1880.0,1760,0.0,7353205.291457286,1,256,8,0.390625,48,16,0,0,"(256, 1, 1)/(256, 1, 1)",1.0,1.0,1,"WG<64,OCC<25"
qwen-normal,120-319,decode:199,Agent 1,AMD Radeon RX 9070 XT,ncclDevKernel_Generic_4,0.7336683417085427,0.027493959798994976,0.005052952407933064,0.00045509020272984274,37474.643835616436,37400.0,34881,3210.5,3793.5125628140704,2,256,16,0.78125,256,5,776,21504,"(512, 1, 1)/(256, 1, 1)",1.0,1.0,1,"WG<64,OCC<25,SPILL776B"
qwen-normal,120-319,decode:199,Agent 1,AMD Radeon RX 9070 XT,"at::native::elementwise_kernel_manual_unroll<128, 8, at::native::gpu_kernel_impl_nocast<at::native::direct_copy_kernel_cuda(at::TensorIteratorBase&)::",14.623115577889447,0.02731921608040201,0.005020837292464401,0.0004521977799976634,1868.2213058419245,1880.0,1800,557.0,208607.77386934674,2,128,8,0.390625,32,16,0,0,"(256, 1, 1)/(128, 1, 1)",1.0,1.0,1,"WG<64,OCC<25"
qwen-normal,120-319,decode:199,Agent 1,AMD Radeon RX 9070 XT,"anon::flash_decode_reduce_kernel<__hip_bfloat16, 256>",7.311557788944723,0.02528724120603015,0.004647392637369936,0.00041856377950153846,3458.5298969072164,3440,3360,0,21862.19095477387,32,64,64,3.125,56,16,0,0,"(512, 1, 4)/(64, 1, 1)",1.0,1.0,1,"WG<64,OCC<25"
qwen-normal,120-319,decode:199,Agent 1,AMD Radeon RX 9070 XT,"at::native::vectorized_elementwise_kernel<4, at::native::FillFunctor<float>, std::array<char*, 1ul> >",29.241206030150753,0.024214914572864323,0.004450316061905383,0.00040081423202100835,828.1092971300911,800,640,2157,184605.13065326633,2,256,16,0.78125,8,16,0,0,"(512, 1, 1)/(256, 1, 1)",1.0,1.0,1,"WG<64,OCC<25"
qwen-normal,120-319,decode:199,Agent 1,AMD Radeon RX 9070 XT,"at::native::anon::CatArrayBatchedCopy_contig<at::native::anon::OpaqueType<2u>, unsigned int, 2, 128, 1>",7.311557788944723,0.019307125628140704,0.0035483425321857754,0.0003195786922101443,2640.6309278350514,2640,2520,0,87732.9296482412,3,256,24,1.171875,8,16,0,0,"(256, 3, 1)/(256, 1, 1)",1.0,1.0,1,"WG<64,OCC<25"
qwen-normal,120-319,decode:199,Agent 1,AMD Radeon RX 9070 XT,"at::native::index_elementwise_kernel<128, 4, at::native::gpu_index_kernel<at::native::index_kernel_impl<at::native::OpaqueType<4> >(at::TensorIterator",2.9346733668341707,0.012172170854271356,0.002237051355189346,0.0002014782789467498,4147.708904109589,3080.0,2360,20744.0,57511.3216080402,1,128,4,0.1953125,16,16,0,0,"(128, 1, 1)/(128, 1, 1)",0.67884192543994,1.0,2,"WG<64,OCC<25"
qwen-normal,120-319,decode:199,Agent 1,AMD Radeon RX 9070 XT,"anon::store_kv_kernel<__hip_bfloat16, unsigned char>",7.311557788944723,0.010781788944723618,0.001981521279887038,0.0001784641627658163,1474.6226804123712,1440,1320,5433,76538.49246231155,1,256,8,0.390625,48,16,0,0,"(256, 1, 1)/(256, 1, 1)",1.0,1.0,1,"WG<64,OCC<25"
qwen-normal,120-319,decode:199,Agent 1,AMD Radeon RX 9070 XT,"at::native::elementwise_kernel_manual_unroll<128, 4, at::native::gpu_kernel_impl<at::native::BinaryFunctor<c10::BFloat16, c10::BFloat16, c10::BFloat16",0.7286432160804021,0.009645899497487436,0.0017727628704211297,0.0001596625000515099,13238.16551724138,13240,13000,4532,3255.5527638190956,4,128,16,0.78125,24,16,0,0,"(512, 1, 1)/(128, 1, 1)",1.0,1.0,1,"WG<64,OCC<25"
qwen-normal,120-319,decode:199,Agent 1,AMD Radeon RX 9070 XT,"at::native::reduce_kernel<512, 1, at::native::ReduceOp<float, at::native::ArgMaxOps<float>, unsigned int, long, 4, 4> >",0.7336683417085427,0.008160261306532662,0.001499726206034334,0.00013507166663036263,11122.547945205479,9360.0,9080,16094.5,12232.261306532664,64,512,1024,50.0,40,16,0,512,"(512, 64, 1)/(512, 1, 1)",1.0,0.0,1,
qwen-normal,120-319,decode:199,Agent 1,AMD Radeon RX 9070 XT,"at::native::vectorized_elementwise_kernel<8, at::native::BinaryFunctor<c10::BFloat16, c10::BFloat16, c10::BFloat16, at::native::binary_internal::MulFu",7.311557788944723,0.007679231155778894,0.0014113205170644785,0.0001271094774649554,1050.2865979381443,1040,960,7448,90839.96984924623,1,256,8,0.390625,32,16,0,0,"(256, 1, 1)/(256, 1, 1)",1.0,1.0,1,"WG<64,OCC<25"
qwen-normal,120-319,decode:199,Agent 1,AMD Radeon RX 9070 XT,"at::native::index_elementwise_kernel<128, 4, at::native::gpu_index_kernel<at::native::index_put_kernel_impl<at::native::OpaqueType<4> >(at::TensorIter",1.5175879396984924,0.004822939698492463,0.000886379588134274,7.983108367027487e-05,3178.0298013245033,2920.0,2600,37100.5,70233.6582914573,1,128,4,0.1953125,16,16,0,0,"(128, 1, 1)/(128, 1, 1)",1.0,1.0,1,"WG<64,OCC<25"
qwen-normal,120-319,decode:199,Agent 1,AMD Radeon RX 9070 XT,__amd_rocclr_fillBufferAligned,1.4673366834170853,0.004195402010050251,0.0007710481445348427,6.944384749397762e-05,2859.195205479452,2420.5,1880,3970.0,6654.075376884422,1,256,8,0.390625,16,16,0,0,"(256, 1, 1)/(256, 1, 1)",1.0,1.0,1,"WG<64,OCC<25"
qwen-normal,120-319,decode:199,Agent 1,AMD Radeon RX 9070 XT,"at::native::vectorized_elementwise_kernel<4, at::native::BUnaryFunctor<int, int, int, at::native::binary_internal::div_floor_kernel_cuda(at::TensorIte",1.4673366834170853,0.003884457286432161,0.0007139014511728505,6.429697529573193e-05,2647.2842465753424,2160.0,1640,19191.0,28623.94472361809,3,256,24,1.171875,16,16,0,0,"(768, 1, 1)/(256, 1, 1)",0.552601722882199,1.0,2,"WG<64,OCC<25"
qwen-normal,120-319,decode:199,Agent 1,AMD Radeon RX 9070 XT,"anon::elementwise_kernel_with_index_grid_stride<int, at::native::arange_cuda_out(c10::Scalar const&, c10::Scalar const&, c10::Scalar const&, at::Tenso",1.5175879396984924,0.003663356783919598,0.0006732666963127337,6.0637237911676026e-05,2413.933774834437,2360.0,1160,21320.0,29616.24623115578,1,128,4,0.1953125,8,16,0,0,"(128, 1, 1)/(128, 1, 1)",1.0,1.0,1,"WG<64,OCC<25"
qwen-normal,120-319,decode:199,Agent 1,AMD Radeon RX 9070 XT,"at::native::vectorized_elementwise_kernel<4, at::native::compare_scalar_kernel<int>(at::TensorIteratorBase&, at::native::anon::OpType, int)::{lambda(i",1.4673366834170853,0.002482643216080402,0.00045627032658972303,4.1093629756205545e-05,1691.9383561643835,1720.0,1320,5278.0,6620.668341708542,1,256,8,0.390625,24,16,0,0,"(256, 1, 1)/(256, 1, 1)",1.0,1.0,1,"WG<64,OCC<25"
qwen-normal,120-319,decode:199,Agent 1,AMD Radeon RX 9070 XT,"at::native::elementwise_kernel_manual_unroll<128, 4, at::native::gpu_kernel_impl_nocast<at::native::direct_copy_kernel_cuda(at::TensorIteratorBase&)::",0.7336683417085427,0.0024424371859296484,0.0004488810978882573,4.042812465813897e-05,3329.0753424657532,2480.0,2280,3933.0,2967.824120603015,1,128,4,0.1953125,24,16,0,0,"(128, 1, 1)/(128, 1, 1)",1.0,1.0,1,"WG<64,OCC<25"
qwen-normal,120-319,decode:199,Agent 1,AMD Radeon RX 9070 XT,"at::native::index_elementwise_kernel<128, 4, at::native::gpu_index_kernel<at::native::index_kernel_impl<at::native::OpaqueType<2> >(at::TensorIterator",0.7286432160804021,0.0023821256281407036,0.00043779679306698584,3.942982542216908e-05,3269.2620689655173,3200,3120,3913,3199.522613065327,4,128,16,0.78125,16,16,0,0,"(512, 1, 1)/(128, 1, 1)",1.0,1.0,1,"WG<64,OCC<25"
qwen-normal,120-319,decode:199,Agent 1,AMD Radeon RX 9070 XT,rocprim::ROCPRIM_400200_NS::detail::trampoline_kernel<rocprim::ROCPRIM_400200_NS::detail::wrapped_partition_config<rocprim::ROCPRIM_400200_NS::default,0.7336683417085427,0.0020734070351758793,0.00038105922710341235,3.431980096276148e-05,2826.082191780822,2641.0,2440,4357.5,3693.5829145728644,1,256,8,0.390625,64,16,0,12800,"(256, 1, 1)/(256, 1, 1)",1.0,1.0,1,"WG<64,OCC<25"
qwen-normal,120-319,decode:199,Agent 1,AMD Radeon RX 9070 XT,"at::native::vectorized_elementwise_kernel<4, at::native::bfloat16tofloat32_copy_kernel_cuda(at::TensorIteratorBase&)::{lambda(c10::BFloat16)#1}, std::",0.7336683417085427,0.0016625427135678393,0.00030554890125798713,2.7519022581544187e-05,2266.068493150685,2240.0,2160,21846.0,16745.577889447235,122,256,976,47.65625,16,16,0,0,"(31232, 1, 1)/(256, 1, 1)",1.0,0.0,1,
qwen-normal,120-319,decode:199,Agent 1,AMD Radeon RX 9070 XT,rocprim::ROCPRIM_400200_NS::detail::trampoline_kernel<rocprim::ROCPRIM_400200_NS::detail::wrapped_transform_config<rocprim::ROCPRIM_400200_NS::default,0.7336683417085427,0.0015815175879396984,0.0002906577722013149,2.6177864701126054e-05,2155.6301369863013,2160.0,2040,54764.0,40861.05527638191,1,1024,32,1.5625,8,16,0,0,"(1024, 1, 1)/(1024, 1, 1)",1.0,1.0,1,"WG<64,OCC<25"
qwen-normal,120-319,decode:199,Agent 1,AMD Radeon RX 9070 XT,rocprim::ROCPRIM_400200_NS::detail::trampoline_kernel<rocprim::ROCPRIM_400200_NS::detail::wrapped_reduce_config<rocprim::ROCPRIM_400200_NS::default_co,0.7336683417085427,0.0014186934673366834,0.0002607332892135765,2.3482739568323496e-05,1933.6986301369864,1920.0,1760,0.0,14404.778894472362,1,256,8,0.390625,8,16,0,512,"(256, 1, 1)/(256, 1, 1)",1.0,1.0,1,"WG<64,OCC<25"
qwen-normal,120-319,decode:199,Agent 1,AMD Radeon RX 9070 XT,"rocprim::ROCPRIM_400200_NS::detail::init_lookback_scan_state_kernel<rocprim::ROCPRIM_400200_NS::detail::lookback_scan_state<unsigned long, false, true",0.7336683417085427,0.0011682462311557787,0.0002147050715842359,1.933724418242921e-05,1592.335616438356,1480.0,1320,4268.0,4604.170854271357,1,256,8,0.390625,8,16,0,0,"(256, 1, 1)/(256, 1, 1)",1.0,1.0,1,"WG<64,OCC<25"
qwen-normal,120-319,decode:199,Agent 1,AMD Radeon RX 9070 XT,"at::native::vectorized_elementwise_kernel<16, at::native::BinaryFunctor<bool, bool, bool, at::native::BitwiseAndFunctor<bool> >, std::array<char*, 3ul",0.7336683417085427,0.0011019246231155778,0.0002025162151410481,1.8239464369370504e-05,1501.9383561643835,1480.0,1320,5162.0,3408.105527638191,1,256,8,0.390625,40,16,0,0,"(256, 1, 1)/(256, 1, 1)",1.0,1.0,1,"WG<64,OCC<25"
qwen-normal,120-319,decode:199,Agent 1,AMD Radeon RX 9070 XT,"at::native::vectorized_elementwise_kernel<4, at::native::CUDAFunctorOnSelf_add<int>, std::array<char*, 2ul> >",0.7336683417085427,0.000859713567839196,0.00015800167653204274,1.423029729940312e-05,1171.8013698630136,1160.0,1120,4992.0,2991.105527638191,1,256,8,0.390625,16,16,0,0,"(256, 1, 1)/(256, 1, 1)",1.0,1.0,1,"WG<64,OCC<25"
qwen-normal,120-319,decode:199,Agent 1,AMD Radeon RX 9070 XT,"at::native::vectorized_elementwise_kernel<4, at::native::anon::launch_clamp_scalar(at::TensorIteratorBase&, c10::Scalar, c10::Scalar, at::native::deta",0.7336683417085427,0.0008574874371859296,0.00015759254913362387,1.4193449560565037e-05,1168.7671232876712,1160.0,1040,4511.0,3041.678391959799,1,256,8,0.390625,16,16,0,0,"(256, 1, 1)/(256, 1, 1)",1.0,1.0,1,"WG<64,OCC<25"
qwen-normal,120-319,decode:199,Agent 1,AMD Radeon RX 9070 XT,"at::native::elementwise_kernel_manual_unroll<128, 4, at::native::gpu_kernel_impl_nocast<at::native::CUDAFunctor_add<int> >(at::TensorIteratorBase&, at",0.05025125628140704,0.00012984924623115577,2.3864225677524852e-05,2.149312802654715e-06,2584.0,2280.0,2200,45448.0,2599.56783919598,1,128,4,0.1953125,24,16,0,0,"(128, 1, 1)/(128, 1, 1)",1.0,1.0,1,"WG<64,OCC<25"
qwen-normal,120-319,decode:199,Agent 2,AMD Radeon RX 9070,"gemv_decode::gemv_decode_core<__hip_bfloat16, gemv_decode::Bf16GemvLoader<__hip_bfloat16>, false, false, false, 16, 1, 1, false, 0>",67.47738693467336,0.9012881306532663,0.37634323269066483,0.014918454856836934,13356.891420911528,3920.0,2960,4160,304572.5879396985,384,512,6144,100.0,24,16,0,512,"(196608, 1, 1)/(512, 1, 1)",0.3393656320079416,0.19586807687833144,8,
qwen-normal,120-319,decode:199,Agent 2,AMD Radeon RX 9070,"custom_ar::one_shot_ar_vec_kernel<__hip_bfloat16, 8>",21.77889447236181,0.4685692211055277,0.19565647145756307,0.007755931243984506,21514.830410706047,10920.0,7440,4200.0,3096514.2412060304,8,256,64,3.125,32,16,0,512,"(2048, 1, 1)/(256, 1, 1)",1.0,1.0,1,"WG<64,OCC<25"
qwen-normal,120-319,decode:199,Agent 2,AMD Radeon RX 9070,"w4a8_tile::moe_gemm_tiled_kernel<__hip_bfloat16, w4a8_tile::WmmaFp8, w4a8_tile::Int4Fp8Loader, true, 64, 4, 0, false>",10.753768844221106,0.21184580904522615,0.08845865589094425,0.0035065502710665813,19699.680373831776,19680.0,18760,4160.0,45125.15577889447,1024,128,4096,100.0,40,16,0,0,"(4096, 8, 4)/(128, 1, 1)",1.0,0.0,1,
qwen-normal,120-319,decode:199,Agent 2,AMD Radeon RX 9070,"gemv_decode::gemv_decode_core<__hip_bfloat16, gemv_decode::Int4Fp8GemvLoader, true, true, false, 32, 8, 1, false, 0>",10.748743718592964,0.19210654773869348,0.08021630013547479,0.003179818709101627,17872.465170640487,17840,16000,4160,45190.195979899494,64,1024,2048,75.0,112,12,0,512,"(8192, 8, 1)/(1024, 1, 1)",1.0,0.0,1,
qwen-normal,120-319,decode:199,Agent 2,AMD Radeon RX 9070,"gdn_decode_conv_gated_kernel<c10::BFloat16, c10::BFloat16, 128, 128, true>",8.06532663316583,0.160467175879397,0.06700491624961452,0.0026561121110357327,19895.930218068537,15200,12680,4200,34056.81407035176,8,256,64,3.125,176,8,0,0,"(2048, 1, 1)/(256, 1, 1)",1.0,1.0,1,"WG<64,OCC<25"
qwen-normal,120-319,decode:199,Agent 2,AMD Radeon RX 9070,"anon::moe_route_align_kernel<1, 8, true, c10::BFloat16>",10.748743718592964,0.07300696984924623,0.03048490056348625,0.0012084383970983872,6792.139784946236,6800,5880,4160,45292.19095477387,1,256,8,0.390625,48,16,0,0,"(256, 1, 1)/(256, 1, 1)",1.0,1.0,1,"WG<64,OCC<25"
qwen-normal,120-319,decode:199,Agent 2,AMD Radeon RX 9070,"gemv_decode::gemv_decode_core<__hip_bfloat16, gemv_decode::Bf16GemvLoader<__hip_bfloat16>, false, false, false, 8, 1, 1, true, 0>",10.748743718592964,0.052311236180904525,0.02184315876444204,0.0008658749504495438,4866.730247779336,4880,4400,4160,45122.68341708543,8,256,64,3.125,16,16,0,512,"(2048, 1, 1)/(256, 1, 1)",1.0,1.0,1,"WG<64,OCC<25"
qwen-normal,120-319,decode:199,Agent 2,AMD Radeon RX 9070,"anon::flash_decode_paged_fp8_split_kernel<__hip_bfloat16, 256, 16, 4>",2.6884422110552766,0.04812370351758794,0.020094606302791355,0.0007965613592964702,17900.218691588783,17960,14080,4200,11456.638190954774,128,256,1024,50.0,112,12,0,8704,"(512, 1, 64)/(256, 1, 1)",1.0,0.0,1,
qwen-normal,120-319,decode:199,Agent 2,AMD Radeon RX 9070,"anon::rms_norm_add_kernel<__hip_bfloat16, true>",10.753768844221106,0.030433412060301507,0.012707821491313043,0.0005037451049444588,2830.0228971962615,2840.0,2440,4160.0,858283.7286432161,1,256,8,0.390625,40,16,0,512,"(256, 1, 1)/(256, 1, 1)",1.0,1.0,1,"WG<64,OCC<25"
qwen-normal,120-319,decode:199,Agent 2,AMD Radeon RX 9070,"anon::rms_norm_add_kernel<__hip_bfloat16, false>",10.753768844221106,0.02564345728643216,0.01070772074358271,0.00042445999995981186,2384.6018691588783,2360.0,2120,4160.0,45176.417085427136,1,256,8,0.390625,32,16,0,512,"(256, 1, 1)/(256, 1, 1)",1.0,1.0,1,"WG<64,OCC<25"
qwen-normal,120-319,decode:199,Agent 2,AMD Radeon RX 9070,__amd_rocclr_copyBuffer,11.0,0.022912381909547738,0.00956732878555972,0.0003792542290914684,2082.943809958885,1480,960,4320,356614.8542713568,1,512,16,0.78125,16,16,0,0,"(512, 1, 1)/(512, 1, 1)",0.9083508861812226,1.0,4,"WG<64,OCC<25"
qwen-normal,120-319,decode:199,Agent 2,AMD Radeon RX 9070,"at::native::elementwise_kernel_manual_unroll<128, 8, at::native::gpu_kernel_impl_nocast<at::native::BinaryFunctor<c10::BFloat16, c10::BFloat16, c10::B",10.748743718592964,0.019334296482412063,0.008073258032053209,0.000320028434250545,1798.7494156147732,1800,1600,4160,45238.221105527635,2,128,8,0.390625,48,16,0,0,"(256, 1, 1)/(128, 1, 1)",1.0,1.0,1,"WG<64,OCC<25"
qwen-normal,120-319,decode:199,Agent 2,AMD Radeon RX 9070,"at::native::vectorized_elementwise_kernel<8, at::native::sigmoid_kernel_cuda(at::TensorIteratorBase&)::{lambda()#2}::operator()() const::{lambda()#4}:",13.442211055276381,0.0180450351758794,0.007534912134241585,0.00029868810373245283,1342.4157009345795,1320,1120,4160,5348303.673366834,1,256,8,0.390625,48,16,0,0,"(256, 1, 1)/(256, 1, 1)",1.0,1.0,1,"WG<64,OCC<25"
qwen-normal,120-319,decode:199,Agent 2,AMD Radeon RX 9070,w4a8_fp8_moe::moe_compute_act_fp8_kernel<__hip_bfloat16>,10.753768844221106,0.01794277889447236,0.0074922138469804885,0.0002969955199003622,1668.5107476635515,1640.0,1440,4160.0,45367.95477386934,128,256,1024,50.0,16,16,0,512,"(32768, 1, 1)/(256, 1, 1)",1.0,0.0,1,
qwen-normal,120-319,decode:199,Agent 2,AMD Radeon RX 9070,"anon::gated_mul_kernel<__hip_bfloat16, anon::SiluAct>",10.748743718592964,0.014645261306532664,0.006115297424038076,0.00024241378781913778,1362.5091164095372,1360,1160,4160,45068.63819095477,1,256,8,0.390625,72,16,0,0,"(256, 1, 1)/(256, 1, 1)",1.0,1.0,1,"WG<64,OCC<25"
qwen-normal,120-319,decode:199,Agent 2,AMD Radeon RX 9070,"at::native::elementwise_kernel_manual_unroll<128, 4, at::native::gpu_kernel_impl<at::native::direct_copy_kernel_cuda(at::TensorIteratorBase&)::{lambda",8.864321608040202,0.01410897487437186,0.005891364851686044,0.00023353697622424173,1591.6587301587301,1481.0,1320,4200.0,41072.85929648241,1,128,4,0.1953125,16,16,0,0,"(128, 1, 1)/(128, 1, 1)",1.0,1.0,1,"WG<64,OCC<25"
qwen-normal,120-319,decode:199,Agent 2,AMD Radeon RX 9070,"at::native::vectorized_elementwise_kernel<8, at::native::CUDAFunctor_add<c10::BFloat16>, std::array<char*, 3ul> >",10.753768844221106,0.012419507537688442,0.005185908319653525,0.00020557228731155882,1154.8981308411214,1120.0,1000,4160.0,311786.17587939696,1,256,8,0.390625,32,16,0,0,"(256, 1, 1)/(256, 1, 1)",1.0,1.0,1,"WG<64,OCC<25"
qwen-normal,120-319,decode:199,Agent 2,AMD Radeon RX 9070,"at::native::vectorized_elementwise_kernel<4, at::native::bfloat16_copy_kernel_cuda(at::TensorIteratorBase&)::{lambda(float)#1}, std::array<char*, 2ul>",10.753768844221106,0.011521035175879397,0.004810740843652983,0.0001907004401032209,1071.348598130841,1080.0,960,4160.0,45447.20603015075,1,256,8,0.390625,32,16,0,0,"(256, 1, 1)/(256, 1, 1)",1.0,1.0,1,"WG<64,OCC<25"
qwen-normal,120-319,decode:199,Agent 2,AMD Radeon RX 9070,"anon::rms_norm_kernel<__hip_bfloat16, false>",5.648241206030151,0.010998010050251255,0.004592345682479979,0.00018204313456429258,1947.1565836298932,1920.0,1720,4200.0,23989.658291457286,1,256,8,0.390625,32,16,0,512,"(256, 1, 1)/(256, 1, 1)",0.5312253838519897,1.0,2,"WG<64,OCC<25"
qwen-normal,120-319,decode:199,Agent 2,AMD Radeon RX 9070,anon::rope_kernel<__hip_bfloat16>,5.376884422110553,0.010370060301507538,0.00433013803725313,0.00017164907781331198,1928.6373831775702,1920.0,1720,4160.0,3108089.175879397,1,256,8,0.390625,48,16,0,0,"(256, 1, 1)/(256, 1, 1)",1.0,1.0,1,"WG<64,OCC<25"
qwen-normal,120-319,decode:199,Agent 2,AMD Radeon RX 9070,ncclDevKernel_Generic_4,0.2663316582914573,0.01029108040201005,0.004297159071167196,0.00017034177327309046,38640.09433962264,38600,37520,4480,1364.7688442211056,2,256,16,0.78125,256,5,776,21504,"(512, 1, 1)/(256, 1, 1)",1.0,1.0,1,"WG<64,OCC<25,SPILL776B"
qwen-normal,120-319,decode:199,Agent 2,AMD Radeon RX 9070,"at::native::elementwise_kernel_manual_unroll<128, 8, at::native::gpu_kernel_impl_nocast<at::native::direct_copy_kernel_cuda(at::TensorIteratorBase&)::",5.376884422110553,0.010195180904522613,0.004257115132197676,0.00016875440928215148,1896.1130841121496,1880.0,1720,4120.0,22534.311557788944,2,128,8,0.390625,32,16,0,0,"(256, 1, 1)/(128, 1, 1)",1.0,1.0,1,"WG<64,OCC<25"
qwen-normal,120-319,decode:199,Agent 2,AMD Radeon RX 9070,"anon::flash_decode_reduce_kernel<__hip_bfloat16, 256>",2.6884422110552766,0.009678010050251255,0.004041164489411777,0.00016019400581037072,3599.8579439252335,3600,3200,4160,11289.442211055277,32,64,64,3.125,56,16,0,0,"(512, 1, 4)/(64, 1, 1)",1.0,1.0,1,"WG<64,OCC<25"
qwen-normal,120-319,decode:199,Agent 2,AMD Radeon RX 9070,"at::native::vectorized_elementwise_kernel<4, at::native::FillFunctor<float>, std::array<char*, 1ul> >",10.748743718592964,0.008993773869346735,0.003755453796584969,0.00014886827519319294,836.7279102384292,840,680,4160,45248.42211055276,2,256,16,0.78125,8,16,0,0,"(512, 1, 1)/(256, 1, 1)",1.0,1.0,1,"WG<64,OCC<25"
qwen-normal,120-319,decode:199,Agent 2,AMD Radeon RX 9070,"at::native::anon::CatArrayBatchedCopy_contig<at::native::anon::OpaqueType<2u>, unsigned int, 2, 128, 1>",2.6884422110552766,0.007228341708542713,0.0030182772778933518,0.00011964618838431302,2688.6728971962616,2680,2480,4160,11338.341708542714,3,256,24,1.171875,8,16,0,0,"(256, 3, 1)/(256, 1, 1)",1.0,1.0,1,"WG<64,OCC<25"
qwen-normal,120-319,decode:199,Agent 2,AMD Radeon RX 9070,"at::native::index_elementwise_kernel<128, 4, at::native::gpu_index_kernel<at::native::index_kernel_impl<at::native::OpaqueType<4> >(at::TensorIterator",1.065326633165829,0.005470562814070352,0.0022842964686468495,9.055078127351526e-05,5135.103773584906,3480.0,2600,4740.0,13467.43216080402,1,128,4,0.1953125,16,16,0,0,"(128, 1, 1)/(128, 1, 1)",0.7611703388258032,1.0,2,"WG<64,OCC<25"
qwen-normal,120-319,decode:199,Agent 2,AMD Radeon RX 9070,"anon::store_kv_kernel<__hip_bfloat16, unsigned char>",2.6884422110552766,0.004235381909547738,0.0017685324651545496,7.010560959374237e-05,1575.403738317757,1520,1360,4160,11266.050251256282,1,256,8,0.390625,48,16,0,0,"(256, 1, 1)/(256, 1, 1)",1.0,1.0,1,"WG<64,OCC<25"
qwen-normal,120-319,decode:199,Agent 2,AMD Radeon RX 9070,"at::native::elementwise_kernel_manual_unroll<128, 4, at::native::gpu_kernel_impl<at::native::BinaryFunctor<c10::BFloat16, c10::BFloat16, c10::BFloat16",0.2663316582914573,0.0035652311557788944,0.001488703304550105,5.901302618189899e-05,13386.433962264151,13400,13200,4160,1119.6030150753768,4,128,16,0.78125,24,16,0,0,"(512, 1, 1)/(128, 1, 1)",1.0,1.0,1,"WG<64,OCC<25"
qwen-normal,120-319,decode:199,Agent 2,AMD Radeon RX 9070,"at::native::reduce_kernel<512, 1, at::native::ReduceOp<float, at::native::ArgMaxOps<float>, unsigned int, long, 4, 4> >",0.2663316582914573,0.003544326633165829,0.0014799743805240515,5.866700678332919e-05,13307.943396226416,11040,10680,4560,3911.286432160804,64,512,1024,50.0,40,16,0,512,"(512, 64, 1)/(512, 1, 1)",1.0,0.0,1,
qwen-normal,120-319,decode:199,Agent 2,AMD Radeon RX 9070,"at::native::vectorized_elementwise_kernel<8, at::native::BinaryFunctor<c10::BFloat16, c10::BFloat16, c10::BFloat16, at::native::binary_internal::MulFu",2.6884422110552766,0.002877,0.001201324463982742,4.7621169261388756e-05,1070.1364485981308,1080,1000,4160,11309.040201005026,1,256,8,0.390625,32,16,0,0,"(256, 1, 1)/(256, 1, 1)",1.0,1.0,1,"WG<64,OCC<25"
qwen-normal,120-319,decode:199,Agent 2,AMD Radeon RX 9070,"at::native::index_elementwise_kernel<128, 4, at::native::gpu_index_kernel<at::native::index_put_kernel_impl<at::native::OpaqueType<4> >(at::TensorIter",0.5477386934673367,0.001808251256281407,0.000755056124851714,2.9930844331767723e-05,3301.302752293578,3160,2880,38280,26181.959798994976,1,128,4,0.1953125,16,16,0,0,"(128, 1, 1)/(128, 1, 1)",1.0,1.0,1,"WG<64,OCC<25"
qwen-normal,120-319,decode:199,Agent 2,AMD Radeon RX 9070,"anon::elementwise_kernel_with_index_grid_stride<int, at::native::arange_cuda_out(c10::Scalar const&, c10::Scalar const&, c10::Scalar const&, at::Tenso",0.5477386934673367,0.001680819095477387,0.0007018453593765481,2.782154002207264e-05,3068.651376146789,1960,1440,4400,6217.909547738694,1,128,4,0.1953125,8,16,0,0,"(128, 1, 1)/(128, 1, 1)",1.0,1.0,1,"WG<64,OCC<25"
qwen-normal,120-319,decode:199,Agent 2,AMD Radeon RX 9070,__amd_rocclr_fillBufferAligned,0.5326633165829145,0.0014765829145728644,0.0006165641913018148,2.4440947133593708e-05,2772.0754716981132,2680.0,2080,4320.0,2450.321608040201,1,256,8,0.390625,16,16,0,0,"(256, 1, 1)/(256, 1, 1)",1.0,1.0,1,"WG<64,OCC<25"
qwen-normal,120-319,decode:199,Agent 2,AMD Radeon RX 9070,"at::native::vectorized_elementwise_kernel<4, at::native::BUnaryFunctor<int, int, int, at::native::binary_internal::div_floor_kernel_cuda(at::TensorIte",0.5326633165829145,0.0012261306532663316,0.0005119849669127512,2.0295368569959385e-05,2301.8867924528304,2080.0,1720,11180.0,10381.140703517587,1,256,8,0.390625,16,16,0,0,"(256, 1, 1)/(256, 1, 1)",0.528360655737705,1.0,2,"WG<64,OCC<25"
qwen-normal,120-319,decode:199,Agent 2,AMD Radeon RX 9070,"at::native::vectorized_elementwise_kernel<4, at::native::compare_scalar_kernel<int>(at::TensorIteratorBase&, at::native::anon::OpType, int)::{lambda(i",0.5326633165829145,0.0008930653266331658,0.0003729097062284186,1.4782347960054023e-05,1676.6037735849056,1620.0,1360,4240.0,2342.3065326633164,1,256,8,0.390625,24,16,0,0,"(256, 1, 1)/(256, 1, 1)",1.0,1.0,1,"WG<64,OCC<25"
qwen-normal,120-319,decode:199,Agent 2,AMD Radeon RX 9070,"at::native::index_elementwise_kernel<128, 4, at::native::gpu_index_kernel<at::native::index_kernel_impl<at::native::OpaqueType<2> >(at::TensorIterator",0.2663316582914573,0.0008580904522613065,0.00035830554487713685,1.4203430889369935e-05,3221.8867924528304,3240,3160,4240,1137.4874371859296,4,128,16,0.78125,16,16,0,0,"(512, 1, 1)/(128, 1, 1)",1.0,1.0,1,"WG<64,OCC<25"
qwen-normal,120-319,decode:199,Agent 2,AMD Radeon RX 9070,rocprim::ROCPRIM_400200_NS::detail::trampoline_kernel<rocprim::ROCPRIM_400200_NS::detail::wrapped_partition_config<rocprim::ROCPRIM_400200_NS::default,0.2663316582914573,0.0007571859296482412,0.0003161717000590711,1.2533221869350327e-05,2843.0188679245284,2800,2640,4280,1162.0804020100502,1,256,8,0.390625,64,16,0,12800,"(256, 1, 1)/(256, 1, 1)",1.0,1.0,1,"WG<64,OCC<25"
qwen-normal,120-319,decode:199,Agent 2,AMD Radeon RX 9070,"at::native::elementwise_kernel_manual_unroll<128, 4, at::native::gpu_kernel_impl_nocast<at::native::direct_copy_kernel_cuda(at::TensorIteratorBase&)::",0.2663316582914573,0.0007268341708542714,0.0003034979738289358,1.2030828319503792e-05,2729.056603773585,2680,2560,4320,1168.9748743718592,1,128,4,0.1953125,24,16,0,0,"(128, 1, 1)/(128, 1, 1)",1.0,1.0,1,"WG<64,OCC<25"
qwen-normal,120-319,decode:199,Agent 2,AMD Radeon RX 9070,"at::native::vectorized_elementwise_kernel<4, at::native::bfloat16tofloat32_copy_kernel_cuda(at::TensorIteratorBase&)::{lambda(c10::BFloat16)#1}, std::",0.2663316582914573,0.0006251256281407035,0.0002610284011637141,1.0347310861077652e-05,2347.169811320755,2320,2200,10880,2935.281407035176,122,256,976,47.65625,16,16,0,0,"(31232, 1, 1)/(256, 1, 1)",1.0,0.0,1,
qwen-normal,120-319,decode:199,Agent 2,AMD Radeon RX 9070,rocprim::ROCPRIM_400200_NS::detail::trampoline_kernel<rocprim::ROCPRIM_400200_NS::detail::wrapped_reduce_config<rocprim::ROCPRIM_400200_NS::default_co,0.2663316582914573,0.0005716582914572864,0.00023870249932784663,9.462299707043358e-06,2146.4150943396226,2120,2000,4240,1144.7236180904522,1,256,8,0.390625,8,16,0,512,"(256, 1, 1)/(256, 1, 1)",1.0,1.0,1,"WG<64,OCC<25"
qwen-normal,120-319,decode:199,Agent 2,AMD Radeon RX 9070,rocprim::ROCPRIM_400200_NS::detail::trampoline_kernel<rocprim::ROCPRIM_400200_NS::detail::wrapped_transform_config<rocprim::ROCPRIM_400200_NS::default,0.2663316582914573,0.0005509547738693467,0.00023005750726358214,9.119607418075192e-06,2068.6792452830186,2120,1600,50400,12583.457286432162,1,1024,32,1.5625,8,16,0,0,"(1024, 1, 1)/(1024, 1, 1)",1.0,1.0,1,"WG<64,OCC<25"
qwen-normal,120-319,decode:199,Agent 2,AMD Radeon RX 9070,"rocprim::ROCPRIM_400200_NS::detail::init_lookback_scan_state_kernel<rocprim::ROCPRIM_400200_NS::detail::lookback_scan_state<unsigned long, false, true",0.2663316582914573,0.0004444221105527638,0.00018557356751542506,7.356239329209868e-06,1668.6792452830189,1600,1520,4320,1168.7738693467336,1,256,8,0.390625,8,16,0,0,"(256, 1, 1)/(256, 1, 1)",1.0,1.0,1,"WG<64,OCC<25"
qwen-normal,120-319,decode:199,Agent 2,AMD Radeon RX 9070,"at::native::vectorized_elementwise_kernel<16, at::native::BinaryFunctor<bool, bool, bool, at::native::BitwiseAndFunctor<bool> >, std::array<char*, 3ul",0.2663316582914573,0.00040302010050251254,0.0001682856816859408,6.670937929013576e-06,1513.2264150943397,1520,1440,4240,1142.6231155778894,1,256,8,0.390625,40,16,0,0,"(256, 1, 1)/(256, 1, 1)",1.0,1.0,1,"WG<64,OCC<25"
qwen-normal,120-319,decode:199,Agent 2,AMD Radeon RX 9070,"at::native::vectorized_elementwise_kernel<4, at::native::CUDAFunctorOnSelf_add<int>, std::array<char*, 2ul> >",0.2663316582914573,0.0003141708542713568,0.00013118565627616888,5.200272307351888e-06,1179.622641509434,1200,1080,4400,1179.1959798994974,1,256,8,0.390625,16,16,0,0,"(256, 1, 1)/(256, 1, 1)",1.0,1.0,1,"WG<64,OCC<25"
qwen-normal,120-319,decode:199,Agent 2,AMD Radeon RX 9070,"at::native::vectorized_elementwise_kernel<4, at::native::anon::launch_clamp_scalar(at::TensorIteratorBase&, c10::Scalar, c10::Scalar, at::native::deta",0.2663316582914573,0.0003101507537688442,0.00012950701704038937,5.133730115319234e-06,1164.5283018867924,1160,1120,4120,1113.7738693467336,1,256,8,0.390625,16,16,0,0,"(256, 1, 1)/(256, 1, 1)",1.0,1.0,1,"WG<64,OCC<25"
qwen-normal,120-319,decode:199,Agent 2,AMD Radeon RX 9070,"at::native::elementwise_kernel_manual_unroll<128, 4, at::native::gpu_kernel_impl_nocast<at::native::CUDAFunctor_add<int> >(at::TensorIteratorBase&, at",0.01507537688442211,3.8391959798994973e-05,1.6031004701694342e-05,6.35477933911843e-07,2546.6666666666665,2560,2520,77481,1128.6482412060302,1,128,4,0.1953125,24,16,0,0,"(128, 1, 1)/(128, 1, 1)",1.0,1.0,1,"WG<64,OCC<25"
qwen-normal,620-819,decode:199,Agent 1,AMD Radeon RX 9070 XT,"gemv_decode::gemv_decode_core<__hip_bfloat16, gemv_decode::Bf16GemvLoader<__hip_bfloat16>, false, false, false, 16, 8, 1, false, 0>",251.0,5.7814851859296486,0.4132767969600504,0.07122537986271273,23033.805521632064,12000,10240,0,11282373.88442211,384,512,6144,100.0,32,16,0,512,"(196608, 1, 1)/(512, 1, 1)",0.25226384336610863,0.34705424998896495,8,
qwen-normal,620-819,decode:199,Agent 1,AMD Radeon RX 9070 XT,"custom_ar::one_shot_ar_vec_kernel<__hip_bfloat16, 8>",81.0,3.284048391959799,0.23475300149415018,0.04045804610450728,40543.80730814567,17320,9400,0,166578.43718592965,8,256,64,3.125,32,16,0,512,"(2048, 1, 1)/(256, 1, 1)",1.0,1.0,1,"WG<64,OCC<25"
qwen-normal,620-819,decode:199,Agent 1,AMD Radeon RX 9070 XT,"gemv_decode::gemv_decode_core<__hip_bfloat16, gemv_decode::Int4Fp8GemvLoader, true, true, false, 32, 8, 1, false, 0>",40.0,1.6951023869346735,0.12117067889348085,0.02088292325118176,42377.559673366835,42201.0,35320,0.0,2899527.2010050253,384,1024,12288,75.0,112,12,0,512,"(8192, 48, 1)/(1024, 1, 1)",1.0,0.0,1,
qwen-normal,620-819,decode:199,Agent 1,AMD Radeon RX 9070 XT,"w4a8_fp8_moe::moe_gemm2_gather_reduce_core<__hip_bfloat16, gemv_decode::Int4Fp8GemvLoader, 8, 1, true>",40.0,1.278253040201005,0.091373116970769,0.015747520822254658,31956.326005025127,31960.0,27040,0.0,41781.17085427135,48,256,384,18.75,80,16,0,0,"(2048, 6, 1)/(256, 1, 1)",1.0,1.0,1,"WG<64,OCC<25"
qwen-normal,620-819,decode:199,Agent 1,AMD Radeon RX 9070 XT,"gdn_decode_conv_gated_kernel<c10::BFloat16, c10::BFloat16, 128, 128, true>",30.0,0.7845900301507538,0.05608469868203145,0.009665807510842712,26153.001005025126,20920.0,16800,132.0,136481.81407035177,48,256,384,18.75,176,8,0,0,"(12288, 1, 1)/(256, 1, 1)",1.0,1.0,1,"WG<64,OCC<25"
qwen-normal,620-819,decode:199,Agent 1,AMD Radeon RX 9070 XT,w4a8_fp8_moe::moe_compute_act_fp8_kernel<__hip_bfloat16>,40.0,0.6070408190954774,0.04339298247279762,0.0074784785469091015,15176.020477386935,14960.0,14040,0.0,2851009.105527638,768,256,6144,100.0,16,16,0,512,"(196608, 1, 1)/(256, 1, 1)",1.0,0.0,1,
qwen-normal,620-819,decode:199,Agent 1,AMD Radeon RX 9070 XT,"gemv_decode::gemv_decode_core<__hip_bfloat16, gemv_decode::Bf16GemvLoader<__hip_bfloat16>, false, false, false, 8, 8, 1, true, 0>",40.0,0.531498688442211,0.037993018832330465,0.006547832393129777,13287.467211055276,13280.0,11120,0.0,186552.55778894472,8,256,64,3.125,32,16,0,512,"(2048, 1, 1)/(256, 1, 1)",1.0,1.0,1,"WG<64,OCC<25"
qwen-normal,620-819,decode:199,Agent 1,AMD Radeon RX 9070 XT,"at::native::elementwise_kernel_manual_unroll<128, 8, at::native::gpu_kernel_impl_nocast<at::native::direct_copy_kernel_cuda(at::TensorIteratorBase&)::",211.0,0.35683060301507535,0.02550725357392417,0.004395997642308731,1691.1402986496464,1800,960,142,9526669.015075376,12,128,48,2.34375,32,16,0,0,"(1536, 1, 1)/(128, 1, 1)",0.4190774052240207,0.9699473125276988,5,"WG<64,OCC<25"
qwen-normal,620-819,decode:199,Agent 1,AMD Radeon RX 9070 XT,"anon::flash_decode_paged_fp8_split_kernel<__hip_bfloat16, 256, 16, 4>",10.0,0.24611257286432162,0.017592817854571518,0.003031999724553852,24611.25728643216,24640.0,15440,0.0,25765.69849246231,768,256,6144,75.0,112,12,0,8704,"(512, 6, 64)/(256, 1, 1)",1.0,0.0,1,
qwen-normal,620-819,decode:199,Agent 1,AMD Radeon RX 9070 XT,"anon::moe_topk_softmax_kernel<1, 8, true, c10::BFloat16, moe_core::SoftmaxScore>",40.0,0.18673785427135678,0.013348546230348863,0.002300529047033543,4668.446356783919,4680.0,3920,0.0,166393.43216080402,6,256,48,2.34375,32,16,0,4096,"(1536, 1, 1)/(256, 1, 1)",1.0,1.0,1,"WG<64,OCC<25"
qwen-normal,620-819,decode:199,Agent 1,AMD Radeon RX 9070 XT,ncclDevKernel_Generic_4,1.0,0.17683779396984925,0.012640862118128744,0.0021785646152375883,176837.79396984924,177001,166442,3958,3764.8442211055276,2,256,16,0.78125,256,5,776,21504,"(512, 1, 1)/(256, 1, 1)",1.0,1.0,1,"WG<64,OCC<25,SPILL776B"
qwen-normal,620-819,decode:199,Agent 1,AMD Radeon RX 9070 XT,"anon::rms_norm_add_kernel<__hip_bfloat16, true>",40.0,0.11284556281407035,0.008066517728775282,0.0013902081937033218,2821.1390703517586,2840.0,2360,8554.5,595719.9346733668,6,256,48,2.34375,40,16,0,512,"(1536, 1, 1)/(256, 1, 1)",1.0,1.0,1,"WG<64,OCC<25"
qwen-normal,620-819,decode:199,Agent 1,AMD Radeon RX 9070 XT,anon::moe_align_kernel,40.0,0.10929319597989949,0.00781258457152597,0.0013464445812337628,2732.3298994974875,2720.0,2200,8262.5,827238.7336683417,1,256,8,0.390625,16,16,0,1536,"(256, 1, 1)/(256, 1, 1)",1.0,1.0,1,"WG<64,OCC<25"
qwen-normal,620-819,decode:199,Agent 1,AMD Radeon RX 9070 XT,"anon::rms_norm_add_kernel<__hip_bfloat16, false>",40.0,0.09513345226130654,0.006800406326386296,0.0011720027046775619,2378.3363065326635,2360.0,2040,11327.5,760584.8793969849,6,256,48,2.34375,32,16,0,512,"(1536, 1, 1)/(256, 1, 1)",1.0,1.0,1,"WG<64,OCC<25"
qwen-normal,620-819,decode:199,Agent 1,AMD Radeon RX 9070 XT,"at::native::elementwise_kernel_manual_unroll<128, 8, at::native::gpu_kernel_impl_nocast<at::native::BinaryFunctor<c10::BFloat16, c10::BFloat16, c10::B",40.0,0.07986405527638192,0.005708906949582758,0.0009838903830940659,1996.6013819095476,2000.0,1720,4044.5,462915.05025125627,12,128,48,2.34375,48,16,0,0,"(1536, 1, 1)/(128, 1, 1)",1.0,1.0,1,"WG<64,OCC<25"
qwen-normal,620-819,decode:199,Agent 1,AMD Radeon RX 9070 XT,__amd_rocclr_copyBuffer,21.12060301507538,0.07104427135678393,0.005078444026830304,0.0008752344859018982,3363.742564834642,2480,1400,20448.5,1670161.1055276382,1,512,16,0.78125,16,16,0,0,"(512, 1, 1)/(512, 1, 1)",0.8150333750418205,1.0,5,"WG<64,OCC<25"
qwen-normal,620-819,decode:199,Agent 1,AMD Radeon RX 9070 XT,"at::native::vectorized_elementwise_kernel<8, at::native::sigmoid_kernel_cuda(at::TensorIteratorBase&)::{lambda()#2}::operator()() const::{lambda()#4}:",50.0,0.0671394472361809,0.004799316232957791,0.0008271287531459105,1342.788944723618,1320.0,1080,2928.5,12470720.356783919,1,256,8,0.390625,48,16,0,0,"(256, 1, 1)/(256, 1, 1)",0.7832526617143498,1.0,2,"WG<64,OCC<25"
qwen-normal,620-819,decode:199,Agent 1,AMD Radeon RX 9070 XT,"anon::gated_mul_kernel<__hip_bfloat16, anon::SiluAct>",40.0,0.0584031608040201,0.004174821945089369,0.0007195015086388296,1460.0790201005025,1440.0,1200,12904.5,7158475.829145729,1,256,8,0.390625,72,16,0,0,"(256, 1, 1)/(256, 1, 1)",1.0,1.0,1,"WG<64,OCC<25"
qwen-normal,620-819,decode:199,Agent 1,AMD Radeon RX 9070 XT,w4a8_fp8_moe::moe_build_inverse_map_kernel,40.0,0.05431297989949749,0.003882444327773645,0.0006691122610211359,1357.8244974874372,1360.0,1160,4470.5,441253.73869346734,3,256,24,1.171875,8,16,0,0,"(768, 1, 1)/(256, 1, 1)",1.0,1.0,1,"WG<64,OCC<25"
qwen-normal,620-819,decode:199,Agent 1,AMD Radeon RX 9070 XT,"at::native::elementwise_kernel_manual_unroll<128, 4, at::native::gpu_kernel_impl<at::native::direct_copy_kernel_cuda(at::TensorIteratorBase&)::{lambda",33.0,0.05272925125628141,0.0037692349568467553,0.0006496014137933252,1597.856098675194,1560,1240,2027,527724.6733668342,1,128,4,0.1953125,16,16,0,0,"(128, 1, 1)/(128, 1, 1)",1.0,1.0,1,"WG<64,OCC<25"
qwen-normal,620-819,decode:199,Agent 1,AMD Radeon RX 9070 XT,"anon::flash_decode_reduce_kernel<__hip_bfloat16, 256>",10.0,0.05256359296482412,0.0037573932369630897,0.0006475605757807729,5256.359296482412,5040.0,4520,0.0,29547.743718592967,192,64,384,18.75,56,16,0,0,"(512, 6, 4)/(64, 1, 1)",1.0,0.0,1,OCC<25
qwen-normal,620-819,decode:199,Agent 1,AMD Radeon RX 9070 XT,"at::native::vectorized_elementwise_kernel<8, at::native::CUDAFunctor_add<c10::BFloat16>, std::array<char*, 3ul> >",40.0,0.04632404522613066,0.0033113728423762065,0.000570692064737704,1158.1011306532664,1160.0,960,4532.0,486142.4221105528,6,256,48,2.34375,32,16,0,0,"(1536, 1, 1)/(256, 1, 1)",1.0,1.0,1,"WG<64,OCC<25"
qwen-normal,620-819,decode:199,Agent 1,AMD Radeon RX 9070 XT,"at::native::vectorized_elementwise_kernel<4, at::native::bfloat16_copy_kernel_cuda(at::TensorIteratorBase&)::{lambda(float)#1}, std::array<char*, 2ul>",40.0,0.04603240201005025,0.0032905253662830103,0.0005670991473156784,1150.8100502512564,1120.0,920,2648.0,10514769.316582914,6,256,48,2.34375,32,16,0,0,"(1536, 1, 1)/(256, 1, 1)",1.0,1.0,1,"WG<64,OCC<25"
qwen-normal,620-819,decode:199,Agent 1,AMD Radeon RX 9070 XT,"anon::rms_norm_kernel<__hip_bfloat16, false>",21.0,0.040425447236180904,0.0028897244933024833,0.000498023906127859,1925.0212969609954,1960,1560,0,2766209.8592964825,48,256,384,18.75,32,16,0,512,"(12288, 1, 1)/(256, 1, 1)",0.5055910352501981,1.0,2,"WG<64,OCC<25"
qwen-normal,620-819,decode:199,Agent 1,AMD Radeon RX 9070 XT,anon::rope_kernel<__hip_bfloat16>,20.0,0.039607477386934674,0.0028312537114125493,0.00048794687378146543,1980.3738693467337,1960.0,1760,0.0,151868.78391959798,6,256,48,2.34375,48,16,0,0,"(1536, 1, 1)/(256, 1, 1)",0.5230523448189063,1.0,2,"WG<64,OCC<25"
qwen-normal,620-819,decode:199,Agent 1,AMD Radeon RX 9070 XT,"at::native::vectorized_elementwise_kernel<4, at::native::FillFunctor<int>, std::array<char*, 1ul> >",40.0,0.03931934673366834,0.0028106573231734657,0.0004843972296037149,982.9836683417085,1000.0,760,2438.0,444052.47236180905,1,256,8,0.390625,8,16,0,0,"(256, 1, 1)/(256, 1, 1)",1.0,1.0,1,"WG<64,OCC<25"
qwen-normal,620-819,decode:199,Agent 1,AMD Radeon RX 9070 XT,"at::native::vectorized_elementwise_kernel<4, at::native::FillFunctor<float>, std::array<char*, 1ul> >",40.0,0.035401522613065325,0.002530600252793671,0.0004361313425087577,885.0380653266332,880.0,720,9221.0,603121.391959799,12,256,96,4.6875,8,16,0,0,"(3072, 1, 1)/(256, 1, 1)",1.0,1.0,1,"WG<64,OCC<25"
qwen-normal,620-819,decode:199,Agent 1,AMD Radeon RX 9070 XT,"at::native::reduce_kernel<512, 1, at::native::ReduceOp<float, at::native::ArgMaxOps<float>, unsigned int, long, 4, 4> >",1.0,0.031172286432160804,0.002228282573819851,0.0003840289944395883,31172.286432160803,30400,27320,4242,5283.80904522613,320,512,5120,100.0,40,16,0,512,"(640, 256, 1)/(128, 4, 1)",1.0,0.0,1,
qwen-normal,620-819,decode:199,Agent 1,AMD Radeon RX 9070 XT,"at::native::anon::CatArrayBatchedCopy_contig<at::native::anon::OpaqueType<2u>, unsigned int, 2, 128, 1>",10.0,0.028202889447236184,0.002016021738521152,0.00034744731665043354,2820.288944723618,2800.0,2520,133.5,363226.29145728645,18,256,144,7.03125,8,16,0,0,"(1536, 3, 1)/(256, 1, 1)",1.0,1.0,1,"WG<64,OCC<25"
qwen-normal,620-819,decode:199,Agent 1,AMD Radeon RX 9070 XT,"at::native::index_elementwise_kernel<128, 4, at::native::gpu_index_kernel<at::native::index_kernel_impl<at::native::OpaqueType<4> >(at::TensorIterator",4.0,0.019124804020100503,0.0013670946986340698,0.00023560925736637687,4781.201005025126,3200.0,2480,14433.0,97944.70351758794,1,128,4,0.1953125,16,16,0,0,"(128, 1, 1)/(128, 1, 1)",0.6322240369789975,1.0,2,"WG<64,OCC<25"
qwen-normal,620-819,decode:199,Agent 1,AMD Radeon RX 9070 XT,"anon::store_kv_kernel<__hip_bfloat16, unsigned char>",10.0,0.017669909547738696,0.001263094756038716,0.00021768559102086358,1766.9909547738694,1760.0,1520,2877.0,206932.97487437187,1,256,8,0.390625,48,16,0,0,"(256, 1, 1)/(256, 1, 1)",1.0,1.0,1,"WG<64,OCC<25"
qwen-normal,620-819,decode:199,Agent 1,AMD Radeon RX 9070 XT,"at::native::elementwise_kernel_manual_unroll<128, 4, at::native::gpu_kernel_impl<at::native::BinaryFunctor<c10::BFloat16, c10::BFloat16, c10::BFloat16",1.0,0.013273507537688441,0.0009488275941537138,0.00016352383273129847,13273.507537688442,13241,12200,3869,54493.32663316583,24,128,96,4.6875,24,16,0,0,"(3072, 1, 1)/(128, 1, 1)",1.0,1.0,1,"WG<64,OCC<25"
qwen-normal,620-819,decode:199,Agent 1,AMD Radeon RX 9070 XT,"at::native::vectorized_elementwise_kernel<8, at::native::BinaryFunctor<c10::BFloat16, c10::BFloat16, c10::BFloat16, at::native::binary_internal::MulFu",10.0,0.012408713567839196,0.0008870096926291258,0.0001528699476092887,1240.8713567839195,1200.0,1040,6499.5,166642.1256281407,6,256,48,2.34375,32,16,0,0,"(1536, 1, 1)/(256, 1, 1)",1.0,1.0,1,"WG<64,OCC<25"
qwen-normal,620-819,decode:199,Agent 1,AMD Radeon RX 9070 XT,__amd_rocclr_fillBufferAligned,3.0,0.007538572864321608,0.0005388783585572432,9.287193491229306e-05,2512.857621440536,2280,1840,4046,14010.371859296483,1,256,8,0.390625,16,16,0,0,"(256, 1, 1)/(256, 1, 1)",1.0,1.0,1,"WG<64,OCC<25"
qwen-normal,620-819,decode:199,Agent 1,AMD Radeon RX 9070 XT,"at::native::vectorized_elementwise_kernel<4, at::native::bfloat16tofloat32_copy_kernel_cuda(at::TensorIteratorBase&)::{lambda(c10::BFloat16)#1}, std::",1.0,0.006983015075376885,0.0004991655276569657,8.602770487784145e-05,6983.015075376885,7000,6760,21952,22690.291457286432,728,256,5824,100.0,16,16,0,0,"(186368, 1, 1)/(256, 1, 1)",1.0,0.0,1,
qwen-normal,620-819,decode:199,Agent 1,AMD Radeon RX 9070 XT,"anon::elementwise_kernel_with_index_grid_stride<int, at::native::arange_cuda_out(c10::Scalar const&, c10::Scalar const&, c10::Scalar const&, at::Tenso",2.0603015075376883,0.006839457286432161,0.0004889036137566879,8.425913543227348e-05,3319.639024390244,2360.0,1280,14221.0,44700.70854271357,1,128,4,0.1953125,8,16,0,0,"(128, 1, 1)/(128, 1, 1)",1.0,1.0,1,"WG<64,OCC<25"
qwen-normal,620-819,decode:199,Agent 1,AMD Radeon RX 9070 XT,"at::native::index_elementwise_kernel<128, 4, at::native::gpu_index_kernel<at::native::index_put_kernel_impl<at::native::OpaqueType<4> >(at::TensorIter",2.0603015075376883,0.006186376884422111,0.00044221959260638615,7.6213469272432e-05,3002.6560975609755,2960.0,2480,55355.0,136844.2864321608,1,128,4,0.1953125,16,16,0,0,"(128, 1, 1)/(128, 1, 1)",1.0,1.0,1,"WG<64,OCC<25"
qwen-normal,620-819,decode:199,Agent 1,AMD Radeon RX 9070 XT,"at::native::elementwise_kernel_manual_unroll<128, 4, at::native::gpu_kernel_impl_nocast<at::native::direct_copy_kernel_cuda(at::TensorIteratorBase&)::",2.0,0.005943788944723618,0.00042487872542856775,7.322489149363075e-05,2971.894472361809,2440.0,2040,3973.0,9315.115577889448,1,128,4,0.1953125,24,16,0,0,"(128, 1, 1)/(128, 1, 1)",1.0,1.0,1,"WG<64,OCC<25"
qwen-normal,620-819,decode:199,Agent 1,AMD Radeon RX 9070 XT,"at::native::vectorized_elementwise_kernel<4, at::native::BUnaryFunctor<int, int, int, at::native::binary_internal::div_floor_kernel_cuda(at::TensorIte",2.0,0.005810100502512563,0.00041532230014842936,7.15779081020776e-05,2905.0502512562816,2160.0,1720,21385.0,53097.26633165829,1,256,8,0.390625,16,16,0,0,"(256, 1, 1)/(256, 1, 1)",0.5173480596085486,1.0,2,"WG<64,OCC<25"
qwen-normal,620-819,decode:199,Agent 1,AMD Radeon RX 9070 XT,"at::native::vectorized_elementwise_kernel<4, at::native::compare_scalar_kernel<int>(at::TensorIteratorBase&, at::native::anon::OpType, int)::{lambda(i",2.0,0.0033885628140703514,0.00024222398588949194,4.1745618272654076e-05,1694.2814070351758,1680.0,1280,3750.0,21089.929648241206,1,256,8,0.390625,24,16,0,0,"(256, 1, 1)/(256, 1, 1)",1.0,1.0,1,"WG<64,OCC<25"
qwen-normal,620-819,decode:199,Agent 1,AMD Radeon RX 9070 XT,rocprim::ROCPRIM_400200_NS::detail::trampoline_kernel<rocprim::ROCPRIM_400200_NS::detail::wrapped_partition_config<rocprim::ROCPRIM_400200_NS::default,1.0,0.003189391959798995,0.00022798669390414067,3.929192007974289e-05,3189.391959798995,2800,2600,4372,4823.29648241206,1,256,8,0.390625,64,16,0,12800,"(256, 1, 1)/(256, 1, 1)",1.0,1.0,1,"WG<64,OCC<25"
qwen-normal,620-819,decode:199,Agent 1,AMD Radeon RX 9070 XT,"at::native::unrolled_elementwise_kernel<at::native::FillFunctor<int>, std::array<char*, 1ul>, 4, TrivialOffsetCalculator<0, unsigned int>, TrivialOffs",1.0,0.002235211055276382,0.00015977916326802432,2.7536826847338138e-05,2235.211055276382,2160,1240,23929,30249.50753768844,1,256,8,0.390625,8,16,0,0,"(256, 1, 1)/(256, 1, 1)",1.0,1.0,1,"WG<64,OCC<25"
qwen-normal,620-819,decode:199,Agent 1,AMD Radeon RX 9070 XT,rocprim::ROCPRIM_400200_NS::detail::trampoline_kernel<rocprim::ROCPRIM_400200_NS::detail::wrapped_transform_config<rocprim::ROCPRIM_400200_NS::default,1.0,0.0021419396984924625,0.0001531118647555958,2.638776434806667e-05,2141.9396984924624,2160,1560,57442,60720.79899497487,1,1024,32,1.5625,8,16,0,0,"(1024, 1, 1)/(1024, 1, 1)",1.0,1.0,1,"WG<64,OCC<25"
qwen-normal,620-819,decode:199,Agent 1,AMD Radeon RX 9070 XT,rocprim::ROCPRIM_400200_NS::detail::trampoline_kernel<rocprim::ROCPRIM_400200_NS::detail::wrapped_reduce_config<rocprim::ROCPRIM_400200_NS::default_co,1.0,0.001989964824120603,0.00014224827395168565,2.4515500075373016e-05,1989.964824120603,2000,1760,42956,46081.331658291456,1,256,8,0.390625,8,16,0,512,"(256, 1, 1)/(256, 1, 1)",1.0,1.0,1,"WG<64,OCC<25"
qwen-normal,620-819,decode:199,Agent 1,AMD Radeon RX 9070 XT,"at::native::vectorized_gather_kernel<16, long>",1.0,0.001678597989949749,0.00011999089824848556,2.0679596267396148e-05,1678.5979899497488,1640,1400,5004,40214.26633165829,6,256,48,2.34375,16,16,0,0,"(1536, 1, 1)/(256, 1, 1)",1.0,1.0,1,"WG<64,OCC<25"
qwen-normal,620-819,decode:199,Agent 1,AMD Radeon RX 9070 XT,"rocprim::ROCPRIM_400200_NS::detail::init_lookback_scan_state_kernel<rocprim::ROCPRIM_400200_NS::detail::lookback_scan_state<unsigned long, false, true",1.0,0.001666140703517588,0.00011910041643110986,2.0526127923250145e-05,1666.140703517588,1560,1360,4163,4104.909547738694,1,256,8,0.390625,8,16,0,0,"(256, 1, 1)/(256, 1, 1)",1.0,1.0,1,"WG<64,OCC<25"
qwen-normal,620-819,decode:199,Agent 1,AMD Radeon RX 9070 XT,"at::native::vectorized_elementwise_kernel<16, at::native::BinaryFunctor<bool, bool, bool, at::native::BitwiseAndFunctor<bool> >, std::array<char*, 3ul",1.0,0.001579105527638191,0.00011287889764250675,1.94538924570909e-05,1579.105527638191,1560,1280,4080,14444.38190954774,1,256,8,0.390625,40,16,0,0,"(256, 1, 1)/(256, 1, 1)",1.0,1.0,1,"WG<64,OCC<25"
qwen-normal,620-819,decode:199,Agent 1,AMD Radeon RX 9070 XT,"at::native::vectorized_elementwise_kernel<4, at::native::CUDAFunctorOnSelf_add<int>, std::array<char*, 2ul> >",1.0,0.0013473517587939698,9.631248742243825e-05,1.659878694532425e-05,1347.3517587939698,1360,1080,5503,9592.793969849246,1,256,8,0.390625,16,16,0,0,"(256, 1, 1)/(256, 1, 1)",1.0,1.0,1,"WG<64,OCC<25"
qwen-normal,620-819,decode:199,Agent 1,AMD Radeon RX 9070 XT,"at::native::vectorized_elementwise_kernel<4, at::native::anon::launch_clamp_scalar(at::TensorIteratorBase&, c10::Scalar, c10::Scalar, at::native::deta",1.0,0.0011921658291457287,8.521936136991855e-05,1.468696386992414e-05,1192.1658291457286,1200,1040,5012,5131.412060301507,1,256,8,0.390625,16,16,0,0,"(256, 1, 1)/(256, 1, 1)",1.0,1.0,1,"WG<64,OCC<25"
qwen-normal,620-819,decode:199,Agent 1,AMD Radeon RX 9070 XT,"at::native::elementwise_kernel_manual_unroll<128, 4, at::native::gpu_kernel_impl_nocast<at::native::CUDAFunctor_add<int> >(at::TensorIteratorBase&, at",0.06030150753768844,0.0002106532663316583,1.5058087044933152e-05,2.5951565093184567e-06,3493.3333333333335,2640.0,2280,59203.5,3824.889447236181,1,128,4,0.1953125,24,16,0,0,"(128, 1, 1)/(128, 1, 1)",1.0,1.0,1,"WG<64,OCC<25"
qwen-normal,1130-1329,decode:199,Agent 1,AMD Radeon RX 9070 XT,"gemv_decode::gemv_decode_core<__hip_bfloat16, gemv_decode::Bf16GemvLoader<__hip_bfloat16>, false, false, false, 16, 8, 1, false, 0>",251.0,5.791112376884422,0.41526341615019924,0.06932047783397295,23072.160864081365,11960,10161,0,11561929.371859297,384,512,6144,100.0,32,16,0,512,"(196608, 1, 1)/(512, 1, 1)",0.2520351713128446,0.34544654179114004,8,
qwen-normal,1130-1329,decode:199,Agent 1,AMD Radeon RX 9070 XT,"custom_ar::one_shot_ar_vec_kernel<__hip_bfloat16, 8>",81.0,3.513477015075377,0.25194096969507396,0.042056843261386936,43376.25944537502,16241,8960,0,163639.81407035177,8,256,64,3.125,32,16,0,512,"(2048, 1, 1)/(256, 1, 1)",1.0,1.0,1,"WG<64,OCC<25"
qwen-normal,1130-1329,decode:199,Agent 1,AMD Radeon RX 9070 XT,"gemv_decode::gemv_decode_core<__hip_bfloat16, gemv_decode::Int4Fp8GemvLoader, true, true, false, 32, 8, 1, false, 0>",40.0,1.5024320502512563,0.10773492640399097,0.017984335453791408,37560.801256281404,37400.0,29361,0.0,2689929.577889447,384,1024,12288,75.0,112,12,0,512,"(8192, 48, 1)/(1024, 1, 1)",1.0,0.0,1,
qwen-normal,1130-1329,decode:199,Agent 1,AMD Radeon RX 9070 XT,"w4a8_fp8_moe::moe_gemm2_gather_reduce_core<__hip_bfloat16, gemv_decode::Int4Fp8GemvLoader, 8, 1, true>",40.0,1.2342168844221106,0.08850201590650468,0.014773759963699213,30855.422110552765,30881.0,26120,0.0,46752.64824120603,48,256,384,18.75,80,16,0,0,"(2048, 6, 1)/(256, 1, 1)",1.0,1.0,1,"WG<64,OCC<25"
qwen-normal,1130-1329,decode:199,Agent 1,AMD Radeon RX 9070 XT,"gdn_decode_conv_gated_kernel<c10::BFloat16, c10::BFloat16, 128, 128, true>",30.0,0.8018055728643216,0.05749508895820048,0.009597732149483803,26726.852428810722,21200.0,17400,0.0,136892.80904522614,48,256,384,18.75,176,8,0,0,"(12288, 1, 1)/(256, 1, 1)",1.0,1.0,1,"WG<64,OCC<25"
qwen-normal,1130-1329,decode:199,Agent 1,AMD Radeon RX 9070 XT,w4a8_fp8_moe::moe_compute_act_fp8_kernel<__hip_bfloat16>,40.0,0.6088468442211056,0.043658593373652715,0.007287987423207252,15221.171105527637,15000.0,14080,0.0,2925226.5477386937,768,256,6144,100.0,16,16,0,512,"(196608, 1, 1)/(256, 1, 1)",1.0,0.0,1,
qwen-normal,1130-1329,decode:199,Agent 1,AMD Radeon RX 9070 XT,"gemv_decode::gemv_decode_core<__hip_bfloat16, gemv_decode::Bf16GemvLoader<__hip_bfloat16>, false, false, false, 8, 8, 1, true, 0>",40.0,0.5304040251256281,0.038033692506582194,0.006349015193269654,13260.100628140703,13240.0,11320,0.0,160177.88442211054,8,256,64,3.125,32,16,0,512,"(2048, 1, 1)/(256, 1, 1)",1.0,1.0,1,"WG<64,OCC<25"
qwen-normal,1130-1329,decode:199,Agent 1,AMD Radeon RX 9070 XT,"at::native::elementwise_kernel_manual_unroll<128, 8, at::native::gpu_kernel_impl_nocast<at::native::direct_copy_kernel_cuda(at::TensorIteratorBase&)::",211.0,0.3495088592964824,0.02506223907267708,0.00418367311094618,1656.4400914525233,1720,920,273,9759503.386934673,12,128,48,2.34375,32,16,0,0,"(1536, 1, 1)/(128, 1, 1)",0.4196479847104328,0.9693086190452207,5,"WG<64,OCC<25"
qwen-normal,1130-1329,decode:199,Agent 1,AMD Radeon RX 9070 XT,"anon::flash_decode_paged_fp8_split_kernel<__hip_bfloat16, 256, 16, 4>",10.0,0.25069420100502515,0.0179765343069372,0.0030008469311078667,25069.420100502513,25120.0,15760,0.0,23611.67336683417,768,256,6144,75.0,112,12,0,8704,"(512, 6, 64)/(256, 1, 1)",1.0,0.0,1,
qwen-normal,1130-1329,decode:199,Agent 1,AMD Radeon RX 9070 XT,"anon::moe_topk_softmax_kernel<1, 8, true, c10::BFloat16, moe_core::SoftmaxScore>",40.0,0.18565733165829146,0.01331293415846821,0.0022223459167022845,4641.433291457286,4640.0,3920,0.0,175520.51256281408,6,256,48,2.34375,32,16,0,4096,"(1536, 1, 1)/(256, 1, 1)",1.0,1.0,1,"WG<64,OCC<25"
qwen-normal,1130-1329,decode:199,Agent 1,AMD Radeon RX 9070 XT,ncclDevKernel_Generic_4,1.0,0.17711006030150753,0.012700034792787038,0.002120033805303118,177110.06030150753,177202,161122,3918,3886.6331658291456,2,256,16,0.78125,256,5,776,21504,"(512, 1, 1)/(256, 1, 1)",1.0,1.0,1,"WG<64,OCC<25,SPILL776B"
qwen-normal,1130-1329,decode:199,Agent 1,AMD Radeon RX 9070 XT,"anon::rms_norm_add_kernel<__hip_bfloat16, true>",40.0,0.11146773366834171,0.007993019106035554,0.001334285376985993,2786.693341708543,2760.0,2400,8564.0,641514.6633165829,6,256,48,2.34375,40,16,0,512,"(1536, 1, 1)/(256, 1, 1)",1.0,1.0,1,"WG<64,OCC<25"
qwen-normal,1130-1329,decode:199,Agent 1,AMD Radeon RX 9070 XT,anon::moe_align_kernel,40.0,0.10832870351758794,0.007767928605460296,0.0012967107184706343,2708.2175879396987,2720.0,2240,7497.0,1065222.1658291458,1,256,8,0.390625,16,16,0,1536,"(256, 1, 1)/(256, 1, 1)",1.0,1.0,1,"WG<64,OCC<25"
qwen-normal,1130-1329,decode:199,Agent 1,AMD Radeon RX 9070 XT,"anon::rms_norm_add_kernel<__hip_bfloat16, false>",40.0,0.09349884422110552,0.006704523575182297,0.0011191950935371374,2337.471105527638,2320.0,2000,10746.5,848270.512562814,6,256,48,2.34375,32,16,0,512,"(1536, 1, 1)/(256, 1, 1)",1.0,1.0,1,"WG<64,OCC<25"
qwen-normal,1130-1329,decode:199,Agent 1,AMD Radeon RX 9070 XT,"at::native::elementwise_kernel_manual_unroll<128, 8, at::native::gpu_kernel_impl_nocast<at::native::BinaryFunctor<c10::BFloat16, c10::BFloat16, c10::B",40.0,0.07874730653266332,0.0056467347540876955,0.0009426169899191901,1968.6826633165829,1960.0,1720,4069.5,496457.3115577889,12,128,48,2.34375,48,16,0,0,"(1536, 1, 1)/(128, 1, 1)",1.0,1.0,1,"WG<64,OCC<25"
qwen-normal,1130-1329,decode:199,Agent 1,AMD Radeon RX 9070 XT,__amd_rocclr_copyBuffer,21.13065326633166,0.06661770351758795,0.004776957057372403,0.0007974238349222939,3152.6570749108205,2360,1360,22377.0,1822403.824120603,1,512,16,0.78125,16,16,0,0,"(512, 1, 1)/(512, 1, 1)",0.7891463200020096,1.0,5,"WG<64,OCC<25"
qwen-normal,1130-1329,decode:199,Agent 1,AMD Radeon RX 9070 XT,"at::native::vectorized_elementwise_kernel<8, at::native::sigmoid_kernel_cuda(at::TensorIteratorBase&)::{lambda()#2}::operator()() const::{lambda()#4}:",50.0,0.065486216080402,0.004695821464084254,0.0007838797617452743,1309.72432160804,1280.0,1000,2917.5,12808750.3919598,1,256,8,0.390625,48,16,0,0,"(256, 1, 1)/(256, 1, 1)",0.787077981886863,1.0,2,"WG<64,OCC<25"
qwen-normal,1130-1329,decode:199,Agent 1,AMD Radeon RX 9070 XT,"anon::gated_mul_kernel<__hip_bfloat16, anon::SiluAct>",40.0,0.05699457286432161,0.004086911026650242,0.0006822335274770671,1424.8643216080402,1400.0,1200,12687.5,7275201.125628141,1,256,8,0.390625,72,16,0,0,"(256, 1, 1)/(256, 1, 1)",1.0,1.0,1,"WG<64,OCC<25"
qwen-normal,1130-1329,decode:199,Agent 1,AMD Radeon RX 9070 XT,w4a8_fp8_moe::moe_build_inverse_map_kernel,40.0,0.05278459296482412,0.0037850259100762227,0.0006318394409334394,1319.614824120603,1320.0,1120,4737.0,531652.6130653266,3,256,24,1.171875,8,16,0,0,"(768, 1, 1)/(256, 1, 1)",1.0,1.0,1,"WG<64,OCC<25"
qwen-normal,1130-1329,decode:199,Agent 1,AMD Radeon RX 9070 XT,"at::native::elementwise_kernel_manual_unroll<128, 4, at::native::gpu_kernel_impl<at::native::direct_copy_kernel_cuda(at::TensorIteratorBase&)::{lambda",33.0,0.051694743718592964,0.0037068760674164344,0.0006187937831048508,1566.507385411908,1480,1280,1997,638711.5577889447,1,128,4,0.1953125,16,16,0,0,"(128, 1, 1)/(128, 1, 1)",1.0,1.0,1,"WG<64,OCC<25"
qwen-normal,1130-1329,decode:199,Agent 1,AMD Radeon RX 9070 XT,"anon::flash_decode_reduce_kernel<__hip_bfloat16, 256>",10.0,0.050208321608040195,0.0036002891660927533,0.0006010010890141976,5020.8321608040205,4920.0,4400,0.0,150695.2663316583,192,64,384,18.75,56,16,0,0,"(512, 6, 4)/(64, 1, 1)",1.0,0.0,1,OCC<25
qwen-normal,1130-1329,decode:199,Agent 1,AMD Radeon RX 9070 XT,"at::native::vectorized_elementwise_kernel<4, at::native::bfloat16_copy_kernel_cuda(at::TensorIteratorBase&)::{lambda(float)#1}, std::array<char*, 2ul>",40.0,0.04569876884422111,0.003276922571880578,0.0005470210706582713,1142.4692211055276,1080.0,920,2657.0,10929645.557788944,6,256,48,2.34375,32,16,0,0,"(1536, 1, 1)/(256, 1, 1)",1.0,1.0,1,"WG<64,OCC<25"
qwen-normal,1130-1329,decode:199,Agent 1,AMD Radeon RX 9070 XT,"at::native::vectorized_elementwise_kernel<8, at::native::CUDAFunctor_add<c10::BFloat16>, std::array<char*, 3ul> >",40.0,0.04492927638190955,0.003221744559815608,0.0005378101312556802,1123.2319095477387,1080.0,960,4052.5,534026.2010050251,6,256,48,2.34375,32,16,0,0,"(1536, 1, 1)/(256, 1, 1)",1.0,1.0,1,"WG<64,OCC<25"
qwen-normal,1130-1329,decode:199,Agent 1,AMD Radeon RX 9070 XT,"anon::rms_norm_kernel<__hip_bfloat16, false>",21.0,0.03932079396984925,0.002819576994367076,0.00047067576130642777,1872.4187604690117,1880,1520,0,3018165.7487437185,48,256,384,18.75,32,16,0,512,"(12288, 1, 1)/(256, 1, 1)",0.5011629633738104,1.0,2,"WG<64,OCC<25"
qwen-normal,1130-1329,decode:199,Agent 1,AMD Radeon RX 9070 XT,"at::native::vectorized_elementwise_kernel<4, at::native::FillFunctor<int>, std::array<char*, 1ul> >",40.0,0.038012899497487436,0.002725791778123505,0.0004550200696395862,950.3224874371859,920.0,720,2407.0,518477.24623115576,1,256,8,0.390625,8,16,0,0,"(256, 1, 1)/(256, 1, 1)",1.0,1.0,1,"WG<64,OCC<25"
qwen-normal,1130-1329,decode:199,Agent 1,AMD Radeon RX 9070 XT,anon::rope_kernel<__hip_bfloat16>,20.0,0.037927547738693466,0.0027196714577731886,0.000453998396372256,1896.3773869346733,1880.0,1640,0.0,184421.32663316582,6,256,48,2.34375,48,16,0,0,"(1536, 1, 1)/(256, 1, 1)",0.5109762305331694,1.0,2,"WG<64,OCC<25"
qwen-normal,1130-1329,decode:199,Agent 1,AMD Radeon RX 9070 XT,"at::native::vectorized_elementwise_kernel<4, at::native::FillFunctor<float>, std::array<char*, 1ul> >",40.0,0.03430250753768844,0.0024597306243747843,0.000410606125156096,857.5626884422111,840.0,720,8689.0,633484.9346733668,12,256,96,4.6875,8,16,0,0,"(3072, 1, 1)/(256, 1, 1)",1.0,1.0,1,"WG<64,OCC<25"
qwen-normal,1130-1329,decode:199,Agent 1,AMD Radeon RX 9070 XT,"at::native::reduce_kernel<512, 1, at::native::ReduceOp<float, at::native::ArgMaxOps<float>, unsigned int, long, 4, 4> >",1.0,0.0334376783919598,0.002397716302761025,0.00040025399145101514,33437.6783919598,33200,32200,4151,5006.160804020101,384,512,6144,100.0,40,16,0,512,"(768, 256, 1)/(128, 4, 1)",1.0,0.0,1,
qwen-normal,1130-1329,decode:199,Agent 1,AMD Radeon RX 9070 XT,"at::native::anon::CatArrayBatchedCopy_contig<at::native::anon::OpaqueType<2u>, unsigned int, 2, 128, 1>",10.0,0.027283477386934672,0.0019564168827700375,0.0003265872886500979,2728.3477386934674,2720.0,2440,690.0,389652.01005025127,18,256,144,7.03125,8,16,0,0,"(1536, 3, 1)/(256, 1, 1)",1.0,1.0,1,"WG<64,OCC<25"
qwen-normal,1130-1329,decode:199,Agent 1,AMD Radeon RX 9070 XT,"at::native::index_elementwise_kernel<128, 4, at::native::gpu_index_kernel<at::native::index_kernel_impl<at::native::OpaqueType<4> >(at::TensorIterator",4.0,0.019424929648241208,0.0013929038359545064,0.00023251930155633078,4856.232412060302,3120.0,2480,12469.0,104073.7135678392,1,128,4,0.1953125,16,16,0,0,"(128, 1, 1)/(128, 1, 1)",0.6281266807068884,1.0,2,"WG<64,OCC<25"
qwen-normal,1130-1329,decode:199,Agent 1,AMD Radeon RX 9070 XT,"anon::store_kv_kernel<__hip_bfloat16, unsigned char>",10.0,0.016205804020100502,0.0011620699273095587,0.00019398588824509475,1620.5804020100502,1600.0,1360,2884.0,146072.30653266332,1,256,8,0.390625,48,16,0,0,"(256, 1, 1)/(256, 1, 1)",1.0,1.0,1,"WG<64,OCC<25"
qwen-normal,1130-1329,decode:199,Agent 1,AMD Radeon RX 9070 XT,"at::native::elementwise_kernel_manual_unroll<128, 4, at::native::gpu_kernel_impl<at::native::BinaryFunctor<c10::BFloat16, c10::BFloat16, c10::BFloat16",1.0,0.013268457286432162,0.0009514415437351798,0.00015882541027635358,13268.457286432162,13240,12240,4434,53043.79899497487,24,128,96,4.6875,24,16,0,0,"(3072, 1, 1)/(128, 1, 1)",1.0,1.0,1,"WG<64,OCC<25"
qwen-normal,1130-1329,decode:199,Agent 1,AMD Radeon RX 9070 XT,"at::native::vectorized_elementwise_kernel<8, at::native::BinaryFunctor<c10::BFloat16, c10::BFloat16, c10::BFloat16, at::native::binary_internal::MulFu",10.0,0.011426266331658292,0.0008193435184690986,0.00013677411012267738,1142.6266331658292,1120.0,960,6506.0,135392.6633165829,6,256,48,2.34375,32,16,0,0,"(1536, 1, 1)/(256, 1, 1)",1.0,1.0,1,"WG<64,OCC<25"
qwen-normal,1130-1329,decode:199,Agent 1,AMD Radeon RX 9070 XT,"anon::elementwise_kernel_with_index_grid_stride<int, at::native::arange_cuda_out(c10::Scalar const&, c10::Scalar const&, c10::Scalar const&, at::Tenso",2.0653266331658293,0.007569080402010051,0.0005427562064587695,9.060301995268437e-05,3664.8345498783456,2360,1320,14091,60607.55778894472,1,128,4,0.1953125,8,16,0,0,"(128, 1, 1)/(128, 1, 1)",1.0,1.0,1,"WG<64,OCC<25"
qwen-normal,1130-1329,decode:199,Agent 1,AMD Radeon RX 9070 XT,__amd_rocclr_fillBufferAligned,3.0,0.007397859296482412,0.0005304784510689366,8.855347781328239e-05,2465.9530988274705,2240,1800,4061,13927.979899497488,1,256,8,0.390625,16,16,0,0,"(256, 1, 1)/(256, 1, 1)",1.0,1.0,1,"WG<64,OCC<25"
qwen-normal,1130-1329,decode:199,Agent 1,AMD Radeon RX 9070 XT,"at::native::vectorized_elementwise_kernel<4, at::native::bfloat16tofloat32_copy_kernel_cuda(at::TensorIteratorBase&)::{lambda(c10::BFloat16)#1}, std::",1.0,0.006997070351758793,0.0005017390698396082,8.375597444075037e-05,6997.070351758794,6960,6800,22021,23380.86432160804,728,256,5824,100.0,16,16,0,0,"(186368, 1, 1)/(256, 1, 1)",1.0,0.0,1,
qwen-normal,1130-1329,decode:199,Agent 1,AMD Radeon RX 9070 XT,"at::native::index_elementwise_kernel<128, 4, at::native::gpu_index_kernel<at::native::index_put_kernel_impl<at::native::OpaqueType<4> >(at::TensorIter",2.0653266331658293,0.006413301507537689,0.0004598787451356817,7.6768174413329e-05,3105.2238442822386,2920,2480,46984,153617.2814070352,1,128,4,0.1953125,16,16,0,0,"(128, 1, 1)/(128, 1, 1)",1.0,1.0,1,"WG<64,OCC<25"
qwen-normal,1130-1329,decode:199,Agent 1,AMD Radeon RX 9070 XT,"at::native::elementwise_kernel_manual_unroll<128, 4, at::native::gpu_kernel_impl_nocast<at::native::direct_copy_kernel_cuda(at::TensorIteratorBase&)::",2.0,0.005779582914572864,0.00041443667275544436,6.918246845259811e-05,2889.791457286432,2440.0,2040,3883.0,8417.321608040202,1,128,4,0.1953125,24,16,0,0,"(128, 1, 1)/(128, 1, 1)",1.0,1.0,1,"WG<64,OCC<25"
qwen-normal,1130-1329,decode:199,Agent 1,AMD Radeon RX 9070 XT,"at::native::vectorized_elementwise_kernel<4, at::native::BUnaryFunctor<int, int, int, at::native::binary_internal::div_floor_kernel_cuda(at::TensorIte",2.0,0.005378150753768844,0.0003856511684172058,6.437726568776592e-05,2689.075376884422,2160.0,1680,21279.5,47781.33668341709,1,256,8,0.390625,16,16,0,0,"(256, 1, 1)/(256, 1, 1)",0.537524807241659,1.0,2,"WG<64,OCC<25"
qwen-normal,1130-1329,decode:199,Agent 1,AMD Radeon RX 9070 XT,"at::native::vectorized_elementwise_kernel<4, at::native::compare_scalar_kernel<int>(at::TensorIteratorBase&, at::native::anon::OpType, int)::{lambda(i",2.0,0.003352809045226131,0.00024041994822572203,4.0133623728120676e-05,1676.4045226130654,1720.0,1280,3805.0,12071.43216080402,1,256,8,0.390625,24,16,0,0,"(256, 1, 1)/(256, 1, 1)",1.0,1.0,1,"WG<64,OCC<25"
qwen-normal,1130-1329,decode:199,Agent 1,AMD Radeon RX 9070 XT,rocprim::ROCPRIM_400200_NS::detail::trampoline_kernel<rocprim::ROCPRIM_400200_NS::detail::wrapped_partition_config<rocprim::ROCPRIM_400200_NS::default,1.0,0.003137140703517588,0.00022495501394283386,3.755204155047697e-05,3137.140703517588,2800,2640,4403,4787.341708542714,1,256,8,0.390625,64,16,0,12800,"(256, 1, 1)/(256, 1, 1)",1.0,1.0,1,"WG<64,OCC<25"
qwen-normal,1130-1329,decode:199,Agent 1,AMD Radeon RX 9070 XT,rocprim::ROCPRIM_400200_NS::detail::trampoline_kernel<rocprim::ROCPRIM_400200_NS::detail::wrapped_transform_config<rocprim::ROCPRIM_400200_NS::default,1.0,0.002161427135678392,0.0001549895007570948,2.5872604794650818e-05,2161.427135678392,2080,1600,57706,61938.31155778895,1,1024,32,1.5625,8,16,0,0,"(1024, 1, 1)/(1024, 1, 1)",1.0,1.0,1,"WG<64,OCC<25"
qwen-normal,1130-1329,decode:199,Agent 1,AMD Radeon RX 9070 XT,rocprim::ROCPRIM_400200_NS::detail::trampoline_kernel<rocprim::ROCPRIM_400200_NS::detail::wrapped_reduce_config<rocprim::ROCPRIM_400200_NS::default_co,1.0,0.001921427135678392,0.00013777981574496144,2.2999769042652505e-05,1921.427135678392,1880,1760,44649,48784.08542713568,1,256,8,0.390625,8,16,0,512,"(256, 1, 1)/(256, 1, 1)",1.0,1.0,1,"WG<64,OCC<25"
qwen-normal,1130-1329,decode:199,Agent 1,AMD Radeon RX 9070 XT,"rocprim::ROCPRIM_400200_NS::detail::init_lookback_scan_state_kernel<rocprim::ROCPRIM_400200_NS::detail::lookback_scan_state<unsigned long, false, true",1.0,0.0018012261306532664,0.0001291605597673603,2.1560945106559545e-05,1801.2261306532664,1520,1320,4143,4201.195979899498,1,256,8,0.390625,8,16,0,0,"(256, 1, 1)/(256, 1, 1)",1.0,1.0,1,"WG<64,OCC<25"
qwen-normal,1130-1329,decode:199,Agent 1,AMD Radeon RX 9070 XT,"at::native::vectorized_gather_kernel<16, long>",1.0,0.0015986130653266332,0.00011463178046063467,1.9135636532008206e-05,1598.6130653266332,1600,1400,4994,22978.6783919598,6,256,48,2.34375,16,16,0,0,"(1536, 1, 1)/(256, 1, 1)",1.0,1.0,1,"WG<64,OCC<25"
qwen-normal,1130-1329,decode:199,Agent 1,AMD Radeon RX 9070 XT,"at::native::vectorized_elementwise_kernel<16, at::native::BinaryFunctor<bool, bool, bool, at::native::BitwiseAndFunctor<bool> >, std::array<char*, 3ul",1.0,0.0015821206030150754,0.00011344915512123304,1.893821930131184e-05,1582.1206030150754,1560,1360,5102,5298.165829145729,1,256,8,0.390625,40,16,0,0,"(256, 1, 1)/(256, 1, 1)",1.0,1.0,1,"WG<64,OCC<25"
qwen-normal,1130-1329,decode:199,Agent 1,AMD Radeon RX 9070 XT,"at::native::vectorized_elementwise_kernel<4, at::native::CUDAFunctorOnSelf_add<int>, std::array<char*, 2ul> >",1.0,0.0013005175879396984,9.325624183825689e-05,1.5567389261399076e-05,1300.5175879396984,1320,1040,5543,8980.59296482412,1,256,8,0.390625,16,16,0,0,"(256, 1, 1)/(256, 1, 1)",1.0,1.0,1,"WG<64,OCC<25"
qwen-normal,1130-1329,decode:199,Agent 1,AMD Radeon RX 9070 XT,"at::native::vectorized_elementwise_kernel<4, at::native::anon::launch_clamp_scalar(at::TensorIteratorBase&, c10::Scalar, c10::Scalar, at::native::deta",1.0,0.0011807286432160805,8.466653347730138e-05,1.4133497748498409e-05,1180.7286432160804,1160,1040,4883,3377.753768844221,1,256,8,0.390625,16,16,0,0,"(256, 1, 1)/(256, 1, 1)",1.0,1.0,1,"WG<64,OCC<25"
qwen-normal,1130-1329,decode:199,Agent 1,AMD Radeon RX 9070 XT,"at::native::elementwise_kernel_manual_unroll<128, 4, at::native::gpu_kernel_impl_nocast<at::native::CUDAFunctor_add<int> >(at::TensorIteratorBase&, at",0.06532663316582915,0.0001608140703517588,1.153149790113676e-05,1.924968378045437e-06,2461.6923076923076,2400,2200,69165,21032.13567839196,1,128,4,0.1953125,24,16,0,0,"(128, 1, 1)/(128, 1, 1)",1.0,1.0,1,"WG<64,OCC<25"
qwen-normal,1600-1799,prefill:79/decode:120,Agent 1,AMD Radeon RX 9070 XT,"w4a8_fp8_moe::moe_gemm1_silu_ashuffle_kernel<__hip_bfloat16, 64>",16.08040201005025,48.74044990954774,0.4848411799089305,0.3706854686061286,3031046.72875,3012431.5,2659627,0.0,7111.507537688442,2624,32,2624,50.0,184,8,0,0,"(128, 656, 1)/(32, 1, 1)",0.4235340781819347,0.0,5,
qwen-normal,1600-1799,prefill:79/decode:120,Agent 1,AMD Radeon RX 9070 XT,"custom_ar::one_shot_ar_vec_kernel<__hip_bfloat16, 8>",72.75879396984925,25.599855361809045,0.2546522262751232,0.19469443549765855,351845.51536708337,23880,7240,0,3714055.904522613,8,256,64,3.125,32,16,0,512,"(2048, 1, 1)/(256, 1, 1)",1.0,1.0,1,"WG<64,OCC<25"
qwen-normal,1600-1799,prefill:79/decode:120,Agent 1,AMD Radeon RX 9070 XT,"w4a8_tile::moe_gemm_tiled_ashuffle_kernel<__hip_bfloat16, w4a8_tile::WmmaFp8, w4a8_tile::Int4Fp8Loader, false, 64, 4, 0, false>",16.08040201005025,8.632849422110551,0.08587448223312978,0.06565536098620084,536855.3234375,533445.0,462525,0.0,10142.62311557789,20992,128,83968,100.0,40,16,0,0,"(4096, 656, 1)/(128, 1, 1)",0.4229231992777896,0.0,5,
qwen-normal,1600-1799,prefill:79/decode:120,Agent 1,AMD Radeon RX 9070 XT,"gdn_prefill_wmma_kernel<c10::BFloat16, c10::BFloat16, 128, 128>",11.909547738693467,5.549682371859296,0.055204959213250325,0.042206968020310646,465985.988185654,845068.5,19841,0.0,29303.417085427136,16,256,128,6.25,184,8,0,62464,"(4096, 1, 1)/(256, 1, 1)",1.0,1.0,1,"WG<64,OCC<25"
qwen-normal,1600-1799,prefill:79/decode:120,Agent 1,AMD Radeon RX 9070 XT,causal_conv1d_fwd_kernel<c10::BFloat16>,11.909547738693467,3.026767768844221,0.03010849631220341,0.023019459829322637,254146.32320675105,471644.0,2400,0.0,40152.46733668342,16,256,128,6.25,40,16,0,0,"(256, 16, 1)/(256, 1, 1)",1.0,1.0,1,"WG<64,OCC<25"
qwen-normal,1600-1799,prefill:79/decode:120,Agent 1,AMD Radeon RX 9070 XT,Cijk_Alik_Bljk_BBS_BH_Bias_HA_S_SAV_UserArgs_MT128x128x32_MI16x16x1_SN_LDSB0_AFC1_AFEM1_AFEM1_ASEM1_CLR0_CADS0_DTLA0_DTLB0_DTVA0_DTVB1_EPS0_FDSI0_GRPM,12.06030150753769,2.790354472361809,0.027756796608458187,0.021221467119900896,231366.89166666666,230522.5,112201,0.0,204501.13567839196,624,128,2496,31.25,256,5,0,26624,"(6144, 13, 1)/(128, 1, 1)",0.48501329796286397,0.0,4,
qwen-normal,1600-1799,prefill:79/decode:120,Agent 1,AMD Radeon RX 9070 XT,"anon::flash_prefill_paged_fp8_kernel<__hip_bfloat16, 256, 4, false>",2.0100502512562812,2.5465127788944724,0.02533120360324187,0.019366979264815554,1266890.1075,1269453.5,1190692,0.0,4163.713567839196,832,128,3328,31.25,248,5,0,23040,"(1024, 104, 1)/(128, 1, 1)",0.42388760621054894,0.0,5,
qwen-normal,1600-1799,prefill:79/decode:120,Agent 1,AMD Radeon RX 9070 XT,"dense_gemm::dense_gemm_pipe_kernel<64, 2, 64, 1, false, __hip_bfloat16>",36.18090452261306,2.124759391959799,0.021135850254401758,0.01615942061153615,58725.98875,42120.0,14440,0.0,225207.36180904522,32,256,256,12.5,160,9,0,0,"(2048, 4, 1)/(256, 1, 1)",0.4572158532717009,0.4572158532717009,4,"WG<64,OCC<25"
qwen-normal,1600-1799,prefill:79/decode:120,Agent 1,AMD Radeon RX 9070 XT,"gemv_decode::gemv_decode_core<__hip_bfloat16, gemv_decode::Bf16GemvLoader<__hip_bfloat16>, false, false, false, 16, 1, 1, false, 0>",105.07035175879398,1.9210739246231157,0.01910970764601204,0.014610332676400644,18283.69175952939,3960,2840,0,759854.8944723618,7760,512,124160,100.0,24,16,0,512,"(3973120, 1, 1)/(512, 1, 1)",0.3043194791137958,0.14300438753490244,8,
qwen-normal,1600-1799,prefill:79/decode:120,Agent 1,AMD Radeon RX 9070 XT,"dense_gemm::dense_gemm_rd_kernel<64, false, __hip_bfloat16>",20.100502512562816,1.0416382211055275,0.01036160119769665,0.007921965283970836,51821.5015,33840.0,18240,0.0,105006.82412060302,52,256,416,20.3125,72,16,0,0,"(1024, 13, 1)/(256, 1, 1)",0.578678138069774,0.8683718909611293,4,"WG<64,OCC<25"
qwen-normal,1600-1799,prefill:79/decode:120,Agent 1,AMD Radeon RX 9070 XT,w4a8_fp8_moe::moe_gather_reduce_kernel<__hip_bfloat16>,16.08040201005025,0.8645471105527638,0.008600003527771048,0.006575135260385605,53764.0234375,53561.0,46961,0.0,23536.24120603015,6656,256,53248,100.0,8,16,0,0,"(2048, 832, 1)/(256, 1, 1)",0.4242518761456858,0.0,5,
qwen-normal,1600-1799,prefill:79/decode:120,Agent 1,AMD Radeon RX 9070 XT,"at::native::elementwise_kernel_manual_unroll<128, 8, at::native::gpu_kernel_impl_nocast<at::native::direct_copy_kernel_cuda(at::TensorIteratorBase&)::",123.13065326633166,0.7784284221105527,0.007743345729289134,0.00592017728522968,6321.97102395625,2600,1600,2850,2902003.743718593,3328,128,13312,100.0,32,16,0,0,"(425984, 1, 1)/(128, 1, 1)",0.1731569565727767,0.24383870049315184,53,
qwen-normal,1600-1799,prefill:79/decode:120,Agent 1,AMD Radeon RX 9070 XT,w4a8_fp8_moe::moe_compute_act_fp8_kernel<__hip_bfloat16>,40.0,0.735883190954774,0.00732013092287379,0.005596608278845793,18397.079773869347,8081.0,1320,2435.5,901170.7085427135,10496,256,83968,100.0,16,16,0,512,"(2686976, 1, 1)/(256, 1, 1)",0.3658338349867153,0.0,20,
qwen-normal,1600-1799,prefill:79/decode:120,Agent 1,AMD Radeon RX 9070 XT,"gemv_decode::gemv_decode_core<__hip_bfloat16, gemv_decode::Bf16GemvLoader<__hip_bfloat16>, false, false, false, 16, 16, 1, false, 0>",20.100502512562816,0.6875369396984924,0.006839210998113772,0.005228920807032494,34204.96275,23840.0,15200,4072.0,92813.93467336684,384,512,6144,100.0,48,16,0,512,"(196608, 1, 1)/(512, 1, 1)",0.2783684364632147,0.4259548126536112,7,
qwen-normal,1600-1799,prefill:79/decode:120,Agent 1,AMD Radeon RX 9070 XT,"gemv_decode::gemv_decode_core<__hip_bfloat16, gemv_decode::Bf16GemvLoader<__hip_bfloat16>, false, false, false, 16, 8, 1, false, 0>",25.12562814070352,0.5386228442211055,0.005357901615653922,0.004096385277169038,21437.1892,13120.0,5000,4003.5,152352.04020100503,384,512,6144,100.0,32,16,0,512,"(196608, 1, 1)/(512, 1, 1)",0.32608849671392554,0.33578772537959406,7,
qwen-normal,1600-1799,prefill:79/decode:120,Agent 1,AMD Radeon RX 9070 XT,"dense_gemm::dense_gemm_kernel<64, __hip_bfloat16>",16.08040201005025,0.5249783567839196,0.005222174321372178,0.003992614933872454,32647.0915625,32921.0,25800,0.0,8329.43216080402,13,256,104,5.078125,72,16,0,0,"(256, 13, 1)/(256, 1, 1)",0.6877905174803426,1.0,2,"WG<64,OCC<25"
qwen-normal,1600-1799,prefill:79/decode:120,Agent 1,AMD Radeon RX 9070 XT,"anon::moe_topk_softmax_kernel<1, 8, true, c10::BFloat16, moe_core::SoftmaxScore>",22.512562814070353,0.4313863668341708,0.004291176537776175,0.0032808203009405436,19162.028348214284,24081.0,4160,0.0,303224.11557788943,832,256,6656,100.0,32,16,0,4096,"(212992, 1, 1)/(256, 1, 1)",0.40457647085643134,0.06960416169967468,18,
qwen-normal,1600-1799,prefill:79/decode:120,Agent 1,AMD Radeon RX 9070 XT,"gemv_decode::gemv_decode_core<__hip_bfloat16, gemv_decode::Int4Fp8GemvLoader, true, true, false, 32, 8, 1, false, 0>",20.7035175879397,0.38459640201005024,0.0038257376303527926,0.002924968845546082,18576.379611650485,14960.0,12960,0.0,33860.994974874375,64,1024,2048,75.0,112,12,0,512,"(8192, 8, 1)/(1024, 1, 1)",0.6458468424590347,0.0,8,
qwen-normal,1600-1799,prefill:79/decode:120,Agent 1,AMD Radeon RX 9070 XT,rmsnorm_gated_kernel<c10::BFloat16>,11.909547738693467,0.38236566834170854,0.003803547610649886,0.002908003459368497,32105.809282700422,57740.5,1920,2979.0,210256.49748743718,26624,128,106496,100.0,16,16,0,0,"(3407872, 1, 1)/(128, 1, 1)",0.4094627747744641,0.008103046088324408,20,
qwen-normal,1600-1799,prefill:79/decode:120,Agent 1,AMD Radeon RX 9070 XT,__amd_rocclr_copyBuffer,70.678391959799,0.35454436180904525,0.003526797701468966,0.0026964142338190044,5016.30487024529,3000,920,425,2211329.1005025124,32,512,512,25.0,16,16,0,0,"(16384, 1, 1)/(512, 1, 1)",0.8565918309079494,1.0,4,WG<64
qwen-normal,1600-1799,prefill:79/decode:120,Agent 1,AMD Radeon RX 9070 XT,"w4a8_tile::moe_gemm_tiled_kernel<__hip_bfloat16, w4a8_tile::WmmaFp8, w4a8_tile::Int4Fp8Loader, true, 64, 4, 0, false>",16.683417085427134,0.33605449246231156,0.003342871412584295,0.0025557933348330586,20143.02530120482,19641.0,16400,0.0,18567.984924623117,1024,128,4096,100.0,40,16,0,0,"(4096, 8, 4)/(128, 1, 1)",1.0,0.0,1,
qwen-normal,1600-1799,prefill:79/decode:120,Agent 1,AMD Radeon RX 9070 XT,"gdn_decode_conv_gated_kernel<c10::BFloat16, c10::BFloat16, 128, 128, true>",12.06030150753769,0.3203172311557789,0.003186326441116976,0.002436106830239542,26559.637083333335,16980.0,12400,124.5,72745.77889447236,8,256,64,3.125,176,8,0,0,"(2048, 1, 1)/(256, 1, 1)",1.0,1.0,1,"WG<64,OCC<25"
qwen-normal,1600-1799,prefill:79/decode:120,Agent 1,AMD Radeon RX 9070 XT,"anon::rms_norm_add_kernel<__hip_bfloat16, true>",31.959798994974875,0.3169656231155779,0.003152986625833798,0.0024106168645278672,9917.635062893081,2840.0,2280,2086.0,1536036.944723618,1664,256,13312,100.0,40,16,0,512,"(425984, 1, 1)/(256, 1, 1)",0.33212819759681306,0.21539756407805363,20,
qwen-normal,1600-1799,prefill:79/decode:120,Agent 1,AMD Radeon RX 9070 XT,"anon::rms_norm_add_kernel<__hip_bfloat16, false>",31.959798994974875,0.27458165829145725,0.002731376001543688,0.0020882743360659544,8591.470125786163,2440.0,1960,4891.0,546673.7638190954,1664,256,13312,100.0,32,16,0,512,"(425984, 1, 1)/(256, 1, 1)",0.3335080410125957,0.21411204802188802,20,
qwen-normal,1600-1799,prefill:79/decode:120,Agent 1,AMD Radeon RX 9070 XT,anon::moe_align_kernel,22.512562814070353,0.2605331457286432,0.0025916297041754742,0.0019814312627617478,11572.789285714285,12880.0,2520,7275.5,10622821.110552764,1,256,8,0.390625,16,16,0,1536,"(256, 1, 1)/(256, 1, 1)",1.0,1.0,1,"WG<64,OCC<25"
qwen-normal,1600-1799,prefill:79/decode:120,Agent 1,AMD Radeon RX 9070 XT,"anon::flash_decode_paged_fp8_split_kernel<__hip_bfloat16, 256, 16, 4>",4.0201005025125625,0.24990666834170855,0.002485923789599012,0.0019006137742667004,62164.28375,62441.0,54480,0.0,7016.150753768844,128,256,1024,50.0,112,12,0,8704,"(512, 1, 64)/(256, 1, 1)",1.0,0.0,1,
qwen-normal,1600-1799,prefill:79/decode:120,Agent 1,AMD Radeon RX 9070 XT,"at::native::elementwise_kernel_manual_unroll<128, 8, at::native::gpu_kernel_impl_nocast<at::native::BinaryFunctor<c10::BFloat16, c10::BFloat16, c10::B",40.0,0.2353448391959799,0.0023410713223413326,0.0017898667772516111,5883.620979899498,2600.0,1480,600.5,361600.7587939699,1664,128,6656,100.0,48,16,0,0,"(212992, 1, 1)/(128, 1, 1)",0.3646701857765734,0.21903306519762522,20,
qwen-normal,1600-1799,prefill:79/decode:120,Agent 1,AMD Radeon RX 9070 XT,"gemv_decode::gemv_decode_core<__hip_bfloat16, gemv_decode::Int4Fp8GemvLoader, true, true, false, 32, 16, 1, false, 0>",3.2160804020100504,0.22849820100502513,0.002272965013411636,0.0017377960784603482,71048.659375,71620.5,50480,4230.5,12184.819095477387,960,1024,30720,62.5,128,10,0,512,"(8192, 120, 1)/(1024, 1, 1)",0.21678852930502604,0.0,7,
qwen-normal,1600-1799,prefill:79/decode:120,Agent 1,AMD Radeon RX 9070 XT,"w4a8_fp8_moe::moe_gemm2_gather_reduce_core<__hip_bfloat16, gemv_decode::Int4Fp8GemvLoader, 8, 1, true>",6.432160804020101,0.2229744673366834,0.0022180181765598726,0.0016957864579684456,34665.56171875,35740.5,22080,3990.0,24562.467336683418,120,256,960,46.875,80,16,0,0,"(2048, 15, 1)/(256, 1, 1)",0.12537697546955318,0.3159792119876537,13,
qwen-normal,1600-1799,prefill:79/decode:120,Agent 1,AMD Radeon RX 9070 XT,"at::native::vectorized_elementwise_kernel<8, at::native::CUDAFunctor_add<c10::BFloat16>, std::array<char*, 3ul> >",40.0,0.2056781959798995,0.002045965094813382,0.001564243223038801,5141.9548994974875,1440.0,960,1925.5,2327070.256281407,832,256,6656,100.0,32,16,0,0,"(212992, 1, 1)/(256, 1, 1)",0.36312629274188657,0.14587304395428083,20,
qwen-normal,1600-1799,prefill:79/decode:120,Agent 1,AMD Radeon RX 9070 XT,"at::native::anon::CatArrayBatchedCopy_contig<at::native::anon::OpaqueType<2u>, unsigned int, 2, 128, 1>",16.030150753768844,0.19255695979899498,0.0019154427946782879,0.0014644523595683861,12012.173981191223,16600.0,2360,3631.0,601747.4673366834,1664,256,13312,100.0,8,16,0,0,"(212992, 2, 1)/(256, 1, 1)",0.2980096080687213,0.10207627658826267,21,
qwen-normal,1600-1799,prefill:79/decode:120,Agent 1,AMD Radeon RX 9070 XT,"anon::rms_norm_kernel<__hip_bfloat16, false>",16.77889447236181,0.13446699497487435,0.001337598167916281,0.001022661077951091,8014.055705300988,2000,1560,212,445411.51256281405,13312,256,106496,100.0,32,16,0,512,"(3407872, 1, 1)/(256, 1, 1)",0.28550810622785694,0.17747819681293708,39,
qwen-normal,1600-1799,prefill:79/decode:120,Agent 1,AMD Radeon RX 9070 XT,"at::native::vectorized_elementwise_kernel<4, at::native::bfloat16_copy_kernel_cuda(at::TensorIteratorBase&)::{lambda(float)#1}, std::array<char*, 2ul>",40.0,0.124989,0.0012433166773818897,0.0009505781362624544,3124.725,1440.0,880,3098.0,2435272.8391959798,832,256,6656,100.0,32,16,0,0,"(212992, 1, 1)/(256, 1, 1)",0.3242626657678539,0.2361445194111755,20,
qwen-normal,1600-1799,prefill:79/decode:120,Agent 1,AMD Radeon RX 9070 XT,"anon::moe_route_align_kernel<1, 8, true, c10::BFloat16>",17.487437185929647,0.12073946231155779,0.0012010447888220718,0.000918259151264923,6904.354310344827,6680.0,5560,0.0,56259.35175879397,1,256,8,0.390625,48,16,0,0,"(256, 1, 1)/(256, 1, 1)",1.0,1.0,1,"WG<64,OCC<25"
qwen-normal,1600-1799,prefill:79/decode:120,Agent 1,AMD Radeon RX 9070 XT,"at::native::vectorized_elementwise_kernel<8, at::native::sigmoid_kernel_cuda(at::TensorIteratorBase&)::{lambda()#2}::operator()() const::{lambda()#4}:",47.98994974874372,0.11772649246231155,0.0011710735460565753,0.0008953446286756435,2453.1489005235603,1560.0,1040,3361.0,9286942.88442211,1,256,8,0.390625,48,16,0,0,"(256, 1, 1)/(256, 1, 1)",0.7200041045653387,0.7455657376701265,20,"WG<64,OCC<25"
qwen-normal,1600-1799,prefill:79/decode:120,Agent 1,AMD Radeon RX 9070 XT,"at::native::vectorized_elementwise_kernel<8, at::native::FillFunctor<c10::BFloat16>, std::array<char*, 1ul> >",47.73869346733668,0.11441118592964825,0.0011380948367086053,0.0008701307466143595,2396.613263157895,2440.0,1040,4402.5,2360901.5075376886,1024,256,8192,100.0,8,16,0,0,"(262144, 1, 1)/(256, 1, 1)",0.37691047006420375,0.0,7,
qwen-normal,1600-1799,prefill:79/decode:120,Agent 1,AMD Radeon RX 9070 XT,"anon::gated_mul_kernel<__hip_bfloat16, anon::SiluAct>",40.0,0.09129554271356784,0.0009081540841706834,0.000694329475727725,2282.388567839196,1680.0,1000,1584.5,443186.10050251253,1,256,8,0.390625,72,16,0,0,"(256, 1, 1)/(256, 1, 1)",0.3302666094152334,0.39597270183263117,7,"WG<64,OCC<25"
qwen-normal,1600-1799,prefill:79/decode:120,Agent 1,AMD Radeon RX 9070 XT,"gemv_decode::gemv_decode_core<__hip_bfloat16, gemv_decode::Bf16GemvLoader<__hip_bfloat16>, false, false, false, 8, 1, 1, true, 0>",16.683417085427134,0.08207688442211056,0.0008164523216407513,0.000624218865853785,4919.668674698795,4880.0,4240,0.0,49018.175879396986,8,256,64,3.125,16,16,0,512,"(2048, 1, 1)/(256, 1, 1)",1.0,1.0,1,"WG<64,OCC<25"
qwen-normal,1600-1799,prefill:79/decode:120,Agent 1,AMD Radeon RX 9070 XT,"anon::flash_prefill_paged_fp8_split_kernel<__hip_bfloat16, 256, 4>",1.9597989949748744,0.0756506783919598,0.0007525282232834679,0.0005753456774021672,38601.243589743586,38520.0,36640,3742.5,7708.753768844221,216,128,864,31.25,248,5,0,23040,"(1024, 1, 27)/(128, 1, 1)",0.7397982063152608,0.0,2,
qwen-normal,1600-1799,prefill:79/decode:120,Agent 1,AMD Radeon RX 9070 XT,"at::native::vectorized_elementwise_kernel<4, at::native::FillFunctor<float>, std::array<char*, 1ul> >",40.0,0.07556984924623115,0.0007517241827286755,0.0005747309479563566,1889.2462311557788,1200.0,640,1599.0,374579.4472361809,1664,256,13312,100.0,8,16,0,0,"(425984, 1, 1)/(256, 1, 1)",0.28979465900627727,0.3153614746249601,20,
qwen-normal,1600-1799,prefill:79/decode:120,Agent 1,AMD Radeon RX 9070 XT,Cijk_Alik_Bljk_BBS_BH_Bias_HA_S_SAV_UserArgs_MT16x16x32_MI16x16x1_SN_LDSB1_AFC1_AFEM1_AFEM1_ASEM1_CLR0_CADS0_DTLA0_DTLB0_DTVA0_DTVB1_EPS0_FDSI0_GRPM1_,6.030150753768845,0.07227315577889448,0.0007189306251503636,0.0005496586237357491,11985.298333333334,11840.0,11320,0.0,9853.854271356784,208,32,208,10.15625,48,16,0,2048,"(64, 104, 1)/(32, 1, 1)",0.42444653373250757,0.0,5,OCC<25
qwen-normal,1600-1799,prefill:79/decode:120,Agent 1,AMD Radeon RX 9070 XT,"at::native::elementwise_kernel_manual_unroll<128, 4, at::native::gpu_kernel_impl<at::native::direct_copy_kernel_cuda(at::TensorIteratorBase&)::{lambda",39.27638190954774,0.07051468341708543,0.0007014383817197232,0.0005362849238072956,1795.3457011258956,1640.0,1240,4492.0,692542.8341708543,1,128,4,0.1953125,16,16,0,0,"(128, 1, 1)/(128, 1, 1)",0.9635412190425858,1.0,2,"WG<64,OCC<25"
qwen-normal,1600-1799,prefill:79/decode:120,Agent 1,AMD Radeon RX 9070 XT,"gemv_decode::gemv_decode_core<__hip_bfloat16, gemv_decode::Bf16GemvLoader<__hip_bfloat16>, false, false, false, 8, 16, 1, true, 0>",3.2160804020100504,0.06662397989949749,0.0006627359633455826,0.0005066949783041031,20715.89375,20561.0,16360,3809.0,12686.065326633166,8,256,64,3.125,40,16,0,512,"(2048, 1, 1)/(256, 1, 1)",1.0,1.0,1,"WG<64,OCC<25"
qwen-normal,1600-1799,prefill:79/decode:120,Agent 1,AMD Radeon RX 9070 XT,anon::rope_kernel<__hip_bfloat16>,15.979899497487438,0.06276029145728643,0.0006243022749697362,0.0004773104904012015,3927.452201257862,2000.0,1560,156.0,3730376.2311557787,1,256,8,0.390625,48,16,0,0,"(256, 1, 1)/(256, 1, 1)",0.28539290198696515,0.3877438908095555,25,"WG<64,OCC<25"
qwen-normal,1600-1799,prefill:79/decode:120,Agent 1,AMD Radeon RX 9070 XT,"at::native::index_elementwise_kernel<128, 4, at::native::index_fill_kernel_impl<at::native::OpaqueType<4> >(at::TensorIterator&, long, long, long, at:",35.879396984924625,0.057452633165829145,0.0005715048282215174,0.0004369441867535891,1601.270868347339,1480.0,1200,4021.0,599097.6482412061,1,128,4,0.1953125,16,16,0,0,"(128, 1, 1)/(128, 1, 1)",1.0,1.0,1,"WG<64,OCC<25"
qwen-normal,1600-1799,prefill:79/decode:120,Agent 1,AMD Radeon RX 9070 XT,"gemv_decode::gemv_decode_core<__hip_bfloat16, gemv_decode::Bf16GemvLoader<__hip_bfloat16>, false, false, false, 8, 8, 1, true, 0>",4.0201005025125625,0.04727953266331658,0.00047030883885080524,0.0003595747629187794,11760.78375,11160.0,6800,3761.0,17877.798994974873,8,256,64,3.125,32,16,0,512,"(2048, 1, 1)/(256, 1, 1)",1.0,1.0,1,"WG<64,OCC<25"
qwen-normal,1600-1799,prefill:79/decode:120,Agent 1,AMD Radeon RX 9070 XT,"gdn_replay_flush_kernel<c10::BFloat16, 128, 128>",18.391959798994975,0.04176391959798995,0.0004154427809568622,0.0003176269020031545,2270.7704918032787,1600.0,1280,3834.0,481020.0,16,128,64,3.125,144,10,0,0,"(2048, 1, 1)/(128, 1, 1)",1.0,1.0,1,"WG<64,OCC<25"
qwen-normal,1600-1799,prefill:79/decode:120,Agent 1,AMD Radeon RX 9070 XT,w4a8_fp8_moe::moe_build_inverse_map_kernel,22.512562814070353,0.03990137185929648,0.0003969152572072721,0.000303461678198283,1772.4046875,1760.0,1400,3930.5,1020042.1859296482,41,256,328,16.015625,8,16,0,0,"(10496, 1, 1)/(256, 1, 1)",0.49241654012978986,1.0,9,"WG<64,OCC<25"
qwen-normal,1600-1799,prefill:79/decode:120,Agent 1,AMD Radeon RX 9070 XT,ncclDevKernel_Generic_4,0.7989949748743719,0.03671272361809045,0.00036519646966120097,0.00027921106972616003,45948.62893081761,37960,34400,12387,21982.819095477385,2,256,16,0.78125,256,5,776,21504,"(512, 1, 1)/(256, 1, 1)",1.0,1.0,1,"WG<64,OCC<25,SPILL776B"
qwen-normal,1600-1799,prefill:79/decode:120,Agent 1,AMD Radeon RX 9070 XT,"at::native::vectorized_elementwise_kernel<8, at::native::BinaryFunctor<c10::BFloat16, c10::BFloat16, c10::BFloat16, at::native::binary_internal::MulFu",7.989949748743719,0.036537281407035174,0.0003634512742686322,0.00027787678006861667,4572.905031446541,1180.0,880,3489.5,67909.81407035176,1664,256,13312,100.0,32,16,0,0,"(425984, 1, 1)/(256, 1, 1)",0.3391960493577222,0.19964010051549191,20,
qwen-normal,1600-1799,prefill:79/decode:120,Agent 1,AMD Radeon RX 9070 XT,"at::native::vectorized_elementwise_kernel<4, at::native::FillFunctor<int>, std::array<char*, 1ul> >",22.512562814070353,0.030241688442211055,0.0003008264374656021,0.0002299969424255478,1343.325,1280.0,960,2564.5,546359.2110552763,7,256,56,2.734375,8,16,0,0,"(1792, 1, 1)/(256, 1, 1)",0.7054059955175191,1.0,2,"WG<64,OCC<25"
qwen-normal,1600-1799,prefill:79/decode:120,Agent 1,AMD Radeon RX 9070 XT,"anon::elementwise_kernel_with_index_grid_stride<int, at::native::arange_cuda_out(c10::Scalar const&, c10::Scalar const&, c10::Scalar const&, at::Tenso",17.321608040201006,0.02581413567839196,0.0002567837601800445,0.00019632410037996912,1490.2851755149404,1360,1240,54447,2052601.1809045225,82,128,328,16.015625,8,16,0,0,"(10496, 1, 1)/(128, 1, 1)",0.5604794070016953,0.13757527964207994,4,OCC<25
qwen-normal,1600-1799,prefill:79/decode:120,Agent 1,AMD Radeon RX 9070 XT,"at::native::elementwise_kernel_manual_unroll<128, 4, at::native::gpu_kernel_impl<at::native::BinaryFunctor<c10::BFloat16, c10::BFloat16, c10::BFloat16",0.7989949748743719,0.020394567839195982,0.00020287310341284985,0.00015510669168055676,25525.276729559748,13280,12200,5466,8232.231155778894,4,128,16,0.78125,24,16,0,0,"(512, 1, 1)/(128, 1, 1)",0.26350769825150505,0.3832765104709378,20,"WG<64,OCC<25"
qwen-normal,1600-1799,prefill:79/decode:120,Agent 1,AMD Radeon RX 9070 XT,"anon::flash_prefill_reduce_kernel<__hip_bfloat16, 256>",1.9597989949748744,0.016629100502512564,0.0001654164605255937,0.00012646920419716483,8485.105128205128,8800.0,6480,3605.0,7988.412060301507,32,32,32,1.5625,32,16,0,0,"(256, 4, 1)/(32, 1, 1)",0.09726939303291952,0.4768706309185538,15,"WG<64,OCC<25"
qwen-normal,1600-1799,prefill:79/decode:120,Agent 1,AMD Radeon RX 9070 XT,"w4a8_tile::moe_gemm_tiled_ashuffle_kernel<__hip_bfloat16, w4a8_tile::WmmaFp8, w4a8_tile::Int4Fp8Loader, true, 64, 4, 0, false>",0.8040201005025126,0.016537894472361807,0.00016450919685947725,0.00012577555549082587,20569.00625,19880.0,16241,3690.0,3647.532663316583,512,128,2048,100.0,40,16,0,0,"(4096, 16, 1)/(128, 1, 1)",1.0,0.0,1,
qwen-normal,1600-1799,prefill:79/decode:120,Agent 1,AMD Radeon RX 9070 XT,"anon::store_kv_kernel<__hip_bfloat16, unsigned char>",7.989949748743719,0.015728211055276383,0.0001564549449184115,0.00011961767476871688,1968.4993710691824,1760.0,1280,6728.5,528374.6532663316,1,256,8,0.390625,48,16,0,0,"(256, 1, 1)/(256, 1, 1)",0.5359811803135806,0.6438448468552171,7,"WG<64,OCC<25"
qwen-normal,1600-1799,prefill:79/decode:120,Agent 1,AMD Radeon RX 9070 XT,"anon::flash_decode_reduce_kernel<__hip_bfloat16, 256>",4.0201005025125625,0.013882994974874371,0.00013809982625887296,0.00010558426332682956,3453.395,3440.0,3360,0.0,12938.788944723618,32,64,64,3.125,56,16,0,0,"(512, 1, 4)/(64, 1, 1)",1.0,1.0,1,"WG<64,OCC<25"
qwen-normal,1600-1799,prefill:79/decode:120,Agent 1,AMD Radeon RX 9070 XT,"at::native::index_elementwise_kernel<128, 4, at::native::gpu_index_kernel<at::native::index_put_kernel_impl<at::native::OpaqueType<2> >(at::TensorIter",0.20100502512562815,0.013057819095477386,0.00012989146446201454,9.93085578685419e-05,64962.65,63681.0,63040,4567.5,772.8190954773869,15360,128,61440,100.0,16,16,0,0,"(1966080, 1, 1)/(128, 1, 1)",1.0,0.0,1,
qwen-normal,1600-1799,prefill:79/decode:120,Agent 1,AMD Radeon RX 9070 XT,"at::native::index_elementwise_kernel<128, 4, at::native::gpu_index_kernel<at::native::index_kernel_impl<at::native::OpaqueType<4> >(at::TensorIterator",2.798994974874372,0.011120517587939699,0.00011062033441506093,8.457480964738948e-05,3973.039497307002,2960,2200,19472,71354.18592964824,1,128,4,0.1953125,16,16,0,0,"(128, 1, 1)/(128, 1, 1)",0.6322226605446133,1.0,3,"WG<64,OCC<25"
qwen-normal,1600-1799,prefill:79/decode:120,Agent 1,AMD Radeon RX 9070 XT,"at::native::index_elementwise_kernel<128, 4, at::native::gpu_index_kernel<at::native::index_put_kernel_impl<at::native::OpaqueType<4> >(at::TensorIter",1.6231155778894473,0.0062750603015075375,6.242059000745145e-05,4.7723680694633536e-05,3866.0588235294117,3120,2560,32938,166574.18090452263,1,128,4,0.1953125,16,16,0,0,"(128, 1, 1)/(128, 1, 1)",0.6495963521542166,0.8265111068223333,3,"WG<64,OCC<25"
qwen-normal,1600-1799,prefill:79/decode:120,Agent 1,AMD Radeon RX 9070 XT,"at::native::reduce_kernel<512, 1, at::native::ReduceOp<float, at::native::ArgMaxOps<float>, unsigned int, long, 4, 4> >",0.4020100502512563,0.004074221105527638,4.052794284172041e-05,3.09856507789775e-05,10134.625,9660.0,9120,0.0,1784.391959798995,64,512,1024,50.0,40,16,0,512,"(512, 64, 1)/(512, 1, 1)",1.0,0.0,1,
qwen-normal,1600-1799,prefill:79/decode:120,Agent 1,AMD Radeon RX 9070 XT,"at::native::vectorized_elementwise_kernel<4, at::native::compare_scalar_kernel<int>(at::TensorIteratorBase&, at::native::anon::OpType, int)::{lambda(i",1.5979899497487438,0.0038551055276381907,3.834831061597158e-05,2.9319212311142562e-05,2412.4716981132074,1920.0,1280,5147.5,11571.678391959798,1,256,8,0.390625,24,16,0,0,"(256, 1, 1)/(256, 1, 1)",1.0,1.0,1,"WG<64,OCC<25"
qwen-normal,1600-1799,prefill:79/decode:120,Agent 1,AMD Radeon RX 9070 XT,"at::native::reduce_kernel<512, 1, at::native::ReduceOp<c10::BFloat16, at::native::ArgMaxOps<float>, unsigned int, long, 4, 4> >",0.3969849246231156,0.0033371306532663314,3.319580279711295e-05,2.5379860922530916e-05,8406.189873417721,8361,8000,3704,1421.0452261306532,64,512,1024,50.0,40,16,0,512,"(512, 64, 1)/(512, 1, 1)",1.0,0.0,1,
qwen-normal,1600-1799,prefill:79/decode:120,Agent 1,AMD Radeon RX 9070 XT,"at::native::vectorized_elementwise_kernel<16, at::native::BinaryFunctor<bool, bool, bool, at::native::BitwiseAndFunctor<bool> >, std::array<char*, 3ul",0.7989949748743719,0.003078422110552764,3.062232316500977e-05,2.3412306302781667e-05,3852.867924528302,1800,1440,5393,6017.894472361809,1,256,8,0.390625,40,16,0,0,"(256, 1, 1)/(256, 1, 1)",1.0,1.0,1,"WG<64,OCC<25"
qwen-normal,1600-1799,prefill:79/decode:120,Agent 1,AMD Radeon RX 9070 XT,"at::native::index_elementwise_kernel<128, 4, at::native::gpu_index_kernel<at::native::index_kernel_impl<at::native::OpaqueType<2> >(at::TensorIterator",0.8140703517587939,0.002868165829145729,2.853081798297242e-05,2.1813245392482572e-05,3523.240740740741,3280.0,2920,5399.5,7942.361809045226,4,128,16,0.78125,16,16,0,0,"(512, 1, 1)/(128, 1, 1)",1.0,1.0,1,"WG<64,OCC<25"
qwen-normal,1600-1799,prefill:79/decode:120,Agent 1,AMD Radeon RX 9070 XT,"at::native::vectorized_elementwise_kernel<4, at::native::BUnaryFunctor<int, int, int, at::native::binary_internal::div_floor_kernel_cuda(at::TensorIte",1.2010050251256281,0.0028619497487437184,2.8468984090135725e-05,2.1765970271284703e-05,2382.9623430962342,1880,1600,21416,25184.603015075376,1,256,8,0.390625,16,16,0,0,"(256, 1, 1)/(256, 1, 1)",0.5869474371760476,1.0,2,"WG<64,OCC<25"
qwen-normal,1600-1799,prefill:79/decode:120,Agent 1,AMD Radeon RX 9070 XT,"at::native::vectorized_gather_kernel<16, long>",0.38190954773869346,0.0025964120603015075,2.5827572153776226e-05,1.974647798806908e-05,6798.5,6620.0,1880,5077.0,6086.86432160804,1664,256,13312,100.0,16,16,0,0,"(425984, 1, 1)/(256, 1, 1)",0.2910897527705415,0.33870087441889274,19,
qwen-normal,1600-1799,prefill:79/decode:120,Agent 1,AMD Radeon RX 9070 XT,"at::native::anon::CatArrayBatchedCopy<at::native::anon::OpaqueType<4u>, unsigned int, 1, 64, 64>",0.5477386934673367,0.0025168040201005025,2.5035678434844182e-05,1.9141035409235923e-05,4594.899082568807,2560,2000,177105.5,142177.18592964823,3,256,24,1.171875,8,16,0,0,"(256, 3, 1)/(256, 1, 1)",0.6151296611320092,1.0,2,"WG<64,OCC<25"
qwen-normal,1600-1799,prefill:79/decode:120,Agent 1,AMD Radeon RX 9070 XT,__amd_rocclr_fillBufferAligned,1.0,0.002499311557788945,2.4861673761469452e-05,1.9008000084345235e-05,2499.311557788945,2200,1880,2761,6672.145728643216,1,256,8,0.390625,16,16,0,0,"(256, 1, 1)/(256, 1, 1)",1.0,1.0,1,"WG<64,OCC<25"
qwen-normal,1600-1799,prefill:79/decode:120,Agent 1,AMD Radeon RX 9070 XT,"at::native::elementwise_kernel_manual_unroll<128, 4, at::native::gpu_kernel_impl_nocast<at::native::direct_copy_kernel_cuda(at::TensorIteratorBase&)::",0.41708542713567837,0.0020838693467336686,2.0729100259053783e-05,1.584843978136115e-05,4996.265060240964,4960,2240,2674,1039.0050251256282,720,128,2880,100.0,24,16,0,0,"(92160, 1, 1)/(128, 1, 1)",0.6644143818273891,0.33558561817261084,2,
qwen-normal,1600-1799,prefill:79/decode:120,Agent 1,AMD Radeon RX 9070 XT,"at::native::reduce_kernel<512, 1, at::native::ReduceOp<bool, at::native::func_wrapper_t<bool, at::native::and_kernel_cuda(at::TensorIterator&)::{lambd",0.4020100502512563,0.0018850502512562815,1.8751365440877646e-05,1.4336362036661366e-05,4689.0625,3800.0,3360,3320467.0,1196672.552763819,1,32,1,0.048828125,32,16,12,512,"(32, 1, 1)/(32, 1, 1)",0.5957587470843052,1.0,5,"WG<64,OCC<25,SPILL12B"
qwen-normal,1600-1799,prefill:79/decode:120,Agent 1,AMD Radeon RX 9070 XT,"at::native::vectorized_elementwise_kernel<4, at::native::CUDAFunctorOnSelf_add<int>, std::array<char*, 2ul> >",0.7989949748743719,0.0018745929648241206,1.8647342537892063e-05,1.4256831295179747e-05,2346.188679245283,1600,1080,5142,5617.768844221106,1,256,8,0.390625,16,16,0,0,"(256, 1, 1)/(256, 1, 1)",0.6291000525407191,1.0,2,"WG<64,OCC<25"
qwen-normal,1600-1799,prefill:79/decode:120,Agent 1,AMD Radeon RX 9070 XT,"at::native::vectorized_elementwise_kernel<4, at::native::anon::launch_clamp_scalar(at::TensorIteratorBase&, c10::Scalar, c10::Scalar, at::native::deta",0.7989949748743719,0.0015399095477386935,1.531810977256495e-05,1.1711465392172162e-05,1927.308176100629,1480,1000,4822,6566.502512562814,1,256,8,0.390625,16,16,0,0,"(256, 1, 1)/(256, 1, 1)",0.6684527577812441,1.0,2,"WG<64,OCC<25"
qwen-normal,1600-1799,prefill:79/decode:120,Agent 1,AMD Radeon RX 9070 XT,"at::native::elementwise_kernel_manual_unroll<128, 4, at::native::gpu_kernel_impl_nocast<at::native::CUDAFunctor_add<int> >(at::TensorIteratorBase&, at",0.4221105527638191,0.001146346733668342,1.140317957605953e-05,8.718304343590272e-06,2715.75,2280.0,2040,4838.5,8721.899497487437,1,128,4,0.1953125,24,16,0,0,"(128, 1, 1)/(128, 1, 1)",0.5986288098964155,1.0,2,"WG<64,OCC<25"
qwen-normal,1600-1799,prefill:79/decode:120,Agent 1,AMD Radeon RX 9070 XT,"at::native::vectorized_elementwise_kernel<4, at::native::BUnaryFunctor<int, int, int, at::native::remainder_kernel_cuda(at::TensorIteratorBase&)::{lam",0.4020100502512563,0.0010832311557788944,1.0775343121711183e-05,8.238291795291793e-06,2694.5375,2080.0,1760,4162.0,1719.4221105527638,1,256,8,0.390625,16,16,0,0,"(256, 1, 1)/(256, 1, 1)",0.943028256240635,1.0,2,"WG<64,OCC<25"
qwen-normal,1600-1799,prefill:79/decode:120,Agent 1,AMD Radeon RX 9070 XT,"at::native::vectorized_elementwise_kernel<4, at::native::bfloat16tofloat32_copy_kernel_cuda(at::TensorIteratorBase&)::{lambda(c10::BFloat16)#1}, std::",0.4020100502512563,0.0009105628140703518,9.057740541467274e-06,6.925098230635423e-06,2265.025,2240.0,2200,28428.0,66534.60804020101,122,256,976,47.65625,16,16,0,0,"(31232, 1, 1)/(256, 1, 1)",1.0,0.0,1,
qwen-normal,1600-1799,prefill:79/decode:120,Agent 1,AMD Radeon RX 9070 XT,"at::native::vectorized_elementwise_kernel<4, at::native::AUnaryFunctor<int, int, bool, at::native::anon::CompareEqFunctor<int> >, std::array<char*, 2u",0.4020100502512563,0.0008896532663316583,8.84974472247496e-06,6.766074965231763e-06,2213.0125,1720.0,1520,5392.5,3548.954773869347,1,256,8,0.390625,24,16,0,0,"(256, 1, 1)/(256, 1, 1)",1.0,1.0,1,"WG<64,OCC<25"
qwen-normal,1600-1799,prefill:79/decode:120,Agent 1,AMD Radeon RX 9070 XT,"at::native::unrolled_elementwise_kernel<at::native::CUDAFunctorOnSelf_add<int>, std::array<char*, 2ul>, 4, TrivialOffsetCalculator<1, unsigned int>, T",0.3969849246231156,0.0008586984924623116,8.541824932762713e-06,6.530654798231872e-06,2163.0506329113923,1720,1320,3970,1944.4020100502512,1,256,8,0.390625,16,16,0,0,"(256, 1, 1)/(256, 1, 1)",1.0,1.0,1,"WG<64,OCC<25"
qwen-normal,1600-1799,prefill:79/decode:120,Agent 1,AMD Radeon RX 9070 XT,rocprim::ROCPRIM_400200_NS::detail::trampoline_kernel<rocprim::ROCPRIM_400200_NS::detail::wrapped_partition_config<rocprim::ROCPRIM_400200_NS::default,0.20100502512562815,0.0006556934673366834,6.522450961205032e-06,4.9867418264036925e-06,3262.075,2660.5,2520,0.0,420.08040201005025,1,256,8,0.390625,64,16,0,12800,"(256, 1, 1)/(256, 1, 1)",1.0,1.0,1,"WG<64,OCC<25"
qwen-normal,1600-1799,prefill:79/decode:120,Agent 1,AMD Radeon RX 9070 XT,rocprim::ROCPRIM_400200_NS::detail::trampoline_kernel<rocprim::ROCPRIM_400200_NS::detail::wrapped_transform_config<rocprim::ROCPRIM_400200_NS::default,0.20100502512562815,0.00041105527638190956,4.08893486988015e-06,3.126196373472575e-06,2045.0,2080.0,1800,0.0,1310.4572864321608,1,1024,32,1.5625,8,16,0,0,"(1024, 1, 1)/(1024, 1, 1)",1.0,1.0,1,"WG<64,OCC<25"
qwen-normal,1600-1799,prefill:79/decode:120,Agent 1,AMD Radeon RX 9070 XT,rocprim::ROCPRIM_400200_NS::detail::trampoline_kernel<rocprim::ROCPRIM_400200_NS::detail::wrapped_reduce_config<rocprim::ROCPRIM_400200_NS::default_co,0.20100502512562815,0.0003953869346733669,3.933075469827751e-06,3.0070340227086694e-06,1967.05,1960.0,1801,0.0,235.43718592964825,1,256,8,0.390625,8,16,0,512,"(256, 1, 1)/(256, 1, 1)",1.0,1.0,1,"WG<64,OCC<25"
qwen-normal,1600-1799,prefill:79/decode:120,Agent 1,AMD Radeon RX 9070 XT,"rocprim::ROCPRIM_400200_NS::detail::init_lookback_scan_state_kernel<rocprim::ROCPRIM_400200_NS::detail::lookback_scan_state<unsigned long, false, true",0.20100502512562815,0.00038493467336683416,3.829102553821018e-06,2.9275414987866284e-06,1915.05,1480.0,1320,0.0,1962.3366834170854,1,256,8,0.390625,8,16,0,0,"(256, 1, 1)/(256, 1, 1)",1.0,1.0,1,"WG<64,OCC<25"
qwen-normal,1600-1799,prefill:79/decode:120,Agent 1,AMD Radeon RX 9070 XT,"at::native::anon::CatArrayBatchedCopy_contig<at::native::anon::OpaqueType<4u>, unsigned int, 1, 128, 1>",0.020100502512562814,6.693467336683418e-05,6.658265582738826e-07,5.090578935776859e-07,3330.0,3620.0,2360,4532.5,99.71859296482413,2,256,16,0.78125,8,16,0,0,"(256, 2, 1)/(256, 1, 1)",0.7297297297297297,1.0,2,"WG<64,OCC<25"
