tag,window,classes,agent,product,kernel,n_per_step,ms_per_step,share_of_busy,share_of_wall,ns_per_dispatch_mean,ns_per_dispatch_median,ns_per_dispatch_min,gap_after_ns_median,gap_after_ns_total_per_step,workgroups,threads_per_wg,waves,occ_upper_pct,vgpr,waves_per_simd_by_vgpr,scratch_b,lds_b,top_grid,dom_grid_time_frac,starved_time_frac,n_distinct_grids,flags
qwen-overlap,120-319,decode:199,Agent 1,AMD Radeon RX 9070 XT,"gemv_decode::gemv_decode_core<__hip_bfloat16, gemv_decode::Bf16GemvLoader<__hip_bfloat16>, false, false, false, 16, 1, 1, false, 0>",155.17587939698493,2.3746221155778895,0.5100122263219466,0.039499265896033545,15302.778529792746,3920.0,3120,0.0,1053652.6884422111,384,512,6144,100.0,24,16,0,512,"(196608, 1, 1)/(512, 1, 1)",0.32953998429469233,0.17046785932304306,8,
qwen-overlap,120-319,decode:199,Agent 1,AMD Radeon RX 9070 XT,"custom_ar::one_shot_ar_vec_kernel<__hip_bfloat16, 8>",50.085427135678394,0.8161563567839196,0.17529093063671608,0.013575876657537447,16295.285943613926,12720,7680,0,4783098.045226131,8,256,64,3.125,32,16,0,512,"(2048, 1, 1)/(256, 1, 1)",1.0,1.0,1,"WG<64,OCC<25"
qwen-overlap,120-319,decode:199,Agent 1,AMD Radeon RX 9070 XT,,144.11557788944722,0.5683641809045227,0.12207107790462972,0.00945412230436741,3943.8080825691272,2360,1120,1746,9733318.939698493,1,256,8,0.390625,112,16,0,8704,"(256, 1, 1)/(256, 1, 1)",0.654636184500291,0.718390896161913,5,"WG<64,OCC<25"
qwen-overlap,120-319,decode:199,Agent 1,AMD Radeon RX 9070 XT,"w4a8_tile::moe_gemm_tiled_kernel<__hip_bfloat16, w4a8_tile::WmmaFp8, w4a8_tile::Int4Fp8Loader, true, 64, 4, 0, false>",24.738693467336685,0.4926155025125628,0.10580206741483782,0.00819412511599413,19912.753402396913,19520,18960,0,26859.67336683417,1024,128,4096,100.0,40,16,0,0,"(4096, 8, 4)/(128, 1, 1)",1.0,0.0,1,
qwen-overlap,120-319,decode:199,Agent 1,AMD Radeon RX 9070 XT,"gemv_decode::gemv_decode_core<__hip_bfloat16, gemv_decode::Int4Fp8GemvLoader, true, true, false, 32, 8, 1, false, 0>",24.728643216080403,0.3653503216080402,0.07846854018935541,0.006077206728484206,14774.37797195692,14760,13200,0,27784.08040201005,64,1024,2048,75.0,112,12,0,512,"(8192, 8, 1)/(1024, 1, 1)",1.0,0.0,1,
qwen-overlap,120-319,decode:199,Agent 1,AMD Radeon RX 9070 XT,"gdn_decode_conv_gated_kernel<c10::BFloat16, c10::BFloat16, 128, 128, true>",18.542713567839197,0.3618012110552764,0.07770627584312392,0.006018171120040073,19511.77262872629,14680.5,12360,590.5,118650.38190954774,8,256,64,3.125,176,8,0,0,"(2048, 1, 1)/(256, 1, 1)",1.0,1.0,1,"WG<64,OCC<25"
qwen-overlap,120-319,decode:199,Agent 1,AMD Radeon RX 9070 XT,"gemv_decode::gemv_decode_core<__hip_bfloat16, gemv_decode::Bf16GemvLoader<__hip_bfloat16>, false, false, false, 8, 1, 1, true, 0>",24.728643216080403,0.11990300502512563,0.02575230733950858,0.001994456568963735,4848.749847591953,4840,4600,0,68334.50251256282,8,256,64,3.125,16,16,0,512,"(2048, 1, 1)/(256, 1, 1)",1.0,1.0,1,"WG<64,OCC<25"
qwen-overlap,120-319,decode:199,Agent 1,AMD Radeon RX 9070 XT,__amd_rocclr_copyBuffer,25.457286432160803,0.05052074371859297,0.010850651482747444,0.000840357830542834,1984.529806553494,1760.0,960,6168,1051921.798994975,1,512,16,0.78125,16,16,0,0,"(512, 1, 1)/(512, 1, 1)",0.8870202876016499,1.0,4,"WG<64,OCC<25"
qwen-overlap,120-319,decode:199,Agent 1,AMD Radeon RX 9070 XT,"at::native::elementwise_kernel_manual_unroll<128, 8, at::native::gpu_kernel_impl_nocast<at::native::BinaryFunctor<c10::BFloat16, c10::BFloat16, c10::B",24.728643216080403,0.04402900502512563,0.0094563807556133,0.0007323747914316054,1780.4860800650274,1760,1640,7757,271276.3567839196,2,128,8,0.390625,48,16,0,0,"(256, 1, 1)/(128, 1, 1)",1.0,1.0,1,"WG<64,OCC<25"
qwen-overlap,120-319,decode:199,Agent 1,AMD Radeon RX 9070 XT,"at::native::vectorized_elementwise_kernel<8, at::native::sigmoid_kernel_cuda(at::TensorIteratorBase&)::{lambda()#2}::operator()() const::{lambda()#4}:",30.91959798994975,0.041007924623115574,0.008807524699056369,0.0006821223924037918,1326.2761254672519,1280,1080,2017,11332366.306532664,1,256,8,0.390625,48,16,0,0,"(256, 1, 1)/(256, 1, 1)",1.0,1.0,1,"WG<64,OCC<25"
qwen-overlap,120-319,decode:199,Agent 1,AMD Radeon RX 9070 XT,w4a8_fp8_moe::moe_compute_act_fp8_kernel<__hip_bfloat16>,24.733668341708544,0.03967194472361809,0.008520588062530407,0.0006598998143624999,1603.965258025193,1560.0,1520,4342.5,227311.1608040201,128,256,1024,50.0,16,16,0,512,"(32768, 1, 1)/(256, 1, 1)",1.0,0.0,1,
qwen-overlap,120-319,decode:199,Agent 1,AMD Radeon RX 9070 XT,"at::native::elementwise_kernel_manual_unroll<128, 4, at::native::gpu_kernel_impl<at::native::direct_copy_kernel_cuda(at::TensorIteratorBase&)::{lambda",20.402010050251256,0.03199538693467337,0.006871846436338659,0.0005322085933961679,1568.2467980295567,1480.0,1360,11303.0,324393.89447236183,1,128,4,0.1953125,16,16,0,0,"(128, 1, 1)/(128, 1, 1)",1.0,1.0,1,"WG<64,OCC<25"
qwen-overlap,120-319,decode:199,Agent 1,AMD Radeon RX 9070 XT,"at::native::vectorized_elementwise_kernel<8, at::native::CUDAFunctor_add<c10::BFloat16>, std::array<char*, 3ul> >",24.733668341708544,0.028229587939698493,0.006063042577944253,0.0004695686075063163,1141.3425436814302,1120.0,1000,4611.5,2276615.618090452,1,256,8,0.390625,32,16,0,0,"(256, 1, 1)/(256, 1, 1)",1.0,1.0,1,"WG<64,OCC<25"
qwen-overlap,120-319,decode:199,Agent 1,AMD Radeon RX 9070 XT,"at::native::vectorized_elementwise_kernel<4, at::native::bfloat16_copy_kernel_cuda(at::TensorIteratorBase&)::{lambda(float)#1}, std::array<char*, 2ul>",24.733668341708544,0.0263225175879397,0.005653449325412626,0.0004378465585906593,1064.2383177570093,1040.0,960,2632.0,787428.2412060301,1,256,8,0.390625,32,16,0,0,"(256, 1, 1)/(256, 1, 1)",1.0,1.0,1,"WG<64,OCC<25"
qwen-overlap,120-319,decode:199,Agent 1,AMD Radeon RX 9070 XT,ncclDevKernel_Generic_4,0.6231155778894473,0.023360718592964826,0.0050173255019900385,0.0003885802415351361,37490.18548387097,37160.5,35080,3055.0,2774.075376884422,2,256,16,0.78125,256,5,776,21504,"(512, 1, 1)/(256, 1, 1)",1.0,1.0,1,"WG<64,OCC<25,SPILL776B"
qwen-overlap,120-319,decode:199,Agent 1,AMD Radeon RX 9070 XT,"at::native::elementwise_kernel_manual_unroll<128, 8, at::native::gpu_kernel_impl_nocast<at::native::direct_copy_kernel_cuda(at::TensorIteratorBase&)::",12.366834170854272,0.02305342713567839,0.004951326621902026,0.0003834687811055753,1864.1332791548152,1880,1800,576,142880.34673366835,2,128,8,0.390625,32,16,0,0,"(256, 1, 1)/(128, 1, 1)",1.0,1.0,1,"WG<64,OCC<25"
qwen-overlap,120-319,decode:199,Agent 1,AMD Radeon RX 9070 XT,"at::native::vectorized_elementwise_kernel<4, at::native::FillFunctor<float>, std::array<char*, 1ul> >",24.728643216080403,0.0202495175879397,0.004349113688119271,0.0003368287839253902,818.8689290794554,800,640,2401,262461.7185929648,2,256,16,0.78125,8,16,0,0,"(512, 1, 1)/(256, 1, 1)",1.0,1.0,1,"WG<64,OCC<25"
qwen-overlap,120-319,decode:199,Agent 1,AMD Radeon RX 9070 XT,at::native::,6.180904522613066,0.016239296482412062,0.0034878137866923556,0.00027012310106747865,2627.3333333333335,2640.0,2520,0.0,23629.13567839196,3,256,24,1.171875,8,16,0,0,"(256, 3, 1)/(256, 1, 1)",1.0,1.0,1,"WG<64,OCC<25"
qwen-overlap,120-319,decode:199,Agent 1,AMD Radeon RX 9070 XT,"at::native::index_elementwise_kernel<128, 4, at::native::gpu_index_kernel<at::native::index_kernel_impl<at::native::OpaqueType<4> >(at::TensorIterator",2.472361809045226,0.010126804020100503,0.0021749961098802405,0.00016844841208329546,4096.004065040651,3040.5,2440,17270.0,42456.5527638191,1,128,4,0.1953125,16,16,0,0,"(128, 1, 1)/(128, 1, 1)",0.6908086108114492,1.0,2,"WG<64,OCC<25"
qwen-overlap,120-319,decode:199,Agent 1,AMD Radeon RX 9070 XT,"at::native::elementwise_kernel_manual_unroll<128, 4, at::native::gpu_kernel_impl<at::native::BinaryFunctor<c10::BFloat16, c10::BFloat16, c10::BFloat16",0.6180904522613065,0.008180613065326633,0.001757000684342691,0.00013607563432519707,13235.30081300813,13240,13000,4141,2547.5577889447236,4,128,16,0.78125,24,16,0,0,"(512, 1, 1)/(128, 1, 1)",1.0,1.0,1,"WG<64,OCC<25"
qwen-overlap,120-319,decode:199,Agent 1,AMD Radeon RX 9070 XT,"at::native::reduce_kernel<512, 1, at::native::ReduceOp<float, at::native::ArgMaxOps<float>, unsigned int, long, 4, 4> >",0.6231155778894473,0.008093613065326632,0.0017383151581703673,0.0001346284835931242,12988.943548387097,9980.0,9040,11671.5,8448.321608040202,64,512,1024,50.0,40,16,0,512,"(512, 64, 1)/(512, 1, 1)",1.0,0.0,1,
qwen-overlap,120-319,decode:199,Agent 1,AMD Radeon RX 9070 XT,"at::native::vectorized_elementwise_kernel<8, at::native::BinaryFunctor<c10::BFloat16, c10::BFloat16, c10::BFloat16, at::native::binary_internal::MulFu",6.185929648241206,0.006496597989949749,0.0013953143881870304,0.00010806386824297441,1050.2217709179529,1040,960,7939,78467.2864321608,1,256,8,0.390625,32,16,0,0,"(256, 1, 1)/(256, 1, 1)",1.0,1.0,1,"WG<64,OCC<25"
qwen-overlap,120-319,decode:199,Agent 1,AMD Radeon RX 9070 XT,"at::native::index_elementwise_kernel<128, 4, at::native::gpu_index_kernel<at::native::index_put_kernel_impl<at::native::OpaqueType<4> >(at::TensorIter",1.2864321608040201,0.005134537688442211,0.0011027763029904532,8.540747097338822e-05,3991.30078125,2880.0,2640,37155.0,55753.78391959799,1,128,4,0.1953125,16,16,0,0,"(128, 1, 1)/(128, 1, 1)",1.0,1.0,1,"WG<64,OCC<25"
qwen-overlap,120-319,decode:199,Agent 1,AMD Radeon RX 9070 XT,"at::native::vectorized_elementwise_kernel<4, at::native::BUnaryFunctor<int, int, int, at::native::binary_internal::div_floor_kernel_cuda(at::TensorIte",1.236180904522613,0.003674603015075377,0.0007892171357596618,6.112303957866008e-05,2972.5447154471544,2160.0,1840,19031.5,22757.9648241206,3,256,24,1.171875,16,16,0,0,"(768, 1, 1)/(256, 1, 1)",0.580496850581063,1.0,2,"WG<64,OCC<25"
qwen-overlap,120-319,decode:199,Agent 1,AMD Radeon RX 9070 XT,__amd_rocclr_fillBufferAligned,1.2462311557788945,0.0034302010050251256,0.000736725409835955,5.705767696067966e-05,2752.4596774193546,2360.0,1800,3596.0,5808.48743718593,1,256,8,0.390625,16,16,0,0,"(256, 1, 1)/(256, 1, 1)",1.0,1.0,1,"WG<64,OCC<25"
qwen-overlap,120-319,decode:199,Agent 1,AMD Radeon RX 9070 XT,"at::native::vectorized_elementwise_kernel<4, at::native::compare_scalar_kernel<int>(at::TensorIteratorBase&, at::native::(anonymous namespace)::OpType",1.236180904522613,0.0020914824120603017,0.00044920056723571827,3.478954372104082e-05,1691.8902439024391,1720.0,1360,5158.0,5431.763819095478,1,256,8,0.390625,24,16,0,0,"(256, 1, 1)/(256, 1, 1)",1.0,1.0,1,"WG<64,OCC<25"
qwen-overlap,120-319,decode:199,Agent 1,AMD Radeon RX 9070 XT,"at::native::index_elementwise_kernel<128, 4, at::native::gpu_index_kernel<at::native::index_kernel_impl<at::native::OpaqueType<2> >(at::TensorIterator",0.6180904522613065,0.002020753768844221,0.0004340097406386261,3.3613049378412436e-05,3269.349593495935,3240,3120,3992,2651.994974874372,4,128,16,0.78125,16,16,0,0,"(512, 1, 1)/(128, 1, 1)",1.0,1.0,1,"WG<64,OCC<25"
qwen-overlap,120-319,decode:199,Agent 1,AMD Radeon RX 9070 XT,"at::native::elementwise_kernel_manual_unroll<128, 4, at::native::gpu_kernel_impl_nocast<at::native::direct_copy_kernel_cuda(at::TensorIteratorBase&)::",0.6231155778894473,0.0019937939698492463,0.0004282194184579228,3.316460233413525e-05,3199.717741935484,2440.0,2280,4047.5,2797.261306532663,1,128,4,0.1953125,24,16,0,0,"(128, 1, 1)/(128, 1, 1)",1.0,1.0,1,"WG<64,OCC<25"
qwen-overlap,120-319,decode:199,Agent 1,AMD Radeon RX 9070 XT,rocprim::ROCPRIM_400200_NS::detail::trampoline_kernel<rocprim::ROCPRIM_400200_NS::detail::wrapped_partition_config<rocprim::ROCPRIM_400200_NS::default,0.6231155778894473,0.0018593266331658291,0.0003993390398496394,3.092788388906292e-05,2983.9193548387098,2700.0,2480,4357.0,3095.748743718593,1,256,8,0.390625,64,16,0,12800,"(256, 1, 1)/(256, 1, 1)",1.0,1.0,1,"WG<64,OCC<25"
qwen-overlap,120-319,decode:199,Agent 1,AMD Radeon RX 9070 XT,"at::native::vectorized_elementwise_kernel<4, at::native::bfloat16tofloat32_copy_kernel_cuda(at::TensorIteratorBase&)::{lambda(c10::BFloat16)#1}, std::",0.6231155778894473,0.0014186984924623115,0.00030470261852345653,2.359851220640782e-05,2276.782258064516,2240.0,2200,10052.5,6213.939698492462,122,256,976,47.65625,16,16,0,0,"(31232, 1, 1)/(256, 1, 1)",1.0,0.0,1,
qwen-overlap,120-319,decode:199,Agent 1,AMD Radeon RX 9070 XT,rocprim::ROCPRIM_400200_NS::detail::trampoline_kernel<rocprim::ROCPRIM_400200_NS::detail::wrapped_transform_config<rocprim::ROCPRIM_400200_NS::default,0.6231155778894473,0.0012967035175879395,0.00027850100592682377,2.1569257985733613e-05,2081.0,2120.0,1520,34480.0,24521.64824120603,1,1024,32,1.5625,8,16,0,0,"(1024, 1, 1)/(1024, 1, 1)",1.0,1.0,1,"WG<64,OCC<25"
qwen-overlap,120-319,decode:199,Agent 1,AMD Radeon RX 9070 XT,rocprim::ROCPRIM_400200_NS::detail::trampoline_kernel<rocprim::ROCPRIM_400200_NS::detail::wrapped_reduce_config<rocprim::ROCPRIM_400200_NS::default_co,0.6231155778894473,0.0012424170854271356,0.0002668415743297803,2.0666262008226365e-05,1993.8790322580646,1960.0,1840,3973.0,2933.457286432161,1,256,8,0.390625,8,16,0,512,"(256, 1, 1)/(256, 1, 1)",1.0,1.0,1,"WG<64,OCC<25"
qwen-overlap,120-319,decode:199,Agent 1,AMD Radeon RX 9070 XT,"rocprim::ROCPRIM_400200_NS::detail::init_lookback_scan_state_kernel<rocprim::ROCPRIM_400200_NS::detail::lookback_scan_state<unsigned long, false, true",0.6231155778894473,0.0009465527638190955,0.00020329697059571326,1.574487959892393e-05,1519.0645161290322,1480.0,1360,4209.0,2377.025125628141,1,256,8,0.390625,8,16,0,0,"(256, 1, 1)/(256, 1, 1)",1.0,1.0,1,"WG<64,OCC<25"
qwen-overlap,120-319,decode:199,Agent 1,AMD Radeon RX 9070 XT,"at::native::vectorized_elementwise_kernel<16, at::native::BinaryFunctor<bool, bool, bool, at::native::BitwiseAndFunctor<bool> >, std::array<char*, 3ul",0.6180904522613065,0.000935894472361809,0.00020100782365344453,1.556759046921062e-05,1514.1707317073171,1520,1440,5032,2589.4422110552764,1,256,8,0.390625,40,16,0,0,"(256, 1, 1)/(256, 1, 1)",1.0,1.0,1,"WG<64,OCC<25"
qwen-overlap,120-319,decode:199,Agent 1,AMD Radeon RX 9070 XT,"at::native::vectorized_elementwise_kernel<4, at::native::CUDAFunctorOnSelf_add<int>, std::array<char*, 2ul> >",0.6180904522613065,0.0007435226130653266,0.00015969093386375492,1.2367693032301201e-05,1202.9349593495936,1200,1080,5072,2703.396984924623,1,256,8,0.390625,16,16,0,0,"(256, 1, 1)/(256, 1, 1)",1.0,1.0,1,"WG<64,OCC<25"
qwen-overlap,120-319,decode:199,Agent 1,AMD Radeon RX 9070 XT,"at::native::vectorized_elementwise_kernel<4, at::native::(anonymous namespace)::launch_clamp_scalar(at::TensorIteratorBase&, c10::Scalar, c10::Scalar,",0.6180904522613065,0.0007270653266331658,0.0001561563010321047,1.209394390462035e-05,1176.3089430894308,1160,1120,4481,2247.5879396984924,1,256,8,0.390625,16,16,0,0,"(256, 1, 1)/(256, 1, 1)",1.0,1.0,1,"WG<64,OCC<25"
qwen-overlap,120-319,decode:199,Agent 1,AMD Radeon RX 9070 XT,"at::native::elementwise_kernel_manual_unroll<128, 4, at::native::gpu_kernel_impl_nocast<at::native::CUDAFunctor_add<int> >(at::TensorIteratorBase&, at",0.04020100502512563,0.00017527638190954775,3.764518875357541e-05,2.9155326942009443e-06,4360.0,2400.0,2280,40516.5,1796.0804020100502,1,128,4,0.1953125,24,16,0,0,"(128, 1, 1)/(128, 1, 1)",1.0,1.0,1,"WG<64,OCC<25"
qwen-overlap,120-319,decode:199,Agent 2,AMD Radeon RX 9070,"gemv_decode::gemv_decode_core<__hip_bfloat16, gemv_decode::Bf16GemvLoader<__hip_bfloat16>, false, false, false, 16, 1, 1, false, 0>",95.76381909547739,1.2778332613065326,0.3910460958848465,0.021255371719158436,13343.591278795193,3920,2960,4160.0,428642.17587939696,384,512,6144,100.0,24,16,0,512,"(196608, 1, 1)/(512, 1, 1)",0.3396591967340884,0.19575070660106372,8,
qwen-overlap,120-319,decode:199,Agent 2,AMD Radeon RX 9070,"custom_ar::one_shot_ar_vec_kernel<__hip_bfloat16, 8>",30.90954773869347,0.5397146130653265,0.16516497004891165,0.008977567786297718,17461.09705738904,11240,7240,4200,4429598.16080402,8,256,64,3.125,32,16,0,512,"(2048, 1, 1)/(256, 1, 1)",1.0,1.0,1,"WG<64,OCC<25"
qwen-overlap,120-319,decode:199,Agent 2,AMD Radeon RX 9070,,88.91457286432161,0.32634682914572866,0.09986956616808783,0.005428425893194183,3670.3413021363176,2360.0,1120,4160.0,5809520.090452261,1,256,8,0.390625,112,16,0,8704,"(256, 1, 1)/(256, 1, 1)",0.7101285821036438,0.7813922848274115,5,"WG<64,OCC<25"
qwen-overlap,120-319,decode:199,Agent 2,AMD Radeon RX 9070,"w4a8_tile::moe_gemm_tiled_kernel<__hip_bfloat16, w4a8_tile::WmmaFp8, w4a8_tile::Int4Fp8Loader, true, 64, 4, 0, false>",15.261306532663317,0.2995247035175879,0.09166138453139053,0.004982268896199772,19626.41290747448,19600,18840,4160,63813.738693467334,1024,128,4096,100.0,40,16,0,0,"(4096, 8, 4)/(128, 1, 1)",1.0,0.0,1,
qwen-overlap,120-319,decode:199,Agent 2,AMD Radeon RX 9070,"gemv_decode::gemv_decode_core<__hip_bfloat16, gemv_decode::Int4Fp8GemvLoader, true, true, false, 32, 8, 1, false, 0>",15.256281407035177,0.2709353216080402,0.0829123822021988,0.004506715505855953,17758.935770750988,17760.0,15880,4160.0,63869.81909547739,64,1024,2048,75.0,112,12,0,512,"(8192, 8, 1)/(1024, 1, 1)",1.0,0.0,1,
qwen-overlap,120-319,decode:199,Agent 2,AMD Radeon RX 9070,"gdn_decode_conv_gated_kernel<c10::BFloat16, c10::BFloat16, 128, 128, true>",11.447236180904522,0.22160448743718592,0.06781602284657251,0.003686150531325884,19358.776558384547,15080.0,12560,4160.0,48089.572864321606,8,256,64,3.125,176,8,0,0,"(2048, 1, 1)/(256, 1, 1)",1.0,1.0,1,"WG<64,OCC<25"
qwen-overlap,120-319,decode:199,Agent 2,AMD Radeon RX 9070,"gemv_decode::gemv_decode_core<__hip_bfloat16, gemv_decode::Bf16GemvLoader<__hip_bfloat16>, false, false, false, 8, 1, 1, true, 0>",15.266331658291458,0.07397472864321608,0.022637952623406715,0.0012304894564473614,4845.612574061883,4840.0,4360,4121.0,64443.959798994976,8,256,64,3.125,16,16,0,512,"(2048, 1, 1)/(256, 1, 1)",1.0,1.0,1,"WG<64,OCC<25"
qwen-overlap,120-319,decode:199,Agent 2,AMD Radeon RX 9070,__amd_rocclr_copyBuffer,15.673366834170855,0.0365705728643216,0.011191428628366824,0.0006083118539416834,2333.294004488618,1560,920,4320,504721.17085427133,1,512,16,0.78125,16,16,0,0,"(512, 1, 1)/(512, 1, 1)",0.8601989902087848,1.0,4,"WG<64,OCC<25"
qwen-overlap,120-319,decode:199,Agent 2,AMD Radeon RX 9070,"at::native::elementwise_kernel_manual_unroll<128, 8, at::native::gpu_kernel_impl_nocast<at::native::BinaryFunctor<c10::BFloat16, c10::BFloat16, c10::B",15.256281407035177,0.02745048743718593,0.008400474668715454,0.00045660911483310507,1799.2908432147563,1800.0,1600,4160.0,64011.02512562814,2,128,8,0.390625,48,16,0,0,"(256, 1, 1)/(128, 1, 1)",1.0,1.0,1,"WG<64,OCC<25"
qwen-overlap,120-319,decode:199,Agent 2,AMD Radeon RX 9070,"at::native::vectorized_elementwise_kernel<8, at::native::sigmoid_kernel_cuda(at::TensorIteratorBase&)::{lambda()#2}::operator()() const::{lambda()#4}:",19.07035175879397,0.025516261306532662,0.007808557397617774,0.00042443535895989466,1338.0068511198947,1320,1120,4160,7449709.407035176,1,256,8,0.390625,48,16,0,0,"(256, 1, 1)/(256, 1, 1)",1.0,1.0,1,"WG<64,OCC<25"
qwen-overlap,120-319,decode:199,Agent 2,AMD Radeon RX 9070,w4a8_fp8_moe::moe_compute_act_fp8_kernel<__hip_bfloat16>,15.256281407035177,0.025363246231155778,0.0077617312978052865,0.000421890118978862,1662.4789196310935,1640.0,1480,4160.0,64911.738693467334,128,256,1024,50.0,16,16,0,512,"(32768, 1, 1)/(256, 1, 1)",1.0,0.0,1,
qwen-overlap,120-319,decode:199,Agent 2,AMD Radeon RX 9070,"at::native::elementwise_kernel_manual_unroll<128, 4, at::native::gpu_kernel_impl<at::native::direct_copy_kernel_cuda(at::TensorIteratorBase&)::{lambda",12.587939698492463,0.019848175879396985,0.006073994098524325,0.0003301528994733333,1576.7612774451097,1480,1320,4200,57561.87939698492,1,128,4,0.1953125,16,16,0,0,"(128, 1, 1)/(128, 1, 1)",1.0,1.0,1,"WG<64,OCC<25"
qwen-overlap,120-319,decode:199,Agent 2,AMD Radeon RX 9070,"at::native::vectorized_elementwise_kernel<8, at::native::CUDAFunctor_add<c10::BFloat16>, std::array<char*, 3ul> >",15.256281407035177,0.01752821608040201,0.005364033535219539,0.0002915628819848832,1148.9179841897233,1120.0,1000,4160.0,437846.94974874373,1,256,8,0.390625,32,16,0,0,"(256, 1, 1)/(256, 1, 1)",1.0,1.0,1,"WG<64,OCC<25"
qwen-overlap,120-319,decode:199,Agent 2,AMD Radeon RX 9070,"at::native::vectorized_elementwise_kernel<4, at::native::bfloat16_copy_kernel_cuda(at::TensorIteratorBase&)::{lambda(float)#1}, std::array<char*, 2ul>",15.266331658291458,0.016306070351758795,0.004990029093278795,0.0002712338120319437,1068.1066491112574,1080.0,920,4160.0,64435.68844221105,1,256,8,0.390625,32,16,0,0,"(256, 1, 1)/(256, 1, 1)",1.0,1.0,1,"WG<64,OCC<25"
qwen-overlap,120-319,decode:199,Agent 2,AMD Radeon RX 9070,ncclDevKernel_Generic_4,0.3768844221105528,0.014553286432160806,0.004453637273278963,0.0002420781507398547,38614.72,38481,37440,4440,1894.2613065326634,2,256,16,0.78125,256,5,776,21504,"(512, 1, 1)/(256, 1, 1)",1.0,1.0,1,"WG<64,OCC<25,SPILL776B"
qwen-overlap,120-319,decode:199,Agent 2,AMD Radeon RX 9070,"at::native::elementwise_kernel_manual_unroll<128, 8, at::native::gpu_kernel_impl_nocast<at::native::direct_copy_kernel_cuda(at::TensorIteratorBase&)::",7.628140703517588,0.014405331658291458,0.0044083597410366285,0.0002396170833913639,1888.4459815546772,1880.0,1680,4120.0,31991.72361809045,2,128,8,0.390625,32,16,0,0,"(256, 1, 1)/(128, 1, 1)",1.0,1.0,1,"WG<64,OCC<25"
qwen-overlap,120-319,decode:199,Agent 2,AMD Radeon RX 9070,"at::native::vectorized_elementwise_kernel<4, at::native::FillFunctor<float>, std::array<char*, 1ul> >",15.261306532663317,0.012786256281407036,0.003912885781917277,0.0002126855188288419,837.8218636812644,840,680,4160,64368.4472361809,2,256,16,0.78125,8,16,0,0,"(512, 1, 1)/(256, 1, 1)",1.0,1.0,1,"WG<64,OCC<25"
qwen-overlap,120-319,decode:199,Agent 2,AMD Radeon RX 9070,at::native::,3.814070351758794,0.010206899497487437,0.003123543830358941,0.0001697807135630222,2676.117259552042,2680,2440,4160,16208.045226130653,3,256,24,1.171875,8,16,0,0,"(256, 3, 1)/(256, 1, 1)",1.0,1.0,1,"WG<64,OCC<25"
qwen-overlap,120-319,decode:199,Agent 2,AMD Radeon RX 9070,"at::native::index_elementwise_kernel<128, 4, at::native::gpu_index_kernel<at::native::index_kernel_impl<at::native::OpaqueType<4> >(at::TensorIterator",1.5276381909547738,0.007749638190954773,0.0023715658770647754,0.00012890683426827477,5072.953947368421,3361.0,2680,16640.0,23136.412060301507,1,128,4,0.1953125,16,16,0,0,"(128, 1, 1)/(128, 1, 1)",0.7553051593266147,1.0,2,"WG<64,OCC<25"
qwen-overlap,120-319,decode:199,Agent 2,AMD Radeon RX 9070,"at::native::elementwise_kernel_manual_unroll<128, 4, at::native::gpu_kernel_impl<at::native::BinaryFunctor<c10::BFloat16, c10::BFloat16, c10::BFloat16",0.38190954773869346,0.005093095477386934,0.0015586032722020114,8.471812469675189e-05,13335.868421052632,13360.0,12560,4160.0,1603.5427135678392,4,128,16,0.78125,24,16,0,0,"(512, 1, 1)/(128, 1, 1)",1.0,1.0,1,"WG<64,OCC<25"
qwen-overlap,120-319,decode:199,Agent 2,AMD Radeon RX 9070,"at::native::reduce_kernel<512, 1, at::native::ReduceOp<float, at::native::ArgMaxOps<float>, unsigned int, long, 4, 4> >",0.3768844221105528,0.004958633165829145,0.0015174547408791034,8.248148983919946e-05,13156.906666666666,11040,10760,4680,4189.969849246231,64,512,1024,50.0,40,16,0,512,"(512, 64, 1)/(512, 1, 1)",1.0,0.0,1,
qwen-overlap,120-319,decode:199,Agent 2,AMD Radeon RX 9070,"at::native::vectorized_elementwise_kernel<8, at::native::BinaryFunctor<c10::BFloat16, c10::BFloat16, c10::BFloat16, at::native::binary_internal::MulFu",3.814070351758794,0.0040657738693467334,0.001244219450613653,6.762974289043428e-05,1065.9934123847167,1080,960,4160,16156.537688442211,1,256,8,0.390625,32,16,0,0,"(256, 1, 1)/(256, 1, 1)",1.0,1.0,1,"WG<64,OCC<25"
qwen-overlap,120-319,decode:199,Agent 2,AMD Radeon RX 9070,"at::native::index_elementwise_kernel<128, 4, at::native::gpu_index_kernel<at::native::index_put_kernel_impl<at::native::OpaqueType<4> >(at::TensorIter",0.7788944723618091,0.0028432412060301507,0.0008700965978457967,4.729423669846231e-05,3650.3548387096776,3240,2840,27040,36825.06030150754,1,128,4,0.1953125,16,16,0,0,"(128, 1, 1)/(128, 1, 1)",1.0,1.0,1,"WG<64,OCC<25"
qwen-overlap,120-319,decode:199,Agent 2,AMD Radeon RX 9070,__amd_rocclr_fillBufferAligned,0.7537688442211056,0.002047452261306533,0.0006265670471559723,3.405714987165468e-05,2716.286666666667,2640.0,2040,4400.0,3467.2311557788944,1,256,8,0.390625,16,16,0,0,"(256, 1, 1)/(256, 1, 1)",1.0,1.0,1,"WG<64,OCC<25"
qwen-overlap,120-319,decode:199,Agent 2,AMD Radeon RX 9070,"at::native::vectorized_elementwise_kernel<4, at::native::BUnaryFunctor<int, int, int, at::native::binary_internal::div_floor_kernel_cuda(at::TensorIte",0.7638190954773869,0.00167378391959799,0.0005122160198306334,2.7841581891701063e-05,2191.3355263157896,2160.0,1760,18020.0,15353.97487437186,1,256,8,0.390625,16,16,0,0,"(256, 1, 1)/(256, 1, 1)",0.5232419547079857,1.0,2,"WG<64,OCC<25"
qwen-overlap,120-319,decode:199,Agent 2,AMD Radeon RX 9070,"at::native::vectorized_elementwise_kernel<4, at::native::compare_scalar_kernel<int>(at::TensorIteratorBase&, at::native::(anonymous namespace)::OpType",0.7638190954773869,0.0013266582914572863,0.0004059876676845902,2.2067523191872713e-05,1736.875,1740.0,1360,4280.0,3322.075376884422,1,256,8,0.390625,24,16,0,0,"(256, 1, 1)/(256, 1, 1)",1.0,1.0,1,"WG<64,OCC<25"
qwen-overlap,120-319,decode:199,Agent 2,AMD Radeon RX 9070,"at::native::index_elementwise_kernel<128, 4, at::native::gpu_index_kernel<at::native::index_kernel_impl<at::native::OpaqueType<2> >(at::TensorIterator",0.38190954773869346,0.0012170904522613066,0.00037245741217354,2.0244980907917515e-05,3186.8552631578946,3200.0,2920,4200.0,1627.643216080402,4,128,16,0.78125,16,16,0,0,"(512, 1, 1)/(128, 1, 1)",1.0,1.0,1,"WG<64,OCC<25"
qwen-overlap,120-319,decode:199,Agent 2,AMD Radeon RX 9070,"at::native::elementwise_kernel_manual_unroll<128, 4, at::native::gpu_kernel_impl_nocast<at::native::direct_copy_kernel_cuda(at::TensorIteratorBase&)::",0.3768844221105528,0.0011575979899497487,0.00035425136305432687,1.9255388259791225e-05,3071.4933333333333,2720,2520,4320,1667.3417085427136,1,128,4,0.1953125,24,16,0,0,"(128, 1, 1)/(128, 1, 1)",1.0,1.0,1,"WG<64,OCC<25"
qwen-overlap,120-319,decode:199,Agent 2,AMD Radeon RX 9070,rocprim::ROCPRIM_400200_NS::detail::trampoline_kernel<rocprim::ROCPRIM_400200_NS::detail::wrapped_partition_config<rocprim::ROCPRIM_400200_NS::default,0.3768844221105528,0.0010733718592964823,0.0003284762478176404,1.7854377838704584e-05,2848.0133333333333,2840,2720,4280,1936.1658291457286,1,256,8,0.390625,64,16,0,12800,"(256, 1, 1)/(256, 1, 1)",1.0,1.0,1,"WG<64,OCC<25"
qwen-overlap,120-319,decode:199,Agent 2,AMD Radeon RX 9070,"at::native::vectorized_elementwise_kernel<4, at::native::bfloat16tofloat32_copy_kernel_cuda(at::TensorIteratorBase&)::{lambda(c10::BFloat16)#1}, std::",0.3768844221105528,0.0008836180904522613,0.00027040727064130734,1.4698029499664393e-05,2344.5333333333333,2320,2200,10880,4119.356783919598,122,256,976,47.65625,16,16,0,0,"(31232, 1, 1)/(256, 1, 1)",1.0,0.0,1,
qwen-overlap,120-319,decode:199,Agent 2,AMD Radeon RX 9070,rocprim::ROCPRIM_400200_NS::detail::trampoline_kernel<rocprim::ROCPRIM_400200_NS::detail::wrapped_reduce_config<rocprim::ROCPRIM_400200_NS::default_co,0.3768844221105528,0.0008237336683417085,0.0002520812728920327,1.3701917024985705e-05,2185.64,2160,1921,4160,1591.462311557789,1,256,8,0.390625,8,16,0,512,"(256, 1, 1)/(256, 1, 1)",1.0,1.0,1,"WG<64,OCC<25"
qwen-overlap,120-319,decode:199,Agent 2,AMD Radeon RX 9070,rocprim::ROCPRIM_400200_NS::detail::trampoline_kernel<rocprim::ROCPRIM_400200_NS::detail::wrapped_transform_config<rocprim::ROCPRIM_400200_NS::default,0.3768844221105528,0.0007827185929648241,0.00023952972521815668,1.3019675687541092e-05,2076.8133333333335,2120,1560,49801,13604.155778894472,1,1024,32,1.5625,8,16,0,0,"(1024, 1, 1)/(1024, 1, 1)",1.0,1.0,1,"WG<64,OCC<25"
qwen-overlap,120-319,decode:199,Agent 2,AMD Radeon RX 9070,"rocprim::ROCPRIM_400200_NS::detail::init_lookback_scan_state_kernel<rocprim::ROCPRIM_400200_NS::detail::lookback_scan_state<unsigned long, false, true",0.3768844221105528,0.000629356783919598,0.00019259751700215316,1.0468668167635168e-05,1669.8933333333334,1640,1520,4280,1694.3768844221106,1,256,8,0.390625,8,16,0,0,"(256, 1, 1)/(256, 1, 1)",1.0,1.0,1,"WG<64,OCC<25"
qwen-overlap,120-319,decode:199,Agent 2,AMD Radeon RX 9070,"at::native::vectorized_elementwise_kernel<16, at::native::BinaryFunctor<bool, bool, bool, at::native::BitwiseAndFunctor<bool> >, std::array<char*, 3ul",0.38190954773869346,0.0005853266331658291,0.000179123287558573,9.736274318249024e-06,1532.6315789473683,1520.0,1360,4240.0,1646.7386934673366,1,256,8,0.390625,40,16,0,0,"(256, 1, 1)/(256, 1, 1)",1.0,1.0,1,"WG<64,OCC<25"
qwen-overlap,120-319,decode:199,Agent 2,AMD Radeon RX 9070,"at::native::vectorized_elementwise_kernel<4, at::native::CUDAFunctorOnSelf_add<int>, std::array<char*, 2ul> >",0.38190954773869346,0.00045085929648241204,0.00013797321843271574,7.499555873176689e-06,1180.5394736842106,1160.0,1120,4240.0,1627.7185929648242,1,256,8,0.390625,16,16,0,0,"(256, 1, 1)/(256, 1, 1)",1.0,1.0,1,"WG<64,OCC<25"
qwen-overlap,120-319,decode:199,Agent 2,AMD Radeon RX 9070,"at::native::vectorized_elementwise_kernel<4, at::native::(anonymous namespace)::launch_clamp_scalar(at::TensorIteratorBase&, c10::Scalar, c10::Scalar,",0.38190954773869346,0.00044763819095477384,0.00013698748674208176,7.445976272919154e-06,1172.1052631578948,1160.0,1080,4160.0,1592.2462311557788,1,256,8,0.390625,16,16,0,0,"(256, 1, 1)/(256, 1, 1)",1.0,1.0,1,"WG<64,OCC<25"
qwen-overlap,120-319,decode:199,Agent 2,AMD Radeon RX 9070,"at::native::elementwise_kernel_manual_unroll<128, 4, at::native::gpu_kernel_impl_nocast<at::native::CUDAFunctor_add<int> >(at::TensorIteratorBase&, at",0.02512562814070352,6.412060301507538e-05,1.9622365635709063e-05,1.0665767539565381e-06,2552.0,2560,2440,54480,1139.3065326633166,1,128,4,0.1953125,24,16,0,0,"(128, 1, 1)/(128, 1, 1)",1.0,1.0,1,"WG<64,OCC<25"
qwen-overlap,620-819,decode:199,Agent 1,AMD Radeon RX 9070 XT,"gemv_decode::gemv_decode_core<__hip_bfloat16, gemv_decode::Bf16GemvLoader<__hip_bfloat16>, false, false, false, 16, 8, 1, false, 0>",158.96482412060303,3.6636770804020102,0.41471532504180464,0.04566704141395648,23047.09296958968,12000.0,10201,0.0,21162747.04522613,384,512,6144,100.0,32,16,0,512,"(196608, 1, 1)/(512, 1, 1)",0.2545270431885442,0.3461553637316341,8,
qwen-overlap,620-819,decode:199,Agent 1,AMD Radeon RX 9070 XT,"custom_ar::one_shot_ar_vec_kernel<__hip_bfloat16, 8>",51.38693467336683,1.9082824522613067,0.21601084377618818,0.023786379602915533,37135.557207119105,17921.0,9400,0.0,110156.10050251256,8,256,64,3.125,32,16,0,512,"(2048, 1, 1)/(256, 1, 1)",1.0,1.0,1,"WG<64,OCC<25"
qwen-overlap,620-819,decode:199,Agent 1,AMD Radeon RX 9070 XT,"gemv_decode::gemv_decode_core<__hip_bfloat16, gemv_decode::Int4Fp8GemvLoader, true, true, false, 32, 8, 1, false, 0>",25.271356783919597,1.172477457286432,0.13272031326226394,0.014614709600157944,46395.50884867767,46361,35481,0,1843619.0954773868,384,1024,12288,75.0,112,12,0,512,"(8192, 48, 1)/(1024, 1, 1)",1.0,0.0,1,
qwen-overlap,620-819,decode:199,Agent 1,AMD Radeon RX 9070 XT,"w4a8_fp8_moe::moe_gemm2_gather_reduce_core<__hip_bfloat16, gemv_decode::Int4Fp8GemvLoader, 8, 1, true>",25.44723618090452,0.8426221155778895,0.09538185186095961,0.010503125194698856,33112.51994470774,33040.0,28041,0.0,27870.56783919598,48,256,384,18.75,80,16,0,0,"(2048, 6, 1)/(256, 1, 1)",1.0,1.0,1,"WG<64,OCC<25"
qwen-overlap,620-819,decode:199,Agent 1,AMD Radeon RX 9070 XT,,172.55276381909547,0.6115717939698493,0.0692277702855775,0.007623126664799887,3544.2596249053527,2640.0,1160,4684.0,8135558.623115578,6,256,48,2.34375,112,16,0,8704,"(1536, 1, 1)/(256, 1, 1)",0.45109086943095233,0.6922852226876284,6,"WG<64,OCC<25"
qwen-overlap,620-819,decode:199,Agent 1,AMD Radeon RX 9070 XT,"gdn_decode_conv_gated_kernel<c10::BFloat16, c10::BFloat16, 128, 128, true>",18.91959798994975,0.49463362814070355,0.05599078231219825,0.006165514559639753,26143.981938911023,20841,16880,364,95401.01005025125,48,256,384,18.75,176,8,0,0,"(12288, 1, 1)/(256, 1, 1)",1.0,1.0,1,"WG<64,OCC<25"
qwen-overlap,620-819,decode:199,Agent 1,AMD Radeon RX 9070 XT,w4a8_fp8_moe::moe_compute_act_fp8_kernel<__hip_bfloat16>,25.34170854271357,0.3798894170854272,0.04300214228193859,0.004735249685504588,14990.678960935951,14760,13920,0,1794337.9798994975,768,256,6144,100.0,16,16,0,512,"(196608, 1, 1)/(256, 1, 1)",1.0,0.0,1,
qwen-overlap,620-819,decode:199,Agent 1,AMD Radeon RX 9070 XT,"gemv_decode::gemv_decode_core<__hip_bfloat16, gemv_decode::Bf16GemvLoader<__hip_bfloat16>, false, false, false, 8, 8, 1, true, 0>",25.22110552763819,0.3350311256281407,0.037924341887890976,0.004176099572439917,13283.760510061766,13280,11440,0,61716.040201005024,8,256,64,3.125,32,16,0,512,"(2048, 1, 1)/(256, 1, 1)",1.0,1.0,1,"WG<64,OCC<25"
qwen-overlap,620-819,decode:199,Agent 1,AMD Radeon RX 9070 XT,"at::native::elementwise_kernel_manual_unroll<128, 8, at::native::gpu_kernel_impl_nocast<at::native::direct_copy_kernel_cuda(at::TensorIteratorBase&)::",133.77386934673368,0.22693186934673368,0.025687887303688952,0.0028286628019264996,1696.384132827467,1800,920,113.0,6265409.261306533,12,128,48,2.34375,32,16,0,0,"(1536, 1, 1)/(128, 1, 1)",0.41961935667849926,0.9699140658115306,5,"WG<64,OCC<25"
qwen-overlap,620-819,decode:199,Agent 1,AMD Radeon RX 9070 XT,ncclDevKernel_Generic_4,0.6381909547738693,0.11286472864321608,0.012775889249466932,0.0014068374815826143,176851.031496063,177402,162322,4048,2422.854271356784,2,256,16,0.78125,256,5,776,21504,"(512, 1, 1)/(256, 1, 1)",1.0,1.0,1,"WG<64,OCC<25,SPILL776B"
qwen-overlap,620-819,decode:199,Agent 1,AMD Radeon RX 9070 XT,"at::native::elementwise_kernel_manual_unroll<128, 8, at::native::gpu_kernel_impl_nocast<at::native::BinaryFunctor<c10::BFloat16, c10::BFloat16, c10::B",25.21608040201005,0.050494743718592965,0.00571582691230557,0.0006294074237380865,2002.481865284974,2000.0,1720,3925.5,311160.7035175879,12,128,48,2.34375,48,16,0,0,"(1536, 1, 1)/(128, 1, 1)",1.0,1.0,1,"WG<64,OCC<25"
qwen-overlap,620-819,decode:199,Agent 1,AMD Radeon RX 9070 XT,__amd_rocclr_copyBuffer,13.43718592964824,0.04961444221105528,0.005616179886156304,0.0006184346320538694,3692.3238593866868,2680.0,1360,22161.0,936569.5075376885,1,512,16,0.78125,16,16,0,0,"(512, 1, 1)/(512, 1, 1)",0.8315385554984092,1.0,5,"WG<64,OCC<25"
qwen-overlap,620-819,decode:199,Agent 1,AMD Radeon RX 9070 XT,"at::native::vectorized_elementwise_kernel<8, at::native::sigmoid_kernel_cuda(at::TensorIteratorBase&)::{lambda()#2}::operator()() const::{lambda()#4}:",31.507537688442213,0.04260607537688442,0.0048228574764950126,0.0005310766658803985,1352.2502392344497,1320.0,1080,2978.5,7936107.351758794,1,256,8,0.390625,48,16,0,0,"(256, 1, 1)/(256, 1, 1)",0.7835795942471224,1.0,2,"WG<64,OCC<25"
qwen-overlap,620-819,decode:199,Agent 1,AMD Radeon RX 9070 XT,w4a8_fp8_moe::moe_build_inverse_map_kernel,25.36180904522613,0.03462273366834171,0.00391917134943744,0.00043156582242315206,1365.1523677432137,1360,1200,4549,340435.02010050253,3,256,24,1.171875,8,16,0,0,"(768, 1, 1)/(256, 1, 1)",1.0,1.0,1,"WG<64,OCC<25"
qwen-overlap,620-819,decode:199,Agent 1,AMD Radeon RX 9070 XT,"at::native::elementwise_kernel_manual_unroll<128, 4, at::native::gpu_kernel_impl<at::native::direct_copy_kernel_cuda(at::TensorIteratorBase&)::{lambda",21.00502512562814,0.03355383417085427,0.003798175695942541,0.0004182421924885619,1597.4193779904306,1560.0,1240,2108.0,337854.97487437184,1,128,4,0.1953125,16,16,0,0,"(128, 1, 1)/(128, 1, 1)",1.0,1.0,1,"WG<64,OCC<25"
qwen-overlap,620-819,decode:199,Agent 1,AMD Radeon RX 9070 XT,"at::native::vectorized_elementwise_kernel<8, at::native::CUDAFunctor_add<c10::BFloat16>, std::array<char*, 3ul> >",25.467336683417084,0.02964848743718593,0.003356104218432165,0.0003695627845854172,1164.1769928966062,1160.0,960,4881.0,315518.10050251253,6,256,48,2.34375,32,16,0,0,"(1536, 1, 1)/(256, 1, 1)",1.0,1.0,1,"WG<64,OCC<25"
qwen-overlap,620-819,decode:199,Agent 1,AMD Radeon RX 9070 XT,"at::native::vectorized_elementwise_kernel<4, at::native::bfloat16_copy_kernel_cuda(at::TensorIteratorBase&)::{lambda(float)#1}, std::array<char*, 2ul>",25.452261306532662,0.029472155778894473,0.0033361440965713495,0.00036736484383761964,1157.9385982230997,1120,920,2708,6549434.773869347,6,256,48,2.34375,32,16,0,0,"(1536, 1, 1)/(256, 1, 1)",1.0,1.0,1,"WG<64,OCC<25"
qwen-overlap,620-819,decode:199,Agent 1,AMD Radeon RX 9070 XT,"at::native::vectorized_elementwise_kernel<4, at::native::FillFunctor<int>, std::array<char*, 1ul> >",25.331658291457288,0.025068286432160802,0.002837641617370347,0.00031247144591378505,989.6030549494149,1000,840,2448,268537.37185929646,1,256,8,0.390625,8,16,0,0,"(256, 1, 1)/(256, 1, 1)",1.0,1.0,1,"WG<64,OCC<25"
qwen-overlap,620-819,decode:199,Agent 1,AMD Radeon RX 9070 XT,"at::native::vectorized_elementwise_kernel<4, at::native::FillFunctor<float>, std::array<char*, 1ul> >",25.276381909547737,0.022589653266331656,0.002557069084238295,0.00028157575261171454,893.7059642147117,880.0,720,9152.5,393349.41708542715,12,256,96,4.6875,8,16,0,0,"(3072, 1, 1)/(256, 1, 1)",1.0,1.0,1,"WG<64,OCC<25"
qwen-overlap,620-819,decode:199,Agent 1,AMD Radeon RX 9070 XT,"at::native::reduce_kernel<512, 1, at::native::ReduceOp<float, at::native::ArgMaxOps<float>, unsigned int, long, 4, 4> >",0.6231155778894473,0.01898719095477387,0.002149283055147378,0.0002366717417057984,30471.379032258064,30120.5,27121,4212.0,3371.175879396985,320,512,5120,100.0,40,16,0,512,"(640, 256, 1)/(128, 4, 1)",1.0,0.0,1,
qwen-overlap,620-819,decode:199,Agent 1,AMD Radeon RX 9070 XT,at::native::,6.351758793969849,0.017902743718592965,0.002026527452463612,0.0002231543121509835,2818.5490506329115,2800.0,2520,214.0,228335.7537688442,18,256,144,7.03125,8,16,0,0,"(1536, 3, 1)/(256, 1, 1)",1.0,1.0,1,"WG<64,OCC<25"
qwen-overlap,620-819,decode:199,Agent 1,AMD Radeon RX 9070 XT,"at::native::index_elementwise_kernel<128, 4, at::native::gpu_index_kernel<at::native::index_kernel_impl<at::native::OpaqueType<4> >(at::TensorIterator",2.5678391959798996,0.012715145728643216,0.0014393096547770986,0.00015849188501916938,4951.690802348337,3160,2480,14587,105006.5527638191,1,128,4,0.1953125,16,16,0,0,"(128, 1, 1)/(128, 1, 1)",0.6355511608440692,1.0,2,"WG<64,OCC<25"
qwen-overlap,620-819,decode:199,Agent 1,AMD Radeon RX 9070 XT,"at::native::elementwise_kernel_manual_unroll<128, 4, at::native::gpu_kernel_impl<at::native::BinaryFunctor<c10::BFloat16, c10::BFloat16, c10::BFloat16",0.6432160804020101,0.008507693467336683,0.000963040896954657,0.00010604678889097928,13226.8046875,13201.0,12161,4287.5,30019.99497487437,24,128,96,4.6875,24,16,0,0,"(3072, 1, 1)/(128, 1, 1)",1.0,1.0,1,"WG<64,OCC<25"
qwen-overlap,620-819,decode:199,Agent 1,AMD Radeon RX 9070 XT,"at::native::vectorized_elementwise_kernel<8, at::native::BinaryFunctor<c10::BFloat16, c10::BFloat16, c10::BFloat16, at::native::binary_internal::MulFu",6.296482412060302,0.007880150753768843,0.0008920052748942254,9.822458773607167e-05,1251.5163607342379,1200,1040,7057,76806.69849246231,6,256,48,2.34375,32,16,0,0,"(1536, 1, 1)/(256, 1, 1)",1.0,1.0,1,"WG<64,OCC<25"
qwen-overlap,620-819,decode:199,Agent 1,AMD Radeon RX 9070 XT,__amd_rocclr_fillBufferAligned,1.8844221105527639,0.004886894472361809,0.000553179219967755,6.091421469669854e-05,2593.312,2280,1761,3917,8433.8391959799,1,256,8,0.390625,16,16,0,0,"(256, 1, 1)/(256, 1, 1)",1.0,1.0,1,"WG<64,OCC<25"
qwen-overlap,620-819,decode:199,Agent 1,AMD Radeon RX 9070 XT,"at::native::vectorized_elementwise_kernel<4, at::native::bfloat16tofloat32_copy_kernel_cuda(at::TensorIteratorBase&)::{lambda(c10::BFloat16)#1}, std::",0.6381909547738693,0.0044766432160804025,0.0005067402245640217,5.580051043194524e-05,7014.582677165355,7000,6880,9683,6939.86432160804,728,256,5824,100.0,16,16,0,0,"(186368, 1, 1)/(256, 1, 1)",1.0,0.0,1,
qwen-overlap,620-819,decode:199,Agent 1,AMD Radeon RX 9070 XT,"at::native::index_elementwise_kernel<128, 4, at::native::gpu_index_kernel<at::native::index_put_kernel_impl<at::native::OpaqueType<4> >(at::TensorIter",1.2864321608040201,0.004143964824120603,0.000469082203830149,5.165373723939915e-05,3221.28515625,2920.0,2520,42285.0,76769.83417085427,1,128,4,0.1953125,16,16,0,0,"(128, 1, 1)/(128, 1, 1)",1.0,1.0,1,"WG<64,OCC<25"
qwen-overlap,620-819,decode:199,Agent 1,AMD Radeon RX 9070 XT,"at::native::vectorized_elementwise_kernel<4, at::native::BUnaryFunctor<int, int, int, at::native::binary_internal::div_floor_kernel_cuda(at::TensorIte",1.2864321608040201,0.004130693467336683,0.00046757993304546915,5.148831228884533e-05,3210.96875,2160.0,1680,20478.5,48186.14070351759,1,256,8,0.390625,16,16,0,0,"(256, 1, 1)/(256, 1, 1)",0.5233598699769345,1.0,2,"WG<64,OCC<25"
qwen-overlap,620-819,decode:199,Agent 1,AMD Radeon RX 9070 XT,"at::native::elementwise_kernel_manual_unroll<128, 4, at::native::gpu_kernel_impl_nocast<at::native::direct_copy_kernel_cuda(at::TensorIteratorBase&)::",1.2462311557788945,0.003523884422110553,0.00039889128912119396,4.392455238573062e-05,2827.6330645161293,2400.0,2000,4087.0,5188.628140703518,1,128,4,0.1953125,24,16,0,0,"(128, 1, 1)/(128, 1, 1)",1.0,1.0,1,"WG<64,OCC<25"
qwen-overlap,620-819,decode:199,Agent 1,AMD Radeon RX 9070 XT,"at::native::vectorized_elementwise_kernel<4, at::native::compare_scalar_kernel<int>(at::TensorIteratorBase&, at::native::(anonymous namespace)::OpType",1.2864321608040201,0.0021845628140703516,0.0002472848063923839,2.723016202361188e-05,1698.15625,1720.0,1440,3479.5,4970.603015075377,1,256,8,0.390625,24,16,0,0,"(256, 1, 1)/(256, 1, 1)",1.0,1.0,1,"WG<64,OCC<25"
qwen-overlap,620-819,decode:199,Agent 1,AMD Radeon RX 9070 XT,rocprim::ROCPRIM_400200_NS::detail::trampoline_kernel<rocprim::ROCPRIM_400200_NS::detail::wrapped_partition_config<rocprim::ROCPRIM_400200_NS::default,0.628140703517588,0.0019552010050251254,0.00022132185848434122,2.437121048323786e-05,3112.68,2800,2640,4442,14164.984924623115,1,256,8,0.390625,64,16,0,12800,"(256, 1, 1)/(256, 1, 1)",1.0,1.0,1,"WG<64,OCC<25"
qwen-overlap,620-819,decode:199,Agent 1,AMD Radeon RX 9070 XT,"at::native::unrolled_elementwise_kernel<at::native::FillFunctor<int>, std::array<char*, 1ul>, 4, TrivialOffsetCalculator<0, unsigned int>, TrivialOffs",0.6432160804020101,0.0014293768844221106,0.0001618004224229588,1.781691233821678e-05,2222.234375,2160.0,1280,20011.5,11608.763819095477,1,256,8,0.390625,8,16,0,0,"(256, 1, 1)/(256, 1, 1)",1.0,1.0,1,"WG<64,OCC<25"
qwen-overlap,620-819,decode:199,Agent 1,AMD Radeon RX 9070 XT,rocprim::ROCPRIM_400200_NS::detail::trampoline_kernel<rocprim::ROCPRIM_400200_NS::detail::wrapped_reduce_config<rocprim::ROCPRIM_400200_NS::default_co,0.6381909547738693,0.001366467336683417,0.00015467928347808694,1.7032756732013368e-05,2141.1574803149606,2120,1920,3947,4032.110552763819,1,256,8,0.390625,8,16,0,512,"(256, 1, 1)/(256, 1, 1)",1.0,1.0,1,"WG<64,OCC<25"
qwen-overlap,620-819,decode:199,Agent 1,AMD Radeon RX 9070 XT,rocprim::ROCPRIM_400200_NS::detail::trampoline_kernel<rocprim::ROCPRIM_400200_NS::detail::wrapped_transform_config<rocprim::ROCPRIM_400200_NS::default,0.6231155778894473,0.0013413316582914572,0.00015183401332853435,1.6719445258075395e-05,2152.6209677419356,2120.0,1560,49658.0,31502.72361809045,1,1024,32,1.5625,8,16,0,0,"(1024, 1, 1)/(1024, 1, 1)",1.0,1.0,1,"WG<64,OCC<25"
qwen-overlap,620-819,decode:199,Agent 1,AMD Radeon RX 9070 XT,"rocprim::ROCPRIM_400200_NS::detail::init_lookback_scan_state_kernel<rocprim::ROCPRIM_400200_NS::detail::lookback_scan_state<unsigned long, false, true",0.6381909547738693,0.001098713567839196,0.0001243705011153098,1.3695256678867236e-05,1721.6062992125985,1560,1400,4214,12906.939698492462,1,256,8,0.390625,8,16,0,0,"(256, 1, 1)/(256, 1, 1)",1.0,1.0,1,"WG<64,OCC<25"
qwen-overlap,620-819,decode:199,Agent 1,AMD Radeon RX 9070 XT,"at::native::vectorized_gather_kernel<16, long>",0.6432160804020101,0.0010777939698492461,0.00012200247639867893,1.3434497849198348e-05,1675.6328125,1640.0,1320,5014.0,24906.35175879397,6,256,48,2.34375,16,16,0,0,"(1536, 1, 1)/(256, 1, 1)",1.0,1.0,1,"WG<64,OCC<25"
qwen-overlap,620-819,decode:199,Agent 1,AMD Radeon RX 9070 XT,"at::native::vectorized_elementwise_kernel<16, at::native::BinaryFunctor<bool, bool, bool, at::native::BitwiseAndFunctor<bool> >, std::array<char*, 3ul",0.6432160804020101,0.0010317688442211055,0.00011679259449149134,1.2860803369030838e-05,1604.078125,1560.0,1360,4971.5,2698.64824120603,1,256,8,0.390625,40,16,0,0,"(256, 1, 1)/(256, 1, 1)",1.0,1.0,1,"WG<64,OCC<25"
qwen-overlap,620-819,decode:199,Agent 1,AMD Radeon RX 9070 XT,"at::native::vectorized_elementwise_kernel<4, at::native::CUDAFunctorOnSelf_add<int>, std::array<char*, 2ul> >",0.6432160804020101,0.0008064422110552764,9.128641426239524e-05,1.0052149532289803e-05,1253.765625,1240.0,1120,5488.0,4186.226130653266,1,256,8,0.390625,16,16,0,0,"(256, 1, 1)/(256, 1, 1)",1.0,1.0,1,"WG<64,OCC<25"
qwen-overlap,620-819,decode:199,Agent 1,AMD Radeon RX 9070 XT,"at::native::vectorized_elementwise_kernel<4, at::native::(anonymous namespace)::launch_clamp_scalar(at::TensorIteratorBase&, c10::Scalar, c10::Scalar,",0.6432160804020101,0.0007562010050251256,8.559928692228589e-05,9.42590240785321e-06,1175.65625,1160.0,1120,4887.0,4916.814070351758,1,256,8,0.390625,16,16,0,0,"(256, 1, 1)/(256, 1, 1)",1.0,1.0,1,"WG<64,OCC<25"
qwen-overlap,620-819,decode:199,Agent 1,AMD Radeon RX 9070 XT,"at::native::elementwise_kernel_manual_unroll<128, 4, at::native::gpu_kernel_impl_nocast<at::native::CUDAFunctor_add<int> >(at::TensorIteratorBase&, at",0.04020100502512563,0.00012321608040201005,1.3947625763100729e-05,1.5358651221429566e-06,3065.0,2600.0,2280,52008.5,2211.597989949749,1,128,4,0.1953125,24,16,0,0,"(128, 1, 1)/(128, 1, 1)",1.0,1.0,1,"WG<64,OCC<25"
qwen-overlap,620-819,decode:199,Agent 2,AMD Radeon RX 9070,"gemv_decode::gemv_decode_core<__hip_bfloat16, gemv_decode::Bf16GemvLoader<__hip_bfloat16>, false, false, false, 16, 8, 1, false, 0>",91.56281407035176,2.2340952010050255,0.40572003344512947,0.027847573852175556,24399.590856703802,12080,11360,4160,4349498.396984925,384,512,6144,100.0,32,16,0,512,"(196608, 1, 1)/(512, 1, 1)",0.2547201862627175,0.3327196515842434,8,
qwen-overlap,620-819,decode:199,Agent 2,AMD Radeon RX 9070,"gemv_decode::gemv_decode_core<__hip_bfloat16, gemv_decode::Int4Fp8GemvLoader, true, true, false, 32, 8, 1, false, 0>",14.64824120603015,0.7732232462311558,0.1404202297110393,0.00963808142283038,52786.08096054888,53160,41160,4160,1257540.6180904522,384,1024,12288,75.0,112,12,0,512,"(8192, 48, 1)/(1024, 1, 1)",1.0,0.0,1,
qwen-overlap,620-819,decode:199,Agent 2,AMD Radeon RX 9070,"custom_ar::one_shot_ar_vec_kernel<__hip_bfloat16, 8>",29.608040201005025,0.6582316130653266,0.11953731960364439,0.008204732478914671,22231.515784114054,10200.0,9480,4160.0,124517.59296482411,8,256,64,3.125,32,16,0,512,"(2048, 1, 1)/(256, 1, 1)",1.0,1.0,1,"WG<64,OCC<25"
qwen-overlap,620-819,decode:199,Agent 2,AMD Radeon RX 9070,"w4a8_fp8_moe::moe_gemm2_gather_reduce_core<__hip_bfloat16, gemv_decode::Int4Fp8GemvLoader, 8, 1, true>",14.78391959798995,0.49812716582914573,0.09046175395265708,0.006209060845733778,33693.849762066624,33640.0,31561,4160.0,62159.10050251256,48,256,384,18.75,80,16,0,0,"(2048, 6, 1)/(256, 1, 1)",1.0,1.0,1,"WG<64,OCC<25"
qwen-overlap,620-819,decode:199,Agent 2,AMD Radeon RX 9070,,99.321608040201,0.3664702211055277,0.06655236101697541,0.004567981947353161,3689.733063496079,2680,1360,4160,2729100.753768844,6,256,48,2.34375,112,16,0,8704,"(1536, 1, 1)/(256, 1, 1)",0.4397584513095143,0.6744547679592359,6,"WG<64,OCC<25"
qwen-overlap,620-819,decode:199,Agent 2,AMD Radeon RX 9070,"gdn_decode_conv_gated_kernel<c10::BFloat16, c10::BFloat16, 128, 128, true>",10.829145728643216,0.2745836884422111,0.0498654234645618,0.003422633708293811,25355.987935034802,21000,18480,4160,45331.79396984925,48,256,384,18.75,176,8,0,0,"(12288, 1, 1)/(256, 1, 1)",1.0,1.0,1,"WG<64,OCC<25"
qwen-overlap,620-819,decode:199,Agent 2,AMD Radeon RX 9070,"gemv_decode::gemv_decode_core<__hip_bfloat16, gemv_decode::Bf16GemvLoader<__hip_bfloat16>, false, false, false, 8, 8, 1, true, 0>",14.49748743718593,0.19336550251256282,0.035115897528108425,0.002410264392161648,13337.86308492201,13320,12880,4160,61453.58793969849,8,256,64,3.125,32,16,0,512,"(2048, 1, 1)/(256, 1, 1)",1.0,1.0,1,"WG<64,OCC<25"
qwen-overlap,620-819,decode:199,Agent 2,AMD Radeon RX 9070,"at::native::elementwise_kernel_manual_unroll<128, 8, at::native::gpu_kernel_impl_nocast<at::native::direct_copy_kernel_cuda(at::TensorIteratorBase&)::",76.90452261306532,0.13307530150753769,0.02416697182558311,0.0016587584472517515,1730.3963016204914,1800.0,1040,4160.0,8541156.301507538,12,128,48,2.34375,32,16,0,0,"(1536, 1, 1)/(128, 1, 1)",0.4224551142975121,0.9657017024969994,5,"WG<64,OCC<25"
qwen-overlap,620-819,decode:199,Agent 2,AMD Radeon RX 9070,w4a8_fp8_moe::moe_compute_act_fp8_kernel<__hip_bfloat16>,14.72361809045226,0.07200161809045226,0.013075762790511461,0.0008974865423586302,4890.21228668942,4880.0,4680,4160.0,1138780.8040201005,768,256,6144,100.0,16,16,0,512,"(196608, 1, 1)/(256, 1, 1)",1.0,0.0,1,
qwen-overlap,620-819,decode:199,Agent 2,AMD Radeon RX 9070,ncclDevKernel_Generic_4,0.3768844221105528,0.05946183417085427,0.010798491191268385,0.0007411805090999593,157772.06666666668,157761,156282,4160,1608.0150753768844,2,256,16,0.78125,256,5,776,21504,"(512, 1, 1)/(256, 1, 1)",1.0,1.0,1,"WG<64,OCC<25,SPILL776B"
qwen-overlap,620-819,decode:199,Agent 2,AMD Radeon RX 9070,__amd_rocclr_copyBuffer,7.618090452261306,0.03114254773869347,0.005655602995085094,0.00038818596347551913,4087.9729551451187,2680.0,1480,24360.0,798997.0753768844,1,512,16,0.78125,16,16,0,0,"(512, 1, 1)/(512, 1, 1)",0.7547782792272912,1.0,5,"WG<64,OCC<25"
qwen-overlap,620-819,decode:199,Agent 2,AMD Radeon RX 9070,"at::native::elementwise_kernel_manual_unroll<128, 8, at::native::gpu_kernel_impl_nocast<at::native::BinaryFunctor<c10::BFloat16, c10::BFloat16, c10::B",14.552763819095478,0.029609859296482414,0.0053772610489786375,0.0003690812921223702,2034.6553867403316,2040.0,1880,4120.0,83831.93969849247,12,128,48,2.34375,48,16,0,0,"(1536, 1, 1)/(128, 1, 1)",1.0,1.0,1,"WG<64,OCC<25"
qwen-overlap,620-819,decode:199,Agent 2,AMD Radeon RX 9070,"at::native::vectorized_elementwise_kernel<8, at::native::sigmoid_kernel_cuda(at::TensorIteratorBase&)::{lambda()#2}::operator()() const::{lambda()#4}:",18.160804020100503,0.025365050251256283,0.004606387870869403,0.0003161705507528256,1396.6920309905922,1360.0,1120,4160.0,4456301.889447236,1,256,8,0.390625,48,16,0,0,"(256, 1, 1)/(256, 1, 1)",0.7859417609598139,1.0,2,"WG<64,OCC<25"
qwen-overlap,620-819,decode:199,Agent 2,AMD Radeon RX 9070,"at::native::elementwise_kernel_manual_unroll<128, 4, at::native::gpu_kernel_impl<at::native::direct_copy_kernel_cuda(at::TensorIteratorBase&)::{lambda",12.14572864321608,0.019768195979899497,0.0035899782294446002,0.0002464068215297567,1627.5841952834091,1560,1440,4160,32908241.63316583,1,128,4,0.1953125,16,16,0,0,"(128, 1, 1)/(128, 1, 1)",1.0,1.0,1,"WG<64,OCC<25"
qwen-overlap,620-819,decode:199,Agent 2,AMD Radeon RX 9070,w4a8_fp8_moe::moe_build_inverse_map_kernel,14.773869346733669,0.018463246231155778,0.0033529944807366937,0.00023014086988849678,1249.7231292517006,1240.0,1120,4160.0,62107.62311557789,3,256,24,1.171875,8,16,0,0,"(768, 1, 1)/(256, 1, 1)",1.0,1.0,1,"WG<64,OCC<25"
qwen-overlap,620-819,decode:199,Agent 2,AMD Radeon RX 9070,"at::native::vectorized_elementwise_kernel<8, at::native::CUDAFunctor_add<c10::BFloat16>, std::array<char*, 3ul> >",14.798994974874372,0.017462075376884423,0.003171178113960321,0.00021766146467316614,1179.9500848896434,1160,1040,4160,62441.63819095477,6,256,48,2.34375,32,16,0,0,"(1536, 1, 1)/(256, 1, 1)",1.0,1.0,1,"WG<64,OCC<25"
qwen-overlap,620-819,decode:199,Agent 2,AMD Radeon RX 9070,"at::native::vectorized_elementwise_kernel<4, at::native::bfloat16_copy_kernel_cuda(at::TensorIteratorBase&)::{lambda(float)#1}, std::array<char*, 2ul>",14.78894472361809,0.017335879396984926,0.0031482604526348627,0.00021608845566776743,1172.218824328916,1120,1000,4120,3883846.185929648,6,256,48,2.34375,32,16,0,0,"(1536, 1, 1)/(256, 1, 1)",1.0,1.0,1,"WG<64,OCC<25"
qwen-overlap,620-819,decode:199,Agent 2,AMD Radeon RX 9070,"at::native::vectorized_elementwise_kernel<4, at::native::FillFunctor<int>, std::array<char*, 1ul> >",14.738693467336683,0.013577989949748744,0.0024658136922954257,0.00016924707493200293,921.2478690760314,920,760,4160,61835.94472361809,1,256,8,0.390625,8,16,0,0,"(256, 1, 1)/(256, 1, 1)",1.0,1.0,1,"WG<64,OCC<25"
qwen-overlap,620-819,decode:199,Agent 2,AMD Radeon RX 9070,"at::native::vectorized_elementwise_kernel<4, at::native::FillFunctor<float>, std::array<char*, 1ul> >",14.64321608040201,0.013346869346733669,0.002423841327490671,0.00016636620035766683,911.4711736444749,881.0,760,4160.0,61476.08040201005,12,256,96,4.6875,8,16,0,0,"(3072, 1, 1)/(256, 1, 1)",1.0,1.0,1,"WG<64,OCC<25"
qwen-overlap,620-819,decode:199,Agent 2,AMD Radeon RX 9070,"at::native::reduce_kernel<512, 1, at::native::ReduceOp<float, at::native::ArgMaxOps<float>, unsigned int, long, 4, 4> >",0.36180904522613067,0.011694577889447237,0.0021237790270973024,0.00014577070005785702,32322.51388888889,31880.0,31120,4280.0,1570.427135678392,320,512,5120,100.0,40,16,0,512,"(640, 256, 1)/(128, 4, 1)",1.0,0.0,1,
qwen-overlap,620-819,decode:199,Agent 2,AMD Radeon RX 9070,at::native::,3.6834170854271355,0.010484929648241206,0.0019041023881348391,0.00013069266367114198,2846.5225102319237,2840,2680,4160,15492.72864321608,18,256,144,7.03125,8,16,0,0,"(1536, 3, 1)/(256, 1, 1)",1.0,1.0,1,"WG<64,OCC<25"
qwen-overlap,620-819,decode:199,Agent 2,AMD Radeon RX 9070,"at::native::index_elementwise_kernel<128, 4, at::native::gpu_index_kernel<at::native::index_kernel_impl<at::native::OpaqueType<4> >(at::TensorIterator",1.4371859296482412,0.006546402010050251,0.001188851057586098,8.159966207299276e-05,4555.013986013986,3360.0,2760,16920.0,22468.32663316583,1,128,4,0.1953125,16,16,0,0,"(128, 1, 1)/(128, 1, 1)",0.7068595737886629,1.0,2,"WG<64,OCC<25"
qwen-overlap,620-819,decode:199,Agent 2,AMD Radeon RX 9070,"at::native::elementwise_kernel_manual_unroll<128, 4, at::native::gpu_kernel_impl<at::native::BinaryFunctor<c10::BFloat16, c10::BFloat16, c10::BFloat16",0.37185929648241206,0.004969693467336683,0.0009025148968015465,6.194628849839306e-05,13364.445945945947,13360.0,13240,4120.0,1533.9095477386934,24,128,96,4.6875,24,16,0,0,"(3072, 1, 1)/(128, 1, 1)",1.0,1.0,1,"WG<64,OCC<25"
qwen-overlap,620-819,decode:199,Agent 2,AMD Radeon RX 9070,"at::native::vectorized_elementwise_kernel<8, at::native::BinaryFunctor<c10::BFloat16, c10::BFloat16, c10::BFloat16, at::native::binary_internal::MulFu",3.608040201005025,0.004572522613065327,0.0008303871861265873,5.6995628969077686e-05,1267.3147632311977,1240.0,1120,4160.0,15142.924623115578,6,256,48,2.34375,32,16,0,0,"(1536, 1, 1)/(256, 1, 1)",1.0,1.0,1,"WG<64,OCC<25"
qwen-overlap,620-819,decode:199,Agent 2,AMD Radeon RX 9070,__amd_rocclr_fillBufferAligned,1.0954773869346734,0.0028106633165829145,0.0005104269568700683,3.503438629067059e-05,2565.697247706422,2340.0,1960,4280.0,4722.879396984925,1,256,8,0.390625,16,16,0,0,"(256, 1, 1)/(256, 1, 1)",1.0,1.0,1,"WG<64,OCC<25"
qwen-overlap,620-819,decode:199,Agent 2,AMD Radeon RX 9070,"at::native::vectorized_elementwise_kernel<4, at::native::bfloat16tofloat32_copy_kernel_cuda(at::TensorIteratorBase&)::{lambda(c10::BFloat16)#1}, std::",0.3768844221105528,0.002653899497487437,0.0004819580617675717,3.308035495501106e-05,7041.68,7040,5240,10800,10513.819095477387,728,256,5824,100.0,16,16,0,0,"(186368, 1, 1)/(256, 1, 1)",1.0,0.0,1,
qwen-overlap,620-819,decode:199,Agent 2,AMD Radeon RX 9070,"at::native::index_elementwise_kernel<128, 4, at::native::gpu_index_kernel<at::native::index_put_kernel_impl<at::native::OpaqueType<4> >(at::TensorIter",0.7437185929648241,0.002424748743718593,0.0004403434289438458,3.0224034178712487e-05,3260.304054054054,3080.0,2760,21640,42274.261306532666,1,128,4,0.1953125,16,16,0,0,"(128, 1, 1)/(128, 1, 1)",1.0,1.0,1,"WG<64,OCC<25"
qwen-overlap,620-819,decode:199,Agent 2,AMD Radeon RX 9070,"at::native::elementwise_kernel_manual_unroll<128, 4, at::native::gpu_kernel_impl_nocast<at::native::direct_copy_kernel_cuda(at::TensorIteratorBase&)::",0.7236180904522613,0.0018981155778894471,0.00034470487891366075,2.3659651438068855e-05,2623.090277777778,2640.0,2240,4240.0,3109.326633165829,1,128,4,0.1953125,24,16,0,0,"(128, 1, 1)/(128, 1, 1)",1.0,1.0,1,"WG<64,OCC<25"
qwen-overlap,620-819,decode:199,Agent 2,AMD Radeon RX 9070,"at::native::vectorized_elementwise_kernel<4, at::native::BUnaryFunctor<int, int, int, at::native::binary_internal::div_floor_kernel_cuda(at::TensorIte",0.7286432160804021,0.0017031256281407035,0.00030929397569971734,2.1229138618553637e-05,2337.3931034482757,2040,1800,4600,13243.613065326634,1,256,8,0.390625,16,16,0,0,"(256, 1, 1)/(256, 1, 1)",0.5691014451702752,1.0,2,"WG<64,OCC<25"
qwen-overlap,620-819,decode:199,Agent 2,AMD Radeon RX 9070,"at::native::vectorized_elementwise_kernel<4, at::native::compare_scalar_kernel<int>(at::TensorIteratorBase&, at::native::(anonymous namespace)::OpType",0.7437185929648241,0.0012693467336683418,0.00023051810818344222,1.5822166796627686e-05,1706.7567567567567,1760.0,1440,4220.5,9984.316582914573,1,256,8,0.390625,24,16,0,0,"(256, 1, 1)/(256, 1, 1)",1.0,1.0,1,"WG<64,OCC<25"
qwen-overlap,620-819,decode:199,Agent 2,AMD Radeon RX 9070,rocprim::ROCPRIM_400200_NS::detail::trampoline_kernel<rocprim::ROCPRIM_400200_NS::detail::wrapped_partition_config<rocprim::ROCPRIM_400200_NS::default,0.36180904522613067,0.0010765879396984924,0.00019551239119290913,1.3419464911624355e-05,2975.5694444444443,2960.0,2840,4260.0,1565.6532663316582,1,256,8,0.390625,64,16,0,12800,"(256, 1, 1)/(256, 1, 1)",1.0,1.0,1,"WG<64,OCC<25"
qwen-overlap,620-819,decode:199,Agent 2,AMD Radeon RX 9070,"at::native::unrolled_elementwise_kernel<at::native::FillFunctor<int>, std::array<char*, 1ul>, 4, TrivialOffsetCalculator<0, unsigned int>, TrivialOffs",0.37185929648241206,0.0010542814070351758,0.0001914614415403901,1.3141418203745375e-05,2835.162162162162,2200.0,1520,23520.0,14863.532663316582,1,256,8,0.390625,8,16,0,0,"(256, 1, 1)/(256, 1, 1)",1.0,1.0,1,"WG<64,OCC<25"
qwen-overlap,620-819,decode:199,Agent 2,AMD Radeon RX 9070,rocprim::ROCPRIM_400200_NS::detail::trampoline_kernel<rocprim::ROCPRIM_400200_NS::detail::wrapped_transform_config<rocprim::ROCPRIM_400200_NS::default,0.36180904522613067,0.0010362010050251255,0.00018817797300023167,1.2916049414615262e-05,2863.9444444444443,2080.0,1680,17200.0,10834.346733668342,1,1024,32,1.5625,8,16,0,0,"(1024, 1, 1)/(1024, 1, 1)",1.0,1.0,1,"WG<64,OCC<25"
qwen-overlap,620-819,decode:199,Agent 2,AMD Radeon RX 9070,rocprim::ROCPRIM_400200_NS::detail::trampoline_kernel<rocprim::ROCPRIM_400200_NS::detail::wrapped_reduce_config<rocprim::ROCPRIM_400200_NS::default_co,0.37185929648241206,0.000871356783919598,0.00015824164671024893,1.0861297397209979e-05,2343.2432432432433,2260.0,1920,4300.5,1611.9497487437186,1,256,8,0.390625,8,16,0,512,"(256, 1, 1)/(256, 1, 1)",1.0,1.0,1,"WG<64,OCC<25"
qwen-overlap,620-819,decode:199,Agent 2,AMD Radeon RX 9070,"rocprim::ROCPRIM_400200_NS::detail::init_lookback_scan_state_kernel<rocprim::ROCPRIM_400200_NS::detail::lookback_scan_state<unsigned long, false, true",0.37185929648241206,0.0006456381909547739,0.00011725030710857095,8.047757855757397e-06,1736.2432432432433,1700.0,1480,4320.0,19745.361809045226,1,256,8,0.390625,8,16,0,0,"(256, 1, 1)/(256, 1, 1)",1.0,1.0,1,"WG<64,OCC<25"
qwen-overlap,620-819,decode:199,Agent 2,AMD Radeon RX 9070,"at::native::vectorized_elementwise_kernel<16, at::native::BinaryFunctor<bool, bool, bool, at::native::BitwiseAndFunctor<bool> >, std::array<char*, 3ul",0.37185929648241206,0.0005873417085427136,0.00010666344814959979,7.3211032357745075e-06,1579.472972972973,1560.0,1480,4240.0,7243.613065326633,1,256,8,0.390625,40,16,0,0,"(256, 1, 1)/(256, 1, 1)",1.0,1.0,1,"WG<64,OCC<25"
qwen-overlap,620-819,decode:199,Agent 2,AMD Radeon RX 9070,"at::native::vectorized_gather_kernel<16, long>",0.37185929648241206,0.0005469396984924623,9.932629221216957e-05,6.81749982704574e-06,1470.8243243243244,1440.0,1360,4160.0,2870.331658291457,6,256,48,2.34375,16,16,0,0,"(1536, 1, 1)/(256, 1, 1)",1.0,1.0,1,"WG<64,OCC<25"
qwen-overlap,620-819,decode:199,Agent 2,AMD Radeon RX 9070,"at::native::vectorized_elementwise_kernel<4, at::native::CUDAFunctorOnSelf_add<int>, std::array<char*, 2ul> >",0.37185929648241206,0.0004502562814070352,8.176822253105544e-05,5.61235933153063e-06,1210.8243243243244,1200.0,1120,4280.0,1611.7185929648242,1,256,8,0.390625,16,16,0,0,"(256, 1, 1)/(256, 1, 1)",1.0,1.0,1,"WG<64,OCC<25"
qwen-overlap,620-819,decode:199,Agent 2,AMD Radeon RX 9070,"at::native::vectorized_elementwise_kernel<4, at::native::(anonymous namespace)::launch_clamp_scalar(at::TensorIteratorBase&, c10::Scalar, c10::Scalar,",0.37185929648241206,0.0004412060301507537,8.012466309780771e-05,5.499549662485791e-06,1186.4864864864865,1200.0,1120,4120.0,1561.4422110552764,1,256,8,0.390625,16,16,0,0,"(256, 1, 1)/(256, 1, 1)",1.0,1.0,1,"WG<64,OCC<25"
qwen-overlap,620-819,decode:199,Agent 2,AMD Radeon RX 9070,"at::native::elementwise_kernel_manual_unroll<128, 4, at::native::gpu_kernel_impl_nocast<at::native::CUDAFunctor_add<int> >(at::TensorIteratorBase&, at",0.020100502512562814,5.809045226130653e-05,1.0549443114016595e-05,7.24086493147332e-07,2890.0,2860.0,2600,67620.5,1382.5276381909548,1,128,4,0.1953125,24,16,0,0,"(128, 1, 1)/(128, 1, 1)",1.0,1.0,1,"WG<64,OCC<25"
qwen-overlap,1130-1329,decode:199,Agent 2,AMD Radeon RX 9070,"gemv_decode::gemv_decode_core<__hip_bfloat16, gemv_decode::Bf16GemvLoader<__hip_bfloat16>, false, false, false, 16, 8, 1, false, 0>",251.0,6.094325738693468,0.39858858699421523,0.07570703182767854,24280.182225870387,12080,10360,4160,11472578.432160804,384,512,6144,100.0,32,16,0,512,"(196608, 1, 1)/(512, 1, 1)",0.2525491176435971,0.33455169735275836,8,
qwen-overlap,1130-1329,decode:199,Agent 2,AMD Radeon RX 9070,"custom_ar::one_shot_ar_vec_kernel<__hip_bfloat16, 8>",81.0,2.1450888592964827,0.14029573968708126,0.026647461508805606,26482.578509833118,10240,9400,4160,341027.10552763817,8,256,64,3.125,32,16,0,512,"(2048, 1, 1)/(256, 1, 1)",1.0,1.0,1,"WG<64,OCC<25"
qwen-overlap,1130-1329,decode:199,Agent 2,AMD Radeon RX 9070,"gemv_decode::gemv_decode_core<__hip_bfloat16, gemv_decode::Int4Fp8GemvLoader, true, true, false, 32, 8, 1, false, 0>",40.0,1.9953662814070352,0.13050339951346918,0.024787526143416273,49884.15703517588,50080.0,33120,4160.0,3462455.552763819,384,1024,12288,75.0,112,12,0,512,"(8192, 48, 1)/(1024, 1, 1)",1.0,0.0,1,
qwen-overlap,1130-1329,decode:199,Agent 2,AMD Radeon RX 9070,"w4a8_fp8_moe::moe_gemm2_gather_reduce_core<__hip_bfloat16, gemv_decode::Int4Fp8GemvLoader, 8, 1, true>",40.0,1.3318015628140705,0.08710412371107558,0.016544363991566457,33295.03907035176,33280.0,26960,4160.0,167905.24120603016,48,256,384,18.75,80,16,0,0,"(2048, 6, 1)/(256, 1, 1)",1.0,1.0,1,"WG<64,OCC<25"
qwen-overlap,1130-1329,decode:199,Agent 2,AMD Radeon RX 9070,,273.06532663316585,0.9976646381909549,0.06525048963265287,0.01239353322342507,3653.574953993375,2680.0,1240,4160.0,7484378.603015075,6,256,48,2.34375,112,16,0,8704,"(1536, 1, 1)/(256, 1, 1)",0.44209488870498537,0.6802843482772126,6,"WG<64,OCC<25"
qwen-overlap,1130-1329,decode:199,Agent 2,AMD Radeon RX 9070,"gdn_decode_conv_gated_kernel<c10::BFloat16, c10::BFloat16, 128, 128, true>",30.0,0.806135512562814,0.05272386620856189,0.010014254164251299,26871.183752093802,21361.0,18880,4160.0,126381.2864321608,48,256,384,18.75,176,8,0,0,"(12288, 1, 1)/(256, 1, 1)",1.0,1.0,1,"WG<64,OCC<25"
qwen-overlap,1130-1329,decode:199,Agent 2,AMD Radeon RX 9070,"gemv_decode::gemv_decode_core<__hip_bfloat16, gemv_decode::Bf16GemvLoader<__hip_bfloat16>, false, false, false, 8, 8, 1, true, 0>",40.0,0.5334097135678393,0.03488671809419474,0.006626305828367288,13335.24283919598,13320.0,11521,4160.0,168364.2110552764,8,256,64,3.125,32,16,0,512,"(2048, 1, 1)/(256, 1, 1)",1.0,1.0,1,"WG<64,OCC<25"
qwen-overlap,1130-1329,decode:199,Agent 2,AMD Radeon RX 9070,"at::native::elementwise_kernel_manual_unroll<128, 8, at::native::gpu_kernel_impl_nocast<at::native::direct_copy_kernel_cuda(at::TensorIteratorBase&)::",211.0,0.36270222110552763,0.023721896729646932,0.004505684430824781,1718.9678725380456,1800,960,4160,11803841.567839196,12,128,48,2.34375,32,16,0,0,"(1536, 1, 1)/(128, 1, 1)",0.42047383527182103,0.9665118645579132,5,"WG<64,OCC<25"
qwen-overlap,1130-1329,decode:199,Agent 2,AMD Radeon RX 9070,w4a8_fp8_moe::moe_compute_act_fp8_kernel<__hip_bfloat16>,40.0,0.1955806783919598,0.012791608060703029,0.0024296096531055177,4889.516959798995,4880.0,4160,4160.0,3106497.5628140704,768,256,6144,100.0,16,16,0,512,"(196608, 1, 1)/(256, 1, 1)",1.0,0.0,1,
qwen-overlap,1130-1329,decode:199,Agent 2,AMD Radeon RX 9070,ncclDevKernel_Generic_4,1.0,0.15764457286432162,0.01031046423172771,0.0019583466993772195,157644.5728643216,157682,155961,4200,4240.909547738694,2,256,16,0.78125,256,5,776,21504,"(512, 1, 1)/(256, 1, 1)",1.0,1.0,1,"WG<64,OCC<25,SPILL776B"
qwen-overlap,1130-1329,decode:199,Agent 2,AMD Radeon RX 9070,__amd_rocclr_copyBuffer,21.13065326633166,0.08768211055276381,0.005734693229146177,0.001089234907840558,4149.521997621879,2520,1480,27440.5,2448555.0904522613,1,512,16,0.78125,16,16,0,0,"(512, 1, 1)/(512, 1, 1)",0.7481923623138405,1.0,5,"WG<64,OCC<25"
qwen-overlap,1130-1329,decode:199,Agent 2,AMD Radeon RX 9070,"at::native::elementwise_kernel_manual_unroll<128, 8, at::native::gpu_kernel_impl_nocast<at::native::BinaryFunctor<c10::BFloat16, c10::BFloat16, c10::B",40.0,0.08110079899497487,0.005304254196697908,0.001007478273072917,2027.5199748743719,2040.0,1760,4120.0,167486.27638190956,12,128,48,2.34375,48,16,0,0,"(1536, 1, 1)/(128, 1, 1)",1.0,1.0,1,"WG<64,OCC<25"
qwen-overlap,1130-1329,decode:199,Agent 2,AMD Radeon RX 9070,"at::native::vectorized_elementwise_kernel<8, at::native::sigmoid_kernel_cuda(at::TensorIteratorBase&)::{lambda()#2}::operator()() const::{lambda()#4}:",50.0,0.06932213567839196,0.004533891572621322,0.0008611573055318506,1386.4427135678393,1360.0,1120,4160.0,12459748.879396984,1,256,8,0.390625,48,16,0,0,"(256, 1, 1)/(256, 1, 1)",0.785394601925828,1.0,2,"WG<64,OCC<25"
qwen-overlap,1130-1329,decode:199,Agent 2,AMD Radeon RX 9070,"at::native::elementwise_kernel_manual_unroll<128, 4, at::native::gpu_kernel_impl<at::native::direct_copy_kernel_cuda(at::TensorIteratorBase&)::{lambda",33.0,0.05368792462311558,0.00351136367364034,0.0006669406251782658,1626.906806761078,1560,1280,4160,267296.6331658292,1,128,4,0.1953125,16,16,0,0,"(128, 1, 1)/(128, 1, 1)",1.0,1.0,1,"WG<64,OCC<25"
qwen-overlap,1130-1329,decode:199,Agent 2,AMD Radeon RX 9070,w4a8_fp8_moe::moe_build_inverse_map_kernel,40.0,0.04935802010050252,0.0032281739329721297,0.0006131521941754699,1233.9505025125627,1240.0,1120,4160.0,168532.51256281408,3,256,24,1.171875,8,16,0,0,"(768, 1, 1)/(256, 1, 1)",1.0,1.0,1,"WG<64,OCC<25"
qwen-overlap,1130-1329,decode:199,Agent 2,AMD Radeon RX 9070,"at::native::vectorized_elementwise_kernel<8, at::native::CUDAFunctor_add<c10::BFloat16>, std::array<char*, 3ul> >",40.0,0.04692427135678392,0.003068998904519235,0.0005829188424477402,1173.106783919598,1160.0,1000,4160.0,168904.42211055275,6,256,48,2.34375,32,16,0,0,"(1536, 1, 1)/(256, 1, 1)",1.0,1.0,1,"WG<64,OCC<25"
qwen-overlap,1130-1329,decode:199,Agent 2,AMD Radeon RX 9070,"at::native::vectorized_elementwise_kernel<4, at::native::bfloat16_copy_kernel_cuda(at::TensorIteratorBase&)::{lambda(float)#1}, std::array<char*, 2ul>",40.0,0.046867090452261305,0.003065259088678409,0.000582208510124815,1171.6772613065327,1120.0,960,4120.0,10500422.492462311,6,256,48,2.34375,32,16,0,0,"(1536, 1, 1)/(256, 1, 1)",1.0,1.0,1,"WG<64,OCC<25"
qwen-overlap,1130-1329,decode:199,Agent 2,AMD Radeon RX 9070,"at::native::reduce_kernel<512, 1, at::native::ReduceOp<float, at::native::ArgMaxOps<float>, unsigned int, long, 4, 4> >",1.0,0.03865420603015075,0.0025281099211877903,0.00048018358907504717,38654.20603015075,38520,35360,4320,5157.78391959799,384,512,6144,100.0,40,16,0,512,"(768, 256, 1)/(128, 4, 1)",1.0,0.0,1,
qwen-overlap,1130-1329,decode:199,Agent 2,AMD Radeon RX 9070,"at::native::vectorized_elementwise_kernel<4, at::native::FillFunctor<int>, std::array<char*, 1ul> >",40.0,0.03649293969849246,0.002386756122557635,0.000453335162198209,912.3234924623116,920.0,760,4160.0,168272.0351758794,1,256,8,0.390625,8,16,0,0,"(256, 1, 1)/(256, 1, 1)",1.0,1.0,1,"WG<64,OCC<25"
qwen-overlap,1130-1329,decode:199,Agent 2,AMD Radeon RX 9070,"at::native::vectorized_elementwise_kernel<4, at::native::FillFunctor<float>, std::array<char*, 1ul> >",40.0,0.03609885427135678,0.002360981662790951,0.00044843961849834414,902.4713567839196,880.0,720,4160.0,168607.34673366835,12,256,96,4.6875,8,16,0,0,"(3072, 1, 1)/(256, 1, 1)",1.0,1.0,1,"WG<64,OCC<25"
qwen-overlap,1130-1329,decode:199,Agent 2,AMD Radeon RX 9070,at::native::,10.0,0.02835077889447236,0.0018542325081159468,0.00035218880843140534,2835.077889447236,2840.0,2640,4160.0,41823.14572864322,18,256,144,7.03125,8,16,0,0,"(1536, 3, 1)/(256, 1, 1)",1.0,1.0,1,"WG<64,OCC<25"
qwen-overlap,1130-1329,decode:199,Agent 2,AMD Radeon RX 9070,"at::native::index_elementwise_kernel<128, 4, at::native::gpu_index_kernel<at::native::index_kernel_impl<at::native::OpaqueType<4> >(at::TensorIterator",4.0,0.019398115577889445,0.0012686994115609952,0.00024097395124913422,4849.528894472362,3400.0,2680,16600.0,79782.02010050252,1,128,4,0.1953125,16,16,0,0,"(128, 1, 1)/(128, 1, 1)",0.7184708145250601,1.0,2,"WG<64,OCC<25"
qwen-overlap,1130-1329,decode:199,Agent 2,AMD Radeon RX 9070,"at::native::elementwise_kernel_manual_unroll<128, 4, at::native::gpu_kernel_impl<at::native::BinaryFunctor<c10::BFloat16, c10::BFloat16, c10::BFloat16",1.0,0.013383638190954774,0.0008753331646690302,0.0001662588391131797,13383.638190954774,13400,12400,4160,4183.43216080402,24,128,96,4.6875,24,16,0,0,"(3072, 1, 1)/(128, 1, 1)",1.0,1.0,1,"WG<64,OCC<25"
qwen-overlap,1130-1329,decode:199,Agent 2,AMD Radeon RX 9070,"at::native::vectorized_elementwise_kernel<8, at::native::BinaryFunctor<c10::BFloat16, c10::BFloat16, c10::BFloat16, at::native::binary_internal::MulFu",10.0,0.012546256281407035,0.00082056568317686,0.00015585642519632136,1254.6256281407036,1240.0,1040,4160.0,42052.778894472365,6,256,48,2.34375,32,16,0,0,"(1536, 1, 1)/(256, 1, 1)",1.0,1.0,1,"WG<64,OCC<25"
qwen-overlap,1130-1329,decode:199,Agent 2,AMD Radeon RX 9070,__amd_rocclr_fillBufferAligned,3.0,0.0077421758793969845,0.0005063633084849055,9.617752329770475e-05,2580.7252931323283,2320,2000,4320,13109.120603015075,1,256,8,0.390625,16,16,0,0,"(256, 1, 1)/(256, 1, 1)",1.0,1.0,1,"WG<64,OCC<25"
qwen-overlap,1130-1329,decode:199,Agent 2,AMD Radeon RX 9070,"at::native::vectorized_elementwise_kernel<4, at::native::bfloat16tofloat32_copy_kernel_cuda(at::TensorIteratorBase&)::{lambda(c10::BFloat16)#1}, std::",1.0,0.007080658291457286,0.0004630979216391355,8.7959791717204e-05,7080.658291457286,7040,6800,10880,11164.075376884422,728,256,5824,100.0,16,16,0,0,"(186368, 1, 1)/(256, 1, 1)",1.0,0.0,1,
qwen-overlap,1130-1329,decode:199,Agent 2,AMD Radeon RX 9070,"at::native::index_elementwise_kernel<128, 4, at::native::gpu_index_kernel<at::native::index_put_kernel_impl<at::native::OpaqueType<4> >(at::TensorIter",2.0653266331658293,0.006960050251256282,0.00045520976626558206,8.646153298774381e-05,3369.9513381995134,3120,2760,24640,130923.3216080402,1,128,4,0.1953125,16,16,0,0,"(128, 1, 1)/(128, 1, 1)",1.0,1.0,1,"WG<64,OCC<25"
qwen-overlap,1130-1329,decode:199,Agent 2,AMD Radeon RX 9070,"at::native::elementwise_kernel_manual_unroll<128, 4, at::native::gpu_kernel_impl_nocast<at::native::direct_copy_kernel_cuda(at::TensorIteratorBase&)::",2.0,0.005424537688442211,0.0003547822852010175,6.738656006224226e-05,2712.2688442211056,2640.0,2240,4240.0,8667.924623115578,1,128,4,0.1953125,24,16,0,0,"(128, 1, 1)/(128, 1, 1)",1.0,1.0,1,"WG<64,OCC<25"
qwen-overlap,1130-1329,decode:199,Agent 2,AMD Radeon RX 9070,"at::native::vectorized_elementwise_kernel<4, at::native::BUnaryFunctor<int, int, int, at::native::binary_internal::div_floor_kernel_cuda(at::TensorIte",2.0,0.004554015075376885,0.00029784729465969997,5.657245428584516e-05,2277.0075376884424,2080.0,1760,4440.0,49834.56281407035,1,256,8,0.390625,16,16,0,0,"(256, 1, 1)/(256, 1, 1)",0.5684177306678407,1.0,2,"WG<64,OCC<25"
qwen-overlap,1130-1329,decode:199,Agent 2,AMD Radeon RX 9070,"at::native::vectorized_elementwise_kernel<4, at::native::compare_scalar_kernel<int>(at::TensorIteratorBase&, at::native::(anonymous namespace)::OpType",2.0,0.00342921608040201,0.00022428180747002702,4.259958887570716e-05,1714.608040201005,1760.0,1360,4240.0,18137.412060301507,1,256,8,0.390625,24,16,0,0,"(256, 1, 1)/(256, 1, 1)",1.0,1.0,1,"WG<64,OCC<25"
qwen-overlap,1130-1329,decode:199,Agent 2,AMD Radeon RX 9070,rocprim::ROCPRIM_400200_NS::detail::trampoline_kernel<rocprim::ROCPRIM_400200_NS::detail::wrapped_partition_config<rocprim::ROCPRIM_400200_NS::default,1.0,0.002991180904522613,0.0001956328921849438,3.7158077472502486e-05,2991.180904522613,2960,2800,4280,4343.768844221106,1,256,8,0.390625,64,16,0,12800,"(256, 1, 1)/(256, 1, 1)",1.0,1.0,1,"WG<64,OCC<25"
qwen-overlap,1130-1329,decode:199,Agent 2,AMD Radeon RX 9070,rocprim::ROCPRIM_400200_NS::detail::trampoline_kernel<rocprim::ROCPRIM_400200_NS::detail::wrapped_transform_config<rocprim::ROCPRIM_400200_NS::default,1.0,0.0028319849246231155,0.00018522096092232247,3.518045835041178e-05,2831.9849246231156,2120,1640,28520,40741.884422110554,1,1024,32,1.5625,8,16,0,0,"(1024, 1, 1)/(1024, 1, 1)",1.0,1.0,1,"WG<64,OCC<25"
qwen-overlap,1130-1329,decode:199,Agent 2,AMD Radeon RX 9070,rocprim::ROCPRIM_400200_NS::detail::trampoline_kernel<rocprim::ROCPRIM_400200_NS::detail::wrapped_reduce_config<rocprim::ROCPRIM_400200_NS::default_co,1.0,0.0022971005025125626,0.00015023779212636486,2.8535832889755903e-05,2297.100502512563,2280,1961,4320,4405.301507537689,1,256,8,0.390625,8,16,0,512,"(256, 1, 1)/(256, 1, 1)",1.0,1.0,1,"WG<64,OCC<25"
qwen-overlap,1130-1329,decode:199,Agent 2,AMD Radeon RX 9070,"rocprim::ROCPRIM_400200_NS::detail::init_lookback_scan_state_kernel<rocprim::ROCPRIM_400200_NS::detail::lookback_scan_state<unsigned long, false, true",1.0,0.0017009145728643215,0.00011124530674351593,2.112968673243385e-05,1700.9145728643216,1680,1480,4320,4376.035175879397,1,256,8,0.390625,8,16,0,0,"(256, 1, 1)/(256, 1, 1)",1.0,1.0,1,"WG<64,OCC<25"
qwen-overlap,1130-1329,decode:199,Agent 2,AMD Radeon RX 9070,"at::native::vectorized_elementwise_kernel<16, at::native::BinaryFunctor<bool, bool, bool, at::native::BitwiseAndFunctor<bool> >, std::array<char*, 3ul",1.0,0.0015786984924623115,0.0001032519803471077,1.9611452052245465e-05,1578.6984924623116,1560,1400,4240,30270.356783919597,1,256,8,0.390625,40,16,0,0,"(256, 1, 1)/(256, 1, 1)",1.0,1.0,1,"WG<64,OCC<25"
qwen-overlap,1130-1329,decode:199,Agent 2,AMD Radeon RX 9070,"at::native::vectorized_gather_kernel<16, long>",1.0,0.0014836381909547737,9.703472959915924e-05,1.8430561239979375e-05,1483.6381909547738,1440,1320,4200,50108.24120603015,6,256,48,2.34375,16,16,0,0,"(1536, 1, 1)/(256, 1, 1)",1.0,1.0,1,"WG<64,OCC<25"
qwen-overlap,1130-1329,decode:199,Agent 2,AMD Radeon RX 9070,"at::native::vectorized_elementwise_kernel<4, at::native::CUDAFunctorOnSelf_add<int>, std::array<char*, 2ul> >",1.0,0.0012297537688442212,8.042986838762464e-05,1.5276670744228477e-05,1229.7537688442212,1200,1080,4280,4378.125628140703,1,256,8,0.390625,16,16,0,0,"(256, 1, 1)/(256, 1, 1)",1.0,1.0,1,"WG<64,OCC<25"
qwen-overlap,1130-1329,decode:199,Agent 2,AMD Radeon RX 9070,"at::native::vectorized_elementwise_kernel<4, at::native::(anonymous namespace)::launch_clamp_scalar(at::TensorIteratorBase&, c10::Scalar, c10::Scalar,",1.0,0.0011889547738693467,7.77614823421315e-05,1.476984341934671e-05,1188.9547738693468,1200,1080,4160,4178.939698492462,1,256,8,0.390625,16,16,0,0,"(256, 1, 1)/(256, 1, 1)",1.0,1.0,1,"WG<64,OCC<25"
qwen-overlap,1130-1329,decode:199,Agent 2,AMD Radeon RX 9070,"at::native::elementwise_kernel_manual_unroll<128, 4, at::native::gpu_kernel_impl_nocast<at::native::CUDAFunctor_add<int> >(at::TensorIteratorBase&, at",0.06532663316582915,0.00018593467336683417,1.2160728177028123e-05,2.309781727792866e-06,2846.230769230769,2600,2440,75160,4846.673366834171,1,128,4,0.1953125,24,16,0,0,"(128, 1, 1)/(128, 1, 1)",1.0,1.0,1,"WG<64,OCC<25"
qwen-overlap,1600-1799,decode:119/prefill:80,Agent 2,AMD Radeon RX 9070,"w4a8_fp8_moe::moe_gemm1_silu_ashuffle_kernel<__hip_bfloat16, 64>",16.08040201005025,55.84819536683417,0.5487876515723303,0.4445827113981768,3473059.649375,3435810.0,3085707,4000.0,65391.98492462312,2640,32,2640,50.0,184,8,0,0,"(128, 660, 1)/(32, 1, 1)",0.1496348993116262,0.0,13,
qwen-overlap,1600-1799,decode:119/prefill:80,Agent 2,AMD Radeon RX 9070,"custom_ar::one_shot_ar_vec_kernel<__hip_bfloat16, 8>",56.437185929648244,10.257569170854271,0.10079515119761248,0.08165595834168937,181751.96019944796,23880,7120,4160,4655316.547738694,8,256,64,3.125,32,16,0,512,"(2048, 1, 1)/(256, 1, 1)",1.0,1.0,1,"WG<64,OCC<25"
qwen-overlap,1600-1799,decode:119/prefill:80,Agent 2,AMD Radeon RX 9070,"w4a8_tile::moe_gemm_tiled_ashuffle_kernel<__hip_bfloat16, w4a8_tile::WmmaFp8, w4a8_tile::Int4Fp8Loader, false, 64, 4, 0, false>",16.08040201005025,10.220473351758795,0.10043063221341181,0.08136065498001982,635585.6865625,631926.0,568525,3960.0,64595.24120603015,21120,128,84480,100.0,40,16,0,0,"(4096, 660, 1)/(128, 1, 1)",0.14955308467389933,0.0,13,
qwen-overlap,1600-1799,decode:119/prefill:80,Agent 2,AMD Radeon RX 9070,"gdn_prefill_wmma_kernel<c10::BFloat16, c10::BFloat16, 128, 128>",6.030150753768845,5.565489331658291,0.05468881850362191,0.04430439195168089,922943.6475,915488.0,874208,4000.0,24414.316582914573,16,256,128,6.25,184,8,0,62464,"(4096, 1, 1)/(256, 1, 1)",1.0,1.0,1,"WG<64,OCC<25"
qwen-overlap,1600-1799,decode:119/prefill:80,Agent 2,AMD Radeon RX 9070,,185.2713567839196,4.938983065326633,0.04853250673137655,0.03931705345731862,26658.103827063387,3240,1080,4080,6411641.683417086,840,128,3360,31.25,248,5,0,23040,"(1024, 105, 1)/(128, 1, 1)",0.29855960827205463,0.1023300007346944,107,
qwen-overlap,1600-1799,decode:119/prefill:80,Agent 2,AMD Radeon RX 9070,Cijk_Alik_Bljk_BBS_BH_Bias_HA_S_SAV_UserArgs_MT128x128x32_MI16x16x1_SN_LDSB0_AFC1_AFEM1_AFEM1_ASEM1_CLR0_CADS0_DTLA0_DTLB0_DTVA0_DTVB1_EPS0_FDSI0_GRPM,12.06030150753769,3.1413115879396987,0.03086783732006016,0.025006588197514217,260467.08583333335,251502.5,120401,4040.0,48995.34673366834,672,128,2688,31.25,256,5,0,26624,"(6144, 14, 1)/(128, 1, 1)",0.5524563591452885,0.0,4,
qwen-overlap,1600-1799,decode:119/prefill:80,Agent 2,AMD Radeon RX 9070,causal_conv1d_fwd_kernel<c10::BFloat16>,6.030150753768845,3.062267618090452,0.03009111831777916,0.024377354214134287,507826.0466666667,504024.5,482964,3920.0,23994.115577889446,16,256,128,6.25,40,16,0,0,"(256, 16, 1)/(256, 1, 1)",1.0,1.0,1,"WG<64,OCC<25"
qwen-overlap,1600-1799,decode:119/prefill:80,Agent 2,AMD Radeon RX 9070,"dense_gemm::dense_gemm_pipe_kernel<64, 2, 64, 1, false, __hip_bfloat16>",36.18090452261306,2.169022110552764,0.02131371555410361,0.01726662293487115,59949.36111111111,43000.0,18720,4240.0,211116.76381909547,32,256,256,12.5,160,9,0,0,"(2048, 4, 1)/(256, 1, 1)",0.3852746368810343,0.3852746368810343,4,"WG<64,OCC<25"
qwen-overlap,1600-1799,decode:119/prefill:80,Agent 2,AMD Radeon RX 9070,"gemv_decode::gemv_decode_core<__hip_bfloat16, gemv_decode::Bf16GemvLoader<__hip_bfloat16>, false, false, false, 16, 1, 1, false, 0>",99.72361809045226,1.4797801256281407,0.014540936455560701,0.011779873211723914,14838.813051146384,3960,2960,4121,446801.04522613063,384,512,6144,100.0,24,16,0,512,"(196608, 1, 1)/(512, 1, 1)",0.3046483426872005,0.17590394091041198,8,
qwen-overlap,1600-1799,decode:119/prefill:80,Agent 2,AMD Radeon RX 9070,w4a8_fp8_moe::moe_gather_reduce_kernel<__hip_bfloat16>,16.08040201005025,0.9960997939698493,0.009788091863556003,0.007929508631701814,61944.9559375,61600.0,55040,3960.0,64159.417085427136,6728,256,53824,100.0,8,16,0,0,"(2048, 841, 1)/(256, 1, 1)",0.10123909957781621,0.0,23,
qwen-overlap,1600-1799,decode:119/prefill:80,Agent 2,AMD Radeon RX 9070,w4a8_fp8_moe::moe_compute_act_fp8_kernel<__hip_bfloat16>,31.939698492462313,0.7667750251256281,0.0075346510761724805,0.006103955865782543,24006.958779106357,43460.5,1440,4080.0,131182.23618090453,10560,256,84480,100.0,16,16,0,512,"(2703360, 1, 1)/(256, 1, 1)",0.1441531499513429,0.0,14,
qwen-overlap,1600-1799,decode:119/prefill:80,Agent 2,AMD Radeon RX 9070,"at::native::elementwise_kernel_manual_unroll<128, 8, at::native::gpu_kernel_impl_nocast<at::native::direct_copy_kernel_cuda(at::TensorIteratorBase&)::",68.23115577889448,0.6992959748743719,0.006871573795438899,0.005566785077608911,10248.924657534246,8200.0,1680,3960.0,274443.6231155779,3364,128,13456,100.0,32,16,0,0,"(430592, 1, 1)/(128, 1, 1)",0.038224230099505895,0.068147821808925,103,
qwen-overlap,1600-1799,decode:119/prefill:80,Agent 2,AMD Radeon RX 9070,"dense_gemm::dense_gemm_rd_kernel<64, false, __hip_bfloat16>",20.100502512562816,0.49328245728643216,0.004847199081687979,0.003926802843047513,24540.80225,21880.0,17040,4160.0,112667.11055276381,56,256,448,21.875,72,16,0,0,"(1024, 14, 1)/(256, 1, 1)",0.5154759457792379,0.6936804297015188,4,"WG<64,OCC<25"
qwen-overlap,1600-1799,decode:119/prefill:80,Agent 2,AMD Radeon RX 9070,"dense_gemm::dense_gemm_kernel<64, __hip_bfloat16>",16.08040201005025,0.4806073819095477,0.004722648506617589,0.00382590219010398,29887.7715625,29120.0,26161,6460.0,97172.28140703517,14,256,112,5.46875,72,16,0,0,"(256, 14, 1)/(256, 1, 1)",0.7148432957044755,1.0,2,"WG<64,OCC<25"
qwen-overlap,1600-1799,decode:119/prefill:80,Agent 2,AMD Radeon RX 9070,rmsnorm_gated_kernel<c10::BFloat16>,6.030150753768845,0.4328571557788945,0.004253434876917196,0.003445783819875515,71782.145,71040.0,68280,4000.0,24393.69849246231,26912,128,107648,100.0,16,16,0,0,"(3444736, 1, 1)/(128, 1, 1)",0.07579483495977075,0.0,29,
qwen-overlap,1600-1799,decode:119/prefill:80,Agent 2,AMD Radeon RX 9070,__amd_rocclr_copyBuffer,74.60804020100502,0.42960777386934673,0.004221505095560979,0.003419916931783142,5758.196740082171,5520,840,4120,676789.6381909548,28,512,448,21.875,16,16,0,0,"(14336, 1, 1)/(512, 1, 1)",0.9055530575295004,1.0,3,"WG<64,OCC<25"
qwen-overlap,1600-1799,decode:119/prefill:80,Agent 2,AMD Radeon RX 9070,"gdn_decode_conv_gated_kernel<c10::BFloat16, c10::BFloat16, 128, 128, true>",11.899497487437186,0.3535375477386935,0.0034740073388544357,0.002814355603118935,29710.29222972973,27780.0,12560,4160,49864.97487437186,8,256,64,3.125,176,8,0,0,"(2048, 1, 1)/(256, 1, 1)",1.0,1.0,1,"WG<64,OCC<25"
qwen-overlap,1600-1799,decode:119/prefill:80,Agent 2,AMD Radeon RX 9070,"w4a8_tile::moe_gemm_tiled_kernel<__hip_bfloat16, w4a8_tile::WmmaFp8, w4a8_tile::Int4Fp8Loader, true, 64, 4, 0, false>",15.859296482412061,0.31392068341708546,0.0030847155132026063,0.0024989833186340946,19794.11153358682,19760.0,19040,4120.0,66153.26130653266,1024,128,4096,100.0,40,16,0,0,"(4096, 8, 4)/(128, 1, 1)",1.0,0.0,1,
qwen-overlap,1600-1799,decode:119/prefill:80,Agent 2,AMD Radeon RX 9070,"gemv_decode::gemv_decode_core<__hip_bfloat16, gemv_decode::Int4Fp8GemvLoader, true, true, false, 32, 8, 1, false, 0>",15.859296482412061,0.28252817085427134,0.0027762395967805605,0.0022490814505235017,17814.67237008872,17840.0,15640,4120.0,66227.62814070351,64,1024,2048,75.0,112,12,0,512,"(8192, 8, 1)/(1024, 1, 1)",1.0,0.0,1,
qwen-overlap,1600-1799,decode:119/prefill:80,Agent 2,AMD Radeon RX 9070,"at::native::elementwise_kernel_manual_unroll<128, 8, at::native::gpu_kernel_impl_nocast<at::native::BinaryFunctor<c10::BFloat16, c10::BFloat16, c10::B",31.939698492462313,0.2349472814070352,0.0023086899399302682,0.0018703110945210697,7355.964285714285,10600.0,1560,4160.0,162016.22110552763,2,128,8,0.390625,48,16,0,0,"(256, 1, 1)/(128, 1, 1)",0.1211627310640777,0.1211627310640777,24,"WG<64,OCC<25"
qwen-overlap,1600-1799,decode:119/prefill:80,Agent 2,AMD Radeon RX 9070,at::native::,14.407035175879397,0.20925716582914572,0.002056248153691565,0.001665803479463318,14524.6515521451,18880,2360,4040,167245.63819095478,2688,256,21504,100.0,8,16,0,0,"(229376, 3, 1)/(256, 1, 1)",0.20516591159885592,0.06337574674291757,23,
qwen-overlap,1600-1799,decode:119/prefill:80,Agent 2,AMD Radeon RX 9070,"at::native::vectorized_elementwise_kernel<8, at::native::CUDAFunctor_add<c10::BFloat16>, std::array<char*, 3ul> >",31.939698492462313,0.20005323618090454,0.0019658065037202782,0.0015925350780108488,6263.466645689113,10800.0,960,9200.0,720357.7738693467,841,256,6728,100.0,32,16,0,0,"(215296, 1, 1)/(256, 1, 1)",0.09143450610156684,0.09095546275948557,24,
qwen-overlap,1600-1799,decode:119/prefill:80,Agent 2,AMD Radeon RX 9070,"at::native::vectorized_elementwise_kernel<8, at::native::FillFunctor<c10::BFloat16>, std::array<char*, 1ul> >",55.678391959798994,0.187738824120603,0.0018447999567642397,0.0014945055057555116,3371.843501805054,2960.0,1160,4000.0,256640.8592964824,128,256,1024,50.0,8,16,0,0,"(32768, 1, 1)/(256, 1, 1)",0.2683218689408835,0.0,7,
qwen-overlap,1600-1799,decode:119/prefill:80,Agent 2,AMD Radeon RX 9070,"at::native::vectorized_elementwise_kernel<8, at::native::sigmoid_kernel_cuda(at::TensorIteratorBase&)::{lambda()#2}::operator()() const::{lambda()#4}:",37.914572864321606,0.1156474120603015,0.0011363996859364966,0.0009206177510703257,3050.2100728959576,1920,1080,4160,7786974.8040201,1,256,8,0.390625,48,16,0,0,"(256, 1, 1)/(256, 1, 1)",0.7153287576798912,0.7153287576798912,30,"WG<64,OCC<25"
qwen-overlap,1600-1799,decode:119/prefill:80,Agent 2,AMD Radeon RX 9070,"at::native::vectorized_elementwise_kernel<4, at::native::bfloat16_copy_kernel_cuda(at::TensorIteratorBase&)::{lambda(float)#1}, std::array<char*, 2ul>",31.939698492462313,0.11441195979899497,0.0011242596169394816,0.0009107828636128726,3582.1239773442417,5840.0,880,4080.0,131127.7487437186,1,256,8,0.390625,32,16,0,0,"(256, 1, 1)/(256, 1, 1)",0.14795313418230338,0.14795313418230338,24,"WG<64,OCC<25"
qwen-overlap,1600-1799,decode:119/prefill:80,Agent 2,AMD Radeon RX 9070,Cijk_Alik_Bljk_BBS_BH_Bias_HA_S_SAV_UserArgs_MT16x16x32_MI16x16x1_SN_LDSB1_AFC1_AFEM1_AFEM1_ASEM1_CLR0_CADS0_DTLA0_DTLB0_DTVA0_DTVB1_EPS0_FDSI0_GRPM1_,6.030150753768845,0.08221137185929649,0.0008078432149661843,0.0006544482658552495,13633.385833333334,13560.0,12160,4040.0,24533.94472361809,210,32,210,10.25390625,48,16,0,2048,"(64, 105, 1)/(32, 1, 1)",0.49833701740635106,0.0,5,OCC<25
qwen-overlap,1600-1799,decode:119/prefill:80,Agent 2,AMD Radeon RX 9070,"gemv_decode::gemv_decode_core<__hip_bfloat16, gemv_decode::Bf16GemvLoader<__hip_bfloat16>, false, false, false, 8, 1, 1, true, 0>",15.859296482412061,0.07733920100502513,0.000759967232875587,0.0006156630747750472,4876.584600760456,4880.0,4320,4120.0,66078.46733668342,8,256,64,3.125,16,16,0,512,"(2048, 1, 1)/(256, 1, 1)",1.0,1.0,1,"WG<64,OCC<25"
qwen-overlap,1600-1799,decode:119/prefill:80,Agent 2,AMD Radeon RX 9070,"at::native::vectorized_elementwise_kernel<4, at::native::FillFunctor<float>, std::array<char*, 1ul> >",31.939698492462313,0.06800933668341709,0.0006682880962998622,0.0005413921632472439,2129.3042794210196,2960.0,680,4080.0,131098.0,2,256,16,0.78125,8,16,0,0,"(512, 1, 1)/(256, 1, 1)",0.19724981598004057,0.19724981598004057,24,"WG<64,OCC<25"
qwen-overlap,1600-1799,decode:119/prefill:80,Agent 2,AMD Radeon RX 9070,"at::native::elementwise_kernel_manual_unroll<128, 4, at::native::gpu_kernel_impl<at::native::direct_copy_kernel_cuda(at::TensorIteratorBase&)::{lambda",26.55276381909548,0.04810802010050252,0.00047272946241746784,0.0003829666093200355,1811.78955336866,1800.0,1280,4120.0,111955.50251256282,1,128,4,0.1953125,16,16,0,0,"(128, 1, 1)/(128, 1, 1)",0.9480769616449414,1.0,2,"WG<64,OCC<25"
qwen-overlap,1600-1799,decode:119/prefill:80,Agent 2,AMD Radeon RX 9070,"at::native::index_elementwise_kernel<128, 4, at::native::index_fill_kernel_impl<at::native::OpaqueType<4> >(at::TensorIterator&, long, long, long, at:",24.12060301507538,0.040149477386934675,0.00039452550368560387,0.0003196121808530882,1664.5304166666667,1600.0,1280,4040.0,109683.3768844221,1,128,4,0.1953125,16,16,0,0,"(128, 1, 1)/(128, 1, 1)",1.0,1.0,1,"WG<64,OCC<25"
qwen-overlap,1600-1799,decode:119/prefill:80,Agent 2,AMD Radeon RX 9070,"at::native::vectorized_elementwise_kernel<8, at::native::BinaryFunctor<c10::BFloat16, c10::BFloat16, c10::BFloat16, at::native::binary_internal::MulFu",5.974874371859296,0.03370741206030151,0.00033122308399850277,0.00026832975621776005,5641.526492851135,1080,1000,4080,24523.24623115578,1,256,8,0.390625,32,16,0,0,"(256, 1, 1)/(256, 1, 1)",0.12604060213707227,0.12604060213707227,30,"WG<64,OCC<25"
qwen-overlap,1600-1799,decode:119/prefill:80,Agent 2,AMD Radeon RX 9070,w4a8_fp8_moe::moe_build_inverse_map_kernel,16.08040201005025,0.03144611055276382,0.00030900259261704735,0.00025032853793476224,1955.555,1960.0,1720,3960.0,65664.22110552764,42,256,336,16.40625,8,16,0,0,"(10752, 1, 1)/(256, 1, 1)",0.7377513992191475,1.0,2,"WG<64,OCC<25"
qwen-overlap,1600-1799,decode:119/prefill:80,Agent 2,AMD Radeon RX 9070,"at::native::vectorized_elementwise_kernel<4, at::native::FillFunctor<int>, std::array<char*, 1ul> >",16.08040201005025,0.023160798994974873,0.0002275876669873416,0.0001843728476399253,1440.3121875,1400.0,1280,3960.0,64614.01005025126,7,256,56,2.734375,8,16,0,0,"(1792, 1, 1)/(256, 1, 1)",1.0,1.0,1,"WG<64,OCC<25"
qwen-overlap,1600-1799,decode:119/prefill:80,Agent 2,AMD Radeon RX 9070,ncclDevKernel_Generic_4,0.592964824120603,0.023133829145728643,0.00022732265000453882,0.00018415815263277005,39013.83050847457,38760.0,37560,4840.0,5545.065326633166,2,256,16,0.78125,256,5,776,21504,"(512, 1, 1)/(256, 1, 1)",1.0,1.0,1,"WG<64,OCC<25,SPILL776B"
qwen-overlap,1600-1799,decode:119/prefill:80,Agent 2,AMD Radeon RX 9070,"at::native::elementwise_kernel_manual_unroll<128, 4, at::native::gpu_kernel_impl<at::native::BinaryFunctor<c10::BFloat16, c10::BFloat16, c10::BFloat16",0.5979899497487438,0.019530834170854272,0.00019191811924216374,0.00015547630777525633,32660.806722689074,13360,12520,4120,2599.5628140703516,4,128,16,0.78125,24,16,0,0,"(512, 1, 1)/(128, 1, 1)",0.26471478162606427,0.26471478162606427,30,"WG<64,OCC<25"
qwen-overlap,1600-1799,decode:119/prefill:80,Agent 2,AMD Radeon RX 9070,"at::native::index_elementwise_kernel<128, 4, at::native::gpu_index_kernel<at::native::index_put_kernel_impl<at::native::OpaqueType<2> >(at::TensorIter",0.20100502512562815,0.015206939698492463,0.00014942972946434147,0.00012105570177902767,75654.525,74100.5,64880,4160.0,839.6733668341709,15360,128,61440,100.0,16,16,0,0,"(1966080, 1, 1)/(128, 1, 1)",1.0,0.0,1,
qwen-overlap,1600-1799,decode:119/prefill:80,Agent 2,AMD Radeon RX 9070,"gdn_replay_flush_kernel<c10::BFloat16, 128, 128>",6.030150753768845,0.01090659296482412,0.00010717272958430453,8.68225488857484e-05,1808.6766666666667,1800.0,1640,4000.0,24353.502512562813,16,128,64,3.125,144,10,0,0,"(2048, 1, 1)/(128, 1, 1)",1.0,1.0,1,"WG<64,OCC<25"
qwen-overlap,1600-1799,decode:119/prefill:80,Agent 2,AMD Radeon RX 9070,"at::native::index_elementwise_kernel<128, 4, at::native::gpu_index_kernel<at::native::index_kernel_impl<at::native::OpaqueType<4> >(at::TensorIterator",2.190954773869347,0.01060551256281407,0.0001042141880295013,8.442578135198541e-05,4840.589449541284,3360.0,2400,4280.0,35559.668341708544,1,128,4,0.1953125,16,16,0,0,"(128, 1, 1)/(128, 1, 1)",0.5354425995393503,1.0,3,"WG<64,OCC<25"
qwen-overlap,1600-1799,decode:119/prefill:80,Agent 2,AMD Radeon RX 9070,"at::native::index_elementwise_kernel<128, 4, at::native::gpu_index_kernel<at::native::index_put_kernel_impl<at::native::OpaqueType<4> >(at::TensorIter",1.2160804020100502,0.005292276381909548,5.20041141530709e-05,4.21294648445371e-05,4351.913223140496,3360.0,2880,4240.0,33440.306532663315,1,128,4,0.1953125,16,16,0,0,"(128, 1, 1)/(128, 1, 1)",0.5141863130398618,0.7302972094538073,3,"WG<64,OCC<25"
qwen-overlap,1600-1799,decode:119/prefill:80,Agent 2,AMD Radeon RX 9070,"at::native::reduce_kernel<512, 1, at::native::ReduceOp<float, at::native::ArgMaxOps<float>, unsigned int, long, 4, 4> >",0.39195979899497485,0.004735723618090452,4.653519466111266e-05,3.769899515523747e-05,12082.166666666666,11280.0,10720,4320.0,2828.497487437186,64,512,1024,50.0,40,16,0,512,"(512, 64, 1)/(512, 1, 1)",1.0,0.0,1,
qwen-overlap,1600-1799,decode:119/prefill:80,Agent 2,AMD Radeon RX 9070,"at::native::vectorized_elementwise_kernel<4, at::native::compare_scalar_kernel<int>(at::TensorIteratorBase&, at::native::(anonymous namespace)::OpType",1.1959798994974875,0.0024470552763819096,2.4045785357476495e-05,1.9479921644185338e-05,2046.0672268907563,1880.0,1400,4280.0,5581.331658291458,1,256,8,0.390625,24,16,0,0,"(256, 1, 1)/(256, 1, 1)",1.0,1.0,1,"WG<64,OCC<25"
qwen-overlap,1600-1799,decode:119/prefill:80,Agent 2,AMD Radeon RX 9070,__amd_rocclr_fillBufferAligned,0.7889447236180904,0.0020528743718592965,2.017239945007642e-05,1.6342022305398106e-05,2602.0509554140126,2440,2120,4360,3495.6532663316584,1,256,8,0.390625,16,16,0,0,"(256, 1, 1)/(256, 1, 1)",1.0,1.0,1,"WG<64,OCC<25"
qwen-overlap,1600-1799,decode:119/prefill:80,Agent 2,AMD Radeon RX 9070,"at::native::vectorized_elementwise_kernel<4, at::native::BUnaryFunctor<int, int, int, at::native::binary_internal::div_floor_kernel_cuda(at::TensorIte",0.9949748743718593,0.002050286432160804,2.0146969275650587e-05,1.632142086535992e-05,2060.6414141414143,1881.0,1560,4160.0,5798.381909547738,1,256,8,0.390625,16,16,0,0,"(256, 1, 1)/(256, 1, 1)",0.5422554024808398,1.0,2,"WG<64,OCC<25"
qwen-overlap,1600-1799,decode:119/prefill:80,Agent 2,AMD Radeon RX 9070,"at::native::index_elementwise_kernel<128, 4, at::native::gpu_index_kernel<at::native::index_kernel_impl<at::native::OpaqueType<2> >(at::TensorIterator",0.5979899497487438,0.002030758793969849,1.9955082561439366e-05,1.616596999936304e-05,3395.9747899159665,3160,2840,4120,2853.718592964824,4,128,16,0.78125,16,16,0,0,"(512, 1, 1)/(128, 1, 1)",1.0,1.0,1,"WG<64,OCC<25"
qwen-overlap,1600-1799,decode:119/prefill:80,Agent 2,AMD Radeon RX 9070,"at::native::reduce_kernel<512, 1, at::native::ReduceOp<c10::BFloat16, at::native::ArgMaxOps<float>, unsigned int, long, 4, 4> >",0.20100502512562815,0.0019883718592964826,1.953857086962988e-05,1.5828546413494876e-05,9892.15,9880.0,9600,4080.0,827.1356783919598,64,512,1024,50.0,40,16,0,512,"(512, 64, 1)/(512, 1, 1)",1.0,0.0,1,
qwen-overlap,1600-1799,decode:119/prefill:80,Agent 2,AMD Radeon RX 9070,"at::native::reduce_kernel<512, 1, at::native::ReduceOp<bool, at::native::func_wrapper_t<bool, at::native::and_kernel_cuda(at::TensorIterator&)::{lambd",0.4020100502512563,0.0019588090452261307,1.9248074333421796e-05,1.5593209963505263e-05,4872.5375,4720.0,4360,2652423.0,1094933.768844221,1,512,16,0.78125,32,16,12,512,"(512, 1, 1)/(512, 1, 1)",1.0,1.0,1,"WG<64,OCC<25,SPILL12B"
qwen-overlap,1600-1799,decode:119/prefill:80,Agent 2,AMD Radeon RX 9070,"at::native::vectorized_gather_kernel<16, long>",0.20100502512562815,0.0016333718592964825,1.6050192865138936e-05,1.3002548876606168e-05,8126.025,6900.0,6400,4320.0,868.3065326633166,1663,256,13304,100.0,16,16,0,0,"(425728, 1, 1)/(256, 1, 1)",0.08085133875418793,0.0,29,
qwen-overlap,1600-1799,decode:119/prefill:80,Agent 2,AMD Radeon RX 9070,"at::native::vectorized_elementwise_kernel<4, at::native::BUnaryFunctor<int, int, int, at::native::remainder_kernel_cuda(at::TensorIteratorBase&)::{lam",0.4020100502512563,0.001616100502512563,1.5880477312708683e-05,1.2865059266098893e-05,4020.05,2220.0,1760,4400.0,1757.9396984924624,3,256,24,1.171875,16,16,0,0,"(768, 1, 1)/(256, 1, 1)",1.0,1.0,1,"WG<64,OCC<25"
qwen-overlap,1600-1799,decode:119/prefill:80,Agent 2,AMD Radeon RX 9070,"at::native::vectorized_elementwise_kernel<16, at::native::BinaryFunctor<bool, bool, bool, at::native::BitwiseAndFunctor<bool> >, std::array<char*, 3ul",0.5979899497487438,0.001488849246231156,1.463005341564981e-05,1.1852068458162978e-05,2489.7563025210084,1600,1480,4200,2821.396984924623,1,256,8,0.390625,40,16,0,0,"(256, 1, 1)/(256, 1, 1)",1.0,1.0,1,"WG<64,OCC<25"
qwen-overlap,1600-1799,decode:119/prefill:80,Agent 2,AMD Radeon RX 9070,"at::native::vectorized_elementwise_kernel<4, at::native::CUDAFunctorOnSelf_add<int>, std::array<char*, 2ul> >",0.5979899497487438,0.0010426281407035175,1.0245298796882923e-05,8.299900162025338e-06,1743.5546218487395,1400,1120,4320,2806.718592964824,1,256,8,0.390625,16,16,0,0,"(256, 1, 1)/(256, 1, 1)",0.5047256883696496,1.0,2,"WG<64,OCC<25"
qwen-overlap,1600-1799,decode:119/prefill:80,Agent 2,AMD Radeon RX 9070,"at::native::vectorized_elementwise_kernel<4, at::native::(anonymous namespace)::launch_clamp_scalar(at::TensorIteratorBase&, c10::Scalar, c10::Scalar,",0.5979899497487438,0.0010042311557788945,9.867994014770738e-06,7.994238796332555e-06,1679.3445378151262,1200,1120,4120,3446.532663316583,2,256,16,0.78125,16,16,0,0,"(512, 1, 1)/(256, 1, 1)",0.5294182404099238,1.0,2,"WG<64,OCC<25"
qwen-overlap,1600-1799,decode:119/prefill:80,Agent 2,AMD Radeon RX 9070,"at::native::vectorized_elementwise_kernel<4, at::native::bfloat16tofloat32_copy_kernel_cuda(at::TensorIteratorBase&)::{lambda(c10::BFloat16)#1}, std::",0.39195979899497485,0.0008973065326633166,8.81730808965844e-06,7.1430592989878325e-06,2289.2820512820513,2280.0,2200,10960.0,4351.678391959799,122,256,976,47.65625,16,16,0,0,"(31232, 1, 1)/(256, 1, 1)",1.0,0.0,1,
qwen-overlap,1600-1799,decode:119/prefill:80,Agent 2,AMD Radeon RX 9070,"at::native::vectorized_elementwise_kernel<4, at::native::AUnaryFunctor<int, int, bool, at::native::(anonymous namespace)::CompareEqFunctor<int> >, std",0.4020100502512563,0.0008430150753768844,8.283817595490132e-06,6.710869088944013e-06,2097.0,2080.0,1840,4240.0,1923.070351758794,1,256,8,0.390625,24,16,0,0,"(256, 1, 1)/(256, 1, 1)",1.0,1.0,1,"WG<64,OCC<25"
qwen-overlap,1600-1799,decode:119/prefill:80,Agent 2,AMD Radeon RX 9070,rocprim::ROCPRIM_400200_NS::detail::trampoline_kernel<rocprim::ROCPRIM_400200_NS::detail::wrapped_transform_config<rocprim::ROCPRIM_400200_NS::default,0.19597989949748743,0.0006408090452261307,6.296856840692044e-06,5.101196573028311e-06,3269.769230769231,2120,1640,23720,5966.733668341709,1,1024,32,1.5625,8,16,0,0,"(1024, 1, 1)/(1024, 1, 1)",1.0,1.0,1,"WG<64,OCC<25"
qwen-overlap,1600-1799,decode:119/prefill:80,Agent 2,AMD Radeon RX 9070,"at::native::elementwise_kernel_manual_unroll<128, 4, at::native::gpu_kernel_impl_nocast<at::native::CUDAFunctor_add<int> >(at::TensorIteratorBase&, at",0.22613065326633167,0.0006036281407035176,5.931501771611026e-06,4.805215884013667e-06,2669.3777777777777,2640,2360,4200,963.1758793969849,4,128,16,0.78125,24,16,0,0,"(512, 1, 1)/(128, 1, 1)",0.8944323271340804,1.0,2,"WG<64,OCC<25"
qwen-overlap,1600-1799,decode:119/prefill:80,Agent 2,AMD Radeon RX 9070,"at::native::elementwise_kernel_manual_unroll<128, 4, at::native::gpu_kernel_impl_nocast<at::native::direct_copy_kernel_cuda(at::TensorIteratorBase&)::",0.19597989949748743,0.000573678391959799,5.637203053983933e-06,4.566799218717372e-06,2927.230769230769,2680,2520,4280,841.5226130653266,1,128,4,0.1953125,24,16,0,0,"(128, 1, 1)/(128, 1, 1)",1.0,1.0,1,"WG<64,OCC<25"
qwen-overlap,1600-1799,decode:119/prefill:80,Agent 2,AMD Radeon RX 9070,rocprim::ROCPRIM_400200_NS::detail::trampoline_kernel<rocprim::ROCPRIM_400200_NS::detail::wrapped_partition_config<rocprim::ROCPRIM_400200_NS::default,0.19597989949748743,0.0005646231155778894,5.548222132983258e-06,4.494714179981815e-06,2881.025641025641,2840,2720,4280,846.8693467336683,1,256,8,0.390625,64,16,0,12800,"(256, 1, 1)/(256, 1, 1)",1.0,1.0,1,"WG<64,OCC<25"
qwen-overlap,1600-1799,decode:119/prefill:80,Agent 2,AMD Radeon RX 9070,rocprim::ROCPRIM_400200_NS::detail::trampoline_kernel<rocprim::ROCPRIM_400200_NS::detail::wrapped_reduce_config<rocprim::ROCPRIM_400200_NS::default_co,0.19597989949748743,0.0004211105527638191,4.138007858367123e-06,3.3522743235729447e-06,2148.74358974359,2120,2000,4200,832.894472361809,1,256,8,0.390625,8,16,0,512,"(256, 1, 1)/(256, 1, 1)",1.0,1.0,1,"WG<64,OCC<25"
qwen-overlap,1600-1799,decode:119/prefill:80,Agent 2,AMD Radeon RX 9070,"at::native::unrolled_elementwise_kernel<at::native::CUDAFunctorOnSelf_add<int>, std::array<char*, 2ul>, 4, TrivialOffsetCalculator<1, unsigned int>, T",0.20100502512562815,0.0003835175879396985,3.76860371296976e-06,3.053013405270667e-06,1908.0,1880.0,1800,4080.0,829.9497487437186,1,256,8,0.390625,16,16,0,0,"(256, 1, 1)/(256, 1, 1)",1.0,1.0,1,"WG<64,OCC<25"
qwen-overlap,1600-1799,decode:119/prefill:80,Agent 2,AMD Radeon RX 9070,"rocprim::ROCPRIM_400200_NS::detail::init_lookback_scan_state_kernel<rocprim::ROCPRIM_400200_NS::detail::lookback_scan_state<unsigned long, false, true",0.19597989949748743,0.00032462311557788945,3.1898820736090995e-06,2.584180633916209e-06,1656.4102564102564,1640,1520,4280,847.5929648241206,1,256,8,0.390625,8,16,0,0,"(256, 1, 1)/(256, 1, 1)",1.0,1.0,1,"WG<64,OCC<25"
