draft=[604, 330, 2460, 377, 330, 3201, 367, 330, 83, 367, 367, 340, 81, 330, 81]
draft=[395, 330, 3827, 377, 340, 10066, 367, 330, 447, 377, 367, 340, 81, 81, 81]
draft=[604, 330, 2460, 377, 340, 10066, 367, 330, 10066, 367, 110, 367, 95, 330, 95]
draft=[604, 330, 3827, 377, 330, 330, 367, 330, 447, 377, 367, 340, 95, 95, 95]
draft=[395, 330, 6191, 377, 330, 10066, 367, 330, 10066, 377, 367, 95, 81, 81, 81]
draft=[395, 330, 6191, 377, 377, 330, 367, 330, 95, 330, 377, 367, 81, 330, 81]
draft=[604, 330, 3827, 2230, 330, 330, 367, 330, 95, 330, 110, 81, 81, 751, 81]
draft=[395, 330, 3827, 377, 330, 330, 367, 330, 95, 330, 110, 340, 81, 330, 81]
draft=[604, 330, 2460, 377, 330, 3201, 367, 330, 83, 367, 367, 340, 81, 330, 81]
draft=[395, 330, 3827, 377, 340, 10066, 367, 330, 447, 377, 367, 340, 81, 81, 81]
draft=[604, 330, 2460, 377, 340, 10066, 367, 330, 10066, 367, 110, 367, 95, 330, 95]
draft=[604, 330, 3827, 377, 330, 330, 367, 330, 447, 377, 367, 340, 95, 95, 95]
draft=[395, 330, 6191, 377, 330, 10066, 367, 330, 10066, 377, 367, 95, 81, 81, 81]
draft=[395, 330, 6191, 377, 377, 330, 367, 330, 95, 330, 377, 367, 81, 330, 81]
draft=[604, 330, 3827, 2230, 330, 330, 367, 330, 95, 330, 110, 81, 81, 751, 81]
draft=[395, 330, 3827, 377, 330, 330, 367, 330, 95, 330, 110, 340, 81, 330, 81]
draft=[3201, 3201, 3201, 340, 3201, 3201, 350, 3827, 328, 81, 81, 81, 268, 268, 268]
draft=[330, 3827, 3201, 367, 330, 430, 85, 85, 328, 955, 788, 350, 595, 81, 350]
draft=[3201, 3201, 3201, 340, 3201, 3201, 350, 72, 328, 81, 81, 372, 268, 72, 268]
draft=[1810, 3201, 377, 3201, 3201, 3201, 3201, 3201, 83, 133, 3201, 3201, 350, 350, 268]
draft=[330, 3827, 3201, 367, 330, 430, 377, 85, 10066, 268, 86, 81, 330, 95, 350]
draft=[330, 3827, 3201, 367, 330, 3201, 85, 85, 8720, 268, 85, 350, 330, 95, 372]
draft=[1810, 3201, 377, 3201, 3201, 3201, 3201, 3201, 290, 133, 3201, 3201, 350, 268, 447]
draft=[330, 3827, 3201, 367, 330, 3201, 377, 85, 8720, 268, 8720, 350, 330, 95, 341]
draft=[3201, 3201, 3201, 340, 3201, 3201, 350, 3827, 328, 81, 81, 81, 268, 268, 268]
draft=[330, 3827, 3201, 367, 330, 430, 85, 85, 328, 955, 788, 350, 595, 81, 350]
draft=[3201, 3201, 3201, 340, 3201, 3201, 350, 72, 328, 81, 81, 372, 268, 72, 268]
draft=[1810, 3201, 377, 3201, 3201, 3201, 3201, 3201, 83, 133, 3201, 3201, 350, 350, 268]
draft=[330, 3827, 3201, 367, 330, 430, 377, 85, 10066, 268, 86, 81, 330, 95, 350]
draft=[330, 3827, 3201, 367, 330, 3201, 85, 85, 8720, 268, 85, 350, 330, 95, 372]
draft=[1810, 3201, 377, 3201, 3201, 3201, 3201, 3201, 290, 133, 3201, 3201, 350, 268, 447]
draft=[330, 3827, 3201, 367, 330, 3201, 377, 85, 8720, 268, 8720, 350, 330, 95, 341]
draft=[1810, 3201, 377, 3201, 3201, 3201, 3201, 3201, 83, 133, 3201, 3201, 81, 81, 341]
draft=[1810, 3201, 377, 3201, 3201, 3201, 3201, 3201, 83, 133, 3201, 3201, 350, 81, 447]
draft=[1810, 3201, 377, 3201, 3201, 3201, 3201, 3201, 83, 133, 3201, 3201, 3201, 268, 268]
draft=[354, 3201, 377, 3201, 3201, 3201, 350, 350, 350, 350, 268, 268, 447, 447, 268]
draft=[1810, 3201, 377, 3201, 3201, 3201, 3201, 3201, 83, 133, 3201, 3201, 81, 81, 268]
draft=[1810, 3201, 377, 3201, 3201, 3201, 3201, 3201, 83, 133, 3201, 3201, 350, 350, 268]
draft=[354, 3201, 377, 330, 3201, 3201, 350, 350, 350, 268, 268, 268, 72, 447, 268]
draft=[1810, 3201, 377, 3201, 3201, 3201, 3201, 3201, 290, 133, 3201, 3201, 81, 268, 268]
draft=[1810, 3201, 377, 3201, 3201, 3201, 3201, 3201, 83, 133, 3201, 3201, 81, 81, 341]
draft=[1810, 3201, 377, 3201, 3201, 3201, 3201, 3201, 83, 133, 3201, 3201, 350, 81, 447]
draft=[1810, 3201, 377, 3201, 3201, 3201, 3201, 3201, 83, 133, 3201, 3201, 3201, 268, 268]
draft=[354, 3201, 377, 3201, 3201, 3201, 350, 350, 350, 350, 268, 268, 447, 447, 268]
draft=[1810, 3201, 377, 3201, 3201, 3201, 3201, 3201, 83, 133, 3201, 3201, 81, 81, 268]
draft=[1810, 3201, 377, 3201, 3201, 3201, 3201, 3201, 83, 133, 3201, 3201, 350, 350, 268]
draft=[354, 3201, 377, 330, 3201, 3201, 350, 350, 350, 268, 268, 268, 72, 447, 268]
draft=[1810, 3201, 377, 3201, 3201, 3201, 3201, 3201, 290, 133, 3201, 3201, 81, 268, 268]
draft=[354, 3201, 377, 3201, 3201, 3201, 350, 350, 350, 350, 268, 268, 82, 447, 268]
draft=[354, 3201, 377, 3201, 3201, 3201, 350, 350, 350, 268, 268, 268, 447, 447, 268]
draft=[354, 3201, 377, 330, 3201, 3201, 350, 350, 350, 330, 268, 268, 72, 447, 268]
draft=[3201, 377, 330, 3201, 3201, 3201, 3201, 3201, 3201, 350, 1290, 350, 372, 350, 350]
draft=[354, 3201, 377, 330, 3201, 3201, 350, 350, 350, 268, 268, 268, 447, 447, 268]
draft=[354, 3201, 377, 3201, 3201, 3201, 350, 350, 350, 350, 268, 268, 410, 447, 268]
draft=[354, 3201, 377, 3201, 3201, 3201, 350, 350, 350, 350, 268, 268, 82, 447, 268]
draft=[3201, 377, 330, 3201, 3201, 3201, 350, 83, 350, 350, 2067, 104, 372, 350, 350]
draft=[354, 3201, 377, 3201, 3201, 3201, 350, 350, 350, 268, 268, 268, 350, 447, 268]
draft=[354, 3201, 377, 3201, 3201, 3201, 350, 350, 350, 268, 268, 268, 447, 447, 268]
draft=[354, 3201, 377, 330, 3201, 3201, 350, 350, 350, 330, 268, 268, 72, 447, 268]
draft=[3201, 377, 330, 3201, 3201, 3201, 3201, 3201, 3201, 350, 1290, 350, 372, 350, 350]
draft=[354, 3201, 377, 330, 3201, 3201, 350, 350, 350, 268, 268, 268, 447, 447, 268]
draft=[354, 3201, 377, 3201, 3201, 3201, 350, 350, 350, 350, 268, 268, 410, 447, 268]
draft=[3201, 377, 330, 3201, 3201, 3201, 350, 83, 350, 350, 2067, 104, 372, 350, 350]
draft=[354, 3201, 377, 3201, 3201, 3201, 350, 350, 350, 268, 268, 268, 350, 447, 268]
draft=[3201, 377, 330, 3201, 3201, 3201, 3201, 3201, 350, 350, 117, 104, 372, 372, 350]
draft=[3201, 377, 330, 3201, 3201, 3201, 350, 83, 350, 350, 117, 104, 372, 372, 350]
draft=[3201, 377, 330, 3201, 3201, 3201, 3201, 3201, 3201, 350, 2825, 268, 372, 372, 350]
draft=[2733, 534, 81, 350, 378, 3201, 268, 447, 268, 268, 83, 81, 268, 341, 447]
draft=[3201, 377, 330, 3201, 3201, 372, 350, 83, 350, 350, 2067, 104, 372, 372, 350]
draft=[3201, 377, 330, 3201, 3201, 3201, 350, 3201, 350, 350, 2067, 104, 372, 350, 350]
draft=[2733, 534, 95, 350, 378, 3201, 268, 72, 447, 268, 83, 81, 268, 341, 447]
draft=[3201, 377, 330, 3201, 3201, 3201, 3201, 3201, 350, 350, 117, 104, 372, 372, 350]
draft=[3201, 377, 330, 3201, 3201, 3201, 3201, 83, 350, 350, 117, 104, 3131, 372, 350]
draft=[3201, 377, 330, 3201, 3201, 3201, 350, 83, 350, 350, 117, 104, 372, 372, 350]
draft=[3201, 377, 330, 3201, 3201, 3201, 3201, 3201, 3201, 350, 2825, 268, 372, 372, 350]
draft=[2733, 534, 81, 350, 378, 3201, 268, 447, 268, 268, 83, 81, 268, 341, 447]
draft=[3201, 377, 330, 3201, 3201, 372, 350, 83, 350, 350, 2067, 104, 372, 372, 350]
draft=[3201, 377, 330, 3201, 3201, 3201, 350, 3201, 350, 350, 2067, 104, 372, 350, 350]
draft=[2733, 534, 95, 350, 378, 3201, 268, 72, 447, 268, 83, 81, 268, 341, 447]
draft=[3201, 377, 330, 3201, 3201, 3201, 3201, 83, 350, 350, 117, 104, 3131, 372, 350]
draft=[2733, 534, 81, 350, 378, 3201, 268, 447, 447, 268, 525, 81, 268, 846, 350]
draft=[2733, 81, 81, 350, 378, 377, 268, 72, 268, 268, 83, 447, 340, 447, 447]
draft=[2733, 534, 81, 350, 378, 95, 268, 447, 268, 268, 83, 447, 268, 846, 447]
draft=[3418, 95, 268, 3201, 268, 95, 350, 268, 72, 447, 1334, 81, 447, 81, 350]
draft=[2733, 595, 95, 350, 378, 328, 268, 72, 447, 268, 81, 81, 340, 341, 447]
draft=[2733, 3418, 81, 350, 378, 3201, 268, 846, 447, 268, 83, 81, 340, 341, 447]
draft=[3418, 95, 350, 605, 268, 95, 605, 268, 72, 447, 1334, 81, 10780, 81, 350]
draft=[2733, 534, 95, 350, 378, 3201, 268, 846, 447, 268, 83, 81, 268, 341, 447]
draft=[2733, 534, 81, 350, 378, 3201, 268, 447, 447, 268, 525, 81, 268, 846, 350]
draft=[2733, 81, 81, 350, 378, 377, 268, 72, 268, 268, 83, 447, 340, 447, 447]
draft=[2733, 534, 81, 350, 378, 95, 268, 447, 268, 268, 83, 447, 268, 846, 447]
draft=[3418, 95, 268, 3201, 268, 95, 350, 268, 72, 447, 1334, 81, 447, 81, 350]
draft=[2733, 595, 95, 350, 378, 328, 268, 72, 447, 268, 81, 81, 340, 341, 447]
draft=[2733, 3418, 81, 350, 378, 3201, 268, 846, 447, 268, 83, 81, 340, 341, 447]
draft=[3418, 95, 350, 605, 268, 95, 605, 268, 72, 447, 1334, 81, 10780, 81, 350]
draft=[2733, 534, 95, 350, 378, 3201, 268, 846, 447, 268, 83, 81, 268, 341, 447]
draft=[3418, 95, 268, 3201, 447, 95, 350, 268, 72, 842, 1334, 81, 447, 81, 350]
draft=[3418, 95, 330, 447, 3201, 95, 350, 268, 72, 842, 447, 81, 447, 81, 350]
draft=[3418, 95, 268, 447, 447, 95, 350, 447, 72, 447, 1334, 81, 447, 81, 350]
draft=[750, 9431, 95, 350, 605, 2825, 268, 72, 268, 268, 72, 842, 268, 268, 268]
draft=[3418, 95, 350, 605, 268, 95, 350, 268, 72, 447, 1334, 81, 447, 81, 350]
draft=[3418, 95, 330, 3201, 3201, 95, 350, 268, 72, 447, 1334, 81, 447, 81, 350]
draft=[750, 17239, 95, 350, 605, 2825, 268, 72, 268, 268, 72, 842, 268, 268, 268]
draft=[3418, 95, 268, 3201, 447, 95, 350, 605, 72, 447, 1334, 81, 447, 81, 350]
draft=[3418, 95, 268, 3201, 447, 95, 350, 268, 72, 842, 1334, 81, 447, 81, 350]
draft=[3418, 95, 330, 447, 3201, 95, 350, 268, 72, 842, 447, 81, 447, 81, 350]
draft=[3418, 95, 268, 447, 447, 95, 350, 447, 72, 447, 1334, 81, 447, 81, 350]
draft=[750, 9431, 95, 350, 605, 2825, 268, 72, 268, 268, 72, 842, 268, 268, 268]
draft=[3418, 95, 350, 605, 268, 95, 350, 268, 72, 447, 1334, 81, 447, 81, 350]
draft=[3418, 95, 330, 3201, 3201, 95, 350, 268, 72, 447, 1334, 81, 447, 81, 350]
draft=[750, 17239, 95, 350, 605, 2825, 268, 72, 268, 268, 72, 842, 268, 268, 268]
draft=[3418, 95, 268, 3201, 447, 95, 350, 605, 72, 447, 1334, 81, 447, 81, 350]
draft=[750, 1991, 95, 350, 605, 2825, 268, 72, 268, 268, 72, 842, 268, 268, 1913]
draft=[750, 17239, 95, 350, 605, 2825, 268, 72, 268, 268, 72, 268, 268, 268, 350]
draft=[750, 9431, 95, 350, 605, 2825, 268, 72, 268, 268, 72, 842, 268, 268, 268]
draft=[2356, 1991, 95, 350, 81, 1991, 350, 72, 268, 268, 72, 350, 268, 72, 268]
draft=[750, 17239, 95, 350, 605, 2825, 268, 72, 268, 268, 72, 842, 268, 268, 268]
draft=[750, 17239, 95, 350, 605, 2825, 268, 72, 268, 268, 72, 842, 268, 268, 268]
draft=[2356, 1991, 95, 350, 81, 3139, 447, 72, 268, 268, 72, 350, 268, 2052, 268]
draft=[750, 17239, 95, 350, 605, 2825, 268, 72, 268, 268, 2052, 842, 268, 268, 268]
draft=[750, 1991, 95, 350, 605, 2825, 268, 72, 268, 268, 72, 842, 268, 268, 1913]
draft=[750, 17239, 95, 350, 605, 2825, 268, 72, 268, 268, 72, 268, 268, 268, 350]
draft=[750, 9431, 95, 350, 605, 2825, 268, 72, 268, 268, 72, 842, 268, 268, 268]
draft=[2356, 1991, 95, 350, 81, 1991, 350, 72, 268, 268, 72, 350, 268, 72, 268]
draft=[750, 17239, 95, 350, 605, 2825, 268, 72, 268, 268, 72, 842, 268, 268, 268]
draft=[750, 17239, 95, 350, 605, 2825, 268, 72, 268, 268, 72, 842, 268, 268, 268]
draft=[2356, 1991, 95, 350, 81, 3139, 447, 72, 268, 268, 72, 350, 268, 2052, 268]
draft=[750, 17239, 95, 350, 605, 2825, 268, 72, 268, 268, 2052, 842, 268, 268, 268]
draft=[2356, 1991, 95, 350, 81, 1991, 350, 72, 268, 268, 72, 350, 268, 1172, 350]
draft=[2356, 1991, 95, 350, 81, 1991, 447, 72, 268, 268, 72, 350, 268, 72, 268]
draft=[2356, 1991, 95, 350, 81, 1991, 350, 72, 268, 268, 72, 350, 268, 1290, 268]
draft=[2825, 268, 846, 374, 268, 410, 268, 846, 2553, 3627, 72, 268, 350, 268, 268]
draft=[2356, 1991, 95, 350, 81, 1991, 447, 72, 268, 268, 72, 350, 268, 1290, 268]
draft=[2356, 1991, 95, 350, 81, 1991, 447, 72, 268, 268, 72, 350, 268, 72, 268]
draft=[2825, 268, 846, 374, 268, 410, 268, 1117, 846, 3627, 72, 72, 268, 268, 268]
draft=[2356, 1991, 95, 350, 81, 1991, 350, 350, 268, 350, 72, 350, 268, 72, 268]
draft=[2356, 1991, 95, 350, 81, 1991, 350, 72, 268, 268, 72, 350, 268, 1172, 350]
draft=[2356, 1991, 95, 350, 81, 1991, 447, 72, 268, 268, 72, 350, 268, 72, 268]
draft=[2356, 1991, 95, 350, 81, 1991, 350, 72, 268, 268, 72, 350, 268, 1290, 268]
draft=[2825, 268, 846, 374, 268, 410, 268, 846, 2553, 3627, 72, 268, 350, 268, 268]
draft=[2356, 1991, 95, 350, 81, 1991, 447, 72, 268, 268, 72, 350, 268, 1290, 268]
draft=[2356, 1991, 95, 350, 81, 1991, 447, 72, 268, 268, 72, 350, 268, 72, 268]
draft=[2825, 268, 846, 374, 268, 410, 268, 1117, 846, 3627, 72, 72, 268, 268, 268]
draft=[2356, 1991, 95, 350, 81, 1991, 350, 350, 268, 350, 72, 350, 268, 72, 268]
draft=[2825, 268, 846, 268, 268, 410, 268, 1117, 846, 3627, 268, 268, 350, 268, 268]
draft=[2825, 268, 846, 268, 268, 410, 268, 1117, 846, 3627, 268, 268, 350, 268, 268]
draft=[2825, 268, 846, 374, 268, 410, 268, 1117, 846, 3627, 268, 268, 350, 268, 268]
draft=[10504, 1334, 25627, 81, 1290, 10504, 1608, 341, 268, 341, 410, 410, 5895, 5895, 268]
draft=[2825, 268, 846, 268, 268, 410, 268, 1117, 846, 3627, 268, 268, 350, 268, 268]
draft=[2825, 268, 846, 268, 268, 410, 268, 268, 846, 3627, 72, 268, 350, 268, 268]
draft=[10504, 1334, 25627, 81, 1290, 10504, 268, 341, 268, 410, 410, 5895, 5895, 5895, 268]
draft=[2825, 268, 846, 374, 268, 410, 268, 1117, 846, 3627, 268, 268, 350, 268, 268]
draft=[2825, 268, 846, 268, 268, 410, 268, 1117, 846, 3627, 268, 268, 350, 268, 268]
draft=[2825, 268, 846, 268, 268, 410, 268, 1117, 846, 3627, 268, 268, 350, 268, 268]
draft=[2825, 268, 846, 374, 268, 410, 268, 1117, 846, 3627, 268, 268, 350, 268, 268]
draft=[10504, 1334, 25627, 81, 1290, 10504, 1608, 341, 268, 341, 410, 410, 5895, 5895, 268]
draft=[2825, 268, 846, 268, 268, 410, 268, 1117, 846, 3627, 268, 268, 350, 268, 268]
draft=[2825, 268, 846, 268, 268, 410, 268, 268, 846, 3627, 72, 268, 350, 268, 268]
draft=[10504, 1334, 25627, 81, 1290, 10504, 268, 341, 268, 410, 410, 5895, 5895, 5895, 268]
draft=[2825, 268, 846, 374, 268, 410, 268, 1117, 846, 3627, 268, 268, 350, 268, 268]
draft=[10504, 1334, 25627, 81, 1290, 10504, 268, 341, 268, 341, 410, 410, 5895, 5895, 268]
draft=[10504, 1334, 25627, 350, 1290, 268, 268, 341, 268, 341, 410, 410, 81, 5895, 447]
draft=[10504, 1334, 25627, 81, 1290, 268, 268, 341, 268, 341, 410, 410, 1117, 5895, 268]
draft=[1334, 22059, 268, 2553, 6395, 268, 95, 268, 268, 268, 341, 3627, 268, 410, 410]
draft=[10504, 1334, 25627, 81, 1290, 10504, 268, 341, 96193, 410, 410, 330, 5895, 268, 268]
draft=[10504, 1334, 25627, 81, 1290, 10504, 268, 341, 96193, 410, 410, 5895, 5895, 5895, 268]
draft=[1334, 22059, 341, 2553, 22059, 268, 81, 268, 268, 268, 341, 3627, 341, 410, 410]
draft=[10504, 1334, 25627, 81, 1290, 10504, 268, 341, 268, 341, 410, 410, 5895, 5895, 268]
draft=[10504, 1334, 25627, 81, 1290, 10504, 268, 341, 268, 341, 410, 19348, 5895, 5895, 5895]
draft=[10504, 1334, 25627, 350, 1290, 268, 268, 341, 268, 341, 410, 410, 81, 5895, 447]
draft=[10504, 1334, 25627, 81, 1290, 268, 268, 341, 268, 341, 410, 410, 1117, 5895, 268]
draft=[1334, 22059, 268, 2553, 6395, 268, 95, 268, 268, 268, 341, 3627, 268, 410, 410]
draft=[10504, 1334, 25627, 81, 1290, 10504, 268, 341, 96193, 410, 410, 330, 5895, 268, 268]
draft=[10504, 1334, 25627, 81, 1290, 10504, 268, 341, 96193, 410, 410, 5895, 5895, 5895, 268]
draft=[1334, 22059, 341, 2553, 22059, 268, 81, 268, 268, 268, 341, 3627, 341, 410, 410]
draft=[10504, 1334, 25627, 81, 1290, 10504, 268, 341, 268, 341, 410, 19348, 5895, 5895, 5895]
draft=[1334, 22059, 268, 2553, 3627, 268, 81, 10780, 268, 268, 341, 3627, 268, 341, 410]
draft=[1334, 22059, 268, 2553, 22059, 268, 81, 10780, 268, 268, 341, 3627, 268, 341, 410]
draft=[1334, 22059, 341, 842, 6395, 268, 81, 10780, 268, 268, 341, 3627, 268, 341, 410]
draft=[1334, 1864, 81, 25627, 81, 268, 1117, 268, 1117, 268, 341, 3627, 268, 6798, 1117]
draft=[1334, 22059, 268, 2553, 10981, 268, 81, 10780, 268, 268, 341, 3627, 268, 410, 410]
draft=[1334, 22059, 268, 2553, 10981, 268, 81, 10780, 268, 268, 268, 341, 268, 410, 410]
draft=[2553, 10504, 1334, 10780, 350, 1290, 6395, 268, 1117, 3214, 1117, 268, 341, 3214, 268]
draft=[1334, 22059, 268, 2553, 6395, 268, 81, 10780, 268, 268, 341, 3627, 268, 410, 410]
draft=[1334, 22059, 268, 2553, 3627, 268, 81, 10780, 268, 268, 341, 3627, 268, 341, 410]
draft=[1334, 22059, 268, 2553, 22059, 268, 81, 10780, 268, 268, 341, 3627, 268, 341, 410]
draft=[1334, 22059, 341, 842, 6395, 268, 81, 10780, 268, 268, 341, 3627, 268, 341, 410]
draft=[1334, 1864, 81, 25627, 81, 268, 1117, 268, 1117, 268, 341, 3627, 268, 6798, 1117]
draft=[1334, 22059, 268, 2553, 10981, 268, 81, 10780, 268, 268, 341, 3627, 268, 410, 410]
draft=[1334, 22059, 268, 2553, 10981, 268, 81, 10780, 268, 268, 268, 341, 268, 410, 410]
draft=[2553, 10504, 1334, 10780, 350, 1290, 6395, 268, 1117, 3214, 1117, 268, 341, 3214, 268]
draft=[1334, 22059, 268, 2553, 6395, 268, 81, 10780, 268, 268, 341, 3627, 268, 410, 410]
draft=[1334, 10780, 81, 25627, 81, 268, 1117, 268, 1117, 268, 341, 3627, 268, 6798, 1117]
draft=[1334, 1864, 81, 25627, 81, 268, 1117, 268, 1117, 268, 341, 3627, 268, 6798, 1117]
draft=[2553, 10504, 1334, 10780, 81, 1290, 22059, 268, 1117, 3214, 3214, 1117, 341, 3214, 268]
draft=[81, 25627, 81, 25627, 350, 1290, 25627, 268, 1117, 268, 341, 3627, 341, 842, 1117]
draft=[1334, 1864, 81, 25627, 81, 268, 1117, 268, 1117, 268, 341, 3627, 268, 6798, 1117]
draft=[1334, 10780, 81, 25627, 81, 268, 1117, 268, 1117, 268, 341, 3627, 268, 6798, 1117]
draft=[28230, 81, 25627, 81, 1290, 2117, 1290, 22059, 268, 341, 3627, 3627, 3627, 268, 1117]
draft=[1334, 10780, 81, 25627, 81, 268, 1117, 268, 1117, 268, 595, 3627, 268, 6798, 1117]
draft=[1334, 10780, 81, 25627, 81, 268, 1117, 268, 1117, 268, 341, 3627, 268, 6798, 1117]
draft=[1334, 1864, 81, 25627, 81, 268, 1117, 268, 1117, 268, 341, 3627, 268, 6798, 1117]
draft=[2553, 10504, 1334, 10780, 81, 1290, 22059, 268, 1117, 3214, 3214, 1117, 341, 3214, 268]
draft=[81, 25627, 81, 25627, 350, 1290, 25627, 268, 1117, 268, 341, 3627, 341, 842, 1117]
draft=[1334, 1864, 81, 25627, 81, 268, 1117, 268, 1117, 268, 341, 3627, 268, 6798, 1117]
draft=[1334, 10780, 81, 25627, 81, 268, 1117, 268, 1117, 268, 341, 3627, 268, 6798, 1117]
draft=[28230, 81, 25627, 81, 1290, 2117, 1290, 22059, 268, 341, 3627, 3627, 3627, 268, 1117]
draft=[1334, 10780, 81, 25627, 81, 268, 1117, 268, 1117, 268, 595, 3627, 268, 6798, 1117]
draft=[81, 25627, 350, 1290, 350, 1290, 6395, 268, 268, 341, 3627, 3627, 3335, 3335, 1117]
draft=[81, 25627, 81, 25627, 350, 25627, 25627, 268, 1117, 268, 341, 3627, 341, 842, 1117]
draft=[81, 25627, 350, 1290, 350, 1290, 6395, 268, 268, 341, 3627, 3627, 3335, 3335, 1117]
draft=[81, 1864, 350, 1290, 350, 1290, 7510, 268, 268, 341, 3627, 3627, 3335, 3335, 1117]
draft=[81, 25627, 350, 1290, 350, 1290, 6395, 268, 268, 341, 3627, 3627, 3335, 3335, 1117]
draft=[81, 25627, 81, 25627, 350, 1290, 25627, 268, 1117, 268, 341, 3627, 341, 842, 1117]
draft=[81, 25627, 350, 1290, 350, 1290, 6395, 268, 341, 341, 3627, 3627, 96193, 3335, 1117]
draft=[81, 1290, 6395, 95, 77144, 1117, 3627, 3627, 3627, 3627, 3335, 1117, 6798, 1053, 1117]
draft=[81, 25627, 81, 25627, 350, 25627, 25627, 268, 1117, 268, 341, 3627, 341, 842, 1117]
draft=[81, 25627, 350, 1290, 350, 1290, 6395, 268, 341, 3627, 3627, 3627, 3335, 3335, 1117]
draft=[81, 25627, 350, 1290, 350, 1290, 6395, 268, 268, 341, 3627, 3627, 3335, 3335, 1117]
draft=[81, 1864, 350, 1290, 350, 1290, 7510, 268, 268, 341, 3627, 3627, 3335, 3335, 1117]
draft=[81, 25627, 81, 25627, 350, 1290, 25627, 268, 1117, 268, 341, 3627, 341, 842, 1117]
draft=[81, 25627, 350, 1290, 350, 1290, 6395, 268, 341, 341, 3627, 3627, 96193, 3335, 1117]
draft=[81, 1290, 6395, 95, 77144, 1117, 3627, 3627, 3627, 3627, 3335, 1117, 6798, 1053, 1117]
draft=[81, 25627, 350, 1290, 350, 1290, 6395, 268, 341, 3627, 3627, 3627, 3335, 3335, 1117]
draft=[81, 1290, 6395, 95, 77144, 1117, 268, 3627, 3627, 3627, 3335, 1117, 6798, 1053, 1117]
draft=[81, 25627, 350, 1290, 350, 1290, 7510, 268, 268, 341, 3627, 3627, 96193, 3335, 1117]
draft=[350, 1290, 6395, 95, 268, 1117, 268, 3627, 3627, 3627, 3335, 6798, 6798, 1053, 1117]
draft=[350, 1290, 3157, 95, 77144, 1117, 268, 3627, 3627, 3627, 3335, 6798, 6798, 2052, 1117]
draft=[81, 25627, 350, 1290, 6395, 1290, 268, 268, 341, 3627, 3627, 3627, 3335, 3335, 1117]
draft=[81, 1290, 6395, 95, 268, 1117, 268, 3627, 3627, 3627, 96193, 1117, 5895, 5895, 1053]
draft=[81, 25627, 350, 1290, 268, 77144, 268, 341, 268, 341, 3627, 96193, 6798, 1117, 268]
draft=[350, 1290, 6395, 95, 268, 341, 3627, 3627, 3627, 3627, 3335, 1117, 6798, 5895, 1117]
draft=[81, 1290, 6395, 95, 77144, 1117, 268, 3627, 3627, 3627, 3335, 1117, 6798, 1053, 1117]
draft=[81, 25627, 350, 1290, 350, 1290, 7510, 268, 268, 341, 3627, 3627, 96193, 3335, 1117]
draft=[350, 1290, 6395, 95, 268, 1117, 268, 3627, 3627, 3627, 3335, 6798, 6798, 1053, 1117]
draft=[350, 1290, 3157, 95, 77144, 1117, 268, 3627, 3627, 3627, 3335, 6798, 6798, 2052, 1117]
draft=[81, 25627, 350, 1290, 6395, 1290, 268, 268, 341, 3627, 3627, 3627, 3335, 3335, 1117]
draft=[81, 1290, 6395, 95, 268, 1117, 268, 3627, 3627, 3627, 96193, 1117, 5895, 5895, 1053]
draft=[81, 25627, 350, 1290, 268, 77144, 268, 341, 268, 341, 3627, 96193, 6798, 1117, 268]
draft=[350, 1290, 6395, 95, 268, 341, 3627, 3627, 3627, 3627, 3335, 1117, 6798, 5895, 1117]
draft=[81, 25627, 350, 1290, 268, 77144, 1117, 341, 268, 341, 3627, 3335, 6798, 1117, 268]
draft=[350, 1290, 6395, 95, 268, 1117, 3627, 3627, 3627, 3627, 3335, 1117, 6798, 1053, 1117]
draft=[1864, 350, 1290, 3157, 16135, 77144, 268, 268, 341, 3627, 3214, 3335, 6798, 1117, 268]
draft=[1864, 350, 1290, 3157, 16135, 77144, 268, 268, 341, 3627, 3214, 3335, 6798, 1117, 268]
draft=[350, 1290, 6395, 95, 268, 341, 3627, 3627, 3627, 3627, 3335, 1117, 6798, 1053, 1117]
draft=[81, 25627, 350, 1290, 268, 77144, 1117, 341, 268, 341, 3627, 96193, 6798, 1117, 268]
draft=[1290, 6395, 95, 268, 341, 3627, 3627, 595, 6798, 6798, 1117, 1117, 268, 341, 3214]
draft=[81, 25627, 350, 1290, 268, 77144, 1117, 341, 268, 341, 3627, 3335, 6798, 1117, 268]
draft=[25627, 350, 1290, 3157, 16135, 77144, 268, 341, 341, 3627, 3214, 3335, 6798, 1117, 268]
draft=[350, 1290, 6395, 95, 268, 1117, 3627, 3627, 3627, 3627, 3335, 1117, 6798, 1053, 1117]
draft=[1864, 350, 1290, 3157, 16135, 77144, 268, 268, 341, 3627, 3214, 3335, 6798, 1117, 268]
draft=[1864, 350, 1290, 3157, 16135, 77144, 268, 268, 341, 3627, 3214, 3335, 6798, 1117, 268]
draft=[350, 1290, 6395, 95, 268, 341, 3627, 3627, 3627, 3627, 3335, 1117, 6798, 1053, 1117]
draft=[81, 25627, 350, 1290, 268, 77144, 1117, 341, 268, 341, 3627, 96193, 6798, 1117, 268]
draft=[1290, 6395, 95, 268, 341, 3627, 3627, 595, 6798, 6798, 1117, 1117, 268, 341, 3214]
draft=[25627, 350, 1290, 3157, 16135, 77144, 268, 341, 341, 3627, 3214, 3335, 6798, 1117, 268]
draft=[1290, 6395, 95, 268, 341, 3627, 3627, 1913, 3335, 6798, 1117, 1117, 268, 341, 3214]
draft=[1864, 350, 1290, 3157, 16135, 77144, 268, 268, 341, 3627, 3214, 3335, 1117, 1117, 268]
draft=[77144, 1117, 268, 341, 3627, 268, 2130, 2130, 2733, 2733, 419, 37145, 37145, 290, 290]
draft=[25627, 350, 1290, 3157, 16135, 77144, 268, 268, 341, 3627, 3627, 3335, 6798, 1117, 1117]
draft=[1864, 350, 1290, 3157, 16135, 77144, 268, 268, 341, 3627, 3214, 3335, 6798, 1117, 268]
draft=[77144, 1117, 268, 341, 3627, 268, 2130, 2130, 2733, 2733, 419, 268, 268, 37145, 37145]
draft=[1117, 268, 341, 3627, 384, 2130, 2130, 2733, 268, 341, 37145, 37145, 37145, 384, 1117]
draft=[81, 25627, 350, 1290, 268, 77144, 1117, 341, 3627, 341, 3627, 3335, 6798, 1117, 268]
draft=[1290, 6395, 95, 268, 341, 3627, 3627, 1913, 3335, 6798, 1117, 1117, 268, 341, 3214]
draft=[1864, 350, 1290, 3157, 16135, 77144, 268, 268, 341, 3627, 3214, 3335, 1117, 1117, 268]
draft=[77144, 1117, 268, 341, 3627, 268, 2130, 2130, 2733, 2733, 419, 37145, 37145, 290, 290]
draft=[25627, 350, 1290, 3157, 16135, 77144, 268, 268, 341, 3627, 3627, 3335, 6798, 1117, 1117]
draft=[1864, 350, 1290, 3157, 16135, 77144, 268, 268, 341, 3627, 3214, 3335, 6798, 1117, 268]
draft=[77144, 1117, 268, 341, 3627, 268, 2130, 2130, 2733, 2733, 419, 268, 268, 37145, 37145]
draft=[1117, 268, 341, 3627, 384, 2130, 2130, 2733, 268, 341, 37145, 37145, 37145, 384, 1117]
draft=[81, 25627, 350, 1290, 268, 77144, 1117, 341, 3627, 341, 3627, 3335, 6798, 1117, 268]
draft=[1117, 268, 341, 3627, 384, 3157, 268, 268, 268, 268, 37145, 37145, 37145, 384, 1117]
draft=[77144, 1117, 268, 341, 3627, 268, 2130, 2130, 2733, 2733, 419, 37145, 37145, 290, 290]
draft=[384, 290, 85, 268, 341, 37145, 384, 290, 87, 350, 1290, 790, 3157, 1874, 1117]
draft=[77144, 1117, 268, 341, 3627, 268, 2130, 2130, 2733, 2733, 419, 268, 268, 341, 37145]
draft=[77144, 1117, 268, 341, 3627, 268, 2130, 2130, 2733, 2733, 419, 37145, 37145, 290, 290]
draft=[28963, 6603, 405, 2733, 2733, 19809, 268, 341, 37145, 37145, 37145, 37145, 37145, 37145, 37145]
draft=[28963, 6603, 405, 2733, 2733, 19809, 268, 341, 37145, 37145, 37145, 37145, 37145, 37145, 37145]
draft=[77144, 1117, 268, 341, 3627, 268, 2130, 2130, 2733, 2733, 419, 268, 268, 341, 37145]
draft=[1117, 268, 341, 3627, 384, 3157, 268, 268, 268, 268, 37145, 37145, 37145, 384, 1117]
draft=[77144, 1117, 268, 341, 3627, 268, 2130, 2130, 2733, 2733, 419, 37145, 37145, 290, 290]
draft=[384, 290, 85, 268, 341, 37145, 384, 290, 87, 350, 1290, 790, 3157, 1874, 1117]
draft=[77144, 1117, 268, 341, 3627, 268, 2130, 2130, 2733, 2733, 419, 268, 268, 341, 37145]
draft=[77144, 1117, 268, 341, 3627, 268, 2130, 2130, 2733, 2733, 419, 37145, 37145, 290, 290]
draft=[28963, 6603, 405, 2733, 2733, 19809, 268, 341, 37145, 37145, 37145, 37145, 37145, 37145, 37145]
draft=[28963, 6603, 405, 2733, 2733, 19809, 268, 341, 37145, 37145, 37145, 37145, 37145, 37145, 37145]
draft=[77144, 1117, 268, 341, 3627, 268, 2130, 2130, 2733, 2733, 419, 268, 268, 341, 37145]
draft=[28963, 6603, 405, 2733, 2733, 19809, 268, 341, 37145, 37145, 37145, 37145, 37145, 37145, 37145]
draft=[28963, 1628, 405, 2733, 2733, 19809, 268, 341, 37145, 37145, 37145, 37145, 37145, 37145, 37145]
draft=[384, 290, 86, 350, 1290, 28084, 1874, 95, 1117, 341, 3627, 3627, 1913, 268, 525]
draft=[28963, 6603, 405, 2733, 2733, 19809, 268, 341, 37145, 37145, 37145, 37145, 37145, 37145, 37145]
draft=[384, 290, 85, 268, 341, 37145, 384, 290, 87, 350, 1290, 790, 3157, 1874, 1117]
draft=[3418, 405, 2733, 268, 341, 37145, 37145, 37145, 37145, 37145, 37145, 790, 5993, 790, 3157]
draft=[2130, 405, 268, 341, 37145, 384, 37145, 85, 341, 37145, 65208, 384, 290, 37145, 268]
draft=[28963, 1628, 405, 2733, 2733, 19809, 268, 341, 37145, 37145, 37145, 37145, 37145, 37145, 37145]
draft=[28963, 6603, 405, 2733, 2733, 19809, 268, 341, 37145, 37145, 37145, 37145, 37145, 37145, 37145]
draft=[28963, 1628, 405, 2733, 2733, 19809, 268, 341, 37145, 37145, 37145, 37145, 37145, 37145, 37145]
draft=[384, 290, 86, 350, 1290, 28084, 1874, 95, 1117, 341, 3627, 3627, 1913, 268, 525]
draft=[28963, 6603, 405, 2733, 2733, 19809, 268, 341, 37145, 37145, 37145, 37145, 37145, 37145, 37145]
draft=[384, 290, 85, 268, 341, 37145, 384, 290, 87, 350, 1290, 790, 3157, 1874, 1117]
draft=[3418, 405, 2733, 268, 341, 37145, 37145, 37145, 37145, 37145, 37145, 790, 5993, 790, 3157]
draft=[2130, 405, 268, 341, 37145, 384, 37145, 85, 341, 37145, 65208, 384, 290, 37145, 268]
draft=[28963, 1628, 405, 2733, 2733, 19809, 268, 341, 37145, 37145, 37145, 37145, 37145, 37145, 37145]
draft=[2130, 1628, 268, 341, 37145, 384, 37145, 86, 341, 341, 65208, 384, 290, 37145, 268]
draft=[2130, 1628, 268, 341, 37145, 384, 37145, 85, 341, 37145, 65208, 384, 290, 37145, 268]
draft=[95, 268, 341, 3627, 1913, 3335, 6798, 2052, 81, 2130, 95, 268, 370, 6395, 10780]
draft=[2130, 1628, 268, 341, 37145, 384, 37145, 85, 341, 37145, 65208, 384, 290, 37145, 268]
draft=[384, 290, 86, 350, 1290, 28084, 1874, 1117, 268, 341, 3627, 3627, 1913, 268, 525]
draft=[6395, 405, 268, 341, 37145, 384, 37145, 86, 268, 341, 65208, 384, 290, 37145, 268]
draft=[2130, 1628, 268, 341, 37145, 384, 37145, 86, 341, 341, 65208, 384, 290, 37145, 268]
draft=[6603, 19809, 268, 341, 37145, 384, 290, 87, 268, 341, 65208, 95, 290, 37145, 1117]
draft=[2130, 1628, 268, 341, 37145, 384, 37145, 85, 341, 37145, 65208, 384, 290, 37145, 268]
draft=[2130, 1628, 268, 341, 37145, 384, 37145, 85, 341, 37145, 65208, 384, 290, 37145, 268]
draft=[95, 268, 341, 3627, 1913, 3335, 6798, 2052, 81, 2130, 95, 268, 370, 6395, 10780]
draft=[2130, 1628, 268, 341, 37145, 384, 37145, 85, 341, 37145, 65208, 384, 290, 37145, 268]
draft=[384, 290, 86, 350, 1290, 28084, 1874, 1117, 268, 341, 3627, 3627, 1913, 268, 525]
draft=[6395, 405, 268, 341, 37145, 384, 37145, 86, 268, 341, 65208, 384, 290, 37145, 268]
draft=[6603, 19809, 268, 341, 37145, 384, 290, 87, 268, 341, 65208, 95, 290, 37145, 1117]
draft=[2130, 1628, 268, 341, 37145, 384, 37145, 85, 341, 37145, 65208, 384, 290, 37145, 268]
draft=[6603, 19809, 268, 341, 37145, 384, 290, 87, 268, 341, 65208, 95, 290, 37145, 1117]
draft=[6603, 19809, 268, 341, 37145, 384, 290, 87, 268, 341, 65208, 95, 290, 37145, 95]
draft=[341, 410, 2078, 2078, 330, 28963, 466, 268, 328, 328, 328, 341, 328, 268, 370]
draft=[6603, 19809, 268, 341, 37145, 384, 37145, 87, 268, 341, 65208, 384, 290, 290, 1117]
draft=[95, 268, 341, 3627, 1913, 3335, 6798, 2052, 81, 2130, 95, 268, 370, 1117, 10780]
draft=[6603, 8720, 268, 341, 37145, 384, 290, 87, 268, 341, 65208, 384, 290, 65208, 268]
draft=[268, 341, 37145, 384, 290, 87, 268, 341, 65208, 384, 384, 268, 268, 341, 3627]
draft=[6603, 19809, 268, 341, 37145, 384, 37145, 87, 268, 341, 65208, 95, 290, 37145, 268]
draft=[6603, 19809, 268, 341, 37145, 384, 290, 87, 268, 341, 65208, 95, 290, 37145, 1117]
draft=[6603, 19809, 268, 341, 37145, 384, 290, 87, 268, 341, 65208, 95, 290, 37145, 95]
draft=[341, 410, 2078, 2078, 330, 28963, 466, 268, 328, 328, 328, 341, 328, 268, 370]
draft=[6603, 19809, 268, 341, 37145, 384, 37145, 87, 268, 341, 65208, 384, 290, 290, 1117]
draft=[95, 268, 341, 3627, 1913, 3335, 6798, 2052, 81, 2130, 95, 268, 370, 1117, 10780]
draft=[6603, 8720, 268, 341, 37145, 384, 290, 87, 268, 341, 65208, 384, 290, 65208, 268]
draft=[268, 341, 37145, 384, 290, 87, 268, 341, 65208, 384, 384, 268, 268, 341, 3627]
draft=[6603, 19809, 268, 341, 37145, 384, 37145, 87, 268, 341, 65208, 95, 290, 37145, 268]
draft=[268, 341, 37145, 384, 290, 86, 268, 341, 65208, 384, 384, 268, 268, 341, 341]
draft=[268, 341, 37145, 384, 290, 86, 268, 341, 65208, 384, 384, 268, 268, 341, 341]
draft=[330, 2078, 365, 330, 466, 466, 268, 328, 328, 341, 341, 1913, 1913, 370, 95]
draft=[268, 341, 37145, 384, 290, 86, 268, 341, 65208, 384, 384, 268, 268, 341, 3627]
draft=[341, 410, 2078, 2078, 330, 28963, 466, 268, 328, 328, 328, 341, 328, 268, 370]
draft=[268, 341, 84677, 384, 290, 85, 350, 1290, 790, 5993, 95, 1117, 1117, 341, 790]
draft=[268, 341, 84677, 384, 290, 86, 350, 1290, 790, 5993, 95, 95, 1117, 341, 790]
draft=[268, 341, 37145, 384, 290, 85, 268, 341, 65208, 384, 384, 268, 268, 341, 3627]
draft=[268, 341, 37145, 384, 290, 86, 268, 341, 65208, 384, 384, 268, 268, 341, 341]
draft=[268, 341, 37145, 384, 290, 86, 268, 341, 65208, 384, 384, 268, 268, 341, 341]
draft=[330, 2078, 365, 330, 466, 466, 268, 328, 328, 341, 341, 1913, 1913, 370, 95]
draft=[268, 341, 37145, 384, 290, 86, 268, 341, 65208, 384, 384, 268, 268, 341, 3627]
draft=[341, 410, 2078, 2078, 330, 28963, 466, 268, 328, 328, 328, 341, 328, 268, 370]
draft=[268, 341, 84677, 384, 290, 85, 350, 1290, 790, 5993, 95, 1117, 1117, 341, 790]
draft=[268, 341, 84677, 384, 290, 86, 350, 1290, 790, 5993, 95, 95, 1117, 341, 790]
draft=[268, 341, 37145, 384, 290, 85, 268, 341, 65208, 384, 384, 268, 268, 341, 3627]
draft=[268, 341, 84677, 384, 290, 86, 350, 1290, 790, 5993, 95, 95, 1117, 341, 790]
draft=[268, 341, 84677, 384, 290, 86, 350, 1290, 790, 5993, 95, 95, 1117, 341, 790]
draft=[2733, 28963, 3418, 83, 268, 341, 4073, 268, 341, 4073, 1913, 3335, 6798, 2052, 81]
draft=[268, 341, 84677, 384, 290, 85, 350, 1290, 790, 5993, 95, 95, 268, 341, 790]
draft=[330, 2078, 365, 330, 466, 466, 268, 341, 328, 341, 341, 1913, 1913, 370, 2052]
draft=[384, 290, 86, 350, 1290, 28084, 1874, 95, 1117, 341, 3627, 3627, 1913, 3335, 2052]
draft=[268, 341, 84677, 384, 290, 86, 350, 1290, 790, 5993, 95, 95, 1117, 341, 790]
draft=[384, 290, 86, 350, 1290, 28084, 1874, 95, 1117, 341, 3627, 3627, 1913, 3335, 2052]
draft=[268, 341, 84677, 384, 290, 86, 350, 1290, 790, 5993, 95, 95, 1117, 341, 790]
draft=[86, 350, 1290, 28084, 5993, 4860, 95, 268, 3627, 3627, 3627, 268, 14405, 1117, 1117]
draft=[2733, 28963, 3418, 83, 268, 341, 4073, 268, 341, 4073, 1913, 3335, 6798, 2052, 81]
draft=[268, 341, 84677, 384, 290, 85, 350, 1290, 790, 5993, 95, 95, 268, 341, 790]
draft=[330, 2078, 365, 330, 466, 466, 268, 341, 328, 341, 341, 1913, 1913, 370, 2052]
draft=[384, 290, 86, 350, 1290, 28084, 1874, 95, 1117, 341, 3627, 3627, 1913, 3335, 2052]
draft=[384, 290, 86, 350, 1290, 28084, 1874, 95, 1117, 341, 3627, 3627, 1913, 3335, 2052]
draft=[86, 350, 1290, 28084, 5993, 4860, 95, 268, 3627, 3627, 3627, 268, 14405, 1117, 1117]
draft=[384, 290, 86, 350, 1290, 28084, 1874, 95, 1117, 341, 3627, 790, 1913, 268, 2052]
draft=[384, 290, 86, 350, 1290, 28084, 1874, 95, 1117, 341, 3627, 3627, 1913, 3335, 2052]
draft=[12140, 95, 1628, 81, 2733, 81, 3157, 290, 341, 524, 3157, 3157, 3157, 95, 3157]
draft=[384, 290, 86, 350, 1290, 28084, 1874, 95, 1117, 341, 3627, 790, 1913, 3335, 2052]
draft=[2733, 28963, 3418, 83, 268, 341, 4073, 268, 341, 4073, 1913, 3335, 6798, 2052, 81]
draft=[1874, 95, 1117, 341, 3627, 268, 341, 410, 4327, 2078, 2078, 466, 268, 370, 790]
draft=[384, 290, 86, 350, 1290, 28084, 1874, 95, 1117, 341, 3627, 790, 1913, 268, 2052]
draft=[1874, 95, 268, 341, 3627, 268, 341, 410, 2078, 2078, 2078, 466, 268, 370, 790]
draft=[384, 290, 86, 350, 1290, 28084, 1874, 95, 1117, 341, 3627, 3627, 1913, 3335, 2052]
draft=[1874, 95, 1117, 341, 3627, 268, 341, 410, 2078, 2078, 2078, 466, 268, 370, 790]
draft=[12140, 95, 1628, 81, 2733, 81, 3157, 290, 341, 524, 3157, 3157, 3157, 95, 3157]
draft=[384, 290, 86, 350, 1290, 28084, 1874, 95, 1117, 341, 3627, 790, 1913, 3335, 2052]
draft=[2733, 28963, 3418, 83, 268, 341, 4073, 268, 341, 4073, 1913, 3335, 6798, 2052, 81]
draft=[1874, 95, 1117, 341, 3627, 268, 341, 410, 4327, 2078, 2078, 466, 268, 370, 790]
draft=[1874, 95, 268, 341, 3627, 268, 341, 410, 2078, 2078, 2078, 466, 268, 370, 790]
draft=[1874, 95, 1117, 341, 3627, 268, 341, 410, 2078, 2078, 2078, 466, 268, 370, 790]
draft=[1874, 95, 268, 341, 3627, 96193, 341, 410, 2078, 2078, 2078, 95, 268, 370, 790]
draft=[1874, 95, 268, 341, 3627, 268, 341, 410, 2078, 2078, 2078, 83, 268, 370, 790]
draft=[2130, 2130, 81, 2130, 81, 268, 268, 341, 2130, 268, 341, 328, 95, 95, 2130]
draft=[1874, 95, 1117, 341, 3627, 268, 341, 410, 2078, 2078, 2078, 95, 268, 370, 1200]
draft=[12140, 95, 1628, 81, 2733, 81, 268, 290, 341, 524, 268, 370, 3157, 95, 3157]
draft=[341, 3627, 268, 19713, 3418, 405, 466, 466, 2733, 268, 328, 328, 1913, 81, 81]
draft=[28963, 3418, 2078, 466, 268, 341, 328, 268, 341, 341, 1913, 1913, 3335, 370, 370]
draft=[95, 268, 341, 3627, 268, 341, 410, 2078, 2078, 466, 466, 268, 370, 1913, 81]
draft=[1874, 95, 268, 341, 3627, 96193, 341, 410, 2078, 2078, 2078, 95, 268, 370, 790]
draft=[1874, 95, 268, 341, 3627, 268, 341, 410, 2078, 2078, 2078, 83, 268, 370, 790]
draft=[2130, 2130, 81, 2130, 81, 268, 268, 341, 2130, 268, 341, 328, 95, 95, 2130]
draft=[1874, 95, 1117, 341, 3627, 268, 341, 410, 2078, 2078, 2078, 95, 268, 370, 1200]
draft=[12140, 95, 1628, 81, 2733, 81, 268, 290, 341, 524, 268, 370, 3157, 95, 3157]
draft=[341, 3627, 268, 19713, 3418, 405, 466, 466, 2733, 268, 328, 328, 1913, 81, 81]
draft=[28963, 3418, 2078, 466, 268, 341, 328, 268, 341, 341, 1913, 1913, 3335, 370, 370]
draft=[95, 268, 341, 3627, 268, 341, 410, 2078, 2078, 466, 466, 268, 370, 1913, 81]
draft=[341, 410, 2078, 2078, 2078, 466, 466, 2733, 328, 328, 341, 1913, 1913, 81, 268]
draft=[28963, 3418, 2078, 466, 268, 341, 328, 268, 341, 790, 1913, 1913, 3335, 370, 370]
draft=[940, 81, 2130, 81, 372, 81, 372, 83, 268, 268, 3627, 341, 1913, 1913, 1913]
draft=[341, 3627, 268, 19713, 3418, 405, 2078, 466, 268, 328, 328, 328, 268, 81, 81]
draft=[2130, 2130, 81, 2130, 81, 268, 268, 268, 3627, 268, 341, 341, 1053, 95, 2130]
draft=[4327, 19713, 4327, 2078, 466, 2733, 328, 328, 328, 341, 790, 1913, 1913, 3335, 370]
draft=[1204, 268, 341, 341, 4073, 341, 4073, 4073, 1913, 268, 370, 1913, 1913, 2052, 81]
draft=[28963, 3418, 2078, 466, 268, 341, 419, 268, 341, 341, 1913, 1913, 95, 370, 370]
draft=[341, 410, 2078, 2078, 2078, 466, 466, 2733, 328, 328, 341, 1913, 1913, 81, 268]
draft=[28963, 3418, 2078, 466, 268, 341, 328, 268, 341, 790, 1913, 1913, 3335, 370, 370]
draft=[940, 81, 2130, 81, 372, 81, 372, 83, 268, 268, 3627, 341, 1913, 1913, 1913]
draft=[341, 3627, 268, 19713, 3418, 405, 2078, 466, 268, 328, 328, 328, 268, 81, 81]
draft=[2130, 2130, 81, 2130, 81, 268, 268, 268, 3627, 268, 341, 341, 1053, 95, 2130]
draft=[4327, 19713, 4327, 2078, 466, 2733, 328, 328, 328, 341, 790, 1913, 1913, 3335, 370]
draft=[1204, 268, 341, 341, 4073, 341, 4073, 4073, 1913, 268, 370, 1913, 1913, 2052, 81]
draft=[28963, 3418, 2078, 466, 268, 341, 419, 268, 341, 341, 1913, 1913, 95, 370, 370]
draft=[28963, 3418, 2078, 466, 268, 341, 419, 268, 341, 790, 1913, 1913, 3335, 370, 2052]
draft=[1204, 268, 341, 341, 4073, 268, 341, 4073, 1913, 3335, 370, 1913, 6395, 81, 81]
draft=[940, 940, 81, 372, 330, 947, 83, 83, 268, 268, 790, 1913, 1913, 1913, 1913]
draft=[4327, 19713, 2078, 2078, 466, 2733, 328, 328, 328, 341, 790, 1913, 1913, 268, 370]
draft=[940, 81, 2130, 81, 372, 81, 372, 3420, 268, 268, 3627, 268, 1913, 1913, 1913]
draft=[60904, 5130, 2078, 466, 268, 341, 328, 268, 341, 341, 1913, 1913, 3335, 6798, 370]
draft=[405, 32306, 2015, 328, 328, 341, 290, 95, 268, 328, 1913, 1913, 2052, 81, 10780]
draft=[1204, 268, 341, 328, 4073, 341, 341, 4073, 1913, 3335, 6798, 1913, 81, 81, 81]
draft=[28963, 3418, 2078, 466, 268, 341, 419, 268, 341, 790, 1913, 1913, 3335, 370, 2052]
draft=[1204, 268, 341, 341, 4073, 268, 341, 4073, 1913, 3335, 370, 1913, 6395, 81, 81]
draft=[940, 940, 81, 372, 330, 947, 83, 83, 268, 268, 790, 1913, 1913, 1913, 1913]
draft=[4327, 19713, 2078, 2078, 466, 2733, 328, 328, 328, 341, 790, 1913, 1913, 268, 370]
draft=[940, 81, 2130, 81, 372, 81, 372, 3420, 268, 268, 3627, 268, 1913, 1913, 1913]
draft=[60904, 5130, 2078, 466, 268, 341, 328, 268, 341, 341, 1913, 1913, 3335, 6798, 370]
draft=[405, 32306, 2015, 328, 328, 341, 290, 95, 268, 328, 1913, 1913, 2052, 81, 10780]
draft=[1204, 268, 341, 328, 4073, 341, 341, 4073, 1913, 3335, 6798, 1913, 81, 81, 81]
draft=[1204, 268, 341, 341, 4073, 268, 341, 4073, 1913, 268, 370, 1913, 6395, 81, 81]
draft=[268, 268, 341, 4073, 268, 341, 4073, 1913, 3335, 6798, 1913, 1913, 2052, 2052, 81]
draft=[940, 81, 372, 330, 330, 83, 268, 3627, 3627, 268, 790, 1913, 1913, 1913, 1913]
draft=[28963, 3418, 2078, 466, 268, 341, 419, 268, 341, 341, 1913, 1913, 3335, 370, 370]
draft=[81, 940, 81, 372, 330, 2733, 83, 83, 268, 341, 1913, 1913, 1913, 3335, 1913]
draft=[466, 268, 341, 328, 268, 341, 4073, 95, 268, 370, 328, 95, 4378, 81, 3214]
draft=[83, 341, 328, 268, 341, 4073, 1913, 268, 6798, 1913, 81, 1913, 2052, 268, 370]
draft=[9035, 78, 1204, 341, 341, 328, 268, 341, 4073, 1913, 1913, 3335, 6798, 6798, 6798]
draft=[1204, 268, 341, 341, 4073, 268, 341, 4073, 1913, 268, 370, 1913, 6395, 81, 81]
draft=[268, 268, 341, 4073, 268, 341, 4073, 1913, 3335, 6798, 1913, 1913, 2052, 2052, 81]
draft=[940, 81, 372, 330, 330, 83, 268, 3627, 3627, 268, 790, 1913, 1913, 1913, 1913]
draft=[28963, 3418, 2078, 466, 268, 341, 419, 268, 341, 341, 1913, 1913, 3335, 370, 370]
draft=[81, 940, 81, 372, 330, 2733, 83, 83, 268, 341, 1913, 1913, 1913, 3335, 1913]
draft=[466, 268, 341, 328, 268, 341, 4073, 95, 268, 370, 328, 95, 4378, 81, 3214]
draft=[83, 341, 328, 268, 341, 4073, 1913, 268, 6798, 1913, 81, 1913, 2052, 268, 370]
draft=[9035, 78, 1204, 341, 341, 328, 268, 341, 4073, 1913, 1913, 3335, 6798, 6798, 6798]
draft=[268, 268, 341, 4073, 268, 341, 4073, 1913, 268, 370, 1913, 1913, 2052, 81, 81]
draft=[32306, 83, 341, 341, 4073, 341, 341, 1913, 1913, 3335, 6798, 1913, 2052, 2052, 81]
draft=[81, 372, 1059, 372, 372, 341, 83, 268, 341, 341, 1913, 1913, 1913, 1913, 1913]
draft=[1204, 268, 341, 328, 4073, 341, 595, 1913, 1913, 1913, 6798, 1913, 81, 81, 6395]
draft=[940, 372, 1059, 81, 372, 372, 3627, 268, 341, 341, 1913, 1913, 3335, 790, 1913]
draft=[341, 328, 268, 341, 724, 95, 268, 370, 1913, 95, 6395, 81, 268, 268, 370]
draft=[341, 4073, 2078, 395, 330, 3420, 268, 268, 328, 524, 95, 3420, 268, 370, 370]
draft=[78, 2090, 83, 341, 328, 268, 341, 790, 1913, 1913, 6798, 6798, 2052, 81, 81]
draft=[268, 268, 341, 4073, 268, 341, 4073, 1913, 268, 370, 1913, 1913, 2052, 81, 81]
draft=[32306, 83, 341, 341, 4073, 341, 341, 1913, 1913, 3335, 6798, 1913, 2052, 2052, 81]
draft=[81, 372, 1059, 372, 372, 341, 83, 268, 341, 341, 1913, 1913, 1913, 1913, 1913]
draft=[1204, 268, 341, 328, 4073, 341, 595, 1913, 1913, 1913, 6798, 1913, 81, 81, 6395]
draft=[940, 372, 1059, 81, 372, 372, 3627, 268, 341, 341, 1913, 1913, 3335, 790, 1913]
draft=[341, 328, 268, 341, 724, 95, 268, 370, 1913, 95, 6395, 81, 268, 268, 370]
draft=[341, 4073, 2078, 395, 330, 3420, 268, 268, 328, 524, 95, 3420, 268, 370, 370]
draft=[78, 2090, 83, 341, 328, 268, 341, 790, 1913, 1913, 6798, 6798, 2052, 81, 81]
draft=[32306, 83, 341, 341, 4073, 268, 341, 1913, 1913, 3335, 6798, 1913, 2052, 2052, 81]
draft=[83, 341, 341, 4073, 268, 341, 1913, 1913, 6798, 2052, 1913, 1913, 2052, 268, 370]
draft=[367, 2016, 372, 83, 268, 341, 3627, 268, 341, 1913, 1913, 3335, 6798, 81, 81]
draft=[9035, 78, 268, 341, 341, 328, 268, 341, 4073, 1913, 1913, 3335, 6798, 6798, 2052]
draft=[372, 330, 1059, 372, 83, 268, 3627, 268, 341, 1913, 1913, 3335, 6798, 790, 81]
draft=[328, 268, 341, 4073, 2078, 268, 370, 419, 4073, 3157, 3157, 3157, 268, 268, 370]
draft=[2130, 2130, 81, 2130, 81, 268, 341, 341, 268, 1913, 1913, 1913, 1913, 1913, 81]
draft=[268, 341, 328, 328, 341, 341, 13720, 1913, 3335, 2052, 81, 1913, 95, 268, 81]
draft=[32306, 83, 341, 341, 4073, 268, 341, 1913, 1913, 3335, 6798, 1913, 2052, 2052, 81]
draft=[83, 341, 341, 4073, 268, 341, 1913, 1913, 6798, 2052, 1913, 1913, 2052, 268, 370]
draft=[367, 2016, 372, 83, 268, 341, 3627, 268, 341, 1913, 1913, 3335, 6798, 81, 81]
draft=[9035, 78, 268, 341, 341, 328, 268, 341, 4073, 1913, 1913, 3335, 6798, 6798, 2052]
draft=[372, 330, 1059, 372, 83, 268, 3627, 268, 341, 1913, 1913, 3335, 6798, 790, 81]
draft=[328, 268, 341, 4073, 2078, 268, 370, 419, 4073, 3157, 3157, 3157, 268, 268, 370]
draft=[2130, 2130, 81, 2130, 81, 268, 341, 341, 268, 1913, 1913, 1913, 1913, 1913, 81]
draft=[268, 341, 328, 328, 341, 341, 13720, 1913, 3335, 2052, 81, 1913, 95, 268, 81]
draft=[83, 341, 341, 4073, 268, 341, 1913, 1913, 6798, 2052, 81, 1913, 2052, 268, 370]
draft=[341, 4073, 2078, 8473, 4073, 2078, 8473, 16397, 328, 81, 328, 2078, 2078, 268, 268]
draft=[2813, 372, 268, 372, 341, 3627, 268, 790, 790, 1913, 1913, 3335, 6798, 1913, 6798]
draft=[78, 2090, 268, 341, 328, 268, 341, 790, 1913, 1913, 6798, 6798, 2052, 81, 81]
draft=[2130, 83, 268, 341, 3627, 268, 341, 1913, 1913, 3335, 6798, 790, 81, 81, 81]
draft=[23055, 95, 268, 341, 419, 290, 83, 6395, 3157, 3157, 3157, 1200, 1200, 3157, 370]
draft=[2130, 81, 940, 81, 404, 940, 940, 940, 83, 3420, 3420, 3420, 1913, 1913, 1913]
draft=[268, 341, 4073, 268, 341, 4073, 95, 268, 370, 790, 1913, 6395, 81, 10780, 81]
draft=[83, 341, 341, 4073, 268, 341, 1913, 1913, 6798, 2052, 81, 1913, 2052, 268, 370]
draft=[341, 4073, 2078, 8473, 4073, 2078, 8473, 16397, 328, 81, 328, 2078, 2078, 268, 268]
draft=[2813, 372, 268, 372, 341, 3627, 268, 790, 790, 1913, 1913, 3335, 6798, 1913, 6798]
draft=[78, 2090, 268, 341, 328, 268, 341, 790, 1913, 1913, 6798, 6798, 2052, 81, 81]
draft=[2130, 83, 268, 341, 3627, 268, 341, 1913, 1913, 3335, 6798, 790, 81, 81, 81]
draft=[23055, 95, 268, 341, 419, 290, 83, 6395, 3157, 3157, 3157, 1200, 1200, 3157, 370]
draft=[2130, 81, 940, 81, 404, 940, 940, 940, 83, 3420, 3420, 3420, 1913, 1913, 1913]
draft=[268, 341, 4073, 268, 341, 4073, 95, 268, 370, 790, 1913, 6395, 81, 10780, 81]
draft=[341, 4073, 2078, 8473, 4073, 3137, 8473, 341, 328, 328, 4327, 2078, 268, 268, 268]
draft=[2130, 81, 419, 6395, 404, 940, 940, 2130, 940, 940, 940, 95, 1913, 1913, 1913]
draft=[372, 3420, 2813, 268, 341, 3627, 268, 341, 790, 1913, 3335, 6798, 1913, 3335, 6798]
draft=[268, 341, 328, 4073, 341, 341, 1913, 1913, 3335, 6798, 81, 1913, 81, 10780, 81]
draft=[83, 268, 341, 3627, 268, 341, 1913, 1913, 341, 790, 1913, 81, 1112, 81, 940]
draft=[86, 83, 3157, 2078, 2799, 86, 341, 341, 3157, 290, 384, 290, 290, 268, 341]
draft=[341, 4073, 2078, 8473, 4073, 3137, 8473, 341, 328, 328, 4327, 2078, 268, 268, 268]
draft=[341, 419, 2130, 404, 940, 940, 2130, 95, 2130, 2130, 2130, 940, 940, 940, 940]
draft=[2130, 81, 419, 6395, 404, 940, 940, 2130, 940, 940, 940, 95, 1913, 1913, 1913]
draft=[7004, 330, 682, 81, 1808, 83, 268, 341, 341, 341, 1913, 1913, 6798, 81, 81]
draft=[372, 3420, 2813, 268, 341, 3627, 268, 341, 790, 1913, 3335, 6798, 1913, 3335, 6798]
draft=[268, 341, 328, 4073, 341, 341, 1913, 1913, 3335, 6798, 81, 1913, 81, 10780, 81]
draft=[83, 268, 341, 3627, 268, 341, 1913, 1913, 341, 790, 1913, 81, 1112, 81, 940]
draft=[86, 83, 3157, 2078, 2799, 86, 341, 341, 3157, 290, 384, 290, 290, 268, 341]
draft=[341, 419, 2130, 404, 940, 940, 2130, 95, 2130, 2130, 2130, 940, 940, 940, 940]
draft=[7004, 330, 682, 81, 1808, 83, 268, 341, 341, 341, 1913, 1913, 6798, 81, 81]
draft=[2130, 81, 419, 6395, 404, 2130, 940, 2130, 2130, 95, 95, 95, 1913, 1913, 1913]
draft=[341, 419, 2130, 404, 2130, 940, 2130, 419, 2130, 2130, 940, 940, 940, 940, 341]
draft=[268, 341, 3627, 268, 341, 790, 1913, 3335, 790, 1913, 81, 6798, 81, 81, 940]
draft=[268, 341, 4073, 268, 341, 4073, 95, 268, 370, 6395, 95, 6395, 81, 10780, 81]
draft=[1913, 3335, 6798, 2052, 81, 1112, 95, 4378, 81, 940, 81, 268, 81, 81, 1200]
draft=[2078, 395, 2733, 2733, 81, 1490, 290, 87, 87, 83, 3157, 395, 395, 2733, 290]
draft=[95, 940, 268, 341, 419, 2130, 95, 3420, 3420, 3420, 3420, 419, 419, 419, 419]
draft=[3137, 81, 340, 268, 341, 268, 341, 328, 1913, 341, 790, 1913, 3335, 6798, 2052]
draft=[2130, 81, 419, 6395, 404, 2130, 940, 2130, 2130, 95, 95, 95, 1913, 1913, 1913]
draft=[341, 419, 2130, 404, 2130, 940, 2130, 419, 2130, 2130, 940, 940, 940, 940, 341]
draft=[268, 341, 3627, 268, 341, 790, 1913, 3335, 790, 1913, 81, 6798, 81, 81, 940]
draft=[268, 341, 4073, 268, 341, 4073, 95, 268, 370, 6395, 95, 6395, 81, 10780, 81]
draft=[1913, 3335, 6798, 2052, 81, 1112, 95, 4378, 81, 940, 81, 268, 81, 81, 1200]
draft=[2078, 395, 2733, 2733, 81, 1490, 290, 87, 87, 83, 3157, 395, 395, 2733, 290]
draft=[95, 940, 268, 341, 419, 2130, 95, 3420, 3420, 3420, 3420, 419, 419, 419, 419]
draft=[3137, 81, 340, 268, 341, 268, 341, 328, 1913, 341, 790, 1913, 3335, 6798, 2052]
draft=[341, 419, 2130, 95, 2130, 940, 2130, 419, 2130, 2130, 940, 940, 940, 940, 341]
draft=[3157, 372, 65208, 268, 341, 419, 940, 1112, 940, 419, 419, 419, 940, 940, 419]
draft=[2052, 81, 1112, 95, 10780, 81, 940, 95, 6395, 81, 268, 268, 268, 6395, 384]
draft=[7004, 330, 682, 81, 1808, 83, 268, 341, 341, 341, 1913, 1913, 6798, 81, 81]
draft=[4378, 81, 2130, 95, 6395, 384, 3797, 95, 3797, 268, 370, 370, 15692, 15692, 384]
draft=[2733, 509, 65208, 268, 341, 290, 87, 87, 9924, 3137, 2078, 395, 2733, 2130, 290]
draft=[940, 940, 268, 341, 419, 940, 95, 940, 940, 268, 341, 419, 419, 3420, 95]
draft=[340, 1823, 1823, 268, 341, 3627, 268, 341, 790, 1913, 3335, 790, 1913, 3335, 6798]
draft=[341, 419, 2130, 95, 2130, 940, 2130, 419, 2130, 2130, 940, 940, 940, 940, 341]
draft=[3157, 372, 65208, 268, 341, 419, 940, 1112, 940, 419, 419, 419, 940, 940, 419]
draft=[2052, 81, 1112, 95, 10780, 81, 940, 95, 6395, 81, 268, 268, 268, 6395, 384]
draft=[7004, 330, 682, 81, 1808, 83, 268, 341, 341, 341, 1913, 1913, 6798, 81, 81]
draft=[4378, 81, 2130, 95, 6395, 384, 3797, 95, 3797, 268, 370, 370, 15692, 15692, 384]
draft=[2733, 509, 65208, 268, 341, 290, 87, 87, 9924, 3137, 2078, 395, 2733, 2130, 290]
draft=[940, 940, 268, 341, 419, 940, 95, 940, 940, 268, 341, 419, 419, 3420, 95]
draft=[340, 1823, 1823, 268, 341, 3627, 268, 341, 790, 1913, 3335, 790, 1913, 3335, 6798]
draft=[95, 940, 268, 341, 419, 2130, 95, 404, 2130, 419, 419, 419, 419, 419, 2130]
draft=[509, 65208, 268, 341, 419, 419, 95, 940, 404, 377, 404, 419, 419, 95, 95]
draft=[81, 2130, 95, 6395, 384, 3797, 81, 3420, 1117, 1117, 1117, 1117, 6395, 6395, 384]
draft=[3137, 81, 340, 268, 83, 268, 341, 328, 1913, 341, 790, 1913, 3335, 6798, 2052]
draft=[3420, 95, 10780, 384, 1117, 268, 1117, 1200, 370, 1200, 7850, 384, 384, 1200, 1200]
draft=[509, 65208, 268, 341, 290, 87, 83, 83, 3137, 395, 2733, 2733, 268, 268, 86]
draft=[341, 419, 940, 95, 340, 940, 268, 341, 419, 3420, 3420, 95, 3420, 3420, 419]
draft=[268, 341, 3627, 268, 328, 328, 1913, 341, 790, 1913, 3335, 6798, 2052, 81, 370]
draft=[95, 940, 268, 341, 419, 2130, 95, 404, 2130, 419, 419, 419, 419, 419, 2130]
draft=[509, 65208, 268, 341, 419, 419, 95, 940, 404, 377, 404, 419, 419, 95, 95]
draft=[81, 2130, 95, 6395, 384, 3797, 81, 3420, 1117, 1117, 1117, 1117, 6395, 6395, 384]
draft=[3137, 81, 340, 268, 83, 268, 341, 328, 1913, 341, 790, 1913, 3335, 6798, 2052]
draft=[3420, 95, 10780, 384, 1117, 268, 1117, 1200, 370, 1200, 7850, 384, 384, 1200, 1200]
draft=[509, 65208, 268, 341, 290, 87, 83, 83, 3137, 395, 2733, 2733, 268, 268, 86]
draft=[341, 419, 940, 95, 340, 940, 268, 341, 419, 3420, 3420, 95, 3420, 3420, 419]
draft=[268, 341, 3627, 268, 328, 328, 1913, 341, 790, 1913, 3335, 6798, 2052, 81, 370]
draft=[940, 940, 268, 341, 419, 940, 95, 940, 940, 268, 341, 419, 2130, 2130, 95]
draft=[95, 940, 268, 341, 419, 940, 95, 1008, 377, 377, 419, 419, 3420, 3420, 3420]
draft=[2016, 95, 10780, 384, 81, 384, 1117, 268, 370, 370, 1200, 1200, 384, 1200, 1200]
draft=[340, 1823, 1823, 268, 341, 3627, 268, 341, 790, 1913, 3335, 790, 1913, 1913, 6798]
draft=[268, 328, 328, 328, 328, 328, 328, 328, 328, 2016, 2016, 2016, 2016, 81, 2016]
draft=[2733, 515, 2733, 268, 268, 341, 290, 88, 83, 3157, 2733, 395, 2733, 85, 268]
draft=[95, 2733, 404, 2733, 419, 3420, 95, 3420, 377, 268, 419, 419, 2016, 95, 3420]
draft=[790, 1913, 3335, 6798, 2052, 81, 2130, 95, 6395, 81, 6395, 81, 6395, 268, 268]
draft=[940, 940, 268, 341, 419, 940, 95, 940, 940, 268, 341, 419, 2130, 2130, 95]
draft=[95, 940, 268, 341, 419, 940, 95, 1008, 377, 377, 419, 419, 3420, 3420, 3420]
draft=[2016, 95, 10780, 384, 81, 384, 1117, 268, 370, 370, 1200, 1200, 384, 1200, 1200]
draft=[340, 1823, 1823, 268, 341, 3627, 268, 341, 790, 1913, 3335, 790, 1913, 1913, 6798]
draft=[268, 328, 328, 328, 328, 328, 328, 328, 328, 2016, 2016, 2016, 2016, 81, 2016]
draft=[2733, 515, 2733, 268, 268, 341, 290, 88, 83, 3157, 2733, 395, 2733, 85, 268]
draft=[95, 2733, 404, 2733, 419, 3420, 95, 3420, 377, 268, 419, 419, 2016, 95, 3420]
draft=[790, 1913, 3335, 6798, 2052, 81, 2130, 95, 6395, 81, 6395, 81, 6395, 268, 268]
draft=[365, 341, 268, 940, 419, 940, 940, 268, 268, 341, 419, 2130, 2130, 95, 404]
draft=[940, 940, 268, 341, 419, 940, 95, 940, 940, 268, 341, 419, 419, 95, 1008]
draft=[268, 328, 328, 328, 328, 328, 328, 328, 328, 328, 3420, 3420, 3420, 3420, 3420]
draft=[268, 341, 3627, 268, 341, 328, 1913, 341, 790, 1913, 3335, 6798, 2052, 81, 2130]
draft=[10780, 1552, 1874, 5601, 3797, 95, 3797, 328, 328, 3797, 328, 328, 328, 1117, 1117]
draft=[515, 65208, 268, 65208, 268, 341, 290, 88, 3157, 2733, 2733, 515, 2733, 268, 268]
draft=[509, 65208, 268, 341, 419, 3420, 95, 3420, 3420, 405, 341, 419, 3420, 95, 95]
draft=[95, 4378, 81, 2130, 95, 6395, 81, 290, 95, 81, 81, 3420, 3420, 81, 328]
draft=[365, 341, 268, 940, 419, 940, 940, 268, 268, 341, 419, 2130, 2130, 95, 404]
draft=[940, 940, 268, 341, 419, 940, 95, 940, 940, 268, 341, 419, 419, 95, 1008]
draft=[268, 328, 328, 328, 328, 328, 328, 328, 328, 328, 3420, 3420, 3420, 3420, 3420]
draft=[268, 341, 3627, 268, 341, 328, 1913, 341, 790, 1913, 3335, 6798, 2052, 81, 2130]
draft=[10780, 1552, 1874, 5601, 3797, 95, 3797, 328, 328, 3797, 328, 328, 328, 1117, 1117]
draft=[515, 65208, 268, 65208, 268, 341, 290, 88, 3157, 2733, 2733, 515, 2733, 268, 268]
draft=[509, 65208, 268, 341, 419, 3420, 95, 3420, 3420, 405, 341, 419, 3420, 95, 95]
draft=[95, 4378, 81, 2130, 95, 6395, 81, 290, 95, 81, 81, 3420, 3420, 81, 328]
draft=[2078, 268, 341, 419, 940, 95, 340, 940, 268, 341, 419, 2130, 2130, 2130, 2130]
draft=[365, 341, 2078, 341, 419, 940, 340, 940, 268, 341, 419, 419, 95, 1008, 1008]
draft=[95, 10780, 128, 130, 384, 3797, 81, 290, 328, 328, 328, 328, 328, 328, 95]
draft=[3335, 6798, 2052, 81, 2130, 95, 6395, 81, 6395, 81, 268, 268, 268, 1200, 1200]
draft=[384, 3797, 81, 268, 328, 10780, 328, 328, 328, 328, 328, 328, 95, 95, 3797]
draft=[8161, 78, 515, 65208, 268, 341, 290, 88, 83, 3157, 2733, 395, 515, 65208, 78]
draft=[95, 1450, 81, 5318, 341, 419, 95, 268, 341, 341, 419, 3420, 341, 1913, 1913]
draft=[328, 328, 328, 328, 328, 328, 328, 328, 2016, 95, 10780, 128, 81, 81, 81]
draft=[2078, 268, 341, 419, 940, 95, 340, 940, 268, 341, 419, 2130, 2130, 2130, 2130]
draft=[365, 341, 2078, 341, 419, 940, 340, 940, 268, 341, 419, 419, 95, 1008, 1008]
draft=[95, 10780, 128, 130, 384, 3797, 81, 290, 328, 328, 328, 328, 328, 328, 95]
draft=[3335, 6798, 2052, 81, 2130, 95, 6395, 81, 6395, 81, 268, 268, 268, 1200, 1200]
draft=[384, 3797, 81, 268, 328, 10780, 328, 328, 328, 328, 328, 328, 95, 95, 3797]
draft=[8161, 78, 515, 65208, 268, 341, 290, 88, 83, 3157, 2733, 395, 515, 65208, 78]
draft=[95, 1450, 81, 5318, 341, 419, 95, 268, 341, 341, 419, 3420, 341, 1913, 1913]
draft=[328, 328, 328, 328, 328, 328, 328, 328, 2016, 95, 10780, 128, 81, 81, 81]
draft=[95, 2130, 2078, 341, 419, 419, 2016, 2016, 2016, 377, 82, 419, 2016, 2016, 2016]
draft=[2078, 268, 341, 419, 940, 95, 340, 940, 268, 341, 419, 419, 419, 419, 95]
draft=[1874, 1952, 384, 3797, 81, 290, 328, 328, 328, 328, 328, 328, 328, 328, 3420]
draft=[726, 384, 590, 268, 328, 268, 268, 81, 328, 328, 268, 268, 790, 1200, 370]
draft=[95, 10780, 1552, 1874, 1952, 384, 3797, 81, 328, 328, 10780, 1552, 1874, 268, 268]
draft=[78, 515, 65208, 268, 341, 290, 88, 83, 3157, 2733, 2733, 515, 2733, 65208, 268]
draft=[1450, 95, 3420, 5318, 341, 419, 419, 95, 1450, 3420, 3420, 3420, 3420, 3420, 3420]
draft=[25205, 12305, 1952, 384, 3797, 81, 268, 328, 328, 328, 328, 328, 328, 328, 328]
draft=[95, 2130, 2078, 341, 419, 419, 2016, 2016, 2016, 377, 82, 419, 2016, 2016, 2016]
draft=[2078, 268, 341, 419, 940, 95, 340, 940, 268, 341, 419, 419, 419, 419, 95]
draft=[1874, 1952, 384, 3797, 81, 290, 328, 328, 328, 328, 328, 328, 328, 328, 3420]
draft=[726, 384, 590, 268, 328, 268, 268, 81, 328, 328, 268, 268, 790, 1200, 370]
draft=[95, 10780, 1552, 1874, 1952, 384, 3797, 81, 328, 328, 10780, 1552, 1874, 268, 268]
draft=[78, 515, 65208, 268, 341, 290, 88, 83, 3157, 2733, 2733, 515, 2733, 65208, 268]
draft=[1450, 95, 3420, 5318, 341, 419, 419, 95, 1450, 3420, 3420, 3420, 3420, 3420, 3420]
draft=[25205, 12305, 1952, 384, 3797, 81, 268, 328, 328, 328, 328, 328, 328, 328, 328]
draft=[509, 65208, 268, 341, 341, 419, 95, 2016, 2016, 81, 340, 340, 419, 419, 2016]
draft=[95, 2016, 940, 268, 341, 419, 1450, 419, 1450, 1450, 1450, 1450, 3420, 3420, 268]
draft=[328, 328, 328, 328, 328, 328, 328, 328, 1450, 95, 10780, 1874, 1952, 1952, 3797]
draft=[1515, 720, 553, 3649, 720, 553, 1254, 720, 553, 1254, 1952, 268, 328, 268, 341]
draft=[268, 370, 1200, 7850, 384, 1112, 268, 370, 1200, 7850, 384, 384, 384, 268, 370]
draft=[78, 515, 65208, 268, 341, 290, 88, 83, 524, 2733, 515, 2733, 65208, 268, 341]
draft=[8679, 268, 341, 419, 3420, 95, 3420, 2813, 5318, 5318, 341, 3420, 1913, 1913, 790]
draft=[268, 328, 328, 328, 328, 328, 328, 328, 328, 1450, 95, 10780, 1552, 25205, 12305]
draft=[509, 65208, 268, 341, 341, 419, 95, 2016, 2016, 81, 340, 340, 419, 419, 2016]
draft=[95, 2016, 940, 268, 341, 419, 1450, 419, 1450, 1450, 1450, 1450, 3420, 3420, 268]
draft=[328, 328, 328, 328, 328, 328, 328, 328, 1450, 95, 10780, 1874, 1952, 1952, 3797]
draft=[1515, 720, 553, 3649, 720, 553, 1254, 720, 553, 1254, 1952, 268, 328, 268, 341]
draft=[268, 370, 1200, 7850, 384, 1112, 268, 370, 1200, 7850, 384, 384, 384, 268, 370]
draft=[78, 515, 65208, 268, 341, 290, 88, 83, 524, 2733, 515, 2733, 65208, 268, 341]
draft=[8679, 268, 341, 419, 3420, 95, 3420, 2813, 5318, 5318, 341, 3420, 1913, 1913, 790]
draft=[268, 328, 328, 328, 328, 328, 328, 328, 328, 1450, 95, 10780, 1552, 25205, 12305]
draft=[2016, 95, 2016, 3420, 268, 341, 419, 95, 95, 3420, 3420, 341, 419, 3420, 95]
draft=[95, 3420, 3420, 268, 341, 1450, 1450, 1450, 1450, 1450, 3420, 3420, 3420, 341, 790]
draft=[1874, 1952, 384, 3797, 81, 268, 328, 328, 328, 328, 328, 328, 328, 328, 3420]
draft=[720, 553, 3649, 720, 553, 1254, 720, 553, 8021, 1952, 268, 328, 328, 341, 790]
draft=[384, 940, 268, 370, 1200, 15692, 384, 2130, 268, 370, 1200, 8207, 384, 2016, 268]
draft=[2016, 95, 2016, 3420, 268, 341, 419, 95, 95, 3420, 3420, 341, 419, 3420, 95]
draft=[2733, 2733, 395, 2733, 81, 81, 2733, 2733, 2733, 2733, 2733, 268, 290, 3157, 3157]
draft=[95, 3420, 3420, 268, 341, 1450, 1450, 1450, 1450, 1450, 3420, 3420, 3420, 341, 790]
draft=[367, 340, 268, 268, 341, 3627, 268, 1913, 1913, 1913, 1913, 1913, 81, 81, 81]
draft=[1874, 1952, 384, 3797, 81, 268, 328, 328, 328, 328, 328, 328, 328, 328, 3420]
draft=[720, 553, 3649, 720, 553, 1254, 720, 553, 8021, 1952, 268, 328, 328, 341, 790]
draft=[384, 3797, 1117, 268, 370, 1200, 7850, 384, 1112, 268, 328, 1200, 1200, 95, 81]
draft=[384, 940, 268, 370, 1200, 15692, 384, 2130, 268, 370, 1200, 8207, 384, 2016, 268]
draft=[2733, 2733, 395, 2733, 81, 81, 2733, 2733, 2733, 2733, 2733, 268, 290, 3157, 3157]
draft=[367, 340, 268, 268, 341, 3627, 268, 1913, 1913, 1913, 1913, 1913, 81, 81, 81]
draft=[384, 3797, 1117, 268, 370, 1200, 7850, 384, 1112, 268, 328, 1200, 1200, 95, 81]
draft=[95, 3420, 60837, 268, 341, 419, 3420, 3420, 3420, 3420, 3420, 3420, 3420, 3420, 268]
draft=[8679, 404, 341, 419, 1450, 95, 3420, 2813, 405, 268, 268, 341, 341, 1913, 341]
draft=[10780, 1552, 1874, 1952, 384, 3797, 1117, 268, 370, 1200, 7850, 384, 1112, 268, 268]
draft=[720, 553, 8021, 1952, 268, 328, 328, 268, 341, 790, 1913, 3335, 6798, 2052, 81]
draft=[1200, 8666, 384, 1450, 268, 328, 328, 268, 341, 790, 1913, 39907, 6798, 2052, 78]
draft=[2078, 395, 37145, 81, 1142, 2733, 395, 81, 268, 268, 341, 290, 89, 83, 2733]
draft=[404, 1309, 341, 419, 268, 341, 790, 1913, 3335, 6798, 1913, 81, 1112, 81, 81]
draft=[1200, 15692, 384, 2130, 268, 370, 1200, 8207, 384, 2016, 509, 370, 1200, 8666, 384]
draft=[95, 3420, 60837, 268, 341, 419, 3420, 3420, 3420, 3420, 3420, 3420, 3420, 3420, 268]
draft=[8679, 404, 341, 419, 1450, 95, 3420, 2813, 405, 268, 268, 341, 341, 1913, 341]
draft=[10780, 1552, 1874, 1952, 384, 3797, 1117, 268, 370, 1200, 7850, 384, 1112, 268, 268]
draft=[720, 553, 8021, 1952, 268, 328, 328, 268, 341, 790, 1913, 3335, 6798, 2052, 81]
draft=[1200, 8666, 384, 1450, 268, 328, 328, 268, 341, 790, 1913, 39907, 6798, 2052, 78]
draft=[2078, 395, 37145, 81, 1142, 2733, 395, 81, 268, 268, 341, 290, 89, 83, 2733]
draft=[404, 1309, 341, 419, 268, 341, 790, 1913, 3335, 6798, 1913, 81, 1112, 81, 81]
draft=[1200, 15692, 384, 2130, 268, 370, 1200, 8207, 384, 2016, 509, 370, 1200, 8666, 384]
draft=[8679, 268, 341, 419, 3420, 95, 3420, 2813, 377, 268, 341, 341, 3420, 3420, 1913]
draft=[404, 341, 419, 3420, 95, 3420, 2813, 5318, 268, 341, 268, 341, 341, 1913, 1913]
draft=[1200, 15692, 384, 2130, 268, 370, 1200, 8207, 384, 2016, 268, 370, 1200, 15057, 384]
draft=[95, 4378, 81, 2130, 95, 10780, 384, 81, 3420, 95, 290, 1117, 1117, 3420, 3420]
draft=[268, 370, 658, 349, 71, 1874, 95, 2052, 439, 2052, 2052, 841, 726, 2052, 2052]
draft=[1059, 515, 65208, 268, 341, 290, 89, 83, 3157, 2733, 395, 2733, 65208, 81, 65208]
draft=[16739, 78, 268, 341, 3627, 268, 328, 328, 1913, 3335, 790, 1913, 3335, 6798, 81]
draft=[8679, 268, 341, 419, 3420, 95, 3420, 2813, 377, 268, 341, 341, 3420, 3420, 1913]
draft=[370, 1200, 8666, 384, 1450, 268, 328, 328, 268, 341, 790, 1913, 2416, 6798, 2052]
draft=[404, 341, 419, 3420, 95, 3420, 2813, 5318, 268, 341, 268, 341, 341, 1913, 1913]
draft=[1200, 15692, 384, 2130, 268, 370, 1200, 8207, 384, 2016, 268, 370, 1200, 15057, 384]
draft=[95, 4378, 81, 2130, 95, 10780, 384, 81, 3420, 95, 290, 1117, 1117, 3420, 3420]
draft=[268, 370, 658, 349, 71, 1874, 95, 2052, 439, 2052, 2052, 841, 726, 2052, 2052]
draft=[1059, 515, 65208, 268, 341, 290, 89, 83, 3157, 2733, 395, 2733, 65208, 81, 65208]
draft=[16739, 78, 268, 341, 3627, 268, 328, 328, 1913, 3335, 790, 1913, 3335, 6798, 81]
draft=[370, 1200, 8666, 384, 1450, 268, 328, 328, 268, 341, 790, 1913, 2416, 6798, 2052]
draft=[404, 341, 419, 3420, 95, 3420, 2813, 5318, 268, 341, 419, 268, 341, 790, 1913]
draft=[405, 14405, 78, 268, 341, 419, 1450, 95, 3420, 5318, 405, 405, 2078, 78, 341]
draft=[384, 1450, 268, 370, 1200, 15057, 384, 3420, 268, 328, 328, 268, 341, 790, 1913]
draft=[384, 290, 64404, 290, 268, 328, 328, 328, 328, 328, 328, 328, 328, 328, 3420]
draft=[2052, 7850, 70, 439, 2177, 439, 3649, 3649, 3649, 2130, 3649, 3649, 3649, 268, 350]
draft=[1830, 65208, 268, 341, 290, 89, 83, 3157, 2733, 2733, 395, 65208, 81, 65208, 290]
draft=[78, 268, 341, 3627, 268, 328, 328, 1913, 3335, 790, 1913, 3335, 6798, 2052, 81]
draft=[36204, 2416, 78, 1698, 3767, 95, 268, 370, 3627, 268, 2078, 395, 395, 370, 842]
draft=[404, 341, 419, 3420, 95, 3420, 2813, 5318, 268, 341, 419, 268, 341, 790, 1913]
draft=[405, 14405, 78, 268, 341, 419, 1450, 95, 3420, 5318, 405, 405, 2078, 78, 341]
draft=[384, 1450, 268, 370, 1200, 15057, 384, 3420, 268, 328, 328, 268, 341, 790, 1913]
draft=[384, 290, 64404, 290, 268, 328, 328, 328, 328, 328, 328, 328, 328, 328, 3420]
draft=[2052, 7850, 70, 439, 2177, 439, 3649, 3649, 3649, 2130, 3649, 3649, 3649, 268, 350]
draft=[1830, 65208, 268, 341, 290, 89, 83, 3157, 2733, 2733, 395, 65208, 81, 65208, 290]
draft=[78, 268, 341, 3627, 268, 328, 328, 1913, 3335, 790, 1913, 3335, 6798, 2052, 81]
draft=[36204, 2416, 78, 1698, 3767, 95, 268, 370, 3627, 268, 2078, 395, 395, 370, 842]
draft=[405, 14405, 78, 268, 341, 419, 3420, 95, 3420, 3420, 3137, 404, 268, 268, 341]
draft=[78, 268, 341, 419, 3420, 95, 3420, 3420, 3137, 404, 5681, 78, 268, 341, 790]
draft=[341, 790, 1913, 3335, 6798, 2052, 1117, 268, 370, 3627, 268, 340, 1200, 370, 370]
draft=[64404, 81, 268, 268, 328, 328, 328, 328, 328, 328, 328, 328, 3420, 3420, 3420]
draft=[439, 2052, 4964, 1229, 2130, 3649, 15692, 15692, 77032, 350, 72, 1913, 5993, 1117, 1117]
draft=[65208, 268, 341, 290, 89, 83, 3157, 2733, 395, 65208, 81, 372, 1059, 65208, 65208]
draft=[790, 1913, 3335, 6798, 2052, 81, 1112, 95, 4378, 81, 2130, 384, 2130, 384, 384]
draft=[405, 14405, 78, 268, 341, 419, 3420, 95, 3420, 3420, 3137, 404, 268, 268, 341]
draft=[558, 2078, 395, 2733, 2733, 8720, 370, 370, 658, 15692, 1010, 1010, 15692, 268, 268]
draft=[78, 268, 341, 419, 3420, 95, 3420, 3420, 3137, 404, 5681, 78, 268, 341, 790]
draft=[341, 790, 1913, 3335, 6798, 2052, 1117, 268, 370, 3627, 268, 340, 1200, 370, 370]
draft=[64404, 81, 268, 268, 328, 328, 328, 328, 328, 328, 328, 328, 3420, 3420, 3420]
draft=[439, 2052, 4964, 1229, 2130, 3649, 15692, 15692, 77032, 350, 72, 1913, 5993, 1117, 1117]
draft=[65208, 268, 341, 290, 89, 83, 3157, 2733, 395, 65208, 81, 372, 1059, 65208, 65208]
draft=[790, 1913, 3335, 6798, 2052, 81, 1112, 95, 4378, 81, 2130, 384, 2130, 384, 384]
draft=[558, 2078, 395, 2733, 2733, 8720, 370, 370, 658, 15692, 1010, 1010, 15692, 268, 268]
draft=[78, 268, 341, 419, 3420, 95, 3420, 3420, 377, 404, 5681, 405, 3930, 78, 268]
draft=[404, 1309, 405, 3930, 78, 268, 341, 3627, 268, 341, 790, 1913, 3335, 6798, 1913]
draft=[3157, 16135, 4860, 95, 268, 341, 3627, 268, 341, 410, 330, 330, 365, 28963, 3418]
draft=[328, 328, 328, 328, 328, 328, 328, 2016, 95, 10780, 128, 1874, 1018, 384, 3797]
draft=[2052, 15692, 77032, 350, 1290, 790, 3157, 268, 95, 341, 3627, 268, 268, 341, 268]
draft=[2733, 377, 1059, 340, 515, 445, 340, 290, 328, 328, 328, 328, 328, 341, 341]
draft=[3335, 6798, 2052, 81, 1112, 81, 6395, 81, 2130, 384, 268, 15692, 384, 384, 2130]
draft=[268, 370, 658, 1200, 15692, 1010, 6395, 64404, 328, 328, 328, 268, 790, 790, 395]
draft=[78, 268, 341, 419, 3420, 95, 3420, 3420, 377, 404, 5681, 405, 3930, 78, 268]
draft=[404, 1309, 405, 3930, 78, 268, 341, 3627, 268, 341, 790, 1913, 3335, 6798, 1913]
draft=[3157, 16135, 4860, 95, 268, 341, 3627, 268, 341, 410, 330, 330, 365, 28963, 3418]
draft=[328, 328, 328, 328, 328, 328, 328, 2016, 95, 10780, 128, 1874, 1018, 384, 3797]
draft=[2052, 15692, 77032, 350, 1290, 790, 3157, 268, 95, 341, 3627, 268, 268, 341, 268]
draft=[2733, 377, 1059, 340, 515, 445, 340, 290, 328, 328, 328, 328, 328, 341, 341]
draft=[3335, 6798, 2052, 81, 1112, 81, 6395, 81, 2130, 384, 268, 15692, 384, 384, 2130]
draft=[268, 370, 658, 1200, 15692, 1010, 6395, 64404, 328, 328, 328, 268, 790, 790, 395]
draft=[404, 1309, 405, 78, 78, 268, 341, 3627, 268, 341, 790, 1913, 3335, 6798, 1913]
draft=[405, 12083, 78, 268, 341, 3627, 268, 341, 790, 1913, 3335, 6798, 1913, 81, 6798]
draft=[5993, 95, 4860, 268, 341, 3627, 268, 341, 410, 2733, 28963, 365, 340, 28963, 3418]
draft=[25205, 1874, 1952, 384, 3797, 81, 268, 95, 328, 10780, 25205, 328, 328, 328, 328]
draft=[5993, 95, 4860, 268, 341, 3627, 268, 410, 330, 2733, 28963, 365, 340, 28963, 466]
draft=[404, 1309, 405, 78, 78, 268, 341, 3627, 268, 341, 790, 1913, 3335, 6798, 1913]
draft=[578, 330, 1823, 367, 65208, 1823, 578, 340, 340, 340, 268, 341, 328, 328, 341]
draft=[726, 384, 590, 268, 328, 81, 268, 81, 328, 328, 81, 268, 790, 370, 1200]
draft=[405, 12083, 78, 268, 341, 3627, 268, 341, 790, 1913, 3335, 6798, 1913, 81, 6798]
draft=[328, 328, 268, 341, 790, 395, 54880, 2416, 78, 1698, 3767, 95, 268, 370, 3627]
draft=[5993, 95, 4860, 268, 341, 3627, 268, 341, 410, 2733, 28963, 365, 340, 28963, 3418]
draft=[25205, 1874, 1952, 384, 3797, 81, 268, 95, 328, 10780, 25205, 328, 328, 328, 328]
draft=[5993, 95, 4860, 268, 341, 3627, 268, 410, 330, 2733, 28963, 365, 340, 28963, 466]
draft=[578, 330, 1823, 367, 65208, 1823, 578, 340, 340, 340, 268, 341, 328, 328, 341]
draft=[726, 384, 590, 268, 328, 81, 268, 81, 328, 328, 81, 268, 790, 370, 1200]
draft=[328, 328, 268, 341, 790, 395, 54880, 2416, 78, 1698, 3767, 95, 268, 370, 3627]
draft=[405, 12083, 78, 268, 341, 3627, 268, 341, 790, 1913, 3335, 6798, 1913, 81, 1112]
draft=[78, 268, 341, 3627, 268, 341, 790, 1913, 3335, 790, 2052, 81, 1112, 81, 81]
draft=[4860, 95, 268, 341, 3627, 268, 341, 410, 330, 2733, 2733, 365, 5388, 3418, 466]
draft=[328, 328, 328, 328, 328, 328, 328, 1450, 95, 10780, 1552, 25205, 1874, 1952, 384]
draft=[4860, 95, 268, 341, 3627, 268, 341, 410, 330, 2733, 5388, 365, 365, 3418, 83]
draft=[367, 330, 15463, 578, 330, 65208, 268, 341, 290, 290, 2828, 1823, 2733, 2733, 341]
draft=[841, 720, 553, 3649, 720, 553, 1254, 720, 553, 1254, 720, 3420, 81, 78, 268]
draft=[558, 2078, 395, 5388, 8720, 268, 370, 658, 1200, 15692, 1010, 6395, 71221, 5816, 350]
draft=[405, 12083, 78, 268, 341, 3627, 268, 341, 790, 1913, 3335, 6798, 1913, 81, 1112]
draft=[78, 268, 341, 3627, 268, 341, 790, 1913, 3335, 790, 2052, 81, 1112, 81, 81]
draft=[4860, 95, 268, 341, 3627, 268, 341, 410, 330, 2733, 2733, 365, 5388, 3418, 466]
draft=[328, 328, 328, 328, 328, 328, 328, 1450, 95, 10780, 1552, 25205, 1874, 1952, 384]
draft=[4860, 95, 268, 341, 3627, 268, 341, 410, 330, 2733, 5388, 365, 365, 3418, 83]
draft=[367, 330, 15463, 578, 330, 65208, 268, 341, 290, 290, 2828, 1823, 2733, 2733, 341]
draft=[841, 720, 553, 3649, 720, 553, 1254, 720, 553, 1254, 720, 3420, 81, 78, 268]
draft=[558, 2078, 395, 5388, 8720, 268, 370, 658, 1200, 15692, 1010, 6395, 71221, 5816, 350]
draft=[78, 268, 341, 3627, 268, 341, 790, 1913, 3335, 6798, 2052, 81, 1112, 81, 81]
draft=[2052, 81, 2130, 95, 6395, 81, 81, 384, 268, 78, 268, 268, 268, 370, 95]
draft=[2733, 28963, 3418, 466, 12140, 268, 341, 4073, 1112, 12140, 7198, 95, 1112, 524, 524]
draft=[81, 268, 328, 328, 328, 328, 328, 328, 328, 328, 3420, 95, 10780, 25205, 25205]
draft=[2733, 28963, 3418, 466, 12140, 268, 341, 524, 3201, 7198, 7198, 3201, 1112, 95, 1112]
draft=[64298, 395, 330, 578, 377, 268, 341, 3627, 83, 2828, 2828, 290, 290, 395, 341]
draft=[720, 553, 8021, 1952, 268, 328, 328, 268, 341, 790, 1913, 3335, 6798, 2052, 81]
draft=[1290, 28084, 25205, 4860, 95, 268, 341, 3627, 102, 341, 341, 341, 1332, 1332, 1332]
draft=[78, 268, 341, 3627, 268, 341, 790, 1913, 3335, 6798, 2052, 81, 1112, 81, 81]
draft=[2052, 81, 2130, 95, 6395, 81, 81, 384, 268, 78, 268, 268, 268, 370, 95]
draft=[2733, 28963, 3418, 466, 12140, 268, 341, 4073, 1112, 12140, 7198, 95, 1112, 524, 524]
draft=[81, 268, 328, 328, 328, 328, 328, 328, 328, 328, 3420, 95, 10780, 25205, 25205]
draft=[2733, 28963, 3418, 466, 12140, 268, 341, 524, 3201, 7198, 7198, 3201, 1112, 95, 1112]
draft=[64298, 395, 330, 578, 377, 268, 341, 3627, 83, 2828, 2828, 290, 290, 395, 341]
draft=[720, 553, 8021, 1952, 268, 328, 328, 268, 341, 790, 1913, 3335, 6798, 2052, 81]
draft=[1290, 28084, 25205, 4860, 95, 268, 341, 3627, 102, 341, 341, 341, 1332, 1332, 1332]
draft=[4378, 81, 2130, 95, 6395, 384, 81, 384, 268, 1117, 10780, 81, 384, 1117, 268]
draft=[95, 4378, 81, 3797, 95, 10780, 128, 81, 268, 268, 1117, 328, 328, 3420, 3420]
draft=[462, 12140, 341, 524, 524, 12140, 330, 1112, 82, 524, 524, 268, 268, 268, 81]
draft=[25205, 1874, 1952, 384, 3797, 1117, 268, 370, 1200, 7850, 384, 1112, 268, 268, 370]
draft=[462, 12140, 268, 524, 524, 12140, 4073, 4073, 12140, 12140, 524, 1112, 1112, 1112, 328]
draft=[3137, 803, 330, 290, 377, 341, 290, 86, 83, 2828, 290, 290, 268, 290, 290]
draft=[95, 4378, 81, 2130, 95, 6395, 384, 384, 384, 1254, 81, 1117, 1117, 3420, 1117]
draft=[341, 28084, 2733, 28963, 3418, 466, 750, 2015, 268, 268, 328, 328, 290, 35485, 95]
draft=[4378, 81, 2130, 95, 6395, 384, 81, 384, 268, 1117, 10780, 81, 384, 1117, 268]
draft=[95, 4378, 81, 3797, 95, 10780, 128, 81, 268, 268, 1117, 328, 328, 3420, 3420]
draft=[462, 12140, 341, 524, 524, 12140, 330, 1112, 82, 524, 524, 268, 268, 268, 81]
draft=[25205, 1874, 1952, 384, 3797, 1117, 268, 370, 1200, 7850, 384, 1112, 268, 268, 370]
draft=[462, 12140, 268, 524, 524, 12140, 4073, 4073, 12140, 12140, 524, 1112, 1112, 1112, 328]
draft=[3137, 803, 330, 290, 377, 341, 290, 86, 83, 2828, 290, 290, 268, 290, 290]
draft=[95, 4378, 81, 2130, 95, 6395, 384, 384, 384, 1254, 81, 1117, 1117, 3420, 1117]
draft=[341, 28084, 2733, 28963, 3418, 466, 750, 2015, 268, 268, 328, 328, 290, 35485, 95]
draft=[2016, 95, 10780, 128, 81, 81, 1117, 1117, 268, 1117, 3420, 1200, 268, 1200, 1200]
draft=[268, 328, 328, 328, 328, 328, 328, 328, 328, 2016, 2016, 2016, 2016, 95, 3420]
draft=[3451, 268, 268, 341, 524, 1112, 395, 524, 268, 82, 524, 268, 3335, 6798, 2052]
draft=[1200, 15692, 384, 2130, 268, 370, 1200, 8207, 384, 2016, 268, 370, 1200, 8666, 384]
draft=[750, 11061, 83, 268, 341, 4073, 524, 12140, 524, 524, 12140, 524, 1112, 1112, 1112]
draft=[3137, 803, 330, 65208, 341, 290, 290, 83, 290, 341, 341, 268, 268, 290, 268]
draft=[64404, 81, 268, 268, 328, 328, 328, 328, 328, 328, 2130, 2130, 1200, 2130, 2130]
draft=[83, 268, 341, 4073, 3201, 12140, 330, 268, 83, 268, 328, 328, 328, 328, 328]
draft=[2016, 95, 10780, 128, 81, 81, 1117, 1117, 268, 1117, 3420, 1200, 268, 1200, 1200]
draft=[268, 328, 328, 328, 328, 328, 328, 328, 328, 2016, 2016, 2016, 2016, 95, 3420]
draft=[3451, 268, 268, 341, 524, 1112, 395, 524, 268, 82, 524, 268, 3335, 6798, 2052]
draft=[1200, 15692, 384, 2130, 268, 370, 1200, 8207, 384, 2016, 268, 370, 1200, 8666, 384]
draft=[750, 11061, 83, 268, 341, 4073, 524, 12140, 524, 524, 12140, 524, 1112, 1112, 1112]
draft=[3137, 803, 330, 65208, 341, 290, 290, 83, 290, 341, 341, 268, 268, 290, 268]
draft=[64404, 81, 268, 268, 328, 328, 328, 328, 328, 328, 2130, 2130, 1200, 2130, 2130]
draft=[83, 268, 341, 4073, 3201, 12140, 330, 268, 83, 268, 328, 328, 328, 328, 328]
draft=[268, 328, 328, 328, 328, 328, 328, 328, 328, 2016, 2016, 2016, 2016, 2016, 3420]
draft=[10780, 128, 25205, 1874, 81, 3797, 95, 95, 10780, 384, 1117, 328, 328, 328, 328]
draft=[3451, 83, 341, 341, 524, 1112, 395, 524, 268, 12140, 524, 1913, 3335, 6798, 2052]
draft=[268, 370, 1200, 15057, 384, 3420, 268, 328, 328, 268, 341, 790, 1913, 3335, 6798]
draft=[268, 341, 419, 12275, 2015, 2015, 2015, 2015, 83, 4073, 1823, 2015, 12140, 12140, 12140]
draft=[290, 3137, 341, 341, 328, 328, 268, 2828, 341, 341, 341, 341, 1913, 341, 790]
draft=[328, 328, 328, 328, 328, 328, 328, 2016, 95, 10780, 128, 1874, 384, 3797, 81]
draft=[328, 268, 341, 3139, 11061, 12140, 16397, 3137, 419, 290, 290, 83, 83, 268, 4073]
draft=[268, 328, 328, 328, 328, 328, 328, 328, 328, 2016, 2016, 2016, 2016, 2016, 3420]
draft=[10780, 128, 25205, 1874, 81, 3797, 95, 95, 10780, 384, 1117, 328, 328, 328, 328]
draft=[3451, 83, 341, 341, 524, 1112, 395, 524, 268, 12140, 524, 1913, 3335, 6798, 2052]
draft=[268, 370, 1200, 15057, 384, 3420, 268, 328, 328, 268, 341, 790, 1913, 3335, 6798]
draft=[268, 341, 419, 12275, 2015, 2015, 2015, 2015, 83, 4073, 1823, 2015, 12140, 12140, 12140]
draft=[290, 3137, 341, 341, 328, 328, 268, 2828, 341, 341, 341, 341, 1913, 341, 790]
draft=[328, 328, 328, 328, 328, 328, 328, 2016, 95, 10780, 128, 1874, 384, 3797, 81]
draft=[328, 268, 341, 3139, 11061, 12140, 16397, 3137, 419, 290, 290, 83, 83, 268, 4073]
draft=[10780, 128, 25205, 1874, 81, 3797, 81, 328, 328, 328, 328, 328, 328, 328, 3420]
draft=[25205, 1874, 1952, 384, 3797, 81, 290, 328, 328, 328, 328, 328, 328, 328, 328]
draft=[341, 853, 16855, 515, 515, 83, 83, 524, 328, 268, 341, 1913, 3335, 6798, 2052]
draft=[341, 790, 1913, 268, 2052, 790, 268, 95, 370, 268, 340, 340, 1332, 370, 370]
draft=[372, 16855, 16855, 268, 341, 419, 16855, 16855, 16855, 16855, 419, 419, 419, 419, 419]
draft=[1341, 956, 377, 3137, 268, 341, 3627, 90, 83, 524, 790, 790, 341, 790, 1913]
draft=[25205, 1874, 1952, 384, 3797, 81, 268, 328, 328, 1552, 25205, 328, 328, 328, 328]
draft=[28963, 3418, 3486, 95, 268, 341, 290, 83, 3157, 395, 395, 268, 268, 2130, 290]
draft=[10780, 128, 25205, 1874, 81, 3797, 81, 328, 328, 328, 328, 328, 328, 328, 3420]
draft=[25205, 1874, 1952, 384, 3797, 81, 290, 328, 328, 328, 328, 328, 328, 328, 328]
draft=[341, 853, 16855, 515, 515, 83, 83, 524, 328, 268, 341, 1913, 3335, 6798, 2052]
draft=[341, 790, 1913, 268, 2052, 790, 268, 95, 370, 268, 340, 340, 1332, 370, 370]
draft=[372, 16855, 16855, 268, 341, 419, 16855, 16855, 16855, 16855, 419, 419, 419, 419, 419]
draft=[1341, 956, 377, 3137, 268, 341, 3627, 90, 83, 524, 790, 790, 341, 790, 1913]
draft=[25205, 1874, 1952, 384, 3797, 81, 268, 328, 328, 1552, 25205, 328, 328, 328, 328]
draft=[28963, 3418, 3486, 95, 268, 341, 290, 83, 3157, 395, 395, 268, 268, 2130, 290]
draft=[25205, 1874, 1952, 384, 3797, 81, 268, 328, 328, 328, 328, 328, 328, 328, 328]
draft=[328, 328, 328, 328, 328, 328, 328, 328, 1450, 95, 10780, 1552, 25205, 1874, 1874]
draft=[16855, 16855, 83, 268, 328, 328, 268, 341, 790, 1913, 3335, 6798, 1913, 81, 6798]
draft=[28084, 4860, 4860, 95, 268, 341, 3627, 341, 341, 3157, 3418, 1332, 466, 14405, 370]
draft=[9546, 268, 341, 419, 36632, 466, 268, 3418, 2015, 419, 290, 419, 419, 365, 419]
draft=[3137, 268, 341, 3627, 268, 341, 790, 1913, 3335, 6798, 1913, 3335, 6798, 2052, 81]
draft=[328, 328, 328, 328, 328, 1450, 95, 10780, 1552, 25205, 1874, 1952, 384, 3797, 81]
draft=[95, 268, 341, 419, 86, 83, 3157, 395, 404, 328, 290, 290, 290, 290, 268]
draft=[25205, 1874, 1952, 384, 3797, 81, 268, 328, 328, 328, 328, 328, 328, 328, 328]
draft=[328, 328, 328, 328, 328, 328, 328, 328, 1450, 95, 10780, 1552, 25205, 1874, 1874]
draft=[16855, 16855, 83, 268, 328, 328, 268, 341, 790, 1913, 3335, 6798, 1913, 81, 6798]
draft=[28084, 4860, 4860, 95, 268, 341, 3627, 341, 341, 3157, 3418, 1332, 466, 14405, 370]
draft=[9546, 268, 341, 419, 36632, 466, 268, 3418, 2015, 419, 290, 419, 419, 365, 419]
draft=[3137, 268, 341, 3627, 268, 341, 790, 1913, 3335, 6798, 1913, 3335, 6798, 2052, 81]
draft=[328, 328, 328, 328, 328, 1450, 95, 10780, 1552, 25205, 1874, 1952, 384, 3797, 81]
draft=[95, 268, 341, 419, 86, 83, 3157, 395, 404, 328, 290, 290, 290, 290, 268]
draft=[95, 10780, 1552, 25205, 1874, 1952, 384, 3797, 81, 268, 328, 328, 328, 328, 328]
draft=[384, 3797, 81, 268, 328, 328, 328, 328, 328, 328, 328, 328, 3420, 95, 10780]
draft=[372, 11061, 83, 4073, 328, 524, 268, 341, 790, 1913, 3335, 790, 1913, 3335, 6798]
draft=[4860, 95, 268, 341, 3627, 268, 341, 410, 81, 3418, 3418, 466, 14405, 14405, 83]
draft=[268, 341, 419, 36632, 466, 9546, 72629, 268, 341, 419, 419, 6490, 466, 466, 466]
draft=[328, 268, 341, 790, 1913, 3335, 6798, 2052, 81, 2130, 95, 6395, 81, 268, 384]
draft=[328, 328, 328, 328, 328, 328, 328, 328, 3420, 95, 10780, 1552, 25205, 1874, 1874]
draft=[86, 83, 3157, 395, 2733, 81, 290, 3157, 3157, 3157, 290, 290, 290, 290, 2733]
draft=[95, 10780, 1552, 25205, 1874, 1952, 384, 3797, 81, 268, 328, 328, 328, 328, 328]
draft=[384, 3797, 81, 268, 328, 328, 328, 328, 328, 328, 328, 328, 3420, 95, 10780]
draft=[372, 11061, 83, 4073, 328, 524, 268, 341, 790, 1913, 3335, 790, 1913, 3335, 6798]
draft=[4860, 95, 268, 341, 3627, 268, 341, 410, 81, 3418, 3418, 466, 14405, 14405, 83]
draft=[268, 341, 419, 36632, 466, 9546, 72629, 268, 341, 419, 419, 6490, 466, 466, 466]
draft=[328, 268, 341, 790, 1913, 3335, 6798, 2052, 81, 2130, 95, 6395, 81, 268, 384]
draft=[328, 328, 328, 328, 328, 328, 328, 328, 3420, 95, 10780, 1552, 25205, 1874, 1874]
draft=[86, 83, 3157, 395, 2733, 81, 290, 3157, 3157, 3157, 290, 290, 290, 290, 2733]
draft=[328, 328, 3420, 95, 10780, 1552, 25205, 1874, 1952, 384, 3797, 1117, 370, 1200, 15692]
draft=[25205, 1874, 1952, 384, 3797, 1117, 268, 370, 1200, 15692, 384, 2130, 268, 268, 370]
draft=[83, 268, 341, 328, 268, 341, 790, 1913, 3335, 6798, 2052, 3335, 6798, 2052, 81]
draft=[2733, 28963, 3418, 466, 750, 268, 328, 328, 328, 290, 290, 290, 95, 95, 290]
draft=[268, 341, 419, 6395, 2487, 466, 4099, 419, 419, 419, 641, 3137, 3137, 419, 419]
draft=[95, 4378, 81, 2130, 95, 6395, 81, 2130, 95, 1117, 1117, 6395, 2130, 384, 15692]
draft=[384, 3797, 1117, 268, 370, 1200, 7850, 384, 1112, 268, 268, 1200, 15692, 15692, 384]
draft=[2078, 395, 2733, 2733, 404, 1490, 290, 87, 83, 9924, 2828, 2733, 395, 2733, 2733]
draft=[328, 328, 3420, 95, 10780, 1552, 25205, 1874, 1952, 384, 3797, 1117, 370, 1200, 15692]
draft=[25205, 1874, 1952, 384, 3797, 1117, 268, 370, 1200, 15692, 384, 2130, 268, 268, 370]
draft=[83, 268, 341, 328, 268, 341, 790, 1913, 3335, 6798, 2052, 3335, 6798, 2052, 81]
draft=[2733, 28963, 3418, 466, 750, 268, 328, 328, 328, 290, 290, 290, 95, 95, 290]
draft=[268, 341, 419, 6395, 2487, 466, 4099, 419, 419, 419, 641, 3137, 3137, 419, 419]
draft=[95, 4378, 81, 2130, 95, 6395, 81, 2130, 95, 1117, 1117, 6395, 2130, 384, 15692]
draft=[384, 3797, 1117, 268, 370, 1200, 7850, 384, 1112, 268, 268, 1200, 15692, 15692, 384]
draft=[2078, 395, 2733, 2733, 404, 1490, 290, 87, 83, 9924, 2828, 2733, 395, 2733, 2733]
draft=[370, 1200, 7850, 384, 1112, 268, 370, 1200, 15692, 384, 2130, 268, 370, 1200, 384]
draft=[1200, 7850, 384, 1112, 268, 370, 1200, 8207, 384, 2016, 268, 370, 1200, 15057, 384]
draft=[3201, 330, 13814, 372, 83, 83, 268, 328, 328, 268, 341, 790, 790, 1913, 2052]
draft=[83, 268, 341, 524, 3201, 12140, 544, 290, 1332, 268, 268, 268, 328, 328, 328]
draft=[10292, 1764, 268, 341, 419, 641, 641, 13048, 2015, 268, 268, 268, 341, 328, 790]
draft=[6395, 64404, 81, 268, 268, 10780, 328, 384, 384, 328, 2130, 2130, 2130, 2130, 2130]
draft=[1200, 15692, 384, 2130, 268, 370, 1200, 8207, 384, 2016, 268, 370, 1200, 8666, 384]
draft=[2733, 509, 5388, 268, 341, 290, 87, 87, 83, 2828, 3137, 395, 2733, 2733, 2733]
draft=[370, 1200, 7850, 384, 1112, 268, 370, 1200, 15692, 384, 2130, 268, 370, 1200, 384]
draft=[1200, 7850, 384, 1112, 268, 370, 1200, 8207, 384, 2016, 268, 370, 1200, 15057, 384]
draft=[3201, 330, 13814, 372, 83, 83, 268, 328, 328, 268, 341, 790, 790, 1913, 2052]
draft=[83, 268, 341, 524, 3201, 12140, 544, 290, 1332, 268, 268, 268, 328, 328, 328]
draft=[10292, 1764, 268, 341, 419, 641, 641, 13048, 2015, 268, 268, 268, 341, 328, 790]
draft=[6395, 64404, 81, 268, 268, 10780, 328, 384, 384, 328, 2130, 2130, 2130, 2130, 2130]
draft=[1200, 15692, 384, 2130, 268, 370, 1200, 8207, 384, 2016, 268, 370, 1200, 8666, 384]
draft=[2733, 509, 5388, 268, 341, 290, 87, 87, 83, 2828, 3137, 395, 2733, 2733, 2733]
draft=[384, 2016, 268, 370, 1200, 8666, 384, 1450, 268, 370, 1200, 15057, 384, 384, 268]
draft=[384, 1450, 268, 370, 1200, 15057, 384, 3420, 268, 328, 328, 268, 268, 790, 790]
draft=[16397, 1823, 405, 268, 341, 341, 268, 341, 1913, 3335, 3335, 1913, 1913, 6798, 2052]
draft=[328, 268, 341, 3139, 11061, 12140, 268, 268, 419, 2828, 2828, 11704, 83, 268, 341]
draft=[268, 341, 419, 21552, 13048, 404, 328, 328, 268, 341, 790, 790, 1913, 6798, 2052]
draft=[268, 328, 328, 328, 328, 328, 328, 328, 328, 2016, 2016, 2016, 95, 95, 81]
draft=[268, 370, 1200, 15057, 384, 3420, 268, 328, 328, 268, 341, 790, 1913, 2416, 6798]
draft=[524, 2733, 395, 2733, 5388, 1490, 1490, 88, 88, 83, 524, 2733, 395, 2733, 2733]
draft=[384, 2016, 268, 370, 1200, 8666, 384, 1450, 268, 370, 1200, 15057, 384, 384, 268]
draft=[384, 1450, 268, 370, 1200, 15057, 384, 3420, 268, 328, 328, 268, 268, 790, 790]
draft=[16397, 1823, 405, 268, 341, 341, 268, 341, 1913, 3335, 3335, 1913, 1913, 6798, 2052]
draft=[328, 268, 341, 3139, 11061, 12140, 268, 268, 419, 2828, 2828, 11704, 83, 268, 341]
draft=[268, 341, 419, 21552, 13048, 404, 328, 328, 268, 341, 790, 790, 1913, 6798, 2052]
draft=[268, 328, 328, 328, 328, 328, 328, 328, 328, 2016, 2016, 2016, 95, 95, 81]
draft=[268, 370, 1200, 15057, 384, 3420, 268, 328, 328, 268, 341, 790, 1913, 2416, 6798]
draft=[524, 2733, 395, 2733, 5388, 1490, 1490, 88, 88, 83, 524, 2733, 395, 2733, 2733]
draft=[350, 328, 328, 268, 341, 790, 1913, 2416, 6798, 2052, 78, 95, 268, 3627, 3627]
draft=[341, 790, 1913, 3335, 6798, 2052, 1117, 268, 370, 3627, 268, 340, 1823, 370, 370]
draft=[11776, 367, 268, 341, 328, 268, 341, 842, 1913, 3335, 6798, 2052, 81, 268, 370]
draft=[28963, 3418, 3486, 95, 268, 341, 290, 83, 83, 290, 95, 268, 268, 268, 290]
draft=[328, 268, 341, 524, 12140, 12140, 95, 268, 268, 419, 419, 419, 95, 328, 268]
draft=[10780, 1552, 25205, 1874, 81, 3797, 10780, 328, 328, 81, 81, 81, 1117, 1117, 3797]
draft=[1290, 28084, 4860, 95, 268, 3627, 3627, 119, 330, 341, 340, 340, 1332, 268, 268]
draft=[341, 2733, 2078, 2733, 5388, 1490, 290, 290, 83, 524, 3157, 2733, 2733, 2733, 2733]
draft=[350, 328, 328, 268, 341, 790, 1913, 2416, 6798, 2052, 78, 95, 268, 3627, 3627]
draft=[341, 790, 1913, 3335, 6798, 2052, 1117, 268, 370, 3627, 268, 340, 1823, 370, 370]
draft=[11776, 367, 268, 341, 328, 268, 341, 842, 1913, 3335, 6798, 2052, 81, 268, 370]
draft=[28963, 3418, 3486, 95, 268, 341, 290, 83, 83, 290, 95, 268, 268, 268, 290]
draft=[328, 268, 341, 524, 12140, 12140, 95, 268, 268, 419, 419, 419, 95, 328, 268]
draft=[10780, 1552, 25205, 1874, 81, 3797, 10780, 328, 328, 81, 81, 81, 1117, 1117, 3797]
draft=[1290, 28084, 4860, 95, 268, 3627, 3627, 119, 330, 341, 340, 340, 1332, 268, 268]
draft=[341, 2733, 2078, 2733, 5388, 1490, 290, 290, 83, 524, 3157, 2733, 2733, 2733, 2733]
draft=[28084, 25205, 4860, 95, 268, 341, 3627, 268, 341, 3157, 28963, 1332, 466, 466, 370]
draft=[437, 4860, 4860, 95, 268, 341, 3627, 268, 341, 3157, 28963, 1332, 466, 268, 370]
draft=[268, 341, 682, 3451, 83, 268, 341, 3627, 268, 328, 790, 1913, 1913, 1913, 1913]
draft=[95, 268, 341, 290, 86, 83, 3157, 395, 404, 290, 81, 290, 290, 290, 83]
draft=[23055, 515, 14014, 268, 341, 290, 290, 83, 290, 290, 290, 268, 370, 370, 1200]
draft=[384, 3797, 81, 268, 328, 328, 328, 328, 328, 328, 328, 328, 95, 553, 1552]
draft=[4860, 95, 268, 341, 3627, 268, 341, 410, 81, 3418, 3418, 466, 17704, 83, 268]
draft=[2490, 395, 5388, 2733, 395, 5388, 268, 341, 290, 88, 83, 524, 2733, 395, 2733]
draft=[28084, 25205, 4860, 95, 268, 341, 3627, 268, 341, 3157, 28963, 1332, 466, 466, 370]
draft=[437, 4860, 4860, 95, 268, 341, 3627, 268, 341, 3157, 28963, 1332, 466, 268, 370]
draft=[268, 341, 682, 3451, 83, 268, 341, 3627, 268, 328, 790, 1913, 1913, 1913, 1913]
draft=[95, 268, 341, 290, 86, 83, 3157, 395, 404, 290, 81, 290, 290, 290, 83]
draft=[23055, 515, 14014, 268, 341, 290, 290, 83, 290, 290, 290, 268, 370, 370, 1200]
draft=[384, 3797, 81, 268, 328, 328, 328, 328, 328, 328, 328, 328, 95, 553, 1552]
draft=[4860, 95, 268, 341, 3627, 268, 341, 410, 81, 3418, 3418, 466, 17704, 83, 268]
draft=[2490, 395, 5388, 2733, 395, 5388, 268, 341, 290, 88, 83, 524, 2733, 395, 2733]
draft=[2733, 28963, 3418, 466, 95, 268, 328, 328, 524, 290, 290, 1332, 1332, 95, 524]
draft=[25205, 95, 95, 268, 341, 3627, 268, 341, 3157, 28963, 3418, 466, 466, 268, 83]
draft=[83, 268, 328, 3627, 268, 328, 328, 268, 341, 790, 1913, 3335, 6798, 2052, 1117]
draft=[2078, 395, 445, 2733, 81, 1490, 3418, 87, 83, 290, 2828, 83, 395, 395, 2733]
draft=[95, 268, 341, 290, 86, 83, 3157, 2130, 268, 290, 290, 290, 341, 341, 1200]
draft=[268, 328, 328, 328, 328, 328, 328, 328, 328, 1450, 95, 10780, 1552, 25205, 1874]
draft=[2733, 28963, 3418, 466, 95, 268, 328, 328, 524, 524, 524, 1332, 95, 524, 524]
draft=[5388, 268, 341, 290, 88, 83, 524, 2733, 395, 2733, 2733, 268, 86, 83, 83]
draft=[2733, 28963, 3418, 466, 95, 268, 328, 328, 524, 290, 290, 1332, 1332, 95, 524]
draft=[25205, 95, 95, 268, 341, 3627, 268, 341, 3157, 28963, 3418, 466, 466, 268, 83]
draft=[83, 268, 328, 3627, 268, 328, 328, 268, 341, 790, 1913, 3335, 6798, 2052, 1117]
draft=[2078, 395, 445, 2733, 81, 1490, 3418, 87, 83, 290, 2828, 83, 395, 395, 2733]
draft=[95, 268, 341, 290, 86, 83, 3157, 2130, 268, 290, 290, 290, 341, 341, 1200]
draft=[268, 328, 328, 328, 328, 328, 328, 328, 328, 1450, 95, 10780, 1552, 25205, 1874]
draft=[2733, 28963, 3418, 466, 95, 268, 328, 328, 524, 524, 524, 1332, 95, 524, 524]
draft=[5388, 268, 341, 290, 88, 83, 524, 2733, 395, 2733, 2733, 268, 86, 83, 83]
draft=[466, 268, 341, 4073, 3201, 12140, 95, 268, 82, 419, 290, 268, 95, 524, 95]
draft=[95, 268, 341, 3627, 268, 341, 3157, 28963, 3418, 3418, 466, 17716, 83, 268, 341]
draft=[268, 341, 3139, 7510, 515, 95, 419, 268, 290, 83, 3157, 95, 290, 290, 370]
draft=[2733, 509, 65208, 83, 341, 341, 290, 87, 83, 2828, 2078, 395, 330, 2733, 2130]
draft=[2078, 395, 330, 2733, 81, 268, 290, 87, 83, 2828, 2828, 515, 2733, 365, 268]
draft=[384, 3797, 81, 268, 328, 328, 328, 328, 328, 328, 328, 328, 3420, 95, 10780]
draft=[83, 268, 341, 524, 3418, 12140, 95, 290, 82, 268, 268, 419, 95, 95, 340]
draft=[2733, 3137, 515, 2733, 268, 341, 290, 89, 83, 2828, 2733, 2733, 2733, 2733, 2733]
draft=[466, 268, 341, 4073, 3201, 12140, 95, 268, 82, 419, 290, 268, 95, 524, 95]
draft=[95, 268, 341, 3627, 268, 341, 3157, 28963, 3418, 3418, 466, 17716, 83, 268, 341]
draft=[268, 341, 3139, 7510, 515, 95, 419, 268, 290, 83, 3157, 95, 290, 290, 370]
draft=[2733, 509, 65208, 83, 341, 341, 290, 87, 83, 2828, 2078, 395, 330, 2733, 2130]
draft=[2078, 395, 330, 2733, 81, 268, 290, 87, 83, 2828, 2828, 515, 2733, 365, 268]
draft=[384, 3797, 81, 268, 328, 328, 328, 328, 328, 328, 328, 328, 3420, 95, 10780]
draft=[83, 268, 341, 524, 3418, 12140, 95, 290, 82, 268, 268, 419, 95, 95, 340]
draft=[2733, 3137, 515, 2733, 268, 341, 290, 89, 83, 2828, 2733, 2733, 2733, 2733, 2733]
draft=[6938, 83, 268, 341, 524, 3418, 12140, 524, 524, 82, 95, 524, 82, 95, 524]
draft=[2733, 28963, 3418, 466, 95, 268, 328, 328, 524, 524, 290, 1332, 95, 524, 290]
draft=[28963, 5130, 95, 268, 341, 290, 86, 83, 290, 290, 290, 290, 290, 2130, 370]
draft=[268, 341, 290, 87, 83, 2828, 2078, 395, 330, 2733, 377, 290, 290, 290, 268]
draft=[2733, 509, 65208, 268, 341, 290, 87, 83, 524, 2490, 395, 395, 2733, 2130, 290]
draft=[25205, 1874, 1952, 384, 3797, 1117, 268, 370, 1200, 7850, 384, 1200, 268, 268, 370]
draft=[328, 268, 341, 3139, 35485, 3486, 268, 268, 419, 290, 290, 95, 95, 404, 268]
draft=[515, 5388, 515, 5388, 5388, 341, 89, 89, 83, 3157, 2733, 2733, 2733, 2733, 2733]
draft=[6938, 83, 268, 341, 524, 3418, 12140, 524, 524, 82, 95, 524, 82, 95, 524]
draft=[2733, 28963, 3418, 466, 95, 268, 328, 328, 524, 524, 290, 1332, 95, 524, 290]
draft=[28963, 5130, 95, 268, 341, 290, 86, 83, 290, 290, 290, 290, 290, 2130, 370]
draft=[268, 341, 290, 87, 83, 2828, 2078, 395, 330, 2733, 377, 290, 290, 290, 268]
draft=[2733, 509, 65208, 268, 341, 290, 87, 83, 524, 2490, 395, 395, 2733, 2130, 290]
draft=[25205, 1874, 1952, 384, 3797, 1117, 268, 370, 1200, 7850, 384, 1200, 268, 268, 370]
draft=[328, 268, 341, 3139, 35485, 3486, 268, 268, 419, 290, 290, 95, 95, 404, 268]
draft=[515, 5388, 515, 5388, 5388, 341, 89, 89, 83, 3157, 2733, 2733, 2733, 2733, 2733]
draft=[328, 268, 341, 3139, 35485, 3486, 95, 268, 341, 419, 290, 95, 95, 404, 340]
draft=[83, 268, 341, 524, 3201, 12140, 95, 268, 82, 268, 268, 268, 95, 95, 95]
draft=[35485, 95, 268, 341, 419, 86, 83, 290, 290, 290, 290, 290, 290, 290, 290]
draft=[2490, 2078, 395, 5388, 404, 10586, 268, 88, 83, 524, 2733, 2733, 2733, 2733, 372]
draft=[509, 65208, 268, 341, 290, 87, 83, 2828, 2490, 395, 330, 2733, 268, 290, 290]
draft=[268, 370, 1200, 15692, 384, 2130, 268, 370, 1200, 15692, 384, 2016, 268, 370, 1200]
draft=[28963, 3418, 3486, 95, 268, 341, 290, 83, 83, 395, 395, 404, 268, 2130, 290]
draft=[5681, 78, 515, 5388, 268, 341, 290, 89, 83, 3157, 2733, 2733, 2733, 2733, 2733]
draft=[328, 268, 341, 3139, 35485, 3486, 95, 268, 341, 419, 290, 95, 95, 404, 340]
draft=[83, 268, 341, 524, 3201, 12140, 95, 268, 82, 268, 268, 268, 95, 95, 95]
draft=[35485, 95, 268, 341, 419, 86, 83, 290, 290, 290, 290, 290, 290, 290, 290]
draft=[2490, 2078, 395, 5388, 404, 10586, 268, 88, 83, 524, 2733, 2733, 2733, 2733, 372]
draft=[509, 65208, 268, 341, 290, 87, 83, 2828, 2490, 395, 330, 2733, 268, 290, 290]
draft=[268, 370, 1200, 15692, 384, 2130, 268, 370, 1200, 15692, 384, 2016, 268, 370, 1200]
draft=[28963, 3418, 3486, 95, 268, 341, 290, 83, 83, 395, 395, 404, 268, 2130, 290]
draft=[5681, 78, 515, 5388, 268, 341, 290, 89, 83, 3157, 2733, 2733, 2733, 2733, 2733]
draft=[28963, 3418, 3486, 95, 268, 341, 290, 83, 83, 290, 395, 268, 268, 419, 290]
draft=[328, 268, 341, 3139, 35485, 12140, 95, 268, 290, 419, 2828, 95, 95, 268, 268]
draft=[86, 83, 2828, 395, 395, 290, 81, 1927, 1927, 290, 290, 290, 290, 290, 290]
draft=[5388, 268, 341, 290, 88, 83, 2828, 2733, 515, 2733, 2733, 372, 341, 290, 88]
draft=[2490, 2078, 395, 65208, 268, 268, 341, 290, 88, 83, 524, 2733, 515, 2733, 372]
draft=[384, 2016, 509, 370, 1200, 8666, 384, 1450, 268, 370, 1200, 15057, 384, 384, 3797]
draft=[28963, 3418, 3486, 95, 268, 341, 290, 83, 83, 290, 395, 268, 268, 419, 290]
draft=[95, 268, 341, 419, 86, 83, 3157, 395, 404, 290, 268, 290, 290, 290, 268]
draft=[328, 268, 341, 3139, 35485, 12140, 95, 268, 290, 419, 2828, 95, 95, 268, 268]
draft=[78, 515, 5388, 268, 341, 290, 89, 83, 3157, 2733, 2733, 2733, 2733, 2733, 78]
draft=[86, 83, 2828, 395, 395, 290, 81, 1927, 1927, 290, 290, 290, 290, 290, 290]
draft=[5388, 268, 341, 290, 88, 83, 2828, 2733, 515, 2733, 2733, 372, 341, 290, 88]
draft=[2490, 2078, 395, 65208, 268, 268, 341, 290, 88, 83, 524, 2733, 515, 2733, 372]
draft=[384, 2016, 509, 370, 1200, 8666, 384, 1450, 268, 370, 1200, 15057, 384, 384, 3797]
draft=[95, 268, 341, 419, 86, 83, 3157, 395, 404, 290, 268, 290, 290, 290, 268]
draft=[78, 515, 5388, 268, 341, 290, 89, 83, 3157, 2733, 2733, 2733, 2733, 2733, 78]
draft=[404, 268, 341, 290, 86, 83, 3157, 395, 2799, 86, 268, 290, 290, 290, 268]
draft=[28963, 3418, 3486, 95, 268, 341, 290, 83, 83, 290, 95, 268, 268, 268, 524]
draft=[2078, 395, 445, 2733, 81, 268, 290, 87, 83, 290, 2828, 395, 395, 395, 290]
draft=[515, 5388, 515, 5388, 5388, 268, 290, 89, 83, 3157, 2733, 2733, 2733, 2733, 2733]
draft=[5388, 268, 341, 290, 88, 83, 3157, 3157, 3137, 515, 2733, 268, 341, 341, 290]
draft=[370, 1200, 8666, 384, 1450, 268, 370, 1200, 15057, 384, 3420, 268, 328, 328, 1200]
draft=[341, 290, 86, 83, 83, 1112, 1112, 290, 268, 341, 341, 290, 290, 290, 268]
draft=[78, 515, 5388, 268, 341, 290, 89, 83, 3157, 2733, 2733, 2733, 2733, 515, 2733]
draft=[404, 268, 341, 290, 86, 83, 3157, 395, 2799, 86, 268, 290, 290, 290, 268]
draft=[28963, 3418, 3486, 95, 268, 341, 290, 83, 83, 290, 95, 268, 268, 268, 524]
draft=[2078, 395, 445, 2733, 81, 268, 290, 87, 83, 290, 2828, 395, 395, 395, 290]
draft=[515, 5388, 515, 5388, 5388, 268, 290, 89, 83, 3157, 2733, 2733, 2733, 2733, 2733]
draft=[5388, 268, 341, 290, 88, 83, 3157, 3157, 3137, 515, 2733, 268, 341, 341, 290]
draft=[370, 1200, 8666, 384, 1450, 268, 370, 1200, 15057, 384, 3420, 268, 328, 328, 1200]
draft=[341, 290, 86, 83, 83, 1112, 1112, 290, 268, 341, 341, 290, 290, 290, 268]
draft=[78, 515, 5388, 268, 341, 290, 89, 83, 3157, 2733, 2733, 2733, 2733, 515, 2733]
draft=[268, 341, 290, 86, 83, 2828, 395, 2799, 2799, 268, 268, 341, 290, 268, 341]
draft=[404, 268, 341, 290, 86, 83, 3157, 395, 290, 86, 290, 290, 290, 95, 340]
draft=[2733, 509, 5388, 83, 268, 341, 290, 87, 83, 2828, 2078, 395, 572, 2733, 1258]
draft=[341, 290, 88, 5388, 5388, 268, 341, 83, 3157, 2733, 2733, 2733, 2733, 2733, 268]
draft=[65208, 268, 341, 290, 88, 83, 3157, 2733, 515, 572, 65208, 372, 341, 290, 268]
draft=[341, 790, 1913, 9035, 6798, 2052, 1117, 10780, 95, 268, 268, 370, 268, 268, 268]
draft=[604, 340, 1112, 95, 268, 86, 83, 447, 5993, 290, 268, 268, 290, 341, 268]
draft=[2733, 2733, 395, 2733, 81, 81, 2733, 81, 2733, 2733, 2733, 83, 3157, 3157, 2733]
draft=[268, 341, 290, 86, 83, 2828, 395, 2799, 2799, 268, 268, 341, 290, 268, 341]
draft=[404, 268, 341, 290, 86, 83, 3157, 395, 290, 86, 290, 290, 290, 95, 340]
draft=[2733, 509, 5388, 83, 268, 341, 290, 87, 83, 2828, 2078, 395, 572, 2733, 1258]
draft=[341, 290, 88, 5388, 5388, 268, 341, 83, 3157, 2733, 2733, 2733, 2733, 2733, 268]
draft=[65208, 268, 341, 290, 88, 83, 3157, 2733, 515, 572, 65208, 372, 341, 290, 268]
draft=[341, 790, 1913, 9035, 6798, 2052, 1117, 10780, 95, 268, 268, 370, 268, 268, 268]
draft=[604, 340, 1112, 95, 268, 86, 83, 447, 5993, 290, 268, 268, 290, 341, 268]
draft=[2733, 2733, 395, 2733, 81, 81, 2733, 81, 2733, 2733, 2733, 83, 3157, 3157, 2733]
draft=[2078, 395, 445, 2733, 81, 20702, 3418, 87, 83, 290, 290, 83, 3157, 395, 395]
draft=[268, 341, 290, 86, 83, 3157, 395, 2799, 290, 268, 341, 290, 290, 290, 370]
draft=[341, 290, 87, 83, 524, 2078, 395, 330, 2733, 404, 5388, 268, 341, 290, 87]
draft=[395, 330, 3827, 28963, 5388, 5388, 268, 341, 290, 290, 83, 3157, 2733, 2733, 2733]
draft=[2733, 3137, 515, 65208, 365, 750, 341, 83, 89, 2733, 2733, 2733, 2733, 2733, 2733]
draft=[36204, 2416, 78, 1698, 3767, 95, 268, 370, 558, 558, 558, 558, 3627, 3627, 395]
draft=[3827, 81, 1810, 37295, 354, 2833, 377, 330, 14405, 2733, 3418, 466, 350, 328, 328]
draft=[2078, 395, 445, 2733, 81, 20702, 3418, 87, 83, 290, 290, 83, 3157, 395, 395]
draft=[2078, 395, 2733, 81, 2733, 2733, 395, 2733, 81, 5388, 5388, 83, 90, 83, 3157]
draft=[268, 341, 290, 86, 83, 3157, 395, 2799, 290, 268, 341, 290, 290, 290, 370]
draft=[341, 290, 87, 83, 524, 2078, 395, 330, 2733, 404, 5388, 268, 341, 290, 87]
draft=[395, 330, 3827, 28963, 5388, 5388, 268, 341, 290, 290, 83, 3157, 2733, 2733, 2733]
draft=[2733, 3137, 515, 65208, 365, 750, 341, 83, 89, 2733, 2733, 2733, 2733, 2733, 2733]
draft=[36204, 2416, 78, 1698, 3767, 95, 268, 370, 558, 558, 558, 558, 3627, 3627, 395]
draft=[3827, 81, 1810, 37295, 354, 2833, 377, 330, 14405, 2733, 3418, 466, 350, 328, 328]
draft=[2078, 395, 2733, 81, 2733, 2733, 395, 2733, 81, 5388, 5388, 83, 90, 83, 3157]
draft=[2733, 509, 65208, 83, 341, 341, 290, 87, 83, 2828, 3137, 395, 2733, 2733, 404]
draft=[2078, 395, 445, 2733, 81, 20702, 3418, 87, 83, 290, 290, 83, 2733, 395, 395]
draft=[395, 5388, 5388, 372, 5388, 5388, 341, 290, 290, 83, 524, 2733, 515, 2733, 2733]
draft=[330, 3827, 81, 1810, 37295, 354, 2833, 377, 330, 14405, 2733, 3418, 83, 268, 268]
draft=[2733, 509, 65208, 83, 341, 341, 290, 87, 83, 2828, 3137, 395, 2733, 2733, 404]
draft=[515, 65208, 515, 65208, 268, 268, 341, 290, 89, 83, 3157, 15463, 15463, 2733, 2733]
draft=[3708, 558, 330, 2078, 395, 37145, 8720, 268, 370, 658, 395, 395, 395, 36204, 395]
draft=[2078, 395, 445, 2733, 81, 20702, 3418, 87, 83, 290, 290, 83, 2733, 395, 395]
draft=[377, 330, 14405, 2733, 28963, 3418, 95, 350, 328, 3139, 341, 3139, 3157, 95, 268]
draft=[395, 5388, 5388, 372, 5388, 5388, 341, 290, 290, 83, 524, 2733, 515, 2733, 2733]
draft=[330, 3827, 81, 1810, 37295, 354, 2833, 377, 330, 14405, 2733, 3418, 83, 268, 268]
draft=[1059, 515, 5388, 268, 341, 290, 90, 83, 3157, 2733, 377, 395, 5388, 81, 5388]
draft=[515, 65208, 515, 65208, 268, 268, 341, 290, 89, 83, 3157, 15463, 15463, 2733, 2733]
draft=[3708, 558, 330, 2078, 395, 37145, 8720, 268, 370, 658, 395, 395, 395, 36204, 395]
draft=[377, 330, 14405, 2733, 28963, 3418, 95, 350, 328, 3139, 341, 3139, 3157, 95, 268]
draft=[1059, 515, 5388, 268, 341, 290, 90, 83, 3157, 2733, 377, 395, 5388, 81, 5388]
draft=[509, 65208, 268, 341, 290, 87, 83, 83, 2828, 395, 330, 2733, 404, 290, 86]
draft=[2733, 509, 65208, 268, 341, 290, 87, 87, 83, 2828, 3137, 395, 330, 1258, 365]
draft=[341, 290, 88, 83, 2828, 2733, 377, 2733, 2733, 2733, 290, 88, 83, 2828, 2733]
draft=[377, 330, 14405, 2733, 28963, 3418, 95, 350, 3139, 3139, 350, 3157, 3139, 95, 1117]
draft=[8161, 78, 515, 65208, 268, 341, 290, 89, 83, 3157, 2733, 2733, 2733, 2733, 365]
draft=[395, 2733, 8720, 268, 370, 658, 1200, 15692, 1010, 6395, 64404, 268, 328, 328, 268]
draft=[750, 340, 2356, 1991, 95, 350, 605, 3139, 268, 2553, 1913, 1334, 268, 10981, 268]
draft=[1830, 5388, 5388, 341, 290, 90, 83, 3157, 2733, 377, 395, 5388, 81, 5388, 5388]
draft=[509, 65208, 268, 341, 290, 87, 83, 83, 2828, 395, 330, 2733, 404, 290, 86]
draft=[2733, 509, 65208, 268, 341, 290, 87, 87, 83, 2828, 3137, 395, 330, 1258, 365]
draft=[341, 290, 88, 83, 2828, 2733, 377, 2733, 2733, 2733, 290, 88, 83, 2828, 2733]
draft=[377, 330, 14405, 2733, 28963, 3418, 95, 350, 3139, 3139, 350, 3157, 3139, 95, 1117]
draft=[8161, 78, 515, 65208, 268, 341, 290, 89, 83, 3157, 2733, 2733, 2733, 2733, 365]
draft=[395, 2733, 8720, 268, 370, 658, 1200, 15692, 1010, 6395, 64404, 268, 328, 328, 268]
draft=[750, 340, 2356, 1991, 95, 350, 605, 3139, 268, 2553, 1913, 1334, 268, 10981, 268]
draft=[1830, 5388, 5388, 341, 290, 90, 83, 3157, 2733, 377, 395, 5388, 81, 5388, 5388]
draft=[2733, 515, 2733, 268, 341, 341, 88, 88, 83, 524, 2733, 395, 2733, 404, 372]
draft=[509, 65208, 268, 341, 290, 87, 83, 83, 2828, 395, 395, 2733, 404, 290, 86]
draft=[515, 5388, 515, 5388, 5388, 268, 341, 290, 83, 3157, 2733, 2733, 2733, 2733, 2733]
draft=[750, 340, 2356, 1991, 95, 350, 605, 2825, 268, 2553, 10981, 1334, 22059, 22059, 22059]
draft=[2733, 515, 2733, 268, 341, 341, 88, 88, 83, 524, 2733, 395, 2733, 404, 372]
draft=[3137, 78, 65208, 268, 341, 290, 290, 89, 83, 2733, 2733, 2733, 2733, 2733, 365]
draft=[509, 65208, 268, 341, 290, 87, 83, 83, 2828, 395, 395, 2733, 404, 290, 86]
draft=[370, 658, 2130, 15692, 15692, 1200, 1200, 15692, 1010, 64404, 268, 328, 328, 268, 395]
draft=[515, 5388, 515, 5388, 5388, 268, 341, 290, 83, 3157, 2733, 2733, 2733, 2733, 2733]
draft=[1991, 95, 350, 605, 2825, 268, 1290, 1913, 268, 1290, 22059, 268, 268, 22059, 2553]
draft=[750, 340, 2356, 1991, 95, 350, 605, 2825, 268, 2553, 10981, 1334, 22059, 22059, 22059]
draft=[3137, 78, 65208, 268, 341, 290, 290, 89, 83, 2733, 2733, 2733, 2733, 2733, 365]
draft=[5388, 268, 341, 290, 90, 83, 3157, 2733, 395, 515, 5388, 81, 5388, 5388, 268]
draft=[370, 658, 2130, 15692, 15692, 1200, 1200, 15692, 1010, 64404, 268, 328, 328, 268, 395]
draft=[1991, 95, 350, 605, 2825, 268, 1290, 1913, 268, 1290, 22059, 268, 268, 22059, 2553]
draft=[5388, 268, 341, 290, 90, 83, 3157, 2733, 395, 515, 5388, 81, 5388, 5388, 268]
draft=[341, 290, 86, 37145, 37145, 268, 341, 290, 83, 524, 3157, 2733, 515, 2733, 3137]
draft=[2733, 515, 2733, 268, 268, 341, 88, 88, 83, 524, 2733, 395, 2733, 2733, 372]
draft=[20617, 78, 515, 5388, 268, 341, 290, 89, 83, 3157, 2733, 2733, 2733, 2733, 2733]
draft=[1991, 95, 350, 605, 2825, 268, 2553, 10981, 1334, 22059, 1117, 268, 2553, 22059, 268]
draft=[65208, 268, 341, 290, 89, 83, 3157, 2733, 515, 2733, 515, 290, 290, 290, 2733]
draft=[395, 330, 4090, 268, 370, 658, 1200, 1200, 15692, 15692, 395, 395, 36204, 268, 2416]
draft=[10981, 1334, 22059, 268, 2553, 10981, 1334, 22059, 81, 1290, 6395, 1334, 22059, 22059, 268]
draft=[2733, 377, 1059, 5318, 372, 372, 1059, 1927, 1927, 1927, 1927, 1077, 1077, 1077, 328]
draft=[341, 290, 86, 37145, 37145, 268, 341, 290, 83, 524, 3157, 2733, 515, 2733, 3137]
draft=[2733, 515, 2733, 268, 268, 341, 88, 88, 83, 524, 2733, 395, 2733, 2733, 372]
draft=[20617, 78, 515, 5388, 268, 341, 290, 89, 83, 3157, 2733, 2733, 2733, 2733, 2733]
draft=[1991, 95, 350, 605, 2825, 268, 2553, 10981, 1334, 22059, 1117, 268, 2553, 22059, 268]
draft=[65208, 268, 341, 290, 89, 83, 3157, 2733, 515, 2733, 515, 290, 290, 290, 2733]
draft=[395, 330, 4090, 268, 370, 658, 1200, 1200, 15692, 15692, 395, 395, 36204, 268, 2416]
draft=[10981, 1334, 22059, 268, 2553, 10981, 1334, 22059, 81, 1290, 6395, 1334, 22059, 22059, 268]
draft=[2733, 377, 1059, 5318, 372, 372, 1059, 1927, 1927, 1927, 1927, 1077, 1077, 1077, 328]
draft=[604, 330, 3827, 81, 330, 3418, 3201, 268, 341, 290, 268, 83, 524, 2733, 2733]
draft=[341, 290, 86, 37145, 37145, 268, 341, 290, 88, 524, 3157, 2733, 515, 2733, 2733]
draft=[78, 515, 5388, 268, 5388, 268, 290, 83, 83, 2733, 2733, 2733, 2733, 2733, 372]
draft=[2553, 10504, 1334, 10780, 81, 28230, 81, 4378, 81, 25627, 81, 1290, 350, 25627, 25627]
draft=[2733, 2733, 395, 2733, 81, 81, 2733, 2733, 2733, 2733, 81, 268, 290, 83, 3157]
draft=[330, 3827, 81, 1810, 37295, 354, 3201, 377, 330, 14405, 28963, 3418, 350, 350, 350]
draft=[1334, 10780, 81, 4378, 81, 4378, 81, 4378, 350, 1290, 6395, 1290, 1290, 268, 268]
draft=[578, 330, 1823, 578, 5388, 1823, 578, 330, 330, 340, 1823, 1823, 328, 328, 328]
draft=[604, 330, 3827, 81, 330, 3418, 3201, 268, 341, 290, 268, 83, 524, 2733, 2733]
draft=[341, 290, 86, 37145, 37145, 268, 341, 290, 88, 524, 3157, 2733, 515, 2733, 2733]
draft=[78, 515, 5388, 268, 5388, 268, 290, 83, 83, 2733, 2733, 2733, 2733, 2733, 372]
draft=[2553, 10504, 1334, 10780, 81, 28230, 81, 4378, 81, 25627, 81, 1290, 350, 25627, 25627]
draft=[2733, 2733, 395, 2733, 81, 81, 2733, 2733, 2733, 2733, 81, 268, 290, 83, 3157]
draft=[330, 3827, 81, 1810, 37295, 354, 3201, 377, 330, 14405, 28963, 3418, 350, 350, 350]
draft=[1334, 10780, 81, 4378, 81, 4378, 81, 4378, 350, 1290, 6395, 1290, 1290, 268, 268]
draft=[578, 330, 1823, 578, 5388, 1823, 578, 330, 330, 340, 1823, 1823, 328, 328, 328]
draft=[37295, 354, 3201, 3201, 377, 330, 14405, 28963, 3418, 95, 466, 350, 328, 328, 290]
draft=[395, 330, 3827, 28963, 5388, 2078, 268, 341, 290, 290, 83, 524, 2733, 515, 2733]
draft=[78, 515, 5388, 268, 341, 290, 89, 83, 2828, 2733, 2733, 2733, 2733, 372, 290]
draft=[81, 1290, 6395, 1290, 77144, 1117, 1117, 268, 341, 5993, 5993, 3418, 2078, 2078, 8720]
draft=[341, 410, 395, 81, 81, 81, 2130, 395, 268, 268, 268, 341, 290, 290, 3157]
draft=[3201, 377, 330, 14405, 2733, 28963, 3418, 95, 350, 378, 7958, 95, 350, 268, 268]
draft=[81, 4378, 81, 1864, 350, 1290, 6395, 77144, 1117, 268, 341, 3627, 5993, 2078, 3418]
draft=[367, 330, 15463, 578, 330, 5388, 268, 341, 290, 290, 290, 5388, 341, 341, 341]
draft=[37295, 354, 3201, 3201, 377, 330, 14405, 28963, 3418, 95, 466, 350, 328, 328, 290]
draft=[395, 330, 3827, 28963, 5388, 2078, 268, 341, 290, 290, 83, 524, 2733, 515, 2733]
draft=[78, 515, 5388, 268, 341, 290, 89, 83, 2828, 2733, 2733, 2733, 2733, 372, 290]
draft=[81, 1290, 6395, 1290, 77144, 1117, 1117, 268, 341, 5993, 5993, 3418, 2078, 2078, 8720]
draft=[341, 410, 395, 81, 81, 81, 2130, 395, 268, 268, 268, 341, 290, 290, 3157]
draft=[3201, 377, 330, 14405, 2733, 28963, 3418, 95, 350, 378, 7958, 95, 350, 268, 268]
draft=[81, 4378, 81, 1864, 350, 1290, 6395, 77144, 1117, 268, 341, 3627, 5993, 2078, 3418]
draft=[367, 330, 15463, 578, 330, 5388, 268, 341, 290, 290, 290, 5388, 341, 341, 341]
draft=[3201, 377, 330, 14405, 2733, 28963, 3418, 95, 350, 740, 3139, 341, 290, 86, 86]
draft=[330, 3827, 81, 1810, 37295, 354, 3201, 377, 330, 5388, 3418, 268, 341, 83, 524]
draft=[2733, 2733, 395, 2733, 81, 2733, 2733, 81, 2733, 2733, 268, 83, 1000, 2733, 2733]
draft=[350, 1290, 6395, 77144, 1117, 268, 341, 3627, 5993, 268, 3418, 2078, 2078, 8720, 268]
draft=[395, 330, 3827, 81, 330, 2733, 28963, 3418, 81, 268, 341, 328, 83, 290, 3157]
draft=[750, 340, 2356, 1991, 95, 350, 605, 2825, 268, 2553, 10981, 1334, 1334, 22059, 22059]
draft=[3418, 2078, 6603, 8720, 268, 341, 37145, 384, 290, 85, 268, 341, 65208, 384, 290]
draft=[15463, 803, 330, 1341, 377, 268, 5388, 3627, 350, 341, 341, 35485, 35485, 341, 790]
draft=[3201, 377, 330, 14405, 2733, 28963, 3418, 95, 350, 740, 3139, 341, 290, 86, 86]
draft=[330, 3827, 81, 1810, 37295, 354, 3201, 377, 330, 5388, 3418, 268, 341, 83, 524]
draft=[2733, 2733, 395, 2733, 81, 2733, 2733, 81, 2733, 2733, 268, 83, 1000, 2733, 2733]
draft=[350, 1290, 6395, 77144, 1117, 268, 341, 3627, 5993, 268, 3418, 2078, 2078, 8720, 268]
draft=[395, 330, 3827, 81, 330, 2733, 28963, 3418, 81, 268, 341, 328, 83, 290, 3157]
draft=[750, 340, 2356, 1991, 95, 350, 605, 2825, 268, 2553, 10981, 1334, 1334, 22059, 22059]
draft=[3418, 2078, 6603, 8720, 268, 341, 37145, 384, 290, 85, 268, 341, 65208, 384, 290]
draft=[15463, 803, 330, 1341, 377, 268, 5388, 3627, 350, 341, 341, 35485, 35485, 341, 790]
draft=[750, 340, 2356, 1991, 95, 350, 2825, 268, 2553, 10981, 1334, 22059, 268, 22059, 22059]
draft=[3201, 377, 330, 14405, 2733, 28963, 3418, 466, 350, 341, 328, 341, 290, 86, 83]
draft=[341, 410, 395, 81, 81, 81, 2733, 5388, 268, 5388, 341, 83, 83, 290, 2733]
draft=[3418, 2078, 6603, 8720, 268, 341, 37145, 384, 290, 85, 268, 341, 65208, 384, 290]
draft=[330, 3827, 81, 1810, 37295, 354, 2833, 377, 330, 14405, 2733, 3418, 95, 95, 268]
draft=[1991, 95, 350, 605, 2825, 268, 2553, 10981, 1334, 22059, 268, 268, 22059, 22059, 1334]
draft=[350, 1290, 37016, 1874, 95, 268, 341, 3627, 268, 341, 341, 29456, 2078, 466, 268]
draft=[3501, 330, 5388, 268, 341, 290, 91, 83, 524, 290, 341, 12140, 790, 790, 1913]
draft=[750, 340, 2356, 1991, 95, 350, 2825, 268, 2553, 10981, 1334, 22059, 268, 22059, 22059]
draft=[3201, 377, 330, 14405, 2733, 28963, 3418, 466, 350, 341, 328, 341, 290, 86, 83]
draft=[341, 410, 395, 81, 81, 81, 2733, 5388, 268, 5388, 341, 83, 83, 290, 2733]
draft=[3418, 2078, 6603, 8720, 268, 341, 37145, 384, 290, 85, 268, 341, 65208, 384, 290]
draft=[330, 3827, 81, 1810, 37295, 354, 2833, 377, 330, 14405, 2733, 3418, 95, 95, 268]
draft=[1991, 95, 350, 605, 2825, 268, 2553, 10981, 1334, 22059, 268, 268, 22059, 22059, 1334]
draft=[350, 1290, 37016, 1874, 95, 268, 341, 3627, 268, 341, 341, 29456, 2078, 466, 268]
draft=[3501, 330, 5388, 268, 341, 290, 91, 83, 524, 290, 341, 12140, 790, 790, 1913]
draft=[1991, 95, 350, 605, 2825, 268, 1290, 10981, 1334, 1117, 1117, 268, 268, 22059, 22059]
draft=[2356, 1991, 1991, 350, 605, 3139, 268, 2553, 328, 268, 268, 341, 341, 268, 22059]
draft=[395, 330, 3827, 81, 340, 2733, 28963, 3418, 81, 340, 5388, 90, 83, 290, 3157]
draft=[350, 1290, 37016, 1874, 95, 268, 341, 3627, 268, 341, 3157, 28963, 2078, 2078, 466]
draft=[377, 330, 14405, 2733, 28963, 3418, 95, 350, 605, 1991, 350, 1290, 290, 268, 268]
draft=[10504, 1334, 10780, 81, 4378, 81, 4378, 81, 25627, 350, 1290, 350, 1290, 1290, 77144]
draft=[28963, 3418, 2078, 466, 3420, 5216, 83, 4073, 2078, 2078, 2078, 8473, 95, 95, 268]
draft=[1341, 956, 377, 5388, 268, 341, 3627, 268, 341, 790, 790, 1913, 6798, 790, 2052]
draft=[1991, 95, 350, 605, 2825, 268, 1290, 10981, 1334, 1117, 1117, 268, 268, 22059, 22059]
draft=[2356, 1991, 1991, 350, 605, 3139, 268, 2553, 328, 268, 268, 341, 341, 268, 22059]
draft=[395, 330, 3827, 81, 340, 2733, 28963, 3418, 81, 340, 5388, 90, 83, 290, 3157]
draft=[350, 1290, 37016, 1874, 95, 268, 341, 3627, 268, 341, 3157, 28963, 2078, 2078, 466]
draft=[377, 330, 14405, 2733, 28963, 3418, 95, 350, 605, 1991, 350, 1290, 290, 268, 268]
draft=[10504, 1334, 10780, 81, 4378, 81, 4378, 81, 25627, 350, 1290, 350, 1290, 1290, 77144]
draft=[28963, 3418, 2078, 466, 3420, 5216, 83, 4073, 2078, 2078, 2078, 8473, 95, 95, 268]
draft=[1341, 956, 377, 5388, 268, 341, 3627, 268, 341, 790, 790, 1913, 6798, 790, 2052]
draft=[10981, 1334, 22059, 268, 2553, 10981, 1334, 10780, 81, 1290, 6395, 22059, 22059, 22059, 268]
draft=[350, 605, 2825, 268, 1290, 10981, 1334, 22059, 268, 1290, 10981, 268, 22059, 268, 22059]
draft=[330, 3827, 81, 1810, 37295, 354, 2833, 3201, 377, 330, 2733, 3418, 466, 95, 290]
draft=[2078, 466, 16397, 404, 87750, 2801, 2801, 83, 268, 341, 7004, 11704]
draft=[750, 340, 2356, 1991, 95, 350, 605, 2825, 268, 2553, 10981, 1334, 1334, 268, 22059]
draft=[81, 4378, 81, 25627, 81, 1290, 6395, 1290, 77144, 1117, 268, 341, 3627, 5993, 268]
draft=[17704, 83, 268, 341, 4073, 2078, 8473, 95, 268]
draft=[10981, 1334, 22059, 268, 2553, 10981, 1334, 10780, 81, 1290, 6395, 22059, 22059, 22059, 268]
draft=[268, 341, 328, 268, 341, 790, 1913, 3335, 6798, 2052, 81, 81, 81, 10780, 10780]
draft=[350, 605, 2825, 268, 1290, 10981, 1334, 22059, 268, 1290, 10981, 268, 22059, 268, 22059]
draft=[330, 3827, 81, 1810, 37295, 354, 2833, 3201, 377, 330, 2733, 3418, 466, 95, 290]
draft=[2078, 466, 16397, 404, 87750, 2801, 2801, 83, 268, 341, 7004, 11704]
draft=[750, 340, 2356, 1991, 95, 350, 605, 2825, 268, 2553, 10981, 1334, 1334, 268, 22059]
draft=[81, 4378, 81, 25627, 81, 1290, 6395, 1290, 77144, 1117, 268, 341, 3627, 5993, 268]
draft=[17704, 83, 268, 341, 4073, 2078, 8473, 95, 268]
draft=[268, 341, 328, 268, 341, 790, 1913, 3335, 6798, 2052, 81, 81, 81, 10780, 10780]
draft=[1334, 10780, 81, 4378, 81, 4378, 81, 4378, 350, 1290, 6395, 1290, 77144, 1117, 268]
draft=[10981, 1334, 22059, 268, 2553, 10981, 1334, 22059, 81, 1290, 6395, 1334, 22059, 22059, 1290]
draft=[2733, 28963, 3418, 466, 750, 340, 2356, 1991, 95, 350, 595, 6395, 268, 268, 341]
draft=[404, 87750, 78, 2801, 83, 268, 341, 4073, 11704]
draft=[1334, 10780, 81, 4378, 81, 4378, 81, 4378, 350, 1290, 6395, 1290, 77144, 1117, 268]
draft=[1991, 95, 350, 605, 2825, 268, 1290, 10981, 1334, 22059, 1117, 268, 2553, 10981, 1334]
draft=[81, 1290, 6395, 1290, 77144, 1117, 1117, 341, 3627, 5993, 60904, 4327, 2078, 2078, 268]
draft=[10981, 1334, 22059, 268, 2553, 10981, 1334, 22059, 81, 1290, 6395, 1334, 22059, 22059, 1290]
draft=[268, 328, 328, 268, 341, 790, 1913, 3335, 6798, 2052, 81, 1112, 95, 81, 81]
draft=[2733, 28963, 3418, 466, 750, 340, 2356, 1991, 95, 350, 595, 6395, 268, 268, 341]
draft=[404, 87750, 78, 2801, 83, 268, 341, 4073, 11704]
draft=[1991, 95, 350, 605, 2825, 268, 1290, 10981, 1334, 22059, 1117, 268, 2553, 10981, 1334]
draft=[81, 1290, 6395, 1290, 77144, 1117, 1117, 341, 3627, 5993, 60904, 4327, 2078, 2078, 268]
draft=[268, 328, 328, 268, 341, 790, 1913, 3335, 6798, 2052, 81, 1112, 95, 81, 81]
draft=[81, 4378, 81, 1864, 81, 1290, 6395, 77144, 1117, 268, 341, 3627, 5993, 28963, 3418]
draft=[1334, 10780, 81, 4378, 81, 4378, 81, 4378, 350, 1290, 6395, 1290, 77144, 1117, 268]
draft=[81, 4378, 81, 1864, 81, 1290, 6395, 77144, 1117, 268, 341, 3627, 5993, 28963, 3418]
draft=[1991, 95, 350, 605, 2825, 268, 2553, 6395, 1334, 1290, 1117, 268, 1290, 10981, 22059]
draft=[10981, 1334, 22059, 268, 2553, 10981, 1334, 22059, 81, 1290, 6395, 22059, 22059, 81, 1290]
draft=[1334, 10780, 81, 4378, 81, 4378, 81, 4378, 350, 1290, 6395, 1290, 77144, 1117, 268]
draft=[350, 1290, 6395, 77144, 1117, 268, 341, 3627, 5993, 60904, 4327, 2078, 2078, 268, 268]
draft=[1991, 95, 350, 605, 2825, 268, 2553, 6395, 1334, 1290, 1117, 268, 1290, 10981, 22059]
draft=[10981, 1334, 22059, 268, 2553, 10981, 1334, 22059, 81, 1290, 6395, 22059, 22059, 81, 1290]
draft=[268, 370, 842, 268, 370, 5592, 466, 268, 370, 370, 370, 1200, 268, 370, 384]
draft=[350, 1290, 6395, 77144, 1117, 268, 341, 3627, 5993, 60904, 4327, 2078, 2078, 268, 268]
draft=[268, 370, 842, 268, 370, 5592, 466, 268, 370, 370, 370, 1200, 268, 370, 384]
draft=[1290, 6395, 77144, 1117, 268, 341, 3627, 5993, 28963, 3418, 2078, 2078, 8720, 268, 341]
draft=[81, 4378, 81, 1864, 81, 1290, 6395, 77144, 1117, 268, 341, 3627, 5993, 28963, 3418]
draft=[1334, 22059, 268, 2553, 10504, 1334, 22059, 81, 4378, 81, 4378, 81, 1290, 1290, 4327]
draft=[1334, 10780, 81, 4378, 81, 4378, 81, 4378, 350, 1290, 6395, 1290, 4327, 1117, 268]
draft=[2078, 6603, 8720, 268, 341, 37145, 384, 290, 85, 268, 341, 65208, 384, 290, 86]
draft=[1290, 6395, 77144, 1117, 268, 341, 3627, 5993, 28963, 3418, 2078, 2078, 8720, 268, 341]
draft=[2078, 405, 340, 268, 370, 1200, 3191, 384, 384, 384, 128, 268, 842, 328, 328]
draft=[81, 4378, 81, 1864, 81, 1290, 6395, 77144, 1117, 268, 341, 3627, 5993, 28963, 3418]
draft=[1334, 22059, 268, 2553, 10504, 1334, 22059, 81, 4378, 81, 4378, 81, 1290, 1290, 4327]
draft=[1334, 10780, 81, 4378, 81, 4378, 81, 4378, 350, 1290, 6395, 1290, 4327, 1117, 268]
draft=[2078, 6603, 8720, 268, 341, 37145, 384, 290, 85, 268, 341, 65208, 384, 290, 86]
draft=[2078, 405, 340, 268, 370, 1200, 3191, 384, 384, 384, 128, 268, 842, 328, 328]
draft=[8720, 268, 341, 37145, 384, 290, 85, 268, 341, 65208, 384, 290, 86, 350, 1290]
draft=[1290, 6395, 77144, 1117, 268, 341, 3627, 5993, 28963, 3418, 2078, 3137, 8720, 268, 341]
draft=[81, 28230, 81, 4378, 81, 1864, 350, 1290, 6395, 77144, 1117, 1117, 268, 268, 268]
draft=[81, 4378, 81, 1864, 81, 1290, 6395, 77144, 1117, 268, 341, 37145, 268, 341, 85]
draft=[1290, 37016, 1874, 95, 268, 341, 3627, 268, 341, 3157, 60904, 268, 268, 268, 268]
draft=[8720, 268, 341, 37145, 384, 290, 85, 268, 341, 65208, 384, 290, 86, 350, 1290]
draft=[340, 15463, 268, 370, 1200, 2795, 384, 3797, 268, 268, 268, 370, 328, 328, 268]
draft=[1290, 6395, 77144, 1117, 268, 341, 3627, 5993, 28963, 3418, 2078, 3137, 8720, 268, 341]
draft=[81, 28230, 81, 4378, 81, 1864, 350, 1290, 6395, 77144, 1117, 1117, 268, 268, 268]
draft=[81, 4378, 81, 1864, 81, 1290, 6395, 77144, 1117, 268, 341, 37145, 268, 341, 85]
draft=[1290, 37016, 1874, 95, 268, 341, 3627, 268, 341, 3157, 60904, 268, 268, 268, 268]
draft=[340, 15463, 268, 370, 1200, 2795, 384, 3797, 268, 268, 268, 370, 328, 328, 268]
draft=[1874, 95, 268, 341, 3627, 268, 341, 3157, 28963, 3418, 2078, 466, 466, 6938, 268]
draft=[8720, 268, 341, 37145, 384, 290, 85, 268, 341, 65208, 384, 290, 86, 350, 1290]
draft=[341, 3627, 5993, 28963, 2733, 268, 341, 341, 65208, 384, 290, 86, 350, 1290, 3157]
draft=[1290, 6395, 77144, 1117, 268, 341, 37145, 384, 328, 268, 19348, 19348, 5325, 330, 330]
draft=[4327, 268, 328, 328, 268, 341, 7958, 23055, 95, 268, 341, 290, 86]
draft=[404, 370, 3137, 370, 1200, 1200, 64298, 384, 3797, 268, 268, 328, 1200, 328, 328]
draft=[1874, 95, 268, 341, 3627, 268, 341, 3157, 28963, 3418, 2078, 466, 466, 6938, 268]
draft=[8720, 268, 341, 37145, 384, 290, 85, 268, 341, 65208, 384, 290, 86, 350, 1290]
draft=[341, 3627, 5993, 28963, 2733, 268, 341, 341, 65208, 384, 290, 86, 350, 1290, 3157]
draft=[1290, 6395, 77144, 1117, 268, 341, 37145, 384, 328, 268, 19348, 19348, 5325, 330, 330]
draft=[4327, 268, 328, 328, 268, 341, 7958, 23055, 95, 268, 341, 290, 86]
draft=[404, 370, 3137, 370, 1200, 1200, 64298, 384, 3797, 268, 268, 328, 1200, 328, 328]
draft=[6938, 405, 17704, 83, 268, 341, 4073, 2078]
draft=[6938, 405, 17704, 83, 268, 341, 4073, 2078]
draft=[1874, 95, 268, 341, 3627, 268, 341, 3157, 28963, 3418, 2078, 466, 466, 6938, 405]
draft=[384, 290, 85, 268, 341, 65208, 384, 290, 86, 350, 1290, 4327, 95, 95, 268]
draft=[1874, 95, 268, 341, 3627, 268, 341, 3157, 28963, 3418, 2078, 466, 466, 6938, 405]
draft=[85, 268, 341, 65208, 384, 290, 86, 350, 1290, 4327, 95, 268, 341, 3627, 268]
draft=[5388, 78, 268, 370, 1200, 64298, 384, 384, 3797, 1874, 268, 268, 328, 328, 328]
draft=[384, 290, 85, 268, 341, 65208, 384, 290, 86, 350, 1290, 4327, 95, 95, 268]
draft=[85, 268, 341, 65208, 384, 290, 86, 350, 1290, 4327, 95, 268, 341, 3627, 268]
draft=[5388, 78, 268, 370, 1200, 64298, 384, 384, 3797, 1874, 268, 268, 328, 328, 328]
draft=[6938, 405, 17704, 83, 268, 341, 4073, 2078, 8473, 95, 268]
draft=[341, 3627, 268, 341, 19348, 330, 2078, 365, 340, 2733, 28963, 3418, 83, 268, 341]
draft=[6938, 405, 17704, 83, 268, 341, 4073, 2078, 8473, 95, 268]
draft=[19348, 330, 2078, 365, 340, 2733, 28963, 3418, 83, 268, 268, 4073, 2078, 8473, 330]
draft=[2557, 384, 3797, 1874, 542, 268, 328, 328, 328, 328]
draft=[341, 3627, 268, 341, 19348, 330, 2078, 365, 340, 2733, 28963, 3418, 83, 268, 341]
draft=[19348, 330, 2078, 365, 340, 2733, 28963, 3418, 83, 268, 268, 4073, 2078, 8473, 330]
draft=[2557, 384, 3797, 1874, 542, 268, 328, 328, 328, 328]
draft=[2078, 8473, 330, 1112, 81, 2130, 81, 372, 367, 2016, 372, 372, 3420]
draft=[2078, 8473, 330, 1112, 81, 2130, 81, 372, 367, 2016, 372, 372, 3420]
draft=[4073, 2078, 8473, 330, 1112, 9811, 3904, 372, 2130, 2130, 1406, 83, 268, 341, 3627]
draft=[4073, 2078, 8473, 330, 1112, 9811, 3904, 372, 2130, 2130, 1406, 83, 268, 341, 3627]
draft=[12305, 7762, 98, 95252, 64404, 268, 370]
draft=[12305, 7762, 98, 95252, 64404, 268, 370]
draft=[367, 2016, 60837, 5318]
draft=[2130, 1406, 83, 268, 341, 3627]
draft=[81, 6395, 64404, 78, 268]
draft=[367, 2016, 60837, 5318]
draft=[2130, 1406, 83, 268, 341, 3627]
draft=[81, 6395, 64404, 78, 268]
draft=[78, 268]
draft=[78, 268]
